Name,Effect
,""
: Fashion Designer,"Daily – Extended Action
Effect: The user knows how to make useful accessories from mere common leaves. The user may craft one of
the consumable Held Items below by activating this ability
Lucky Leaf - Grass Type Booster for one encounter.
Tasty Reeds - Bug Type Booster for one encounter.
Dew Cup - Same Effect as an Occa Berry.
Thorn Mantle - Same Effect as a Coba Berry.
Chewy Cluster - Same Effect as Leftovers.
Decorative Twine – Roll +2d6 on any Move during a Contest"
Abominable,"Static
Effect:The user's Base HP is increased by +5and user ignores the Recoil Keyword when attacking, and does not
gain injuries from Massive Damage.Defensive."
Absolution,"Scene x2 – Swift Action
Trigger: The user rolls Damage
Effect: The user loses a Tick of Hit Points, and gains a bonus to the triggering damage roll equal to 5 + their
Tick Value. Absolution may be activated ignoring Frequency while in a New Moon."
Absorb Force,"Scene – Free Action
Trigger: The user is damaged by a Physical Attack
Effect: The user takes damage as if the attack was resisted one step further.Defensive."
Absorbant,"Static
User's draining moves recover 75% of the damage dealt instead of 50% and if the user is grass type applies
leech seed on 19+ roll."
Accelerate,"Scene x2 – Free Action
The user may use a damaging Move to which they add STAB as a Priority Move. If the Move hits, the user
adds half their Speed Stat to the Damage Roll. If the Move already had Priority, the attack gains a +4 Bonus to
Accuracy."
Acidic Slime,"Corrosion + Poison STAB."
Adaptability,"Static
Increase the Damage of all Moves with which the user shares a Type by +1 Damage Base."
Adrenaline Rush,"KOs raise Speed by one stage."
Aerialist,"Levitate + Flock."
Aerilate,"At-Will – Free Action
Trigger: The user uses a Normal-Type or Sound-Type damaging Move
Effect: The Move is changed to be Flying-Type and gains +1 Damage Base."
Aerodynamics,"Static
Trigger: The user is damaged by a Flying Type Move
Flying Type Moves raise User Speed, User is immunted to Flying Type Damage. Defensive."
Aftermath,"Scene — Free Action
trigger: The user becomes Fainted,
The user creates a Burst 1. Everything in the Burst loses three Ticks of Hit Points."
Aftershock,"Triggers Magnitude 4-7 after using a damaging move."
Air Blower,"At-Will – Free Action
Trigger: User enters the encounter
Effect: For the two next rounds of the encounter, all allied trainers and Pokémon gain +5 to their Initiative.
Multiple instances of Tailwind cannot stack (this is treated as Tailwind Instance.)"
Air Lock,"Scene – Free Action
Effect: The weather is set to normal as long as the Pokémon with Air Lock wants it to remain that way. The
user may continue to sustain this effect as a Swift Action each round."
Airborne,"Boosts own & ally's Flying-type moves by 1.3x."
Ambush,"Scene – Free Action
Static
Effect: The user may use a Melee Move with a Damage Base of 6 (before applying STAB or other modifiers) or
lower as if it had the Priority keyword. If it hits, the target is Flinched.
Static
Whilse the user is hididing or in an illusion, user crit range +3"
Amphibious,"Thethe User's Water Type moves Damage base is Increased by 1"
Amplifier,"Static
Effect: The user’s damaging Sound moves gain a 2DB and Get their area increased."
Analytic,"Static
Effect: Whenever the user targets uses a damaging Move on a Pokémon or Trainer that has acted before it
during Initiative this Round, that Move deals an additional +5 Damage."
Anchored,"Static
Dhelmise has an Anchor token on the field, which occupies one square as if it is Medium sized but is
otherwise ignored for cover and targeting. Dhelmise cannot move or be moved more than 3 meters away
from its Anchor, willingly or otherwise. The Anchor token itself cannot be pushed, pulled, or moved against
Dhelmise's will in any way. Dhelmise may shift their Anchor Token as a Swift Action, moving it to any open
space within 3 meters of itself. Bonus: When the user Shifts the Anchor, it may immediately afterwards
originate an attack from its Anchor if it has the appropriate action available, giving that attack the following
properties: the attack's range changes to Melee, 1 Target, the attack deals +2d6 damage, and the attack's
Class changes to Physical if it wasn't already."
Ancient Idol,"Static
For Damage calculation the user uses it's defense or special defense respectively"
Angel's Wrath,"Drastically alters all of the users moves."
Anger Point,"At-Will – Free Action
Effect: When the Pokémon receives a Critical Hit or misses a move, they become Enraged and gain +6 Attack
Combat Stages."
Anger Shell,"Scene 2x - Free Action
Trigger: The User Drops to half or below Half HP, Or the user becomes enraged
Effect:The user Receives +1 CS In Attack, Special Attack, and Speed but loses -1 CS In Defense and Special
Defense"
Antarctic Bird,"Ice-type and Flying-type moves get a 1.3x power boost."
Antartic Bird,"Static
User's Flying and Ice Type moves gain +1 Damage Base."
Anticipation,"At-Will – Swift Action
Target: Pokémon or Trainers
Effect: The target reveals if they have any Moves that are Super-Effective against the Pokémon with
Anticipation. You may not target a Pokémon or Trainer more than once per encounter with Anticipation.
Anticipation only reveals whether the opponent does or does not have those moves, not the specific moves
themselves."
Ape Shift,"Transforms below 50% HP, curing status and always critting."
Apex Predator,"Tough Claws + Predator."
Apple Enlightenment,"Fur coat + Magic Guard."
Apple Pie,"Self Sufficient + Ripen."
Aqua Boost,"At-Will – Free Action
Trigger: An adjacent Ally uses a damaging Water-Type Move
Effect: The allied target gains a +1DB Bonus to its damage roll with the triggering Move. A target may not
benefit from more than one instance of Aqua Boost at a time"
Aqua Bullet,"Static
effect: 'Connection - Aqua Jet. The user may use Water- Type Moves as a Full Action to gain Sky 10 and shift
in a straight line before attempting to use their Move. When shifting this way, the user does not provoke
attacks of opportunity.'"
Aquatic,"Static
User Gains STAB on Water-Type damaging moves and lowers damages from Water-Type resisted moves."
Aquatic Dweller,"Aquatic + Boosts the power of Water-type moves by 1.5x."
Arc Flash,"50% chance to burn when hit or paralyze when dealing damage."
Arcane Force,"All moves gain STAB. Ups “supereffective” by 10%."
Archer,"Boosts the power of arrow moves by 1.3x."
Archmage,"30% chance of adding a type related effect to each move."
Arctic Fur,"Weakens incoming physical and special moves by 35%."
Arena Trap,"Scene – Free Action
Target: Pokémon or Trainers
Effect: Once Arena Trap is activated, all foes within 5 meters of the user are considered Slowed. This does not
affect targets of the Flying Type, or with a Levitate, Sky, or Burrow Speed of 4 or higher. The user may end the
effect as a Free Action, and the effect ends if the user is Fainted or returned to a Poké Ball."
Armor Tail,"Static
Effect: The user and any allies in adjacent spaces cannot be targeted by moves using the Priority of Interrupt
keywords. Interrupt Moves may not be declared in response to the user's actions. Defensive"
Aroma Veil,"Static
Effect: The user and all Pokémon and Trainers within 3 meters cannot be Confused, Enraged, or Suppressed.
Defensive."
Artillery,"Static
Effect : The user gains +3 bonus to accuracy for mega launcher moves."
As One,"Static
Unerve + Chilling Neigh if mount is Ice
Unerve + Grim Neigh if mount is Ghost"
Assassin's Tools,"Contact moves have a 30% chance to PSN, PRLZ, or BLD."
Astral Forme,"Daily - Interrupt
Self
For the triggering attack, you can consider yourself the Ghost type. You change to Ghost type for the rest of
the Scene. Resolve the attack as normal."
Atlas,"Sets Gravity on entry for 8 turns."
Atomic Burst,"When hit super-effectively, triggers 50 BP Hyper Beam."
Atomic Punch,"Iron Fist + Steelworker."
Aura Break,"Static
themselves or their allies."
Aura Storm,"Static
Effect: For each injury the user has, they gain a +3 Damage bonus to all Moves with the Aura keyword.
Additionally, while the user is at or under ½ of their Max Hit Points, they gain a +3 Damage Bonus to all
Moves with the Aura Keyword."
Aurora Borealis,"Static
Ice moves gain STAB and +1 Damage Base"
Avenger,"Static
If an ally pokemon or trainer has fainted next user's attack gains +10 damages."
Bad Company,"Not implemented right now. Has no effect."
Bad Dreams,"Static
Effect: At the beginning of the user’s turn, all Sleeping Pokémon or Trainers in a Burst 5 lose a Tick of Hit
Points."
Bad Luck,"Effect: The user is immune to Critical Hits; they are instead normal hits and attacks targeting user get +1 AC
(Accuraccy required to hit increased by one). Defensive."
Bad Omen,"Foes min roll and may miss. Takes 1/4 damage from crits."
Ball Fetch,"Scene – Free Action, Reaction
Trigger: A Pokémon is Released onto the battlefield
Effect: The user may move up to their speed as a Free Action. They must end this movement closer to the
triggering Pokémon."
Balloon Blitz,"Inflatable + Hyper Aggressive."
Balloon Bomb,"Aftermath + Inflatable"
Banshee,"Sound moves get a 1.2x boost and become Ghost if Normal."
Bass Boosted,"Amplifier + Punk Rock."
Battery,"Scene x2 – Swift Action
Target: An Adjacent Ally
The target's next Special Attack deals +2d6+4 damage. If that attack is Electric-Typed, it deals +3d6+6 more
damage instead."
Battle Armor,"Static
Effect: The user is immune to Critical Hits; they are instead normal hits and lowers damages by 5 for every 20
of the User Level . Defensive"
Battle Aura,"Boosts each battler's crit rate by +2."
Battle Bond,"Transforms into Battle Bond form after dealing a KO."
Beads of Ruin,"Static
Effect: The Special Defense of all other Pokemon within 5 meters of the user is lowered by -1 Combat Stage"
Beam Cannon,"Static
Effect: The Effect Range and Critical Hit Range of the user’s Ranged, 1-Target Moves are increased by 3."
Beast Boost,"At-Will – Free Action
Trigger: The user’s Damaging Attack causes an opponent to Faint
The user receives +1 Combat Stage in their highest non-HP stat."
Beautiful,"Scene – Swift Action
Effect: The user may activate Beautiful to either gain +2 Beauty Dice in a Contest, or to cure any adjacent
targets of the Enraged Condition."
Beautiful Music,"Sound-based moves have 50% chance to infatuate the foe."
Berry Storage,"Daily – Extended Action
Trigger: The user eats a Berry
Effect: The user gains 3 instances of the Berry’s Digestion Buff instead of 1. It may only trade in one of these
Digestion Buffs each Scene. Neither storing nor trading in these Digestion Buffs counts against the user’s
normal limits. All Digestion Buffs gained from Berry Storage are lost after an Extended Rest."
Berserk,"At-Will – Free Action
Trigger: The user’s drops to half HP or below for the first time in an encounter, or becomes Enraged
The user receives +1 Special Attack Combat Stage."
Berserk DNA,"Sharply ups highest attacking stat but confuses on entry."
Berserker Rage,"Berserk + Rampage."
Big Leaves,"Static
User gains the following abilities : Chlorophyll, Harvest, Leaf Guard, Solar Power"
Big Pecks,"Static
Effect: The user cannot have its Defense Stat lowered. The user cannot have its Defense Combat Stages
lowered. Defensive.
Contact Moves Gain +1DB"
Big Swallow,"Static
Effect: Connection - Stockpile. Whenever the user uses Swallow or Spit Up, it may treat the Stockpile Count as
if it was one higher. This Ability has no effect if the Stockpile Counter is already 3."
Blade Dance,"Triggers 50 BP Leaf Blade after using a dance move."
Blade's Essence,"Keen Edge + Mystic Blades."
Blademaster,"Sweeping Edge + Keen Edge."
Blaze,"Static
Effect: The user gains Last Chance with Fire."
Blaze Boost,"Scene x2 – Swift Action
Trigger: The user rolls a Critical Hit with a damaging Fire Type Move or causes an opponent to Faint with a
damaging Fire Type Move
Effect: The user gains +1 Combat Stage in Attack, Special Attack, and Speed."
Blazing Aura (fire aura),"Static
Effect: The user and all allies have the Damage Base of their damaging Fire Type Attacks increased by +1."
Blessed Touch,"Daily x2 – Standard Action
Effect: An adjacent Pokémon or Trainer gains Hit Points equal to 1/4th of its maximum Hit Points."
Blight Scale,"Multiscale + Poison Point"
Blind Rage,"Scrappy + Mold Breaker."
Blitz Boxer,"At full HP, gives +1 priority to this Pokémon's punching moves."
Blood Bath,"Immune to bleed. Inflict fear when inflicting bleed."
Blood Price,"Does 30% more damage but lose 10% HP when attacking."
Blood Stain,"Is always bleeding if not immune. Spreads on contact."
Blood Stigma,"Immune to status. Gets a 50% boost vs bleeding foes."
Bloodlust,"Blood Bath + Soul Eater."
Blow Away,"Static
Effect: Connection - Whirlwind. When the user uses Whirlwind, all targets hit lose a Tick of Hit Points."
Blur,"Static
Effect: Attacks and Moves targeting you that don’t require an Accuracy Check now require one, as though
they had an Accuracy Check of 2. You may only apply half of your Evasion to these Attacks and Moves.
Defensive."
Bodyguard,"Scene – Free Action
Trigger: A cardinally adjacent Ally is hit by an attack
Effect: The user and the target switch places, and the user becomes the target of the attack instead, taking
damage from the attack as if resisted one step further. If switching places would not move the triggering Ally
out of the area-of-effect of a Burst, Blast, Cone, or Line, this Ability does not prevent the ally from being hit.
Defensive."
Bone Lord,"At-Will - Free-Action
You hit with Bone Club, Bonemerang, Bone Rush, or Shadow Bone
Effect': 'Connection – Bonemerang. Once per Scene per Move, the following Moves may be used as if they
had the following bonuses: Bone Club: Bone Club's target loses 1 Defense and Special Attack CS.
Bonemerang: Has a Range of Line 6 but loses the Double Strike keyword Bone Rush: Bone Rush automatically
‘hits' four times (as per the Five Strike keyword). Shadow Bone: Burns the target on 15+."
Bone Wielder,"Static
Effect: This ability is only functional if the user is holding a Thick Club item. The user gains a +1 Accuracy
Bonus to Bone Club, Bonemerang, and Bone Rush. Additionally, the user cannot be disarmed, or have their
Thick Club forcefully removed by Trick, Switcheroo, Thief, or any other Moves or effects unless the user wishes
it."
Bone Zone,"Bone moves ignore immunities and deal 2x on not very effective."
Brawling Wyvern,"No guard + Dragon type moves become punching moves."
Breakwater,"Swift Swim + Stall."
Brightness,"Static
Effect: The user gains Last Chance with Light."
Brimstone,"Static
Effect: Whenever the user causes a Burn with a damaging Fire-Type Attack, the target is also Poisoned."
Brute Force,"Rock Head + Reckless"
Bulletproof,"Static
Effect: The user resists all X target ranged attacks one step further. This refers to attacks and Moves that
simply hit one target or specify hitting multiple targets, such as Razor Wind hitting three targets. It has no
effect on Moves that are capable of hitting multiple targets through areas of effect, such as Bursts or Cones.
Defensive."
Bully,"Scene – Free Action
Trigger: The user hits a target for Super-Effective Damage with a Melee Move
Effect: The target of the attack is pushed 2 Meters, becomes Tripped, and gains an Injury"
Butter Up,"Hospitality + Soothing Aroma"
Buzzing Aura (bug aura),"Static
Effect: The user and all allies have the Damage Base of their damaging Bug Type Attacks increased by +1."
Calculative,"Analytic + Neuroforce."
Caretaker,"Healer + Friend Guard."
Catastrophe,"Sun boosts Water. Rain boosts Fire."
Cave Crasher,"Static
Effect: The user resists Ground-Type and Rock-Type attacks one step further. Defensive."
Celebrate,"At-Will – Free Action
Trigger: The user causes a foe to Faint by using a damaging attack
The user increases their Speed by 1 Combat Stage and may immediately take an additional Shift Action to
move as if they were Slowed. This Ability may only be activated if the user is not prevented from shifting"
Celestial Blessing,"Recovers 1/12 of its health each turn under Misty Terrain."
Champion's Entrance,"Intimidate + Violent Rush"
Change of Heart,"Uses Heart Swap on switch-in."
Cheap Tactics,"Frequency: At-Will - Free Action
Target: The user rolls a natural 3, 7, or 13 on an attack roll with a contact move
After the triggering attack is resolved, the user may use the move Scratch as a Free Action. Note: Yes, Scratch
made due to Cheap Tactics may trigger Cheap Tactics."
Cheating Death,"Gets no damage for the first two hits."
Cheek Pouch,"This ability has no effect."
Chemical Romance,"Static
Connection – Sweet Scent. Whenever the user hits a male target with Poison Gas, Smog, Sweet Scent, Toxic, or
Venom Drench, that target becomes Infatuated with the user."
Cherry Power,"Daily – Swift Action
Effect: The user gains 15 Temporary Hit Points, and is cured of all Persistent Status Afflictions."
Chilling Neigh,"At-Will – Free Action
Trigger: The user causes a foe to Faint with a damaging attack
Effect: The user’s Attack is raised by 1 Combat Stage. In addition, all foes within 3m of the user take a -2
penalty to evasion for one full round."
ChillngNeigh,"KOs raise Attack by one stage."
Chlorofury,"Daily – Swift Action
Effect: The user gains +1 Combat Stage in Special Attack and Special Defense"
Chlorophyll,"Static
Effect: While in Sunny Weather, the user gains +4 Speed Combat Stages."
Chloroplast,"Weather Ball, Solar Beam/Blade, Growth act as if used in sun."
Christmas Spirit,"Static
While Snowing the user resists all incoming Attacks one step further . Defensive"
Chrome Coat,"Reduces special damage taken by 40%, but decreases Speed by 10%."
Chunky Bass Line,"Triggers a 40BP Earthquake after using a sound move."
Clap Trap,"Counters contact with 50BP Snap Trap."
Clay Cannons,"At-Will – Swift Action
Effect: Until the end of the round, the user may originate any Ranged Move they use from any square adjacent
to itself."
Clear Body,"Static
Affictions may still alter their Combat Stages. Defensive."
Cloud Nine,"Scene – Free Action
Effect: The weather of the field is set to normal."
Clueless,"Static
Ignores Weather, Rooms and Terrains effects.Defensive"
Cluster Mind,"Static
Effect: The user’s Move Pool limit is increased by +2."
Coil Up,"Scene – Free Action
Effect: The user may use a bitting move as if it had Priority keyword."
Cold Plasma,"Electric type moves now inflict burn instead of paralysis."
Cold Rebound,"Scence x2
Attacks with Icy Wind when hit by contact move."
Color Change,"At-Will – Free Action
Trigger: The user is hit by a Move
Effect: The user’s Type changes to match the Type of the triggering Move."
Color Spectrum,"Same-type attacks get a 1.2x boost. Changes type each turn."
Color Theory,"Static
Effect: Upon gaining this ability at Birth, the user rolls 1d12 to determine the color of their tail secretions.
1 = Red;
2 = Red-Orange;
3 = Orange;
4 = YellowOrange;
5 = Yellow;
6 = Yellow-Green;
7 = Green;
8 = Blue-Green;
9 = Blue;
10 = Blue-Violet;
11 = Violet;
12 = Red-Violet.
Red is tied to Attack.
Orange is tied to Defense.
Yellow is tied to Special Attack.
Green is tied to Special Defense.
Blue is tied to Speed.
Violet is tied to HP.
Users with a “Pure” Color (Red, Orange, Yellow, etc) gain a +6 Bonus to the Base Stat tied to their color. Users
with a “Mixed” Color (Red-Orange, Yellow-Orange, etc) gain a +3 Bonus to each Stat tied to the color"
Comatose,"At-Will – Move Action
The user falls Asleep, and regains a Tick of Hit Points.
Bonus: The user may act normally while Asleep and ignores all other penalties from being Asleep. While
Asleep, the user does not make Save Checks to wake up, and wakes up from being hit only if they want to."
Combat Specialist,"Boosts the power of punching and kicking moves by 1.3x."
Combo Striker,"Frequency: At-Will - Free Action
Target: The user rolls a natural 1, 10, or 11 on an attack roll with a damaging move
Effect: After the triggering attack is resolved, the user may use a Struggle Attack as a Free Action. Note: Yes,
Struggle Attacks made due to Combo Striker may trigger Combo Striker."
Combustion,"Boosts the power of Fire-type moves by 1.5x."
Commander,"At-Will - Swift Action
Target: An adjacent Ally
Effect: The user Attaches to the target. While Attached, the user occupies the target's square and replaces
their Movement capabilities with the target's. The user and target may Intercept attacks for each other as a
Free Action. Bonus: While Attached, the target may use Order Up as though it were on their Move List."
Competitive,"Static
the user’s Special Attack is raised 2 Combat Stages."
Compound Eyes,"Static
Effect: The user gains a +3 Bonus to all Accuracy Rolls."
Confidence,"Scene – Standard Action
Effect: Choose a Combat Stat. All allies within 5 meters of the user gain +1 CS in the Chosen Stat."
Conflagrate,"At-Will - Free Action
Trigger: The user uses a Normal-Type or Sound-Type damaging Move
The Move is changed to be Fire-Type and gains +1 Damage Base."
Conjurer Of Deceit,"Magic Guard + Magic Bounce"
Conqueror,"Scene – Free Action
Trigger: The user causes a foe to Faint by using a damaging Physical or Special Attack
Effect: The user’s Attack, Special Attack, and Speed gain +1 Combat Stage."
Contempt,"Unaware + Defiant."
Contrary,"Static
Effect: If something would raise the user’s Combat Stages, it instead lowers the user’s Combat Stages by the
same amount. If something would lower the user’s Combat Stages, it instead raises the user’s Combat Stages
by the same amount."
Copy Master,"Static
Effect: Connection - Copycat. Whenever the user uses Copycat or Mimic, it gains +1 Combat Stage in a Stat of
its choice after the Move is resolved."
Corrosion,"Static
The user's Poison-Type attacks are super effective against Steel type."
Corrosive Toxins,"Scene – Free Action
Effect: Connection - Toxic. The user may activate this Ability when using Toxic to allow the Move to ignore
being Badly Poisoned (such as Magic Guard or Poison Heal)."
Corrupted Mind,"Psychic moves ignore resists and get 1.4x effect chance."
Cosmic Daze,"2x damage vs confused. Enemies take 2x confusion damage."
Costar,"Scene - Free Action
Target: An ally within 5 meters with positive Combat Stages
Effect: The user's Combat Stages are changed to match the target's Combat Stages."
Cotton Down,"Scene – Free Action, Reaction
Trigger: The user is hit by an attack
Effect: All Pokémon in a Burst 1 around the user have their speed lowered by 1 CS, and are Slowed for one full
round. Defensive."
Courage,"Static
Effect: While at or under 1/3rd of its Max Hit Point value, the user gains a +5DB to all Damage Rolls, and 5
Damage Reduction per 20 levels of the User Defensive."
Covert,"Static
Effect: If this Pokémon is standing on a terrain related to its natural habitat, its Evasion is increased by +2. For
Ice types, this is generally snowy or icy terrain; Ground and Ground types are apt to feel at home in sandy
terrain or craggy rocks; Grass types, Bug Types, and others likely feel at home in long grass. Some Pokémon
may be at home in several types of terrain."
Coward,"Scene – Free Action
Trigger: When the user enters the battle
The user gains one tick of Hit Points as provisoiry HP. Defensive"
Crowned King,"Unnerve + Grim Neigh + Chilling Neigh."
Crowned Shield,"Dauntless Shield + Stamina."
Crowned Sword,"Intrepid Sword + Anger Point."
Cruelty,"Scene – Swift Action
Effect: After Damage is Resolved, the foe gains an Injury. The user is then informed of the total number of
Injuries currently on the target, and may use that number to “purchase” the effects listed below.
» 1 Injury: The target loses 2 Hit Points. May be “purchased” multiple times.
» 1 Injury: The target is Slowed.
» 2 Injuries: Until the end of the encounter, the target may not gain Hit Points or Temporary Hit Points from
any source. This effect ends if the target is switched out or Takes a Breather."
Crush Trap,"Scene – Free Action
Trigger: The user successfully Grapples a target
Effect: Connection – Wrap. When you activate this ability, the user may immediately deal damage to the target
as if the user had hit with a Struggle Attack. There is no Accuracy Roll and thus this damage cannot miss, be a
Critical Hit, or trigger any Effect Ranges."
Crust Coat,"Immune to critical hits. Takes 20% less damage from attacks."
Cryo Architect,"Boosts Attack and Def when hit by Water or Ice."
Cryo Proficiency,"Triggers hail when hit. 30% chance to frostbite on contact."
Cryomancy,"Moves inflict frostbite 5x as often."
Crystallize,"Static
Rock moves become Ice and gain DB +1."
Cud Chew,"Scene - Swift Action
Effect: The user may consume a single Digestion buff twice before it is consumed"
Curious Medicine,"Scene – Swift Action
Special: The user may instead trigger this as a Free Action Reaction when entering the field
Effect: All allies within 2m of the user have their CS reset to their default values."
CuriusMedicn,"Resets its ally's stat changes on entry."
Cursed Body,"Scene – Free Action
Trigger: The user is hit by a Damaging Move.
Effect: The Move becomes Disabled."
Cute Charm,"Scene – Free Action
Trigger: A foe of the opposite gender attacks the user with a Melee Attack
Effect: The foe becomes Infatuated."
Cute Tears,"Scene – Free Action
Trigger: The user is hit by a Damaging Attack
Effect: The attacking foe loses 2 Combat Stages in the Attack Stat used by the triggering Move"
Cutthroat,"The first slicing move used on each entry in gets +1 priority."
DNA Scramble,"Changes forms based on the the move used."
Damp,"Static
Effect: The Moves Self-Destruct and Explosion may not be used when a Pokémon with Damp is within 10-
meters of Self-Destruct or Explosion’s user. The Ability Aftermath may not be activated when a Pokémon with
Damp is within 10-meters of the Pokémon attempting to activate Aftermath."
Dancer,"Scene x2 - Free Action
A Pokemon or Trainer uses a Dance move.
The user copies the triggering Dance move immediately after the Pokemon or Trainer."
Danger Syrup,"Scene – Free Action
Effect: Connection - Sweet Scent. If the user is hit by a damaging attack, it may use Sweet Scent as a Free
Action, frequency allowing."
Dark Art,"Static
Effect: The user gains Last Chance with Dark."
Dark Aura,"Static
Effect: The user and all allies have the Damage Base of their damaging Dark Type Attacks increased by +1."
Dauntless Shield,"Static
Effect: The user’s default Defense Combat Stages are increased by +1."
Daybreak,"Burns the foe on contact. Also works on offense."
Daze,"Scene – Standard Action
Effect: Make an AC4 Status Attack against a target within 6 meters. If you hit, the target falls asleep."
Dazzling,"Scene x2 – Swift Action
Target: An Adjacent Foe
For the rest of the Scene, the target's Initiative is lowered by 10 and cannot use Priority Moves
Bonus: Interrupt Moves may not be declared in response to the user's actions."
Dead Power,"1.5x Attack boost. 20% chance to curse on contact moves."
Deadeye,"Static
Accuracy Increased by 2."
Deadly Poison,"Daily – Free Action
Trigger: The user Poisons a target
Effect: The target is Badly Poisoned instead."
Deadly Precision,"Super-effective moves never miss and ignore abilities."
Decoy,"Scene – Full Action
Effect: The user uses the Move “Follow Me” as if it was on their Move List, and their Evasion is raised by +2
until the end of their next turn."
Deep Cuts,"Slashing moves have a 50% chance to inflict bleeding."
Deep Freeze,"Boosts Water and Ice by 1.25x. Halves Fire damage taken."
Deep Sleep,"Static
When asleep, this Pokémon restores a Tick of Hit Points at the end of each turn. Defensive."
Defeatist,"Static
Effect: Whenever the user is brought below 50% of their max Hit Points, the user’s Attack and Special Attack
are lowered by 1 Combat Stage each, and the user’s Speed is increased by +2 Combat Stages. If the user is
healed above 50% max Hit Points, these changes are reverted."
Defiant,"Static
the user’s Attack is raised 2 Combat Stages."
Defy Death,"Daily – Swift Action
Effect: By activating this Ability, the user is instantly healed of up to 2 Injuries; these counts towards the total
number of Injuries that can be healed each day. Additionally, to die, the user must reach -250% Hit Points
instead of -200% Hit Points"
Delayed Reaction,"Scene – Free Action
Trigger: The user is hit by a direct damaging attack
Effect: Halve the damage taken by the user. At the end of the user’s next turn, the user loses Hit Points equal
to the other half of the damage. For example, if the user is hit for 11 damage and triggers this Ability, the user
would take 5 damage upon being hit and 6 damage at the end of its next turn. Defensive."
Delivery Bird,"Static
Effect: The user may hold two Held Items at once. Whenever an Ability or Move affects the user’s Held Items,
you may choose which one is affected."
Delta Stream,"Strong Winds until switched out. Weather-based moves not usable."
Demolitionist,"Readied Action + Ignores Protect + screens break on readied turn"
Denting Blows,"Hammer moves lower Defense."
Depravity,"Merciless + Overcharge."
Desert Cloak,"Protects its side from status and secondary effects in sand."
Desert Spirit,"Summons sand on entry. Ground moves hit airborne in sand."
Desert Weather,"Static
Effect: The user is immune to Sandstorm Damage, resists Fire-Type Moves in Sunny Weather, and regains
1/16th of its Max Hit Points at the end of each of its turns while in Rainy Weather.Defensive."
Desolate Land,"Intense Sun until switched out. Water-type moves are unusable."
Desolate Sun,"Desolate Land + Earth Eater."
Determination,"Ups Special Attack by 50% if suffering."
Devourer,"Strong Jaw + Primal Maw."
Diamond Defense,"Static
Effect: Connection - Stealth Rock. Stealth Rock’s Frequency is Scene x2, and the user’s Stealth Rocks can be
treated as dealing Rock-Type or Fairy-Type Damage, whichever is more effective.Defensive."
Dig Away,"Daily — Free Action
Connection - Dig. When hit by a Move, this Pokémon may activate this Feature to use Dig, frequency allowing,
as an interrupt to avoid the attack and shift underground immediately. This consumes a command as normal.
The terrain must allow for Dig to be used."
Dire Spore,"Static
Connection - Spore. Whenever the user hits a target with Spore, that target is also Poisoned."
Discipline,"Static
Rampage moves no longer makes user enraged and user can't get confused, intimidated, frighgtned or scared"
Disguise,"Scene - Free Action
The user is hit by a damaging attack.
The user takes no damage from the attack. This ability cannot be used again until healed at a Pokemon Center
or taking an hour to rest."
Dodge,"Daily — Free Action
trigger: The user is hit by a Damaging Move.
The triggering Move instead misses. Defensive."
Doom Blast,"Dark-type moves deal 1.35x damage but have 10% recoil."
Doombringer,"Uses Doom Desire on switch-in."
Download,"Scene — Swift Action
Trainer or Pokémon
effect: The target must reveal whether its Defense or Special Defense Stats are lower. If the Defense Stat is
lower, the user gains a +1 Attack CS. If the Special Defense Stat is lower, the user instead gains +1 Special
Attack CS. If both are tied, the user gains +1 CS to any Stat of their choice."
Draco Morale,"Uses Dragon Cheer on switch-in."
Draconic Aura (dragon aura),"Static
Effect: The user and all allies have the Damage Base of their damaging Dragon Type Attacks increased by +1."
Draconize,"Normal-type moves become Dragon and get a 1.1x boost."
Dragon's Maw,"Boosts the power of Dragon-type moves by 1.5x."
Dragon's Ritual,"Dealing a KO raises Attack and Speed by one stage."
Dragonfly,"Adds Dragon type to itself. Avoids Ground attacks."
Dragonslayer,"Static
Users STAB moves deals extra 10 damage to dragon type."
Dragon’s Maw,"Scene x2 – Free Action
Trigger: The user hits with a damaging Dragon-Type Move
Effect: One target hit by the attack becomes one stage more vulnerable to the attack (applied after all other
modifiers). Immune targets are treated as initially double-resistant for the purposes of this Ability, and may be
damaged normally."
Dream Catcher,"Scene x2 - Free Action
For each Sleeping pokemon on the field users does 5 more damages"
Dream Smoke,"Scene — Free Action
The user is hit by a Melee Attack'
The attacking foe falls Asleep."
Dream State,"Immune to critical hits. Takes 20% less damage from attacks."
Dream Whimsy,"Uses Yawn on switch-in."
Dreamcatcher,"Doubles move power if anyone on the field is asleep."
Dreamspinner,"Scene x3 — Swift Action'
effect: All Sleeping Foes within 3 meters lose a Tick of Hit Points, and the user gains a Tick of Temporary Hit
Points."
Drizzle,"Scene x3 — Swift Action
The Weather changes to be Rainy for 1 full round."
Drought,"Scene – Free Action
Effect: The Weather changes to be Sunny for 5 rounds."
Drown Out,"At-Will — Swift Action
target: An Adjacent Pokémon.
effect: The target reveals their Type, Ability, Nature, Level, and name of any Held Items they are currently
holding, if any."
Dry Skin,"Static
Effect: Whenever the user is hit by a damaging FireType Move or ends their turn in Sunny Weather, they lose a
Tick of Hit Points. The user is immune to the damage and effects of Water-Type Moves, and whenever the
user is hit by a damaging Water-Type Move or ends their turn in Rainy Weather, they gain a Tick of Hit Points"
Dual Wield,"Scence x2
Mega Launcher moves hit twice each hit at 50% power."
Dune Terror,"Static
Ground Moves Gain DB+1 Additionally in sandstorm Ground moves Gain +1 extra DB and User reduce
damage by 5 for every 20 level during Sandstorm."
Dust Cloud,"Scene – Free Action
Effect: Connection - Poison Powder. Whenever the user uses Poison Powder, Sleep Powder, or Stun Spore, the
user may activate this Ability to use if it as if that move have a range of Burst 1 instead."
Early Bird,"Static
Effect: The user gains a +3 Bonus to rolls made due to Status Afflictions."
Early Grave,"Ghost-type moves get +1 priority at max HP."
Earth Eater,"Static
Effect: The user is immune to the damage and effects of Ground-Type attacks, and whenever they are hit with
a Ground Type attack,They gain HP equal to a Quarter of their Max HP Defensive."
Earthbound,"Static
The user's Ground moves gain DB+1"
Ectoplasm,"Ups highest attacking stat by 1.5x in fog."
Effect Spore,"Scene – Free Action
Trigger: The user is hit by a Melee Attack
Effect: Roll 1d6. On a result of 1 or 2, the attacker is Poisoned. On a result of 3 or 4, the attacker is Paralyzed.
On a result of 5 or 6, the attacker falls Asleep."
Eggscellence,"Static
Connection — Barrage. The user receives STAB when using Barrage and Egg Bomb. If Normal Typed, these
Moves deal Damage as if one step more effective on 16+."
Egoist,"Raises its own stats when foes raise theirs."
Electric Burst,"Static
All users electric damaging moves deal +2 Damage Base but user receive 1/5 recoil."
Electric Surge,"'Scene - Swift Action
The Field becomes Electric, as if affected by the Move Electric Terrain."
Electrifying Aura (electric aura),"Static
Effect: The user and all allies have the Damage Base of their damaging Electric Type Attacks increased by +1."
Electro Surge,"Casts Electric Terrain on entry. Lasts 8 turns."
Electrocytes,"Boosts the power of Electric-type moves by 1.25x."
Electrodash,"Scene – Free Action
Effect: The user may make a Sprint Action as a Swift Action."
Electromorphosis,"Static
The User is hit by Physical damage Effect: When the user takes damage from any source, it will gain Charged
to the damage roll of the next electric type move it uses"
Elemental Charge,"20% chance to BRN/FRZ/PARA with respective types."
Elemental Vortex,"Flash Fire + Water Absorb."
Emanate,"Normal-type moves become Psychic and get a 1.1x boost."
Embody Aspect,"+1 Speed on Entry."
Emergency Exit,"'At-Will - Free Action
trigger: The user is brought to 50% Hit Points or lower. The user must have more than 50% Hit Points for this
ability to Trigger.
effect:The user may choose to immediately return to its Pokeball. A new Pokemon can immediately be sent
out."
Empower,"Scene - Swift Action
The user may use a self-targeting Status-Class Move as a Free Action."
Enduring Rage,"Static
Effect: The user may not make rolls to cure themselves from the Enraged condition. However, while Enraged,
the user gains 5 Damage Reduction."
Energized,"Generator + charges up on KO with an Electric-type move."
Energy Horns,"Mighty horn moves become special and deal 30% more damage."
Energy Siphon,"Heals the user for 1/4 of the damage they deal."
Enfeebling Lips,"Static
Effect: Connection - Lovely Kiss. Whenever the user uses the Move Lovely Kiss, they may choose a Stat. If the
Move successfully hits, the Pokémon or Trainer being targeted loses 2 Combat Stages in that Stat."
Enlightened,"Emanate + Inner Focus."
Entrance,"Confusion also inflicts infatuation."
Equinox,"Boosts Atk or SpAtk to match the higher value."
Eternal Blessing,"Celestial Blessing + Regenerator."
Ethereal Rush,"This Pokémon's Speed gets a 1.5x boost in fog."
Evaporate,"Scene – Free Action
Trigger : Ther user is Hit by a Water Type Move.
Takes no damage and sets mist. Defensive."
Exploit,"Static
Effect: Whenever you deal Super-Effective Damage to a target, that target treats your Damage Roll as it were
increased by DB+1"
Exploit Weakness,"Deals 1.25x and targets lowest defense vs statused foes."
Exploiter,"Scene x2 – Swift Action
If opponent has less than 50% user may act with any move as if it had the priority Keyword."
Fabulous Trim,"Static
Effect: Furfrou’s Ability depends on its current hairstyle. A Furfrou’s hairstyle can be changed as an Extended
Action at an appropriate hair parlor.
Star Trim: Celebrate
Diamond Trim: Defiant
Heart Trim: Cute Tears
Pharaoh Trim: Sand Veil
Kabuki Trim: Inner Focus
La Reine Trim: Intimidate
Matron Trim: Friend Guard
Dandy Trim: Moxie
Debutante Trim: Confidence"
Fade Away,"Scene – Standard Action, Interrupt
Effect: The user becomes Invisible until the beginning of their next turn, and may immediately Shift. This
Ability may be activated as an Interrupt when hit by a Physical attack; the user may declare the use of Fade
Away to avoid all damage and/or effects of the move. Defensive."
Fae Hunter,"Scene x2 - Free Action
When a move hits a Fairy Pokemon, consider Damage as Super effective."
Fairy Aura,"Static
Effect: The user and all allies have the Damage Base of their damaging Fairy Type Attacks increased by +1."
Fairy Orbs,"Scene - Free Action
The user creates 3 Fairy Orbs. Whenever the user is targeted by a foe within 6 meters, they may spend a Fairy
Orb to use the Move Fairy Wind against that foe as a Free Action after the triggering Move is resolved."
Fairy Tale,"Adds Fairy type to itself."
Fairy Wrath,"Static
Pixiliate + Rampage"
Faraday Cage,"Shell Armor + 50BP Thunder Cage when hit by contact."
Fatal Precision,"Static
User Super Effective moves gain a bonus +1 Accuracy."
Fearmonger,"Static
Intimidate + Scare + Frighten"
Feline Prowess,"Doubles own Sp. Atk stat. Boosts raw stat, not base stat."
Fertilize,"Normal-type moves become Grass and get a 1.1x boost."
Field Explorer,"Static
All field exploring moves damage base increased by 2 (Surf,Dive,Flash,Rock-Smash,Strength,Climb,Cut,
Flash,Waterfall)"
Fiery Crash,"Static
Effect: Whenever the user uses a Move with the Dash keyword, they may either increase that Move’s Damage
Base by +2, or change the Move to be Fire-Type if it was not already. All Moves with the Dash keyword
performed as Fire-Typed burn their target on 19+, or increase the effect range by +2 if they could already
inflict Burn."
Fighter,"Boosts Fight.-type moves by 1.2x, or 1.5x when below 1/3 HP."
Fighting Aura,"Static
Effect: The user and all allies have the Damage Base of their damaging Fighting Type Attacks increased by +1."
Fighting Spirit,"At-Will – Free Action
Trigger: The user uses a Normal-Type or Sound-Type damaging Move
Effect: The Move is changed to be Fighting-Type and gains +1 Damage Base."
Filter,"Static
Effect: When the user is hit by a Super-Effective attack, the attack deals x1.25 damage instead of x1.5 damage.
If the user is hit by a Super-Super-Effective attack, the attack deals x1.5 damage instead of x2 damage. . If you
have both Solid Rock and Filter, you gain 5 Damage Reduction against Super-Effective Damage. Defensive."
Final Blow,"Unseen Fist + Fatal Precision."
Fire Scales,"Halves damage taken by Special moves. Does NOT double SpDef."
Flame Body,"Scene – Free Action
Trigger: The user is hit by a Melee Attack
Effect: The attacking foe becomes Burned."
Flame Bubble,"Water Bubble + Flaming Soul."
Flame Coat,"Non-Fire-types take 1/8 dmg every turn when on field."
Flame Shield,"Takes 35% less damage from Super-effective moves."
Flame Tongue,"Scene – Free Action
Trigger: The user hits a foe with Lick.
Effect: Connection – Lick. The foe hit with Lick gains an Injury and becomes Burned."
Flaming Jaws,"Biting moves have 50% chance to burn the target."
Flaming Maw,"Strong Jaw + Flaming Jaws"
Flaming Soul,"Static
Effect: The user may use Fire-Type Moves as if they have the Priority keyword."
Flammable Coat,"Changes forms when using or hit by a Fire-type move."
Flare Boost,"Static
Effect: While Burned, the user’s Special Attack is raised by 2 Combat Stages. If the user is cured of its Burn, its
Special Attack is lowered by 2 Combat Stages."
Flash Fire,"Static
Effect: The user is immune to the damage and effects of Fire-Type attacks. If the user is hit by a Fire-Type
attack, the user gains a +5 Bonus to their next Damage Roll with a Fire-Type Move. Defensive."
Flavorful Aroma,"At-Will – Free Action
Trigger: The user uses Aromatic Mist
Effect: Connection – Aromatic Mist. All allies affected by Aromatic Mist gain +1 to Accuracy Rolls and +5 to
Damage Rolls for one full round."
Flock,"Static
Effect: The user's Flying Type Moves Gain DB+1."
Flourish,"Boosts Grass moves by 50% in grassy terrain."
Flower Gift,"Scene - Swift Action
ffect: Flower Gift may only be used if the Weather is Sunny or if the user is under 50% Hit Points. When
activated, the user may pick two Stats, gaining +2 Combat Stages in each Stat. All targets within 2 meters also
gain +1 Combat Stage in each of the chosen Stats."
Flower Power,"Static
effect: The user may perform damaging Grass Type Moves as if they were their choice of either Physical or
Special."
Flower Veil,"Static
Grass-Type Pokemon within 5 meters cannot have their Combat Stages lowered.Defensive."
Fluffiest,"Quarters contact damage taken. 4x weak to fire."
Fluffy,"Static
The user resists damaging Melee attacks one step further, but resists Fire-Type attacks one step less.
Defensive."
Fluffy Charge,"Static
Effect: Connection – Charge. Whenever the user uses Charge, they gain +1 CS to Defense."
Flutter,"At-Will — Shift Action
The user gains +3 Evasion until the end of their next turn, and cannot be Flanked.Defensive."
Flying Fly Trap,"Static
'The Pokémon takes no damage from Ground Type Moves and Bug Type Moves. Defensive."
Focus,"Static
The user gains Last Chance with Fighting."
Forecast,"Static
The user's Type changes depending on the weather. It changes to Fire Type if it is Sunny, Ice Type if it is
Hailing, Water Type if it is Rainy, and Rock Type if there is a Sandstorm. It returns to Normal Type if it is in
normal weather or foggy weather. If there are multiple Weather Effects on the field, choose one type for the
user to be that corresponds with an existing Weather Effect."
Forest Lord,"Scene x2 – Shift Action
Effect: This turn, the user may originate a Grass or Ghost-Typed Move from any fully grown tree within 10
meters. Moves performed this way gain a +2 Bonus on their Accuracy Rol"
Forest Rage,"Boosts Grass-type moves by 1.3x, or 1.8x when below 1/3 HP."
Forewarn,"Scene – Free Action
Target: A Pokémon or Trainer
Effect: The Move with the highest Damage Dice Roll known by the targeted foe is revealed. If there is a tie, all
tied Moves are revealed. The Moves revealed gain a -2 Penalty during Accuracy Checks when used by the
target for the rest of the encounter."
Forsaken Heart,"KOs dealt anywhere on the field raise Attack by one stage."
Fort Knox,"Static
the user’s Defense is raised 2 Combat Stages.Defensive."
Fortitude,"Boosts SpDef +1 when hit. Maxes SpDef on crit."
Fossilized,"Static
Resists Rock Type Moves 1 Step Further and Rock-Type Moves DB is increased by 2.Defensive."
Foundry,"At-Will – Free Action
Trigger: The user uses a Rock-Type damaging Move
Effect: The Move is changed to be Fire Type and it's Damge Base is increased by 1."
Fox Fire,"Scene – Standard Action
Effect: The user creates 3 Fire Wisps. Whenever the user is targeted by a foe within 6 meters, they may spend
a Fire Wisp as an Interrupt to use the Move Ember against that foe as a Free Action, as if it was on their Move
List"
Fragrant Daze,"30% chance to confuse on contact."
Freezing Point,"Static
Effect: The user gains Last Chance with Ice."
Freezing Soul,"Static
Effect: The user may use Ice-Type Moves as if they have the Priority keyword."
Frenzied Phantom,"Hyper Aggressive + Shadow Tag."
Friend Guard,"Scene – Free Action
Trigger: An adjacent Ally takes Damage
Effect: The damage is resisted one step further. Defensive."
Frighten,"Scene – Swift Action
Target: A Pokémon or Trainer within 5 meters
Effect: Lower the target’s Speed 2 Combat Stages."
Frisk,"Scene – Free Action
Target: An Adjacent Pokémon
Effect: The target reveals their Type, Ability, Nature, Level, and name of any Held Items they are currently
holding, if any."
From the Shadows,"Attacks trap and have a 20% flinch chance when moving first."
Frost Burn,"Triggers 40BP Ice Beam after using a Fire-type move."
Frostbite,"Static
Effect: The user’s damaging Ice-Type attacks cause the target to become Slowed on 18+, and the Effect Range
for Freeze on these Moves is increased by +1. If the Move does not cause Freezing, it now causes Freezing on
a roll of 20."
Frostmaw,"Biting moves have a 50% chance to inflict frostbite."
Frozen Soul,"Ice-type moves get +1 priority at max HP."
Full Guard,"Scene — Swift Action
You take Damage while having Temporary Hit Points
You resist the triggering Damage one step further.
Bonus: Whenever you take Super-Effective Damage and you have no Temporary Hit Points, you gain a tick of
Temporary Hit Points. Defensive."
Full Metal Body,"Static
Afflictions may still alter their Combat Stages. Defensive."
Funeral Pyre,"Non-Ghost and Dark-types take 1/4 damage every turn."
Fungal Infection,"Static
The user’s damaging attacks inflicts Leech Seed on 19+"
Fur Coat,"Static
Effect: The user resists all Physical Attacks one step further and user becomes one step weaker to Fire Type
Attacks. Defensive"
Furnace,"User gains +2 Speed when when hit by rocks."
Gale Wings,"Static
Effect: The user may use Flying-Type Moves as if they have the Priority keyword."
Gallantry,"Gets no damage for first hit."
Galvanize,"At-Will – Free Action
Trigger: The user uses a Normal-Type or Sound-Type damaging Move
Effect: The Move is changed to be Electric-Type and gains +1 Damage Base."
Gardener,"Daily x3 – Extended Action
Target: A yielding plant
Effect: Increase the soil quality of the plant by +1, as if Mulch had been applied. This may target a specific
Plant only once per day"
Generator,"Charges up once on entry or when electric terrain is active."
Gentle Vibe,"Scene – Standard Action
Range: Burst 2
Effect: All targets in the burst, including the user, have their Combat Stages reset, and are cured of any Volatile
Status ailments."
Giant Wings,"Static
All the users Air, Wind and Wing get their DB increased by 1"
Gifted Mind,"Static
User Status Moves gain +2 Âccuracy and user resists psychic one step further. Defensive"
Giver,"Scene x2 - Swift Action
Connection - Present. After rolling to determine Present's Damage Base, you may choose to ignore the roll
and act as if you had rolled a 1 or a 5.
Bonus: The user may know any number of TM and Tutor Moves, instead of a maximum of three."
Glacial Rage,"Triggers 50 BP Blizzard after using a Ice-type move."
Gladiator,"Boosts Fighting-type moves by 1.3x, or 1.8x when below 1/3 HP."
Gleam Eyes,"Frisk + Scare."
Gleaming,"Static
User Gains Stab on light moves. User may Also help seeing during night or in the dark."
Glisten,"Static
Afflictions may still alter their Combat Stages. Defensive."
Gluttony,"Static
Effect: The user may eat up to three Food Items per encounter, and up to two refreshments per half hour."
Good As Gold,"Static
Effect: This pokemon is immune to Status Afflictions and to Status moves used by other Pokemon. Defensive."
Gooey,"At-Will – Free Action
Trigger: The user is hit by a Melee Attack
Effect: The triggering attacker has their Speed lowered by 1 Combat Stage."
Gore,"Static
Effect: Connection - Horn Attack. Whenever the user uses Horn Attack, they may push the target away 1
meter. Additionally, Horn Attack has a Critical Range of 18-20 for the user. Horn Moves gain DB +1"
Gorilla Tactics,"Scene – Swift Action
Trigger: The user uses a Move
Effect: The user gains a +10 bonus to damage rolls until the end of the Scene, including on the triggering
Move. However, until the end of the Scene, they may only use Moves that they have already used in this
Scene before triggering this Ability (the triggering Move is included in those usable)."
Grappler,"Trapping moves last 6 turns. Trapping deals 1/6 HP."
Grass Pelt,"Static
When standing on any grassy or leafy terrain that is either Slow or Rough Terrain, the user gains +5 Damage
Reduction. Defensive."
Grassy Surge,"'Scene x3 - Swift Action
The Field becomes Grassy, as if affected by the Move Grassy Terrain."
Gravity Well,"Scence x1 Swift Action
Effecct : Sets Gravity for 5 turns."
Greater Spirit,"Ups highest stat by +1 on entry in fog."
Grim Neigh,"At-Will – Free Action
Trigger: The user causes a foe to Faint with a damaging attack
Effect: The user’s Special Attack is raised by 1 Combat Stage. In addition, all foes within 3m of the user take a
-2 penalty to Accuracy for one full round."
Grip Pincer,"Scene x2 – Free Action
On a 17+ roll user may 'Grip' the target makes it Stuck and Trap then next user Attack against the Gripped
Target are considered super effective."
Ground Shock,"Scene x2 – Free Action
User may hit a Ground-Type with an Electric move as if it was resisted."
Grounded,"Adds Ground type to itself."
Growing Tooth,"Scene x2 – Free Action
When Rolling a 16+ on a Biting move user's Attack is raised by one Combat Stage."
Guard Dog,"Static
Trigger: A foe’s Ability directly lowers the user’s CS (including Accuracy and Effect Ranges, but not including
things like Status).
Effect: The user’s CS are instead raised by the same amount they would have been lowered.
Bonus: The user is immune to Push effects, and the effects of Roar. Defensive."
Guilt Trip,"Sharply lowers attacker's Attack and SpAtk when fainting."
Gulp,"Daily – Extended Action
Effect: If the user is allowed to spend time fully submerged in water for at least 10 minutes, they may heal up
to 25% of their Max Hit Points, and remove one Injury"
Gulp Missile,"Scene x2 – Free Action
Trigger: The user uses Stockpile, Surf, or Dive
Effect: Connection – Stockpile. The next time the user is damaged, it rolls an AC 4 Physical Attack against the
attacker, even if the user Faints. On a hit, the target loses 2 ticks of HP. In addition, if the hit roll was
successful, on an even roll the target is Paralyzed; on an odd roll, the target instead loses 1 Defense CS."
Gunman,"Mega Launcher + Status moves are Mega Launcher moves."
Gusting Aura (flying aura),"Static
Effect: The user and all allies have the Damage Base of their damaging Flying Type Attacks increased by +1."
Guts,"Static
Effect: While suffering from Burn, Poison, Paralysis, Freezing, or while Asleep, the user’s Attack is raised 2
Combat Stages. If suffering from none of these conditions, the user loses any Combat Stages gained this way"
Hadron Engine,"Scene-Free action
Trigger: Pokemon is thrown out
Effect: The User Setups Electric Terrain and gains +1 CS to Special attack"
Half Drake,"Adds Dragon type to itself."
Handyman,"Static
The user may hold two Held Items at once. Whenever an Ability or Move affects the user’s Held Items, you
may choose which one is affected."
Hardened Sheath,"Static
Effect: The user raise it's attack by 1 CS when rolling a 16+ ."
Harvest,"At-Will – Free Action
Effect: Whenever the user trades in a Digestion Buff from a Berry, flip a coin. On heads, the user gains all the
benefits of the Digestion Buff, but the Buff is not used up. On tails, the Buff is consumed normally. While in
Sunny Weather, the Buff is never consumed. The user may trade in a Digestion Buff up to once per turn during
an encounter, but only until they flip “Tails”."
Haunt,"Static
Effect: The user gains Last Chance with Ghost."
Haunted Spirit,"When this Pokémon is KO'd, casts a Curse on the attacker."
Haunting Frenzy,"20% chance to flinch the opponent. +1 speed on kill."
Hay Fever,"At-Will – Swift Action
Trigger: The user uses a Status Move; or the user ends their turn while Asleep.
Effect: The user creates a Burst 2 or Close Blast 3 of allergenic pollen. All Trainers and Pokémon in the burst
that are not Bug, Grass, or Poison Typed lose a Tick of Hit Points. This Ability cannot be activated in Rainy
Weather, Sandstorms, or if it is Hailing."
Healer,"Scene – Free Action
Target: An Adjacent Pokémon or Trainer
Effect: The target is cured of all Status conditions."
Heat Mirage,"At-Will – Free Action
Trigger: The user uses a Fire-Type Move
The user’s Evasion is increased by +3 until the beginning of their next turn."
Heatproof,"Static
The user resists Fire Type moves one step further (Super-Effective Becomes Neutral, Doubly-Super Effective
becomes Super-Effective, Neutral becomes Resistant, Resistant becomes doubly Resistant)."
Heaven Asunder,"Spacial Rend always crits. Ups crit level by +1."
Heavy Metal,"Static
When referring to Weight Classes, treat the Pokémon as if it is 2 Weight Classes higher."
Heliophobia,"Static
Whenever the user ends their turn in Sunny Weather, they lose a Tick of Hit Points. The user is immune to the
damage and effects of Dark-Type Moves, and whenever the user is hit by a damaging Dark-Type Move or
ends their turn in a New Moon, they gain a Tick of Hit Points."
Heliovolt,"At-Will - Swift Action
Trigger: The user uses an Electric-Type Move.
For 1 full round, the user gains +1 Evasion and is considered to be in Sunny Weather."
Hellblaze,"Boosts Fire-type moves by 1.3x, or 1.8x when below 1/3 HP."
Helper,"Static
Effect: Connection - Helping Hand. Whenever the user uses a Move that targets a single Ally, that Ally gains a
+1 Bonus to Accuracy and Skill Checks until the end of the user’s next turn"
Hemolysis,"Poisoned foes lose all stat buffs and can't heal."
High Tide,"Triggers 50 BP Surf after using a Water-type move."
Higher Rank,"Priority moves get a 1.2x boost."
Honey Gather,"Has a 50% chance to find Honey each turn."
Honey Paws,"Static
The user may consume Honey to gain a Digestion Buff as if they had consumed Leftovers. This Digestion Buff
does not count against their normal limit."
Honey Thief,"Static
Connection - Bug Bite. If the user uses Bug Bite to steal the effects of a Digestion Buff, they gain a Tick of
Temporary Hit Points."
Horde Break,"At-Will – Free Action
Trigger: The user changes from School Form to Solo Form
The user is cured of all Status Conditions"
Hospitality,"Heals partner for 25% of its max HP on switch-in."
Hot Coals,"Sets a trap that burns the next foe that switches in."
Hover,"Adds Psychic type to itself. Avoids Ground attacks."
Hubris,"Static
Effect: Whenever the user’s Move causes a target to faint, it may raise its Special Attack Combat Stage by +1.
You may only trigger Hubris once per Move, even if the Move causes multiple targets to faint."
Huge Power,"Static
The Pokémon’s Base Attack stat is doubled. This may double any bonuses from Nature or Vitamins, but not
bonuses from Trainer Features."
Hunger Switch,"Static
At the beginning of each of the user’s turns, the user must choose whether it’s in Full Belly Mode or Hangry
Mode until the beginning of its next turn. In Full Belly Mode, it gains a +2 bonus to Accuracy. In Hangry
Mode, it gains a +5 Bonus to Damage Rolls."
HungerSwitch,"Changes between Full and Hangry forms after each turn."
Hunter's Horn,"Boost horn moves and heals 1/4 HP when defeating an enemy."
Hunter's Mark,"Attacks with 40BP Spirit Shackle when foes try to switch."
Hustle,"Static
The user receives a -2 penalty to all Accuracy Rolls with Physical Attacks, and gains a +10 Bonus to all Physical
Damage Rolls."
Hydrate,"Normal-type moves become Water and get a 1.1x boost."
Hydration,"Static
At the end of the user’s turn, if the weather is Rainy, the user is cured of one Status Affliction."
Hydro Circuit,"Electric moves +50%; Water moves siphon 25% damage."
Hyper Aggressive,"Moves hit twice. Second hit does 25% damage."
Hyper Agressive,"Scene x2 – Swift Action
Ther user may use the attacking move twice (second hit does half damage of the damage)"
Hyper Cutter,"Static
The user’s Crit range is increased by 1. Attack Stat may not be lowered, and its Attack Combat Stages may not
be lowered. Defensive."
Hypnotic,"Static
Effect: Connection - Hypnosis. When used by the user, Hypnosis cannot miss."
Hypnotist,"Hypnosis accuracy is 90% when used by this Pokémon."
Ice Age,"Adds Ice type to itself."
Ice Body,"Static
Effect: While Hailing, the user gains a Tick of Hit Points at the beginning of each of their turns. The user is not
damaged by Hail"
Ice Cold Hunter,"Ice-type moves hit twice in hail."
Ice Dew,"Boosts highest Atk instead of being hit by Ice-type moves."
Ice Downfall,"Counters contact with 60BP Icicle Crash."
Ice Face,"Static
The user begins the battle with two ticks of temporary hit points. As a Standard Action in Hail, they may gain
two ticks of temporary hit points. The user is immune to damage from Hail. While the user has Temporary Hit
Points from this Feature, it is in Ice Face form, otherwise it is in Noice Face form."
Ice Jet,"Scene - Shift Action
The user creates an area of Snow in a Burst 2 around themselves, as per the Move Snowscape, which lasts
until the end of the user's next round. The user may also choose to shift as though they had a speed of Sky 6,
and does not provoke Attacks of Opportunity when moving this way. This movement may be made before or
after creating the Snowstorm.
Bonus: The user adds +1 to their Jump Capabilities."
Ice Scales,"Static
The user resists Special Moves one step further. Defensive."
Ice Shield,"Scene – Standard Action, Interrupt
Effect: The user places up to 3 segments of Ice Wall; each segment must be continuous with another segment,
and at least one must be adjacent to the user. These Ice Walls count as Blocking Terrain and last until the end
of the encounter or until they are destroyed. Each Ice Wall segment is 2 meters tall, 1 meter wide, and 2
centimeters thick. Each segment has 10 Hit Points, 5 Damage Reduction, and takes damage as if it was
IceType.Defensive."
Ignition Boost,"At-Will – Free Action
Trigger: An adjacent Ally uses a damaging Fire-Type Move
Effect: The allied target gains a +5 Bonus to its damage roll with the triggering Move. A target may not benefit
from more than one instance of Ignition Boost at a time."
Ill Will,"Deletes the PP of the move that faints this Pokemon."
Illuminate,"Static
Attacks that target the user have a -2 Accuracy Penalty against the user. Does not affect attackers with the
Blindsense Capability. Defensive"
Illusion,"Special
Effect: As a Standard Action, the user may mark an object, Pokémon, or Trainer. The user may have a number
of targets marked equal to their Focus Rank; to mark a new target, an old mark must be forfeited. Once per
round as a Free Action, the user may use illusory powers to make itself look exactly like a marked target. This
may be done as the user is being released from a Poké Ball. This change is aesthetic and does not affect
typing or Moves. The illusion allows the user to vaguely mimic sounds made by its marked target, but it is not
capable of intelligible speech. Whenever the user is hit by a damaging Move, the Illusion is destroyed. The
user may also dismiss the Illusion as a Free Action. In a battle as long as the user's illusion isn't destroyed user
adds +3 to their damaging moves."
Immolate,"At-Will – Free Action
Trigger: The user uses a Normal-Type or Sound-Type damaging Move
Effect: The Move is changed to be Fire-Type and gains +1 Damage Base."
Immovable Object,"Impenetrable + Sturdy."
Immunity,"Static
Effect: The user cannot be Poisoned or Badly Poisoned. Defensive"
Impenetrable,"Static
The user is immune to damage and Hit Point loss from Hazards, Weather, Status Afflictions, Vortexes, Recoil,
Hay Fever, Iron Barbs, Rough Skin, and Leech Seed. Defensive"
Imposing Wings,"Giant Wings + Levitate."
Imposter,"At-Will – Free Action
Trigger: Ditto enters the encounter
Effect: When Ditto is sent out, it may use the Move Transform as a free action. If the target of Transform has
assigned to Ditto until Ditto uses Transform again."
Impulse,"Non-contact moves use the Speed stat for damage."
Infernal Rage,"All users Fire type damaging moves DB +1 damages but user receive 1/5 recoil."
Infiltrator,"Static
The user gains a +2 Bonus to Stealth Checks, does not trigger Hazards, Blessings cannot be activated in
response to its actions, and the user may bypass the effects of the move Substitute"
Inflatable,"Scene x2 – Free Action
Trigger: The user is hit by Flying or Fire Type moves.
Ther user resists the move one step Further and increases it's defense and special defense by +1 CS.
Defensive."
Innards Out,"Scene x2 – Free Action
Trigger: The user is hit by a Damaging Attack
The user resists the triggering attack one step further. After the attack is resolved, a foe within 2 meters loses
Hit Points equal to twice the amount of Hit Points lost by the user from the triggering attack, even if the
triggering attack caused the user to Faint."
Inner Focus,"Static
The user cannot be Flinched. If an effect would set the user’s Initiative to 0, their Initiative is not affected. User
is also Immune to Intimidate, Scare and Frighten. Defensive."
Insomnia,"Static
The user is immune to the Sleep condition, and cannot use the move Rest. Defensive."
Instinct,"Static
The user’s default Evasion is increased by +2. Defensive."
Interference,"At-Will - Standard Action
The accuracy of all foes within 3 meters is reduced by -2 until the end of the user’s next turn."
Intimidate,"Scene – Swift Action
Target: Pokémon or Trainer within 5 meters
Lower the target’s Attack 1 Combat Stage."
Intoxicate,"At-Will – Free Action
Trigger: The user uses a Normal-Type or Sound-Type damaging Move
Effect: The Move is changed to be Poison-Type and gains +1 Damage Base."
Intrepid Sword,"Static
The user’s default Attack Combat Stages are increased by +1."
Inversion,"Sets up Inverse Room on entry, lasts 3 turns."
Iron Barbs,"At-Will - Free Action, Reaction
Trigger: The user is hit by a damaging Melee Attack
The attacker loses Hit Points equal to Tick of Hit Points."
Iron Barrage,"Mega Launcher + Sighting System."
Iron Fist,"Static
The user increases the Damage Base of the following Moves by +2; Bullet Punch, Comet Punch, Dizzy Punch,
Drain Punch, Dynamic Punch, Fire Punch, Meteor Mash, Shadow Punch, Ice Punch, Mach Punch, Mega Punch,
Sky Uppercut, Thunder Punch, Focus Punch, Hammer Arm, and Power-Up Punch."
Iron Forge,"Static
When the user is hit by a Super-Effective attack, the attack deals x1.25 damage instead of x1.5 damage. If the
user is hit by a Super-Super-Effective attack, the attack deals x1.5 damage instead of x2 damage. If you have
both Iron Forge and either Solid Rock or Filter, you gain 5 Damage Reduction against Super-Effective Damage.
If you have Iron Forge, Solid Rock, and Filter, you gain an additional 10 Damage Reduction against Super-
Effective Damage."
Iron Giant,"Heatproof + Juggernaut."
Iron Serpent,"Ups “supereffective” by 33%."
Itchy Defense,"Causes infestation when hit by a contact move."
Jackhammer,"Super Slammer moves hit twice for 70% damage."
Jaw of Carnage,"Scene x2 – Swift Action
Drain 50% of damage with bitting moves and inflicts a wound."
Jaws of Carnage,"Devours 1/2 of the foe when defeating it."
Juggernaut,"Static
Adds 20% of Defense to contact damaging moves. User is immune to paralysis"
Juicy Energy,"Daily — Free Action
The user trades in a Berry Juice Food Buff
Instead of gaining 30 Hit Points, the user gains Hit Points equal to their Level"
Jumpscare,"Attacks with Astonish on first switch-in."
Jungle's Guard,"Protects Grass-type allies from status and stat drops."
JunshiSanda,"Punches and Kicks are both Punches and Kicks."
Justified,"At-Will - Free Action
Trigger: The user is hit by a damaging Dark Type Move
Effect: The user may raise its Attack 1 Combat Stage. The user always gains a +4 bonus to Skill Checks made
to Intercept./p>"
Kampfgeist,"Static
Fighting moves gain STAB and +1 Damage Base"
Keen Edge,"Boosts the power of slashing moves by 1.3x."
Keen Eye,"Static
Effect: The user’s Accuracy cannot be lowered, their attacks cannot have Accuracy Penalties (such as from
Illuminate), the user is immune to the Blind condition (but not Total Blindness), and the user ignores any
Evasion not directly derived from Stats (such as from the Instinct Ability, or from moves like Minimize)."
King's Wrath,"Lowering any stats on its side raises Atk and Def."
Klutz,"Static
Effect: The Pokémon ignores the effects of all held Items in its possession. The user may drop Held Items At-
Will as a Free Action during their turn, even if they have Status Afflictions that prevent them from taking
actions."
Know Your Place,"Contact attacks make foes move last for 5 turns."
Kunoichi's Blade,"Technician + Skill Link."
Lancer,"Static
During their turn, if the user Shifts at least 3 meters, they gain a +3 Bonus to Critical Hit Range until the
beginning of their next turn. If they do not Shift or Disengage at all, they gain +5 Damage Reduction until the
beginning of their next turn."
Landslide,"Static
Effect: The user gains Last Chance with Ground."
Last Chance,"Static
Effect: The user gains Last Chance with Normal."
Last Stand,"Def and SpDef increase as HP drops. Max 1.6x."
Lawnmower,"Removes terrain on switch-in. Stat up if terrain removed."
Lead Coat,"Static
Increases user Defense Base state by 30% but lowers user Speed by 10%.Defensive."
Leaf Gift,"Daily – Extended Action
Effect: The user is adept at crafting clothes for itself out of common leaves. As an extended action, the user
may craft a Leaf Suit listed below by activating this Ability; each suit has different effects on the user. The user
may only wear one Leaf Suit at a time; building a new suit destroys previous suits."
Leaf Guard,"Static
Effect: At the end of the user’s turn, if the weather is Sunny, the user is cured of one Status Condition."
Leafy Cloak,"Static
Whenever the user activates Designer, they choose two of Chlorophyll, Leaf Guard, or Overcoat. Until the user"
Leek Mastery,"Static
Effect: Connection - Acrobatics. If the user is holding a Rare Leek, they may still use Acrobatics as if they were
not holding an item. The user cannot be disarmed of their Stick, nor can be it be forcefully removed by Trick,
Switcheroo, Thief, or any other Moves or effects unless the user wishes it."
Let's Roll,"Scene – Free Action
Trigger: The user is sent out
Starts battle in Defense Curl."
Lethargy,"Damage drops 20% each turn to 20%. Resets on switch-in."
Levitate,"Static
Effect: The Pokémon is immune to the damage and effects of Ground Type Moves, and gains a Levitate Speed
of 4, or has existing Levitate Speeds increased by +2. Defensive."
Libero,"At-Will – Swift Action
Trigger: The user uses a Move
Effect: The user’s Type changes to match the Type of the triggering Move. This Ability resolves before the"
Life Force,"Daily – Swift Action
Effect: The user gains a Tick of Hit Points immediately upon activating this Ability, and gains the same amount
at the beginning of each of their turns for the following 4 rounds."
Life Steal,"Steals 1/10 HP from foes each turn."
Light Metal,"Static
Effect: When referring to Weight Classes, treat the Pokémon as if it is 2 Weight Classes lower."
Light Surge,"'Scene – Swift Action<
The Field becomes Enligthed, as if affected by the Move Light Terrain."
Lightning Kicks,"Scene – Free Action
Effect: The user may activate this Ability to use any Move with “Kick” in the name as a Priority Move."
Lightning Rod,"Scene – Free Action
Trigger: A ranged Electric Type Move is used within 10 Meters of the user.
Effect: The Move is turned into a Single-Target Move and is re-directed at the user without fail, and cannot
miss. This negates Lock-On or Mind Reader. Additionally, the user is immune to the damage and effects of
Electric Type attacks, and each time they are hit by an Electric attack, the user’s Special Attack is raised 1
Combat Stage. Defensive."
Limber,"Static
Effect: The user is immune to Paralysis. Defensive."
Line Charge,"Static
The user can only shift in cardinal directions on the grid. However, they do not provoke attacks of opportunity
from Shifting."
Lingering Aroma,"Daily – Free Action
Trigger: The user is hit by a Melee Attack
Trigger: The user is hit by a Melee Attack Effect: Replace all the attackers abilities with Lingering Aroma, until
the end of the encounter. Also grants the Alluring capability."
Liquid Ooze,"Static
Effect: When the Pokémon with Liquid Ooze is damaged by Absorb, Drain Punch, Giga Drain, Horn Leech,
Leech Life, Leech Seed or Mega Drain, that Move gains Recoil ½ and the Move’s user does not gain any HP."
Liquid Voice,"At-Will - Free-Action
trigger: 'The user uses a damaging move with the Sound type moves.
The move is changed to be Water-type and it's DB is increased by 2."
Liquified,"Static
Effect: The user resists all Contact Attacks one step further and user becomes one step weaker to Water Type
Attacks. Defensive"
Long Reach,"Static
All of the user's Melee range, 1 target moves now have a range of 4, 1 Target. Additionally, all moves that
were previously ranged 1 target now have 2 further range."
Loose Quillls,"Trigger- The Target is hit by a damaging physical move
When the user takes physical damage as a reaction they may use the move spikes and apply it to the area
immediately around them."
Loose Quills,"Sets a layer of Spikes when hit (contact move)."
Loose Rocks,"Trigger- The Target is hit by a damaging physical move
When the user takes physical damage as a reaction they may use the move Stealth Rock and apply it to the
area immediately around them."
Looter,"Scene – Free Action
Trigger: The user KO a pokemon or trainer
Ther User recovers 3 Ticks of HP"
Loud Bang,"Sound-based moves have 50% chance to confuse the foe."
Lound Bang,"Static
Sound Moves Confuses on 18+."
Low Blow,"Attacks with 40BP Feint Attack on switch-in."
Low Visibility,"Summons Eerie Fog on entry."
Lucky Halo,"Negates self stat drops. Endures the a single KO."
Lullaby,"Scene – Free Action
Effect: Connection - Sing. Whenever the user uses the Move “Sing”, they may activate this Feature. The user
then picks a Pokémon or Trainer being targeted by Sing; Sing automatically hits that target."
Lumberjack,"1.5x damage to Grass types."
Lunar Affinity,"Copies lunar moves used by others."
Lunar Blessing,"Static
Fairy & Light moves Damage Based increased by 1."
Lunar Eclipse,"Static
Fairy & Dark Damage Base Increased by 1. Hypnosis has +2 bonus to accuracy roll."
Lunchbox,"Scene – Free Action
Trigger: The user trades in a Digestion Buff
Effect: The user gains 1/2 Tick of Temporary Hit Points. These Temporary Hit Points stack with any Temporary
Hit Points granted by the triggering Buff."
Mach Speed,"Static
Effect: The user gains Last Chance with Flying."
Magic Bounce,"Scene – Free Action
Trigger: The user is hit by a Status Move
Effect: The user may reflect the Move back to the attacker. This Ability may be used to change the placement
and affiliation of any Hazards being set within 10 meters of the user as well. Defensive."
Magic Guard,"Static
Effect: The user is immune to damage and Hit Point loss from Hazards, Weather, Status Afflictions, Vortexes,
Recoil, Hay Fever, Iron Barbs, Rough Skin, and Leech Seed. Defensive."
Magical Dust,"If hit by a contact move, gives Psychic type to the attacker."
Magical Fists,"Punching moves use Special Attack and get a 1.3x boost."
Magician,"Scene – Free Action
Trigger: The user hits a foe with a damaging SingleTarget attack
Effect: The user takes the target’s Held Item. This Ability may not be triggered if the user is already holding a
Held Item."
Magma Armor,"The user cannot be affected by frostbite and resists Water and Ice type moves one step further. Defensive."
Magma Eater,"Predator + Molten Down."
Magnet Pull,"At-Will – Swift Action
Target: A Steel-Type Pokémon
Effect: Until the end of the user’s next turn, the target may not move more then 8-meters away from the user
and/or may not move closer than 3-meters to the user"
Majestic Bird,"The Pokémon’s Base Special Attack stat is increased by 50%. This may double any bonuses from Nature or
Vitamins, but not bonuses from Trainer Features."
Majestic Moth,"Scene – Swift Action
Trigger: The user is sent out
Increase Highest stat by 1 CS."
Malicious,"Lowers the foe's highest Attack and Defense stat."
Marine Apex,"50% more damage to Water-types + Infiltrator."
Marvel Scale,"Static
Effect: When Asleep, Paralyzed, Burned, Frozen or Poisoned, Marvel Scale raises the user’s Defense by +2
Combat Stages. The Combat Stages return to normal if the user is cured of their status affliction.Defensive."
Master Hand,"Mega Launcher + Rampage."
Max Acceleration,"Moves use the Speed stat for damage calculations."
Mega Launcher,"Static
Effect: The user increases the Damage Base of Aura Sphere, Dark Pulse, Dragon Pulse, and Water Pulse,Beam
by +2DB."
Megabite,"Biting moves use SpAtk and deal 30% more damage."
Memory Wipe,"Scene - Special
Effect: The user selects a Pokémon or Trainer within 10 meters. If used as a Swift Action, the last Move used by
the target becomes Disabled. If used as a Standard Action, the target is Flinched. If used as an Extended
Action that takes about 1 minute, it can erase up to 5 minutes that have occurred within the last 30 minutes
from the target’s memory."
Menacing Situation,"20% chance to Fear on contact. Also works on offense."
Merciless,"Static
When the user attacks a target that is Poisoned, increase the critical range of the attack by 3. If they are Badly
Poisoned, the critical range is instead increased by 6."
Metallic,"Adds Steel type to itself."
Metallic Jaws,"Metallic + Primal Maw."
Mighty Horn,"Static
Increases user's Horn and drill based moves DB by 2."
Migraine,"Static
Effect: While the user is at 50% Hit Points or less, it gains the Telekinetic Capability and may add STAB to
Psychic-Type Moves."
Mimicry,"Static
The user changes their Type to match the field. Pick one type from the following table. If two or more rows are
relevant (such as because of Weather), pick one. (Chart may be used for Camouflage, as well)\n\n -
Field/Weather -> Type\n
Beach -> Ground or Water\n
Cave -> Rock or Dark\n
Cave -> Rock or Dark\n
Desert -> Ground or Rock\n
Forest -> Grass\n
Fresh Water/Ocean -> Water\n
Grassland -> Normal or Grass\n
Marsh -> Water or Poison\n
Mountain -> Rock or Ground\n
Rainforest -> Grass or Poison\n
Taiga -> Ice or Grass\n
Tundra -> Ice\n
Urban -> Normal or Steel\n
Sunny -> Fire\Light/n
Rainy -> Water\n
Snowing -> Ice\n
Sandstorming -> Rock"
Mimitree,"Static
Effect: Connection - Mimic. Whenever the user uses a Move copied by Mimic, they may choose to replace that
Move with Mimic once more. When used this way, the user ignores Mimic’s Frequency"
Mind Crunch,"Biting moves use SpAtk and deal 30% more damage."
Mind Mold,"Static
The user gains Last Chance with Psychic."
Mind's Eye,"Hits Ghost-type Pokémon. Accuracy can't be lowered."
Mineralize,"At-Will – Free Action
Trigger: The user uses a Normal-Type or Sound-Type damaging Move
Effect: The Move is changed to be Rock-Type and gains +1 Damage Base."
Mini-Noses,"Daily - Standard Action
Effect: The user detaches up to three Mini-Noses from themselves and places them adjacent to them on the
battlefield. These Mini-Noses have HP equal to the user’s level but otherwise uses their user’s stats. Each
MiniNose has a Levitate Speed of 4. The user may Shift them each round on their turn, and they may originate
any Ranged Move from one of the Mini-Noses instead of themselves if they choose. If a Mini-Nose is reduced
to 0 HP, it is destroyed and takes a full 24 hours to regrow, one at a time. If the user has less than three grown
MiniNoses, then this ability can only place as many on the field as are available. All Mini-Noses deactivate, but
are not destroyed, if the user is Fainted. Mini-Noses cannot be made to Shift more than 5 meters away from
the user; if they are forced farther away, they will automatically Shift toward the user on the user’s turn."
Minion Control,"Moves hit an extra time for each healthy party member."
Minus,"Scene – Free Action
Target: An ally with Plus within 10 Meters
Effect: The target’s Special Attack is raised by +2 Combat Stages"
Miracle Mile,"Static
Effect: The user gains Last Chance with Fairy."
Mirror Armor,"At-Will – Free Action, Reaction
Trigger: A foe’s Move or Ability directly lowers the user’s CS (including Effect Ranges, but not including things
like Status)
Effect: The user’s CS are instead not lowered, and the triggering foe’s CS in the affected stats are instead
lowered the same amount the user’s would have been."
Missile Launch,"Scene x2 – Standard Action
Effect: Connection – Dragon Darts. The user places two Dreepy Tokens within 6m. The user may move all
Dreepy Tokens it controls 4m as a Swift Action. A Dreepy Token can freely enter other creatures’ squares as
part of this movement, which destroys the token, and causes the creature to suffer an AC2 DB 5 Physical
Dragon-Type attack as if from the user of Missile Launch. Dreepy Tokens may be targeted. They have the same
evasions as the user, and any damage destroys them (including from Smite damage)."
Misty Surge,"Scene – Swift Action
The Field becomes Misty, as if affected by the Move Misty Terrain."
Mojo,"Static
Effect: Normal Types are not immune to the user’s Ghost-Type Moves."
Mold Breaker,"Static"
Molten Blades,"Keen Edge + Keen Edge moves have a 20% chance to burn."
Molten Down,"Static
User's Fire-Type moves are super effective against Rock-type"
Momentum,"Static
Adds 30% of speed to contact moves damage."
Monkey Business,"Uses Tickle on entry."
Monster Hunter,"Deals 1.5x more damage to Dark-types."
Monster Mash,"Casts Trick-or-Treat on entry."
Moody,"At-Will – Free Action
Trigger: The user joins an encounter, misses with a Move, or hurts itself in Confusion
Moody must be activated whenever it is triggered. Roll 1d10 to determine a Stat to be raised by +2 Combat
Stages, then roll 1d10 to determine a Stat to be lowered by 2 Combat Stages. 1 or 2 is Attack, 3 or 4 is
Defense, 5 or 6 is Special Attack, 7 or 8 is Special Defense, 9 or 10 is Speed."
Moon Spirit,"Fairy & Dark gains STAB. Moonlight recovers 75% HP."
Mosh Pit,"Ally's attacks get a 1.25x boost. 1.5x if attack causes recoil."
Motor Drive,"Static
Effect: The user is immune to the damage and effects of Electric Type attacks. Whenever an Electric Type
attack hits the Pokémon, raise their Speed by +1 Combat Stage. Defensive."
Mountain Peak,"Static
Effect: The user gains Last Chance with Rock."
Mountain Will,"Boosts Rock-type moves by 1.3x, or 1.8x when below 1/3 HP."
Mountaineer,"Static
User is ummne to Rock-Type moves and Stealth Rock.Defensive."
Moxie,"Static
Effect: Whenever the user’s Move causes a target to faint, it may raise its Attack Combat Stage by +1. You may
only trigger Moxie once per Move, even if the Move causes multiple targets to faint."
Mud Dweller,"Static
Effect: The user resists Ground-Type and Water-Type attacks one step further.Defensive."
Mud Shield,"Scene – Swift Action
The user gains two ticks worth of Temporary Hit Points
Bonus: When standing on any muddy or dirty terrain that is either Slow or Rough Terrain, the user gains +5
Damage Reduction. Defensive."
Multi Headed,"Scene – Swift Action
The user may use a move again based on the number off heads but deals 20% damage with extra attacks"
Multiscale,"Static
Effect: When at full Hit Points, when taking damage from a Move, half the total damage before applying
weakness and resistance, after applying your Defenses. Defensive."
Multitype,"At Will – Free Action
Effect: The user changes its Elemental Type to any of the Elemental Types. Multitype cannot be copied or
disabled."
Mummy,"Daily – Free Action
Trigger: The user is hit by a Melee Attack"
Mycelium Might,"Static
Effect: If the user acts after its target and uses a status class move, it can inflict any status conditions caused
by the move unimpeded by the target's abilities."
Mystic Blades,"Keen edge moves become special and deal 30% more damage."
Mystic Power,"Static
User Gains STAB on all moves."
Mythical Arrows,"Arrow moves become special and deal 30% more damage."
Natural Cure,"Scene – Free Action
Whenever the user is returned to its Poké Ball or Takes A Breather, it may activate Natural Cure to cure itself of
all Persistent Status Afflictions."
Natural Recovery,"Natural Cure + Regenerator."
Needles,"Static
Connection — Needle Arm. Whenever the user hits a target with a Physical Melee attack, that target loses a
Tick of Hit Points."
Neuroforce,"Grants an additional 1.35x boost to Super-effective moves."
Neurotoxin,"Inflicting poison also lowers Attack, SpAtk, and Speed."
Neutralizing Gas,"Static
that area (the user is unaffected by this). If the user uses Poison Gas, Smog, Clear Smog, or Strange Steam,"
Nika,"Iron fist + Water moves function normally under sun."
Nimble Strikes,"Static
The user adds half their Speed Stat to the Damage Rolls of their physical Normal-Type Moves."
No Guard,"Static
The user may not apply any form of Evasion to avoiding Melee attacks; however, the user ignores all forms of
evasion when making Melee attack rolls."
No Turning Back,"Boosts all stats but can't retreat when below 1/2 max HP."
Noctem,"Scene – Free Action
Effect: The Weather changes to New Moon (darkness) for 5 rounds."
Nocturnal,"Static
User's Dark & Fairy -Type moves DB +1 and Dark & Fairy Moves are resisted one Step Further by
User.Defensive."
Noise Cancel,"Protects the party from sound-based moves."
Normalize,"Static
All Moves performed by the Pokémon are considered Normal Type instead of whatever Type they normally
are."
North Wind,"Scence x1 Swift Action
Effecct : Sets Blessing Aurora Veil.User is immune to Hail damage."
Nosferatu,"Contact moves do +20% damage and heal 1/2 of damage dealt."
Nueroforce (ou neuroforce gé vu lé 2),"Static
If this Pokemon uses a supereffective attack, increase that attacks DB by 2 during the damage calculation."
Oblivious,"Static
The user is immune to the Enraged and Infatuated conditions.The User is Also immune to Intimidate,Scare and
Frighten Defensive."
Odious Spray,"Scene – Free Action
Connection - Poison Gas. The user may activate this Ability when using Poison Gas to cause Poison Gas to be
a single target attack with a range of 8. When used this way, Poison Gas has an AC of 2, and also flinches its
target if it hits."
Oil Slick,"Scene x2 - Special
Bonus: The user cannot gain an Oil Coat.
Effect: The user may use Oil Slick as a Shift Action to make Oil Hazards in a Burst 1 around itself, as a Standard
Action to make a Ranged Blast 3 within 5m of itself, or as a Swift Action during its Shift Action to leave Oil
Hazards in any squares it passes through, including their starting tile. An Oil Hazard is a special Type of Hazard
that causes any Pokemon or Trainer that starts their turn in an Oil Hazard or moves through an Oil Hazard
gains an Oil Coat. Any Pokemon or Trainer moving through an Oil Hazard is moved in a straight line, ignoring
Movement Capabilities, until they are in a square that no longer contains an Oil Hazard, at which point their
Shift Action ends. A Pokemon or Trainer with an Oil Coat gains -3 Evasion, and if a damaging Fire-Type Move
hits a Pokemon or Trainer with an Oil Coat, they resist that move one step less and the Coat is removed. If a
Fire-Type Move is used in or targets the same square as an Oil Hazard, that Oil Hazard becomes a Fire Hazard
as in the Type Ace Feature Trailblaze. All effects that destroy Hazards remove Oil Hazards."
Old Mariner,"Seaweed + Water STAB."
Olé!,"20% chance to evade single-target moves."
Omen,"Scene – Swift Action
Choose a Pokémon or Trainer within 5 meters. The target’s Accuracy is lowered by 2"
On the Prowl,"+1 priority for the first turn. Negative priority becomes +0."
Opportunist,"Static
Trigger: A Pokemon within 5m gains positive combat stages
Effect: The user may Mirror the CS gained (This may only Target a Pokemon once per scene)"
Orichalcum Pulse,"Scene-Free action
Trigger: User joins encounter
Effect: The user turns The weather to Sunny, While sunny the user gains +1 Combat stages in Attack and
Special Attack"
Overcharge,"Static
User's Electric moves do super effective damage against Electric-Types."
Overcoat,"Static
The user is immune to Moves with the Powder Keyword, and does not take damage from any Weather that
would normally cause it to take damage. Defensive."
Overgrow,"Static
The user gains Last Chance with Grass."
Overhelm,"Static
User can hit Fairy with Dragon-Type moves. User is also immune to Intimidate, Scare and Frighten"
Overload,"Static
The user gains Last Chance with Electric."
Overwatch,"On the Prowl + Stakeout."
Overwhelm,"Hits Fairies with Dragon moves. Immune to Intimidate and Scare."
Own Tempo,"Static
The user is immune to Confusion.User is also immune to Intimidate, Scare and Frighten. Defensive."
Pack Hunt,"At-Will – Free Action
Trigger: An adjacent foe is damaged by an ally’s Melee Attack
The user may make a Physical Attack with an AC of 5 against the triggering foe. If the attack hits, the foe loses
a Tick of Hit Points."
Parasitic Spores,"Deals 1/8 HP damage to non-Ghost. Spreads on contact."
Parental Bond,"Static
Only Kangaskhan with the Baby Template can be Mega Evolved and gain this Ability. While they have this
Ability, the Baby gains 10 Damage Reduction, and will leave its mother’s pouch and may be commanded to
take action in battle. Both the Baby Kangaskhan with this Ability and its Mother may take their turn when the
Mother takes its turn; the Baby will not willingly walk farther than 10 meters from its mother however. If the
Baby Kangaskhan with this Ability is Fainted, its mother will become Enraged, and gain 5 Damage Reduction
and +5 to Damage Rolls for the remainder of the Scene."
Parroting,"Copies sound moves used by others. Immune to sound."
Parry,"Scene – Free Action
Trigger: The user is hit by a Melee Attack
The attack instead misses. Defensive."
Pastel Veil,"Static
The user and allies within 3 meters cannot be Poisoned or Badly Poisoned. Defensive."
Patchwork,"Disguise + curses the opponent when its Disguise breaks."
Pattern Change,"Changes type depending on the move it's about to use."
Peaceful Slumber,"Sweet Dreams + Self Sufficient."
Perception,"At-Will – Shift Action, Interrupt
Trigger: An ally uses an area-of-effect attack that would hit you
You may Shift to remove yourself from the areaof-effect.Defensive."
Perfectionist,"Move BP < 51 BP: +1 to crit rate. Move BP < 26 BP: +1 priority too."
Perfectionnist,"Static
Moves with DB 3 or less gain priority and crit range extended by 1.
Moves with DB 6 Crit range extended by 1."
Perish Body,"Daily – Standard Action, Reaction
Trigger: The user is hit with a Melee attack
The triggering creature and the user each receive a Perish Count of 3. At the beginning of each of the target’s
turns, their Perish count is lowered by 1. Once a Perish Count reaches 0, set the Pokémon’s Hit Points to 0. A
Perish Count disappears if a target returns to their Poké Ball, Takes a Breather, or is knocked out. Perish Body
never causes Massive Damage. Defensive."
Permafrost,"Static
>When the user is hit by a Super-Effective attack, the attack deals 1.2x damage instead of x1.5 damage. If the
user is hit by a Super-Super-Effective attack, the attack deals x1.5 damage instead of x2 damage. Additionally,
whenever the user would lose a Tick of Hit Points due to an effect such as Sandstorm or the Burn Status
condition, subtract 5 from the amount of Hit Points lost. Defensive."
Permanence,"Foes can't heal in any way."
Petrify,"Clears stat buffs then lowers speed by one stage on entry."
Phantom,"Adds Ghost type to itself."
Phantom Pain,"Ghost-type moves deal normal damage to Normal."
Phantom Thief,"Attacks with 40BP Spectral Thief on switch-in."
Photonic Surfer,"Static
On Light terrain or while under half maximum Hit Points, the user's Initiative is doubled."
Photosynthesis,"Daily – Extended Action
Effect: While in Sunny Weather, the user receives +1 Combat Stage in their highest non-HP stat."
Phototroph,"Daily x5 – Swift Action
The user gains a Tick of Hit Points. Phototroph may only be used while the user is under 50% Hit Points or in
Sunny Weather"
Pickpocket,"Scene – Free Action
Trigger: The user is hit by an opponent with a Melee Move
If the opponent has a Held Item and the user does not, the user takes the Held Item the opponent is holding"
Pickup,"Daily – Extended Action
You may use Pickup as an Extended Action that requires at least 5 minutes. Roll 1d20, consult the Pickup
keyword to figure out what you find!"
Piercing Solo,"Sound moves cause bleeding."
Pinnacle Blade,"Slashing moves always hit and break protection and barriers."
Pixie Power,"1.2x accuracy. Boosts Fairy moves by 1.33x for all."
Pixilate,"At-Will - Free Action
Trigger: The user uses a Normal-Type or Sound-Type damaging Move
The Move is changed to be Fairy-Type and gains +1 Damage Base."
Plasma Lamp,"Boost accuracy & power of Fire & Electric type moves by 1.2x."
Plus,"Scene – Free Action
Target: An ally with Minus within 10 Meters
The target’s Special Attack is raised by +2 Combat Stages."
Poison Absorb,"Static
The user is immune to the damage and effects of Poison-Type attacks, and whenever they are hit with a
Poison Type attack, they gain a Tick of Hit Points. Defensive."
Poison Heal,"Daily – Free Action
Trigger: The user becomes Poisoned
For the rest of the encounter, while Poisoned or Badly Poisoned, the user gains a Tick of Hit Points at the
beginning of each turn instead of losing any Hit Points from Poison. At the end of the encounter, the user is
cured of the Poison Status. Additionally, the user does not have any Combat Stages lowered from being
Poisoned.Defensive."
Poison Point,"Scene – Free Action
Trigger: The user is hit by a Melee Move
The attacking foe is Poisoned."
Poison Puppeteer,"Poison also inflicts confusion."
Poison Touch,"Static
The Pokémon’s Moves which deal damage Poison Legal Targets on 19+. If a move already has a chance of
Poisoning foes, Poison Touch increases the effect range by +2."
Polinate,"At-Will – Free Action
Trigger: The user uses a Normal-Type or Sound-Type damaging Move
Effect: The Move is changed to be Bug-Type and gains +1 Damage Base."
Pollinate,"Normal-type moves become Bug and get a 1.1x boost."
Poltergeist,"Static
Rotom gains an Ability and a Move depending on what Form it has taken. This Move cannot be forgotten or
replaced in any way
Standard Rotom: Move - Thunder Shock. Ability - Levitate.
Heat Rotom: Move- Overheat. Ability - Levitate.
Wash Rotom: Move - Hydro Pump. Ability - Aqua Boost.
Frost Rotom: Move - Blizzard. Ability - Frostbite.
Fan Rotom: Move - Air Slash. Ability - Keen Eye
Mow Rotom: Move - Leaf Storm. Ability - Grass Pelt.
Bed Light Rotom : Move - Rainbow Beam. Ability - Light Surge
Computer Rotom : Move - Data Drain - Ability - TBD"
Polycephaly,"Static
The user may make Struggle Attacks as a Swift Action. Struggle Attacks made this way are resisted one step
further than they normally would be."
Poseidon's Dominion,"Attacks with Whirlpool on entry."
Powder Burst,"Casts Powder on entry."
Power Alchemy,"Scene - Free Action
An allied Pokemon fainted
Select one of the abilities the allied Pokemon has. The user replaces Power of Alchemy with the chosen ability
for the remainder of the Scene."
Power Construct,"Scene - Free Action
The users Hit Points are at 50% or lower
Keep a separate character sheet for Zygarde Complete Form. When this ability triggers, the user changes to
Complete Form."
Power Core,"The Pokémon uses +20% of its Defense or SpDef during moves."
Power Edge,"Keen Edge moves target Special Defense and get a 1.3x boost."
Power Fists,"Static
Punches do special damage and gain +1DB."
Power Metal,"Sound moves get a 1.2x boost and become Steel if Normal."
Power Spot,"Static
Allied moves gain +1DB as long as user is nearby."
Power of Alchemy,"Transmutes berries on entry. Transmutes items when lost."
Prankster,"Static
The user may use Status Moves as Priority (Advanced)."
Precise Fist,"Static
Punching moves crits on 19+ and effect range is extended by 1."
Predator,"Scene - Free Action
Trigger: The user makes a pokemon or trainer faint
The User recovers 3 Ticks of HP."
Pressure,"Static
While within 3 meters of the user, all foes are Suppressed. This effect ends when the user is Fainted."
Presto,"Sound moves get +1 priority at full HP."
Pretentious,"Dealing a KO raises Crit by one stage."
Pretty Princess,"Static
User's move gain +2DB on target with lowered stats."
Pretty Privilege,"At full HP, gives +1 priority to its Fairy-type moves."
Pride,"Static
While suffering from Burn, Poison, Paralysis, Freezing, or while Asleep, the user’s Special Attack is raised 2
Combat Stages. If suffering from none of these conditions, the user loses any Combat Stages gained this way"
Prim and Proper,"Wonder Skin + Cute Charm."
Primal Armor,"Effect: When the user is hit by a Super-Effective attack, the attack deals x1.25 damage instead of x1.5 damage.
If the user is hit by a Super-Super-Effective attack, the attack deals x1.5 damage instead of x2 damage. And if
the User HP are full resist the attack 1 step further. Defensive"
Primal Maw,"Scence x2
Bitting moves hit twice. 2nd hit does half damage."
Prime Fury,"Scene – Swift Action
The user becomes Enraged, and gains +1 Attack Combat Stage."
Primordial Sea,"Heavy Rain until switched out. Fire-type moves are unusable."
Prism Armor,"Static
The user gains +10 Damage Reduction against Super Effective-Damage for every 25 level of the User.
Defensive."
Prism Scales,"Static
Special Attacks are resisted one step further.Defensive."
Prismatic Fur,"Color Change + Protean + Fur Coat + Ice Scales."
Probability Control,"Scene – Free Action
Target: Any roll made by yourself or an ally.
The user may reroll any roll, or have any ally reroll any roll that has been made. This leaves discoverable
Psychic residue."
Propeller Tail,"Scene – Swift Action
The user may make a Sprint Maneuver as a Free Action
target. Any of those existing effects (such as Follow Me) fail."
Protean,"At-Will – Swift Action
Trigger: The user uses a Move
The user’s Type changes to match the Type of the triggering Move. This Ability resolves before the Move is"
Protosynthesis,"Static
: While in Sunny Weather, the user receives +1 Combat Stage in their highest non-HP stat."
Psionic Screech,"Scene x2 – Free Action
Trigger: The user uses a Flying-Type Move
The Move is changed to be the Psychic Type. Any targets hit by the attack are Flinched."
Psychic Mind,"Static
The user Psychic Moves DB increased by 1"
Psychic Surge,"Scene- Swift Action
The Field becomes Weird, as if affected by the Move Psychic Terrain."
Puffy,"Takes 1/2 dmg from contact moves but Fire moves hurt it 2x more."
Pumpkingrab,"Static
The user gains a +4 bonus to Accuracy Checks of Struggle Attacks made to initiate Grapple, and a +3 Bonus
to Skill Checks made to initiate a Grapple."
Punk Rock,"Static
The user gains +2 DB to moves that have the sound type moves.
The user is immuned to Sound type moves. Defensive."
Pure Blooded,"Static
The user gains Last Chance with Dragon."
Pure Love,"Infatuates on contact. Heal 25% damage vs infatuated."
Pure Power,"Static
The Pokémon’s base attack stat is doubled. This may double any bonuses from Nature or Vitamins, but not
bonuses from Features."
Purest Heart,"Static
This Pokémon resists Ghost Type moves by one more step, may apply their defenses to them normally, and
may intercept attacks for any ally (regardless of Loyalty) as a Shift action.Defensive."
Purgatory,"Boosts Ghost-type moves by 1.3x, or 1.8x when below 1/3 HP."
Purifying Salt,"Static
This Pokémon gains resistance to ghost type moves, it also gains an immunity to all status conditions."
Purifying Waters,"Hydration + Water Veil."
Pyro Shells,"Triggers 50 BP Outburst after using a Mega Launcher move."
Pyroclastic Flow,"Molten Down + Corrosion."
Pyromancy,"Static
Fire moves burns on 19+ if they can already burn increase burning range is extended by 2."
Qigong,"Always hits. Fighting Spirit + Rampage."
Quark Drive,"Static
While in Electric Terrain, the user receives +1 Combat Stage in their highest non-HP stat."
Queen's Mourning,"Lowering any stats on its side raises SpAtk and SpDef."
Queenly Majesty,"Scene x2 – Free Action
Target: An Adjacent Foe
Trigger: An adjacent foe uses a Priority Move or an Interrupt action
Effect: Connection – Stomp. The user may attack the triggering foe with Stomp as a Free Action Interrupt.
Bonus: The user cannot be targeted by Interrupt Moves and Interrupts may not be declared in response to the
user's actions."
Quick Cloak,"At-Will – Standard Action
Burmy quickly builds a cloak out of nearby materials; using leaves and twigs will give it a Grass Plant Cloak,
using sand and rocks will give it a Ground Sandy Cloak, and using trash or scrap will give it a Steel Trash Cloak.
While in a Cloak, Burmy gains the Type associated with the Cloak as a secondary Typing, which will become
permanent upon evolution into Wormadam. Cloaks are destroyed if Burmy is hit for Super-Effective Damage,
or if Burmy makes a new Cloak."
Quick Curl,"Scene – Free Action
Connection - Defense Curl. The user may activate this Ability to use Defense Curl as a Swift Action."
Quick Draw,"Scene – Free Action, Interrupt
Trigger: A foe uses a Move, and the user has not acted this round
The user immediately uses a Move on the triggering foe as a Standard Action Interrupt (this Move must still
obey Frequency and Range). If this Move hits, the foe also gains a -2 penalty to their attack roll for the
triggering attack, unless the foe cannot Flinch.
Bonus: The user cannot be Flinched. Defensive."
Quick Feet,"Static
When Poisoned, Burned, Paralyzed, Frozen or put to Sleep, the user’s Speed is raised 2 Combat Stages. The
user does not lose Speed Combat Stages from Paralysis. If the user is healed all Status Conditions, their Speed
is lowered appropriately."
RKS System,"Scene – Free Action
If the user is hit by a damaging attack, they may calculate damage as if they were Normal-Type instead. If they
were already Normal-Type, they instead resist the damage one step further.
Bonus: The user’s Type changes to match the Type of their held Memory Disc."
Radiance,"Static
User gains +2 to AC Check and umminity to dark type moves. Defensive"
Radiant Beam,"Static
The user may use damaging Grass-Type attacks as if they had a range of 'Line 4' instead of their usual range."
Radio Jam,"Sound-based moves have a 20% chance to inflict disable."
Rage Point,"Gets a 1.5x boost while statused. Raises offenses when crit."
Ragelope,"Static
The user's Physical Attacks gain the following Effect Range: On 18+, the user becomes Enraged and gains +1
Speed CS. If the user is already Enraged, they gain +1 Attack CS instead."
Raging Boxer,"Scence x2
Punch moves hit twice. 2nd hit does half damage."
Raging Goddess,"Rampage + Hyper Aggressive."
Raging Moth,"Fire moves hits twice, both hits at 70% power."
Rain Dish,"Static
While Rainy, the user gains a Tick of Hit Points at the beginning of each of their turns."
Rally,"Scene – Swift Action
All allies within 10 meters may immediately shift 1 Meter in any direction they wish. Rally does not work on
sleeping, flinched, stuck, fainted, or otherwise incapacitated allies. Rally does not work on the user."
Rampage,"Scene
On Ko with move that needs to charge user ignores the drawback of the move (exemple hyper beam)."
Rapid Response,"Boosts Speed by 50% + SpAtk by 20% on first turn."
Rattled,"At-Will – Free Action
Trigger: The user is hit by a Bug, Dark, or Ghost Type Move
The user’s Speed is raised by +1 Combat Stage."
Raw Wood,"Static
Resists Grass type moves one step further, and gain STAB on Grass Type moves and +1 Damage Base."
Razor Edge,"Static
Connection - Poison Tail. The user’s Critical Hit Range on all Moves is increased by +2; any Moves with “Tail” in
their name have their Critical Hit Range increased by +3 instead."
Razor Sharp,"Critical hits also inflict bleeding."
Readied Action,"Doubles attack on first turn."
Receiver,"Special – Free Action
Each effect below may be used once per scene when triggered:
encounter.
the encounter."
Reckless,"Static
Increases the Damage Base of Jump Kick, Hi Jump Kick, and Moves with the Recoil keyword by +2."
Refreshing Veil,"Scene – Free Action
Connection – Aqua Ring. Whenever the user activates Aqua Ring, they may activate this Feature to cure
themselves of all Persistent Status Effects."
Refrigerate,"At-Will – Free Action
Trigger: The user uses a Normal-Type or Sound-Type damaging Move
The Move is changed to be Ice-Type and gains +1 Damage Base."
Refrigerator,"Filter + Illuminate."
Regal Challenge,"Scene – Swift Action
Target: Pokémon or Trainer within 5 Meters
: Make an AC4 Status Attack against the target. If the attack hits, lower the target’s Speed by 1 Combat Stage
and the target is Slowed. If the attack misses, raise the user’s Attack and Special Attack by +1 Combat Stage
each."
Regenerator,"Daily x2 – Free Action
Trigger: The user is recalled into a Poké Ball, or Takes a Breather
The user gains Hit Points equal to 1/3rd of its maximum Hit Points. Regenerator may be activated only once
per Scene."
Regurgitation,"At-Will – Extended Action
: This Pokémon engulfs a willing or helpless Small Pokémon within it. An engulfed target shares this
Pokémon’s space, and may not act or be affected in any way. Once per Scene, this Pokémon may use an At-
Will or EoT Ranged, Close Blast, Line, or Cone Move from the Movelist of the engulfed Pokémon as if it were
on this Pokémon’s Movelist. If this Pokémon Faints, the engulfed Pokémon may escape if it chooses,
appearing in a space adjacent to this Pokémon."
Rejection,"Applies Quash on switch-in."
Relentless,"Exploit Weakness + Merciless"
Reservoir,"Water Absorb + Storm Drain."
Resonance,"Sound moves have a 30% chance to cause bleeding."
Rest in Peace,"Heals 1/8 of max HP every turn in fog."
Restraining Order,"Forces the attacker out when hit, once each switch-in."
Retribution Blow,"Uses Hyper Beam if any foe uses an stat boosting move."
Retriever,"Retrieves item on switch-out."
Revelation,"Scene x2 – Free Action
Trigger: Someone within 10 meters uses a Damaging Dance Move
Effect: The user may immediately use the triggering Move as a Standard Action interrupt.
Bonus: Whenever the user uses a Dance Move, they gain +2 to Accuracy Rolls until the end of their next turn"
Rhythmic,"Deals 10% more damage for each repeated move use."
Ripen,"Static
Any numeric benefits of Berry Food Buffs the user trades in are doubled. (Oran Berries restore 10 HP, Liechi
increases Attack by +2 CS, Jaboca causes ¼ Hit Point loss, Occa Weakens a Move 2 stages, etc.). This does not
increase the number of statuses cured, Scene Moves restored, stats lowered by suppressants, or allow
triggering at double the usual HP one must be at."
Riptide,"Boosts Water-type moves by 1.3x, or 1.8x when below 1/3 HP."
Rising Dough,"Casts Sticky Web on entry. Lasts 7 turns."
Rivalry,"Static
Whenever the user deals direct damage to a target of the same gender, increase the Damage dealt by +5."
Rock Head,"Static
The user ignores the Recoil keyword when attacking."
Rocket,"Scene – Swift Action
The user’s Sky capability is increased by +3 until the end of the user’s next turn, and the user goes first on the
following round, ignoring initiative; Interrupt Moves may not be used in response to their Moves that round"
Rockhard Will,"Boosts Rock-type moves by 1.2x, or 1.5x when under 1/3 HP."
Rocky Payload,"Scene - Free Action
Trigger: The user uses Fling.
Connection - Fling. The user may use Fling as if it was a Flying-Type or Rock-Type move.
Bonus: The user gains STAB on Rock-Type Moves, also it may ignore the effects of held Items in its possession.
The user may drop Held Items At-Will as a Free Action during their turn, even if they have Status Afflictions
that prevent them from taking actions."
Root Down,"At-Will – Shift Action
Connection - Ingrain. While the user has the Ingrain Coat, they may activate this Ability to gain Temporary Hit
Points equal to 1/16th of their Max Hit Points."
Rose Garden,"Spreads two layers of Toxic Spikes on switch-in."
Rough Skin,"At-Will - Free Action, Reaction
Trigger: The user is hit by a damaging Melee Attack
Effect: The attacker loses a tick of Hit Points."
Roundhouse,"Static
Kick moves get +1 Accuracy
Scene x2 - Free Action
Trigger: The user uses a Kick move
Effect : Damages foes weaker defenses."
Rude Awakening,"Raises all stats becomes immune to sleep after waking up."
Run Away,"Static
The user cannot be Slowed, Stuck, or Trapped. The user does not provoke Attacks of Opportunity by Shifting."
Run Up,"Static
If the user moves in a straight line to a target and uses a damaging Melee Attack, it may add the number of
meters traveled in a direct line as Bonus Damage to a Damage Roll."
Sacred Bell,"Static
The user resists Dark and Ghost-Type Damage one step further.Defensive."
Sage Power,"Scene – Swift Action
Trigger: The user uses a Move
Effect: The user gains a +10 bonus to damage rolls until the end of the Scene, including on the triggering
Move. However, until the end of the Scene, they may only use Moves that they have already used in this
Scene before triggering this Ability (the triggering Move is included in those usable)(bonus damage is applied
only to special moves)."
Salt Circle,"Prevents opposing pokemon from fleeing on entry."
Samba,"Striker + Dancer"
Sand Bender,"Sand Stream + Sand Force."
Sand Force,"Static
While in a Sandstorm, the user’s Ground, Rock, and Steel-Type Direct-Damage Moves deal +5 Damage.
Additionally, the user is immune to damage from Sandstorms"
Sand Guard,"Blocks priority and reduces special damage by 1/2 in sand."
Sand Pit,"Attacks with 20BP Sand Tomb on switch-in."
Sand Rush,"Static
While the Weather is a Sandstorm, the user gains +4 Speed Combat Stages. Additionally, the user is immune
to damage from Sandstorms"
Sand Song,"At-Will - Free-Action
trigger: 'The user uses a damaging move with the Sound type moves.
The move is changed to be Ground-type and it's DB is increased by 2."
Sand Spit,"Scene – Free Action, Reaction
Trigger: The user is damaged by an attack from a foe within 2m
Connection – Sand Attack. The user attacks the triggering foe with Sand Attack as a Free Action."
Sand Stream,"Scene – Free Action
The Weather changes to a Sandstorm for 5 rounds. As a static effect, the user is not damaged by Sandstorm"
Sand Veil,"Static
The user’s Evasion is increased by +2 while in a Sandstorm. The user and allies adjacent to the user are not
damaged by the Sandstorm.Defensive."
Sap Sipper,"Static
The user is immune to the damage and effects of Grass Type attacks. If a damaging Grass Type attack hits the
user, the user gains +1 Attack Combat Stage. Defensive."
Scare,"Scene – Swift Action
Target: Pokémon or Trainer within 5 meters
Lower the target’s Special Attack 1 Combat Stage."
Scavenger,"Scene - Free Action
Trigger: The user makes a pokemon or trainer faint
The User recovers 3 Ticks of HP."
Schooling,"Daily – Free Action
The user changes to Schooling Forme, and gains Temporary Hit Points eqal to half of its own maximum Hit
Points. The user cannot gain Temporary Hit Points from other sources while in Schooling Forme. When the
user is below half Maximum HP and has no Temporary Hit Points left, they change back into Solo Forme.
Bonus: The user has two sets of base stats; Solo and Schooling. The HP of both forms must be the same."
Scrappy,"Static
Ghost Types are not immune to the user’s Normal and Fighting-Type Moves.User is not affected By Intimidate,
Frighten or Scare."
Scrapyard,"Trigger- The Target is hit by a damaging physical move
Connection – Spikes When the user takes physical damage as a reaction they may use the move Spikes and
apply it to the area immediately around them."
Screen Cleaner,"Daily – Standard Action
All Blessings on the field, both ally and enemy, are removed.
Bonus: The user is immune to non-Blocking Hazards, and destroys them when moving over them. Blocking
Hazards are treated instead as Slow Terrain for the purposes of movement only (the user may still not target
through them), and are destroyed if moved through."
Sea Guardian,"Scene – Swift Action
Trigger: The user is sent out in Rainy Weather or if Weather becomes Rainy
Increase Highest stat by 1 CS."
Seaborne,"Drizzle + Swift Swim."
Seasonal,"Static
The user gains an Ability based on the season. Spring: Run Away Summer: Grass Pelt Autumn: Rivalry Winter:
Thick Fat"
Seaweed,"Static
Grass becomes neutral against fire and vice-versa (user gains +1 step resistance to fire).Defensive."
Seed Sower,"Scene - Free Action
Trigger: User is thrown out
Effect: Terrain gets turned to Grassy"
Self Repair,"Static
Self sufficient + Natural cure."
Self Sufficient,"Static
User recovers 1/2 Tick of HP every turn."
Sequence,"Scene – Free Action
Trigger: The user uses an Electric Attack
For every allied Electric-Type Pokémon cardinally adjacent to the user, raise the user’s Attack and Special
Attack by +1 CS each before calculating damage for the triggering attack. After the attack is resolved, lose all
Combat Stages gained this way."
Serene Grace,"Static
The user’s Effect Range is increased by +2."
Serpent’s Mark,"Static
1d6 upon evolution or upon generation. If an Arbok is bred, it will have the same pattern as its parent. If both
parents are Arboks with different patterns, determine the pattern randomly
Pattern Name - Adv Ability / High Ability
(1) Attack Pattern - Rivalry / Strong Jaw
(2) Crush Pattern - Unnerve / Crush Trap
(3) Fear Pattern - Frighten / Regal Challenge
(4) Life Pattern – Regenerator / Defy Death
(5) Speed Pattern - Run Away / Speed Boost
(6) Stealth Pattern - Instinct / Infiltrator"
Set Ablaze,"Inflicting burn also inflicts fear."
Shackle,"Scene – Free Action
Shackle creates a Burst 3. All foes in the burst have their movement capabilities halved until the end of their
next turn."
Shadow Dance,"Static
While in a New Moon or under 50% Max Hit Points, the user’s initiative is doubled."
Shadow Shield,"Static
While at full Hit Points, the user resists all damage one step further. Defensive."
Shadow Tag,"Scene – Free Action
Target: An adjacent Trainer or Pokémon
Effect: The target’s shadow becomes pinned to the target’s current spot for 5 turns. During this time, the
target is Slowed and Trapped, and cannot move more than 5 meters from the spot their shadow is pinned to;
even being Pushed and other forced movement effects cannot force the target to Move more than 5 meters
from that spot."
Shallow Grave,"Revives at 25% HP once after fainting in fog."
Sharing Is Caring,"Stat changes are shared between all battlers."
Sharp Edges,"1/6 HP damage when touched."
Sharpness,"Static
: Cutting moves gain +2DB"
Shed Skin,"Scene – Swift Action
: The user is cured of one of Paralysis, Freezing, Burns, Poison,Frostbite,Blind or Sleep"
Sheer Force,"Static
If a Pokémon with Sheer Force uses a Move with a secondary effect that triggers during Accuracy Roll,
increase that Move’s Damage Base by +2. However, the secondary effects of Move never trigger. This does
not affect Critical Hits, or moves with increased Critical Hit ranges"
Shell Armor,"Static
The user is immune to Critical Hits; they are instead normal hits.User Lowers damage received by 2 for every 5
level. Defensive"
Shell Cannon,"Scene – Free Action
When Blastoise uses Aqua Jet, Dive, Flash Cannon, Hydro Cannon, Hydro Pump, Tackle, Waterfall, Water Gun,
and Water Spout they may activate this Ability to gain +2 to their Accuracy Roll and deals +4 Bonus Damage
with Damage Rolls. When using Aqua Jet, Dive, Tackle, or Waterfall, Blastoise must shift in a straight line to
their target to activate this Ability, but their Overland and Swim Speeds are increased by +2 when doing so."
Shell Shield,"Scene – Free Action
Connection - Withdraw. The user may activate this Ability to use Withdraw as an Interrupt and a Free Action.
The user must still use a Shift Action to stop being Withdrawn."
Shield Dust,"Static
The user ignores the secondary effects that trigger during Accuracy Roll of damaging Moves that target the
user. For example, Flamethrower can never inflict the Burn Condition.Ignores entry Hazards. Defensive."
Shields Down,"Static
The user has two sets of base stats; Meteor and Core. The HP of both forms must be the same. When the user
is in Meteor Forme and are reduced to half Maximum HP or lower, they change to Core Forme. The user
returns to Meteor Forme while outside of combat if above half Maximum HP."
Shiny Lightning,"Grants a 1.2x accuracy boost. Thunder never misses."
Shocking Jaws,"Static
The user has the Damage Base of all Bitting Moves increased by +1 additionally bitting moves can paralyze on
18+ and if the move has a paralyze chance paralye range increased by 2;"
Shocking Maw,"Strong Jaw + Bite moves have 50% paralysis chance."
Short Circuit,"Static
User gains Last Chance with electric type moves."
Showdown Mode,"Ambush + Violent Rush."
Sidewinder,"First biting move each entry gets +1 priority. Resets on KO."
Sighting System,"Scence x2
If User would miss a move user may act after target to hit without accuracy checks."
Silk Threads,"Static
Connection - String Shot. Whenever the user uses “String Shot”, the target becomes Slowed until the end of
their next turn."
Simple,"Static
When the Pokémon’s Combat Stages are altered, double the amount of Combat Stages they are raised or
lowered."
Skill Link,"Scene – Free Action
Trigger: The user hits with a Move with the Five Strike keyword.
The Triggering Move automatically hits 5 Times"
Slipstream,"Moves use 20% of its Speed stat additionally."
Slow Start,"Static
For 3 rounds after joining an encounter, the user’s Speed and Attack Stats are halved and they have 10
Damage Reduction."
Sludgy Mix,"Intoxicate + Punk Rock."
Slush Rush,"Static
While in Hailing Weather or under half maximum Hit Points, the user’s Initiative is doubled"
Smokey Maneuvers,"Evasion is boosted by 1.25x in fog."
Sniper,"Static
When the Pokémon gets a Critical Hit, add the value of the Damage Dice Roll an additional time to the total
damage."
Snow Cloak,"Static
The user’s Evasion is increased by +2 while in Snow. The user and allies adjacent to the user are not damaged
by Hail.Defensive."
Snow Song,"Sound moves get a 1.2x boost and become Ice if Normal."
Snow Warning,"Scene – Free Action
The Weather changes to Snowy for 5 rounds. As a static effect the user is not damaged by Hail."
Snowy Wrath,"Snow Warning + Cryomancy."
Snuggle,"Scene - Standard Action
target: An adjacent target
The user and the target each gain two ticks of Temporary Hit Points."
Sol Veil,"Static
The user gains +1 Evasion. This is increased to +2 Evasion while in Sunny Weather or on grassy terrain. While
in Sunny Weather, the user gains +5 Damage Reduction for every 20 of the User levels."
Solar Flare,"Static
Chloroplast + Immolate."
Solar Power,"Static
When Sunny, the Pokémon loses 1/16th of its Max HP at the beginning of its turn. When Sunny, its Special
Attack Stat is increased by 2 Combat Stages"
Solenoglyphs,"Static
Bitting moves poison on 18+ if a Bitting move has poison effect add +3 to poison range."
Solid Rock,"Static
When the user is hit by a Super-Effective attack, the attack deals 1.2x damage instead of x1.5 damage. If the
user is hit by a Super-Super-Effective attack, the attack deals x1.5 damage instead of x2 damage. If you have
both Solid Rock and Filter, you gain 5 Damage Reduction against Super-Effective Damage. Defensive."
Sonic Courtship,"Scene – Free Action
Trigger: The user uses Attract
Connection - Attract. Treat Attract as a Cone 2 Move with the Sonic keyword for this use, which affects all
targets regardless of Gender."
Soothing Aroma,"Cures party status on entry."
Soothing Tone,"Static
Connection - Heal Bell. Whenever the user uses the Move Heal Bell, all targets that recovered from a Status
ailment gain a Tick of Hit Points."
Soothsayer,"Resists all attacks for three turns on first entry."
Sorcery,"Static
The Pokémon’s Base Special Attack stat is doubled. This may double any bonuses from Nature or Vitamins,
but not bonuses from Trainer Features."
Soul Crusher,"Hammer moves hit SpDef and get a 1.1x power boost."
Soul Devourer,"Soul Eater + Phantom Pain"
Soul Eater,"Scene - Free Action
Trigger: The user makes a pokemon or trainer faint
The User recovers 3 Ticks of HP."
Soul Heart,"Scene x2 – Free Action
Trigger: A combatant in the encounter Faints
The user receives +2 Special Attack Combat Stages and gains a tick of Temporary Hit Points."
Soul Linker,"Scene – Swift Action
User shares damage taken with Target."
Soul-Heart,"KOs dealt anywhere on the field raise Sp. Atk by one stage."
Soulstealer,"Scene – Free Action
Trigger: The user’s attack causes a foe to Faint
The user removes one Injury from themselves and recovers 25% of their Maximum Hit Points. If the triggering
attack killed its target, the user instead removes all Injuries and recovers all Hit Points."
Sound Lance,"Scene x2 - Swift Action
Trigger: The user uses Supersonic
Connection – Supersonic. The target of Supersonic takes Special Normal-Type damage equal to the user’s
Special Attack score. This effect functions independently of whether Supersonic hits its target."
Soundproof,"Static
The Pokémon is immune to Moves with the Sonic Keyword. Defensive."
Spectral Shroud,"Spectralize + 30% chance to badly poison the foe."
Spectralize,"Normal-type moves become Ghost and get a 1.1x boost."
Speed Boost,"Static
The Pokémon’s Speed is raised 1 Combat Stage at the end of each of its turns. Speed Boost has no effect
while out of combat"
Speed Force,"Static
User's Damaging Moves use 20% of User's Speed Stat addiationally for damage calculation."
Spider Lair,"Casts Sticky Web on entry. Lasts 5 turns."
Spike Armor,"30% chance to bleed on contact or offense."
Spike Shot,"Static
The user may use Moves with a Range of \'Melee, 1-Target\' as if they had a Range of \'8, 1-Target\' instead."
Spinning Dance,"At-Will - Free Action
Trigger: The user is targeted by an attack, but is missed
If not Fainted, Paralyzed, or Asleep, the user gains +1 Evasion (max 2 ) until the end of the Scene and may
immediately Shift 1 meter. The third Time this Ability Triggers the user May Use an Attack as a Quick Action"
Spinning Top,"Fighting moves up speed +1 and clear hazards."
Spiteful,"Reduces attacker's PP on contact."
Spiteful Intervention,"Static
Connection – Spite. The user may use Spite in response to an attack hitting an ally, in addition to hitting
themselves."
Splendorous Rider,"Scene x2 – Swift Action
The user may pick a Move from their Mount’s known Moves that they do not already know. For the rest of the
user’s Turn, they may use that Move as though it was one of their own Moves. Note that this does not remove
any frequency limitations – a Daily Move that the Mount knows may not be used more than once. This Ability
may not be copied or transferred."
Spray Down,"Scene – Free Action
Trigger: The user hits an airborne target with a ranged 1-target attack
The triggering attack’s target is knocked down to ground level, and loses all Sky or Levitate Speeds for 3 turns.
During this time, they may be hit by GroundType Moves even if normally immune."
Sprint,"Scene – Swift Action
The user gains +2 Speed Combat Stages. Additionally, the user’s Overland Speed is always increased by +2."
Stakeout,"Static
The user gains a +2d6+4 bonus on damage rolls against foes that were released from a Pokéball or entered
the encounter since the user's last turn."
Stall,"Static
In a round’s queue, a Pokémon with Stall is always last. If a Pokémon goes to the end of the queue, the
Pokémon with Stall is still the last to move. The user’s actions taken on their Initiative Count (not Priority or
Interrupt) cannot be Interrupted."
Stalwart,"Scene – Free Action, Reaction
Trigger: The user receives Massive Damage
The user’s Attack, Special Attack, Defense, and Special Defense all increase by 1 CS.
user’s target. Any of those existing effects (such as Follow Me) fail."
Stamina,"At-Will – Free Action
Trigger: The user is hit by a Damaging Attack
The user receives +1 Defense Combat Stage. Defensive"
Stance Change,"Static
Aegislash has two Stances: Shield Stance and Sword Stance. Its default Stance is Shield Stance. Whenever
Aegislash uses a damaging attack, it switches to Sword Stance and swaps its Attack Stat with its Defense and
its Special Attack Stat with its Special Defense, without changing Combat Stages. Whenever Aegislash uses
King’s Shield, Protect, a Status Move that raises Defense Combat Stages, or a Blessing, it switches to Shield
Stance and swaps its offensive and defensive Stats back to their original arrangement. Aegislash may also
change its Stance as a Full Action."
Starlight,"Daily — Swift Action
The user may activate Starlight while exposed to moonlight or starlight to become Luminous. As a Swift
Action, the user may expend the Luminous condition to gain +2 Special Defense CS and +2 Evasion for the
rest of the Scene."
Starswirl,"Scene — Swift Action
Connection — Rapid Spin. The user may activate this Ability to user Rapid Spin as a Swift Action."
Static,"Scene – Free Action
Trigger: The user is hit by a Melee Attack
The attacking foe becomes Paralyzed."
Steadfast,"At-Will – Free Action
Trigger: The user is Flinched
The user’s Speed is raised by +1 Combat Stage."
Steam Cloud,"Static
The user resists all Water-type attacks 1 step further. Each time a Water-type attack hits the user, raise the
user's Evasion by 1.Defensive."
Steam Engine,"Scene x2 – Swift Action, Reaction
Trigger: The user is hit by a damaging Fire-Type or Water-Type Move, or begins their turn in Rainy Weather
Connection – Smokescreen. The user may use Smokescreen as a Free Action, ignoring frequency, centered on
the user."
Steel Barrel,"Immune to recoil damage, but not immune to Explosion/crash dmg."
Steel Beetle,"Raging Boxer + Pollinate."
Steel Cannons,"At-will Swift Action
Until the end of the round, the user may originate any ranged move they use from any square within 2 meters
of itself."
Steelworker,"Scene – Free Action
Trigger: The user takes damage while adjacent to its Anchor
The user calculates damage as if it was only Steel-Typed
Bonus: The user gains STAB and DB +2 on Steel-Type Moves that originate from its Anchor."
Steely Spirit,"Boosts own & ally's Steel-type moves by 1.3x."
Stench,"Static
All User Moves Flinch on 19+ and if move already has flinch effect add +3 to flinch range."
Sticky Hold,"Static
The Pokémon’s held items cannot be stolen, switched, destroyed or dropped."
Sticky Smoke,"Scene – Free Action
Connection - Smokescreen. All targets that begin or end their turn in the target’s Smokescreen have their
Accuracy lowered by -1. This penalty may occur multiple times. This stacks with the usual penalties from
Smokescreen."
Storm Drain,"Scene – Free Action
Trigger: A ranged Water-Type Move is used within 10 Meters of the user.
The Move is turned into a Single-Target Move and is re-directed at the user without fail, and cannot miss. This
negates Lock-On or Mind Reader. Additionally, the user is immune to the damage and effects of Water Type
attacks, and each time they are hit by a WaterType attack, the user’s Special Attack is raised 1 Combat Stage.
Defensive"
Strange Tempo,"At-Will - Special
While Confused, the user may choose either to (1) As a Free Action, not to roll for Confusion, instead acting
normally or (2) As a Standard Action, cure themselves of Confusion and gain +2 Combat Stages to the Stat of
their choice."
Striker,"Static
Increase user's kicking moves Damage Base by 2."
Strong Jaw,"Static
The user has the Damage Base of all Bitting Moves increased by +2;"
Stun Shock,"Attacks have a 60% chance to Paralyze or Poison."
Sturdy,"Static
The Pokémon is immune to the Moves Sheer Cold, Guillotine, Horn Drill and Fissure. If any attack would lower
this Pokémon to 0 Hit Points or less from full Hit Points, instead the Pokémon’s Hit Point value is set to 1. This
effect fails if the user’s full Hit Point value is 1. Pokémon with Sturdy do not gain Injuries from Massive
Damage. Defensive."
Stygian Rush,"Dark-type moves get +1 priority at max HP."
Subdue,"Doubles stat drop effects used by this pokemon."
Suction Cups,"Static
The user is immune to Push effects, and the effects of Roar. Defensive."
Sugar Rush,"Gluttony + eats foe's berry when hitting with contact move."
Sumo Stance,"Static
The user’s Weight Class is increased by +1, and the user is immune to Push effects. Defensive."
Sun Basking,"Blocks priority and reduces physical damage by 1/2 in sun."
Sun Blanket,"Static
The user is one step more resistant to Fire & Light-Type Attacks, and gains a Tick of Hit Points at the
beginning of each turn in Sunny weather.Defensive."
Sun Worship,"Scene – Swift Action
Trigger: The user is sent out in Sunny Weather or if Weather becomes Sunny
Increase Highest stat by 1 CS."
Sunglow,"Scene – Swift Action
The user may activate Sunglow while exposed to sunlight or Light Terrain to become Radiant. While Radiant,
the user gains a +1 DB bonus to all Damage Rolls. The user may expend the Radiant condition upon hitting a
foe with a damaging attack to cause that foe to become Blinded until the end of their next turn."
Super Hot Goo,"Inflicts burn and lowers Speed on contact."
Super Luck,"Static
The Pokémon’s Moves are Critical Hits on 18-20. If a Move already has an extended Critical Hit range, Super
Luck extends that range by 2."
Super Scope,"Mega Launcher + Artillery."
Super Slammer,"Boosts the power of hammer and slamming moves by 1.3x."
Super Strain,"KOs lower Attack by +1. Take 25% recoil damage."
Supercell,"Scene – Swift Action
Supercell may only be used if the Weather is Rainy or a New Moon, or if the user is under 50% Hit Points.
When activated, the user may pick two Stats, gaining +2 Combat Stages in each Stat. All allies within 2 meters
also gain +1 Combat Stage in each of the chosen Stats."
Superconductor,"Steel-type moves become Electric and get a 1.1x boost."
Supersweet Syrup,"Sticky Hold + Disables foe's item for 2 turns on contact."
Suppress,"Casts Torment on entry."
Supreme Overlord,"Trigger- This Pokémon enters battle
When this Pokémon enters combat it will receive +3 damage to both their attack and special attack, they also
gain a further +3 for every allied Pokémon that is currently fainted."
Surge Surfer,"Static
On Electric Terrain or while under half maximum Hit Points, the user’s Initiative is doubled."
Surprise!,"Astonishes enemy priority users in fog."
Swarm,"Static
The user gains Last Chance with Bug."
Sway,"Scene – Standard Action, Interrupt
Trigger: The user is hit by a damaging Melee attack
The triggering attack misses the user and hits the foe that made the attack instead. That foe may then be
pushed to any empty square adjacent to the user."
Sweeping Edge,"Static
Accuracy Increased by 3 for cutting moves."
Sweet Dreams,"Static
Heals one tick of Hit Points when sleeping, immune to Bad Dreams.Defensive."
Sweet Veil,"Static
The user and allies within 3 meters are immune to Sleep. Defensive."
Swift Swim,"Static
While in Rainy Weather, the user gains +4 Speed Combat Stages."
Sword of Damnation,"Unaware + Sword of Ruin."
Sword of Ruin,"Static
The Defense of all other Pokemon within 3 meters of the user is lowered by -1 CS."
Symbiosis,"At-Will - Swift Action
The user may pass its held item to an adjacent ally."
Synchronize,"Scene – Free Action
The user is Paralyzed, Frozen, Burned, Poisoned, or put to Sleep.
The foe which caused the Status Condition is given the same Status they inflicted."
Tablets of Ruin,"Static
The Attack of all other Pokemon within 3 meters of the user is lowered by -1 CS."
Tactical Opportunist,"Static
Trigger: A Pokemon within 5m gains positive combat stages
Effect: The user may Mirror the CS gained (This may only Target a Pokemon once per scene)"
Tactical Retreat,"Flees when stats are lowered."
Taekkyeon,"All attacks are dances."
Tag,"Attacks switching opponents with a 20BP Pursuit."
Tangled Feet,"Static
While Confused, the user gains +3 Evasion."
Tangling Hair,"At-Will – Free Action
Trigger: The user is hit by a Melee Attack
The attacker receives -1 Speed Combat Stage and is Slowed until the end of its next turn."
Tar Toss,"Uses Tar Shot on switch-in."
Targeting System,"Scene – Free Action
Connection – Lock-On. The user may activate this Ability to use Lock-On as a Swift Action."
Teamwork,"Static
While you are adjacent to an opponent, allies using Melee attacks against that opponent receive a +2 bonus
to Accuracy Checks."
Technician,"Static
Moves with a Damage Base of 6 or lower have their Damage Base increased by +2. This bonus always applies
to Moves with the Double Strike or Fivestrike Keywords."
Tectonize,"At-Will - Free Action
Trigger: The user uses a Normal-Type or Sound-Type damaging Move
The Move is changed to be Ground-Type and gains +1 Damage Base."
Telekinetic,"Casts Telekinesis on entry."
Telepathy,"At-Will - Shift Action, Interrupt
Trigger: An ally uses an area-of-effect attack that would hit you
You may Shift to remove yourself from the areaof-effect."
Tera Shell,"All hits will be not very effective while at full HP."
Teraform Zero,"Tera Shell + clears weather and terrain on first entry."
Terastal Treasure,"Reduces damage taken by 40%, but lowers speed by 20%."
Teravolt,"At-Will - Free Action
Trigger: The user damages a foe"
Terminal Velocity,"Special moves use 20% of its Speed stat additionally."
Terrify,"Lowers foes' Sp. Atk by two stages on entry."
Thermal Exchange,"At-Will - Free Action
Trigger: The user is hit by a Fire-Type Move.
Effect: The user receives +1 Attack Combat Stage.
Bonus: The user is immune to Burns. Defensive."
Thermosensitive,"Static
While Sunny, the user’s Attack and Special Attack are raised by +2 combat stages each. While Hailing, the
user’s movement capabilities are reduced by half."
Thick Fat,"Static
The user resists Fire-Type and Ice-Type attacks one step further. Defensive."
Thick Skin,"Takes 25% less damage from Super-effective moves."
Thrust,"Static
All moves used by this Pokémon which consult the Attack stat now have the Push keyword. The default push
for moves is 1 meter. If a move already has the Push Keyword, that move may push 1 additional meter."
Thunder Boost,"At-Will – Free Action
Trigger: An adjacent Ally uses a damaging ElectricType Move
The allied target gains a +5 Bonus to its damage roll with the triggering Move. A target may not benefit from
more than one instance of Thunder Boost at a time."
Thundercall,"Frequency: At-Will - Free Action
Target: The user rolls a natural 3, 7, or 13 on an attack roll with a contact move
After the triggering attack is resolved, the user may use the move Thunder Shock as a Free Action. Note: Yes,
Thunder Shock made due to Thundercall may trigger Thundercall."
Tidal Rush,"Water-type moves get +1 priority at max HP."
Tingle,"At-Will - Free Action
Trigger: The user hits an adjacent target foe with a 1-Target attack
The target loses a Tick of Hit Points and takes a -1DB penalty to Damage Rolls for 1 full round."
Tingly Tongue,"Scene x2 – Free Action
Trigger: The user hits a target with Lick
Connection – Lick. Lick’s Damage Roll gains a +10 Bonus and automatically paralyses its target. On a roll of
15+, the target automatically fails its Paralysis Save Check on its next turn"
Tinted Lens,"Static
The user’s Resisted Moves are instead Neutral. The user’s Doubly Resisted Moves are instead Resisted. The
user’s Triply Resisted Moves are instead Double Resisted."
Tipping Point,"Getting hit raises SpAtk. Critical hits maximize SpAtk."
To The Bone,"Critical hits get a 1.5x boost and inflict bleeding."
Tochukaso,"Static
The user resists Bug-Type and Poison-Type attacks one step further. Defensive."
Tolerance,"Static
Any Types resisted by the user are resisted one step further. Defensive."
Tonguelash,"Scene x2 — Free Action
Trigger: The user hits a target with Lick
Connection — Lick. Lick automatically Paralyzes and Flinches its target.
Bonus: The user may use Lick as if it was Normal-Typed."
Torrent,"Static
The user gains Last Chance with Water."
Tough Claws,"Static
The user increases the Damage Base of all Melee Moves by +2."
Toxic Boost,"Static
When Poisoned or Badly Poisoned, the user’s Attack is raised by 2 Combat Stages. If the user is cured of its
Poisoning, its Attack stat is lowered by 2 Combat Stages."
Toxic Chain,"Moves have a 30% chance to badly poison the foe."
Toxic Debris,"Trigger- The Target is hit by a damaging physical move.
Connection – Toxic spikes When the user takes physical damage as a reaction they may use the move Toxic
Spikes and apply it to the area immediately around them."
Toxic Nourishment,"Scene – Swift Action
Target: A Poisoned or Badly Poisoned character within 5m
The target is cured of their Poison and the user gains 3 ticks of Temporary Hit Points."
Toxic Relationship,"Static
Whenever the user poisons a target, the target also becomes infatuated."
Toxic Spill,"Static
None Poison Type arround the user (5m) loose 1 Tick of Hit Points every turn."
Trace,"Scene – Free Action
Target: A Trainer or Pokémon within 10 meters
The Pokémon gains an Ability known by the Target for the remainder of the encounter, or until it is Fainted."
Transistor,"Scene x2 – Free Action
Trigger: The user hits with a damaging Electric-Type Move
One target hit by the attack becomes one stage more vulnerable to the attack (applied after all other
modifiers). Immune targets are treated as initially double-resistant for the purposes of this Ability, and may be
damaged normally."
Transporter,"Daily x3 – Free Action
Trigger: You use the Move Teleport or activate the Teleporter Capability
Choose One Effect: Connection – Teleport. You activate Teleporter as if your Teleporter value were three times
its normal value or you may take one willing Pokémon or Trainer along with you as you teleport so long as
you are touching them when you activate Transporter. You may expend two uses of Transporter at once to
choose both effects"
Trash Heap,"Corrosion + Toxic Spill."
Triage,"Static
The user’s moves with the Healing keyword may be used as Priority moves."
Trickster,"Uses Disable on switch-in."
Trinity,"Static
Connection - Tri Attack. You may use Tri Attack as if it had a range of \'Melee, 3 Targets\'. Make a different
attack roll for each target. If Tri-Attack's effect range is activated, do not roll for the effect; the first target can
only be Frozen, the second can only be Burned, and the third can only be Paralyzed. Additionally, you may use
Tri-Attack as a Physical Attack if you wish."
Truant,"Static
At the beginning of each of its turns, the user must roll 1d20. On a roll of 7 or lower, the target refuses to act;
they heal a Tick of Hit Points, and do not get a Standard Action that turn. Turns in which the user refuses to
act count towards turns used up by Interrupts or the Exhausted Condition, and the user may make Rolls to
cure themselves from Status Effects with a +3 Bonus that turn."
Turboblaze,"At-Will - Free Action
Trigger: The user damages a foe"
Twinkle Toes,"Boosts the power of kicking moves by 1.3x + Pixilate."
Twist. Dimension,"Scene – Swift Action
Trigger: The user is sent out
Sets Trick room for 3 rounds."
Twisted Power,"Static
The user adds half of their Attack Stat to the damage rolls of their Special Moves; and the user adds half of
their Special Attack Stat to the damage of their Physical Moves. This does not change the Damage Class of
any attack."
Two Step,"Triggers 50BP Revelation Dance after using a Dance move."
Two-Faced,"Hunger Switch + Elec and Dark deal 1.35x with 10% recoil."
Type Aura,"Static
The user and all allies within 3 meters gain a +5 Bonus to Damage Rolls with Moves matching the user's
Primary Type."
Type Strategist,"Static
Whenever the user uses a Move of the Type associated with Type Strategist, they gain +5 Damage Reduction
for one full round. If they are under 1/3rd of their Maximum Hit Points, they instead gain +10 Damage
Reduction. Defensive."
Ugly,"Static
The Pokémon’s Moves Flinch Targets on a roll of 19+. If a move already has a chance of Flinching foes, the
Effect Range is increased by +2 instead. During the Introduction Stage of a Contest using this Pokémon, any
6s that are rolled instead count as 1s"
Ultra Instinct,"Counters contact with Vacuum Wave. Takes 20% less damage."
Unaware,"Static
When the Pokémon is attacking or being attacked, the foe must make all damage calculations as if their
Combat Stages were at their default state."
Unbreakable,"Static
The user gains Last Chance with Steel."
Unburden,"Static
If the user is not holding a Held Item, their Speed is increased by +2 Combat Stages."
Unicorn,"Mighty Horn + Dazzling."
Unlocked Potential,"Inner Focus + Berserk."
Unnerve,"Static
Foes within 3 meters of you cannot gain positive Combat Stages or trade in Digestion Buffs. This does not
affect any Combat Stages they already have."
Unown Power,"Mystic Power + Hidden and Secret Power hit Super-effectively."
Unseen Fist,"Static
Reactions, Interrupts, and Blessings may not be activated in response to the user’s Melee Attacks."
Vanguard,"Static
The user gains a +5 Bonus to all Damage Rolls against targets with an initiative lower than itself that have not
yet acted that round (having Ante’d up your Action via an Interrupt or similar on a previous round does not
count as having acted that round)."
Variable Transmission,"Daily - Extended Action
Trigger: The user is having a [Training] Feature applied by its Trainer.
Connection - See Below. The user may choose one of the following Types. Until that [Training] Feature no
longer applies, the user gains STAB on Moves of that Type and grants the Ability associated with that Type, as
well as letting the user learn the Move of that Type as if it was a Move with the Connection keyword for this
Ability.
Dark : Intimidate / Wicked Torque
Fire : Speed Boost / Blazing Torque
Poison : Toxic Debris / Noxious Torque
Fairy : Misty Surge / Magical Torque
Fighting : Stamina / Combat Torque"
Vengeance,"Static
Effect: The user's Ghost Type Moves DB increased by +1."
Vengeful Spirit,"Haunted Spirit + Vengeance."
Venoblaze Pincers,"1.2x boost to physical moves and 20% chance to Burn or Poison."
Venom,"Static
The user gains Last Chance with Poison."
Venom Crown,"Poison Point + Mighty Horn."
Vessel of Ruin,"Static
The Special Attack of all other Pokemon within 3 meters of the user is lowered by -1 CS."
Vicious,"Scene – Special
Trigger: The user uses Hone Claws
Connection – Hone Claws. When this Ability is activated, choose one effect; the user gains another Standard
Action this round; or the user increase their Critical Hit Range on all attacks by +2 for the remainder of the
encounter."
Victory Bomb,"Attacks with a 100BP Fire-type Explosion on fainting."
Victory Star,"Static
User and any allied Pokémon in the encounter gain a +2 Bonus to Accuracy Rolls."
Vigor,"Daily – Free Action
Trigger: The user uses Endure
Connection – Endure. When this Ability is activated, after being set to 1 Hit Point, the user gains a Tick of Hit
Points. Furthermore, if the Move that triggered Endure gave the user an Injury from Massive Damage, the user
does not gain that Injury. Defensive."
Violent Rush,"Boosts Speed by 50% + Attack by 20% on first turn."
Vital Spirit,"Static
The user is immune to the Sleep condition, and cannot use the move Rest. Defensive."
Vitality Strike,"Heals for 10% of the damage dealt by punching moves."
Volcano Rage,"Frequency: At-Will - Free Action
Target: The user rolls a natural 3, 7, or 13 on an attack roll with a contact move
After the triggering attack is resolved, the user may use the move Ember as a Free Action. Note: Yes, Ember
made due to Volcano Rage may trigger CVolcano Rage."
Volt Absorb,"Static
The user is immune to the damage and effects of Electric-Type attacks, and whenever they are hit with an
Electric Type attack, they gain Hit Points equal to a Tick of Hit Points. Defensive."
Volt Rush,"Static
Effect: The user may use Fire-Type Moves as if they have the Priority keyword."
Voodoo Doll,"Daily – Free Action
Trigger: The user uses the Move Curse as a Ghost Type
Connection - Curse. Choose an additional target within 8 meters of the user to become Cursed."
Voodoo Power,"30% chance to bleed when hit by special attacks."
Wallmaster,"Static
Connection – Barrier. Whenever the user uses Barrier, they may choose to either gain +2 Defense Combat
Stages, or place 2 additional segments of Barrier."
Wandering Spirit,"Scene – Free Action, Reaction
Trigger: The user is hit by a Melee attack
The user exchanges Wandering Spirit with a random Ability of the opposing Pokémon, as per the Move Skill
Swap."
WandrngSprit,"Trades ability with attacker on contact."
Wash Away,"Daily – Free Action
Trigger: The user hits with a Water Type Move
Before the Move “hits”, all Combat Stages on targets hit by the Move are reset to their default (usually 0), and
all coats on the targets, except ones placed by Water Sport, are destroyed."
Watch Your Step,"Spreads two layers of Spikes on switch-in."
Water Absorb,"Static
The user is immune to the damage and effects of Water-Type attacks, and whenever they are hit with a Water
Type attack, they gain a Tick of Hit Points. Defensive."
Water Bubble,"Static
The user resists Fire-Type attacks one step further, is immune to being Burned, and may always act as though
in Rainy Weather. Defensive.
Bonus: The user may attack with Water-Type Moves as if they had a range of “Melee, 1 target”. If they do, that
Move's Class is changed to Physical and it deals +1d6+2 damage."
Water Compaction,"Static
The user is hit by a Water-Type move
The user receives +2 Defense Combat Stages and resists Water one step further. Defensive."
Water Veil,"Static
Keywords: Immune
The user is immune to Burns. Once per Scene user may activate Aqua Ring as a quick action even if not
learned. Defensive."
Wave Rider,"Static
While in water, the user’s Speed Stat gains +4 Combat Stages. Remove these Combat Stages if the user exits
the water."
Way of Precision,"Inner Focus + Precise Fist."
Way of Swiftness,"Pretentious + Swift Swim."
Weak Armor,"At-Will – Free Action
Trigger: The user takes Physical damage.
The user may lower its Defense by 1 Combat Stage, and gain +1 Speed Combat Stage. This is done after the
triggering damage is resolved."
Weaponize,"Static
While being wielded as a Living Weapon and being actively Commanded as a Pokémon, the user may
Intercept for its Wielder as a Free Action."
Weather Control,"Negates all weather based moves from enemies."
Web Spinner,"Uses String Shot on switch-in."
Weeble,"At-Will – Standard Action, Reaction
Trigger: The user is hit by a damaging attack
The user may make an AC4 Physical Attack against an adjacent target. If the attack hits, the target loses Hit
Points equal to 1/3rd of the damage taken by the user from the attack that triggered Weeble."
Weird Power,"Static
If the user's Attack is higher than its Special Attack, the user may add its Attack Stat to its Special Damage
Rolls. If their Special Attack is higher, they user may add its Special Attack Stat to its Physical Damage Rolls.
This does not stack with Mixed Power."
Well Baked Body,"Boosts Defense sharply instead of being hit by Fire-type moves."
Well-Baked Body,"Static
The user is immune to the damage and effects of Fire-Type attacks, and whenever they are hit with a Fire-Type
attack, they gain +2 Defense Combat Stages. Defensive"
Whiplash,"Physical attacks lower defense."
Whirlwind Kicks,"Static
Connection – Rapid Spin. When the user uses the Move “Rapid Spin”, it has a range of “Burst 1” instead of
Melee and gains the Priority keyword."
White Flame,"Static
The user may not make rolls to cure themselves from the Enraged condition. However, while Enraged, the user
gains a +5 Bonus to all Damage Rolls."
White Noise,"Static + Rest in Peace."
White Smoke,"Static
The user’s Combat Stages, Evasion, or Accuracy may not be lowered except by the user’s own Moves and
effects. Defensive."
Whiteout,"Ups highest attacking stat by 1.5x in hail."
Wildfire,"Attacks with Fire Spin on entry."
Wily,"Static
The user's X-target Status Class Moves may target an additional target within range."
Wimp Out,"Static
The user is brought to 50% Hit Points or lower.
The user is immediately returned to it's Pokeball. A new Pokemon can be immediately sent out."
Wind Force,"Static
The user is immune to the damage and effects of Flying Type attacks. Whenever a Flying Type attack hits the
Pokémon, raise their Speed by +1 Combat Stage. Defensive."
Wind Power,"Trigger- The user is damaged by a Flying type move
the user will receive +2 DB on the next electric type move it uses."
Wind Rage,"Uses Defog on switch-in. Air-based moves get a 1.3x boost."
Wind Rider,"Static
The user gains a +1 attack stage when Tailwind is active, furthermore the user also gains a +1 attack stage
when targeted by a Flying type move, the user is also immune to Flying type attacks"
Windveiled,"Static
The user is immune to the damage and effects of Flying-Type attacks. If the user is hit by a Flying-Type attack,
the user raises the Damage Base of their next Flying-Type Move by +1. Defensive"
Winged King,"Ups “supereffective” by 33%."
Winter’s Kiss,"Static
The user does not take damage from Ice-Type Moves. Whenever the user uses or is hit by an IceType Move,
the user is healed by a Tick of Hit Points. Defensive.Defensive."
Wishmaker,"Uses Wish on switch-in. Three uses per battle."
Wishmaster,"Static
Connection – Wish. Whenever the user uses Wish, the user may pick one of the following effects: the target is
healed instantly instead of the following round; or the target gains +2 CS to the Stat of their choice upon
being healed; or the target is cured of any Status Affliction."
Wistful Melody,"Scene – Free Action
Connection – Sing. Whenever the user uses Sing, they may activate to his Ability to cause targets that are
targeted by Sing have their Attack and Special Attack lowered by -2 CS each, whether Sing successfully hits
that target or not. This Ability does not affect targets with the Soundproof Ability"
Witheout,"Static
During Snow user's Ice type moves get damage base +2."
Wobble,"Scene – Free Action
Trigger: The user is hit by a damaging attack
The user may use either Counter or Mirror Coat as a Reaction, ignoring Frequency"
Wonder Guard,"Static
Only damaging attacks that are Super-Effective affect the Pokémon with Wonder Guard; all other damaging
attacks cannot hit the user or deal damage. Wonder Guard loses its effect if the user has no weaknesses.
Defensive."
Wonder Skin,"Static
The user gains +6 Evasion against Status Moves. Defensive."
Yuki Onna,"Scare + Intimidate. 30% chance to infatuate on hit."
Zen Mode,"Static
Keep two sets of Base Stats for Darmanitan, the first set of Base Stats are its normal stats while the second will
be referred to during Zen Mode. The HP Stat for both sets of Base Stats must be the same. If Darmanitan has
its Base Stats altered in any way, both sets of Base Stats are affected. As a Free Action, Darmanitan may
activate Zen Mode if it is at less than 50% of its full Hit Points. Darmanitan may change back from Zen Mode
as a Free Action if its Hit Point total is at 50% or higher. Darmanitan may switch from one form to another
once per Scene."
Zen Snowed,"Scene – Swift Action
The user changes into Zen Mode forme for the rest of the Scene, and may use the Moves “Ice Punch” and
“Fire Punch” as if they were on its Move List."
Zero to Hero,"Trigger- This pokemon is returned to its Pokeball
Whenever the user is returned to its Poké Ball by any means it may activate Zero to Hero to change from its
Zero Form to its Hero Form."
Abominable_pte,"Static
Keywords - Innate
Effect: The user adds +5 Points to their HP Stat in the Extras Column. When the user reaches Level 20 and every interval after that (20, 40, etc) they gain an additional +5. If the user is a Trainer, the Level Intervals are Level 4, 8, 12, 16, then 20. If desired, the user can increase their size to Large."
Absorb Force_pte,"Scene x2 - Reaction
Keywords - Defensive
Trigger - The user is hit by a Physical Attack while they have Temporary Hit Points
Effect: Before Damage Calculations, your Temporary Hit Points becomes double its current value. After the Attack resolves, you lose all Temporary Hit Points and become Vulnerable until the end of the Round.
Bonus: Whenever you take Damage from an Attack you applied no Temporary Hit Points towards, you may gain a Tick of Temporary Hit points after Damage Resolution."
Accelerate_pte,"Static
Effect: Attacks in which the user applies the Same Type Attack Bonus gain the Priority Keyword. When using an Attack this way, the user may use Speed as an Offensive Stat or may add half of their Speed to the Damage Roll.  "
Adaptability_pte,"Static
Effect: The user’s Normal Type Attacks may deal Damage as if they matched one of the user’s Types or an Adjacent Ally’s Type."
Aerial Fighter,"Scene - Reaction
Keywords - Defensive
Trigger - The user is hit by a Damaging Attack
Effect: The Triggering Attack is resisted by one additional damage step, if the Triggering Attack was from an Enemy with the Flier capability, it instead misses. 
Bonus: While the weather is Windy, the user has a bonus to Accuracy equal to their Tier Level."
Aftermath_pte,"Scene - Free Action
Trigger - The user Faints
Effect: At the end of the Round, all Enemies within a Burst 2 Range lose X Ticks of Hit Points. X is equal to 1 plus your Explosion Counters.
Bonus: At the end of each Round and as a Swift Action, the user gains +1 Explosion Counter (Max 5). As a Full Action, the user may activate this Ability, ignoring the Trigger and Frequency, but you lose all Explosion Counters after its resolution."
Alacrity,"Static
Keywords - Innate
Effect: The user adds +5 Points to their Speed Stat in the Extras Column. When the user reaches Level 20 and every interval after that (20, 40, etc) they gain an additional +5. If the user is a Trainer, the Level Intervals are Level 4, 8, 12, 16, then 20. The user has a bonus to Accuracy equal to half of their Speed Evasion (Rounded Up)."
Ambush_pte,"Static
Effect: During the first round of Combat, the user’s Attacks have the Unstoppable Keyword and treat Enemies as if they were Vulnerable. At the GM's Discretion, if the Enemies are unaware of the user’s presence, they gain a modifier to Critical Hit equal to their Tier Level. Whenever the user Targets a Flanked Enemy, they are instead treated as Vulnerable. "
Analytic_pte,"Static
Effect: Targets of the User’s Attacks cannot apply Stat Evasion if they’ve used an Attack or Reaction this Round. Once per Round the User may use a Reaction as if it were a Free Action."
Anchored_pte,"Static
Keywords - Innate
Effect: The user gains an Anchor Token that cannot exceed 3m from the user and the user cannot exceed 3m from the Anchor Token. The user cannot be slid and if the user uses a Movement Action, their Anchor Token must move to any space within 3m of them. The user may originate any Damaging Attack from their Anchor Token and if they do, it turns into Melee, 1 Target, becomes Physical Category and may be shifted to deal Steel Type Damage. Attacks originating from your Anchor Token have their DB increased by +3."
Anger Point_pte,"At-Will - Free Action
Trigger - The user drops below 50% Hit Points or is hit by a Critical Hit
Effect: The user becomes Enraged. 
Bonus: While the user is Enraged, they gain a bonus to Damage Rolls equal to their Tier Value and a modifier to Critical Hit equal to their Tier Level"
Aqua Bullet_pte,"At-Will - Free Action
Connection - Aqua Jet. 
Effect: Declare a Water Type Melee Damaging Attack. During this Turn, you do not provoke Attacks of Opportunity from Movement but you must use the declared Attack. The declared Attack may use Speed as if it were the Offensive Stat.
Bonus: The user may use non-Self Water Type Attacks as if their Range were 10, 1 Target. "
Arena Trap_pte,"At-Will - Swift Action
Connection - Sinkhole
Effect: Create a Sinking Hazards in a 3x3 Range within 3m of the user. (Refer to Sinkhole). 
Bonus: While you are standing in a Sinking Hazard created by you, all Enemies within 3m that are also standing on a Sinking Hazard become Trapped by you. "
Aroma Veil_pte,"Static
Keywords - Defensive
Effect: The user and Allies within 2m cannot become Dazed, Enraged or Suppressed and are cured of these Afflicitons if they enter this Range. The user and Allies within 2m have a bonus to Save Checks equal to your Tier Level."
Aura Surge,"Static
Effect: For each Tick of Hit Points the user is missing, the user gains a +5 Bonus to Damage Rolls. This Damage Bonus cannot exceed double the user’s Tier Value. While the user is below 50% of their Max Hit Points, their Damaging Attacks are treated as having the Smite Keyword. "
Axe Cleaver,"Scene x2  - Free Action
Trigger - You inflict the Wounded Affliction
Connection - Dual Chop.  The Target either loses -2 CS in Defense or cannot cure the Wounded Affliction during their next Save Check.
Bonus: The user gains a 17+ effect range to inflict Wounded on all Physical Attacks. The user's Wounded Effect Ranges (Excluding the one granted by Axe Cleaver) are increased by +2. "
Battery_pte,"At-Will - Swift Action 
Trigger - The user uses an Electric Attack
Connection - Charge. 
Effect: The user gains a Charged Counter (Max 5). If the user is Tier 3, they instead gain two Charged Counters.
Bonus: The user’s Electric Type Attacks have a +1d8 Damage Bonus for each Charged Counter they have. As a Free Action, the user may Target an Adjacent Ally and expend any number of Charged Counters. The Target’s next Damaging Attack that hits has a +2d8 Damage Bonus for each expended Counter."
Battle Armor_pte,"Static
Keywords - Defensive
Effect: The user cannot become Critically Hit. If they would, it instead becomes a normal hit. The user has Damage Reduction against Adjacent Attacks equal to their Tier Value."
Beam Cannon_pte,"Static
Effect: The user may use 1 Target, Ranged Attacks as if they were Line Range instead. If an Attack is 6, 1 Target, it becomes Line 6. The user gains a modifier to Critical Hit and Effect Ranges for their Line or 1 Target Ranged Attacks equal to their Tier Level. "
Beast Boost_pte,"At-Will - Free Action
Trigger - An Enemy that the user damaged since their last turn faints.
Effect: The user gains +2 CS to their highest Stat.  
Bonus: As a Swift Action, the user may lose any number of CS and gain a Tick of Temporary Hit Points for each 1 CS lost"
Beautiful_pte,"Static
Effect: The user’s Attacks have a 17+ Effect Range to cause their Targets to become Entranced. While the user is within 2m of an Entranced Enemy, they cannot cure the Entranced Affliction with Save Checks. If an Ally would cause an Enemy to become Entranced, they may instead have you be the Fixation.  "
Berserk_pte,"Scene - Swift Action
Effect: The user becomes Enraged for the remainder of the Scene and it cannot be cured by any other means (Other than Fainting). 
Bonus: While Enraged, if the user hits a Damaging Attack, they gain +1 CS in Attack or Special Attack after Damage Calculations. While Enraged, the user’s Melee, 1 Target Attacks may be used as if they were “All Adjacent Enemies” instead. While Enraged, the user has a -3 Penalty to Save Checks."
Big Swallow_pte,"Static
Effect: The user may perform the Grapple Maneuver as a Swift Action. Whenever you are engaged in a Grapple with Creatures that are smaller than you, you are not Vulnerable nor Provoked by the Grappled Combatant. Whenever a Grappled Enemy you have Dominance with performs a Grapple Check, they lose a Tick of Hit Points and you restore a Tick of Hit Points."
Blade Of Resentment,"Static
Connection - Bitter Blade. 
Effect: The user’s Melee Attacks have a 16+ Effect Range to cause Targets to become Suppressed. Whenever the user hits a Drain Attack against a Suppressed Target, they heal for the full Damage the Target takes instead of half.  "
Blessed Touch_pte,"At-Will  - Standard Action
Target - An Adjacent Ally
Effect: The Target is cured of all Physical Afflictions, restores 3 Ticks of Hit Points or gains 2 Ticks of Temporary Hit Points. An Ally can only be affected by each of these Effects once per Scene. 
Bonus: The user gains a Modifier to Save Checks equal to their Tier Level."
Blow Away_pte,"At-Will - Free Action
Trigger - The user hits an Enemy with a Flying Type Attack or a Trip Maneuver
Effect: The Target is slid up to Xm in any direction. X is equal to 6 minus their Weight Class.
Bonus: The user may perform Trip Maneuvers as if their Range was 6, 1 Target or Line 3. "
Bodyguard_pte,"Scene - Reaction
Keywords - Defensive
Trigger - An Adjacent Ally is hit by an Attack
Effect: The Triggering Ally Slides 1m in any direction, then the user slides into their original space. The user is hit by the Triggering Attack instead, taking damage from the Attack as if they resisted it one step further. If the Ally still remains within the Area of Effect of the Triggering Attack, they are still hit by the Attack.  
Bonus: Whenever the user Intercepts, the Triggering Attack isn't increased by a Damage Step."
Bone Lord_pte,"Static
Connection - Bone Club. 
Effect: Whenever you use the Bone Club Attack, you may alter how it’s used in any of the following ways. You can only choose one at a time. You may change its range to “All Adjacent Enemies”. You may change its range to “6, 1 Target, Smite”. You may have it ignore Immunity to Ground Type Attacks. You may extend its Critical Hit Range by your Tier Level. You may use it as an Interrupt, Standard Action when hit by an Adjacent Enemy. "
Bountiful Harvest,"Static
Effect: The user starts the Scene with 3 Fruit Counters. The user or Adjacent Allies may use a Swift Action to expend one Fruit Counter to restores two Ticks of Hit Points or cure themselves of a Physical Status Affliction. "
Brimstone_pte,"Scene - Swift Action
Trigger - The user would Burn or Poison an Enemy
Effect: They instead are both Burned and Poisoned.
Bonus: The user gains a bonus to Effect Ranges equal to their Tier Level if the Effect would cause a Target to become Burned or Poisoned."
Bulletproof_pte,"Scene - Reaction
Keywords - Defensive
Trigger - The user is hit by a Physical Attack or 1-Target Ranged Attack
Effect: The user takes Damage as if the Triggering Attack was one step less effective. If the user is Tier 3, the Frequency of this Ability becomes Scene x2 instead."
Cave Dweller ,"Static
Keywords - Defensive
Effect: The user resists Ground and Rock Type Attacks by an additional Damage step. The user gains the Darkvision Capability. While the user is in Cave Terrain, once per Round they may perform any Combat Maneuver without a Trigger as if it were a Free Action. "
Chaotic,"Scene x2 - Free Action
Trigger - You use Metronome as a Standard Action
Connection - Metronome. 
Effect: The GM rolls for Metronome three times and you may choose which Attack to use. 
Bonus: When you use the Metronome Attack, Damaging Attacks that are rolled may have their Category changed to either Physical or Special, of your choice."
Chemical Romance_pte,"At-Will - Swift Action
Trigger - The user would Poison an Enemy
Effect: The Poisoned Enemy also becomes Entranced. They cannot cure the Entranced Affliction while they’re Poisoned this way.
Bonus: Entranced Enemies within 3m of you suffer a penalty to Save Checks equal to your Tier Level."
Chlorophyll_pte,"Scene - Swift Action 
Effect: The user restores two Ticks of Hit Points or gains 2 Ticks of Temporary Hit Points or is cured of a Physical Status Affliction. If the user is in Sunny Weather, the Frequency of Chlorophyll isn’t expended. This Ability can only ignore its Frequency twice in a Scene."
Clay Cannons_pte,"Static
Effect: The user gains two Cannon Tokens that must stay within 2m of the user at all times. The user may move them anywhere within this range Limit as a Free Action on their Turn. Each Token has 1 HP and if they Faint, can be revived as a Swift Action. The user may originate any Attack or Maneuver from a Cannon Token. When originating an Attack from a Cannon Token, all Blast Ranges are increased by +1 and Line Ranges are increased by +2. These Attacks also gain +3d8 to their Damage Rolls. "
Clear Body_pte,"Static
Keywords - Defensive
Effect: The user cannot have Combat Stages lowered by the result of an Enemy’s Feature, Ability, Attack, etc. Indirect methods such as Status Afflictions still affect them. The user is Immune to negative modifiers as a result of an Enemy’s Feature, Ability, Attack, etc. This includes modifiers to Accuracy, Save Checks, Evasion, etc. "
Cloud Nine_pte,"Scene - Swift Action
Effect: All Weather on the Field is removed. The same Weather cannot be added to the Field until end of the next Round.
Bonus: While there is no Weather on the Field, the user has a bonus to Save Checks equal to their Tier Level and has a Boon to all Skill Checks while in Combat. "
Cluster Mind_pte,"Scene - Swift Action

Effect: The user may switch an Attack between their Known Attack List and their Attack List until the end of the Scene.
Bonus: The user gains bonus Attack Slots equal to their Tier Level. Attacks that occupy these Slots must be Status Category."
Color Change_pte,"At-Will - Free Action
Effect: Choose any Type. The user’s Type changes to match the chosen Type until the end of the Scene. 
Bonus: The user resists Attacks of its current Type by an additional Damage Step. "
Color Theory_pte,"At-Will - Free Action  
Trigger - The user hits a Damaging Attack
Effect: The user may instead deal Damage as if its Type was one of the Types associated with their Color. 
Bonus: When the user is born, choose a Color for their Tail. Each color has an associated set of Types and Stat. The user gains +5 Stat Points in the associated Stat that go in the Extra Column. Red - (Attack | Fire, Fairy, Psychic), Orange - (Defense | Normal, Fighting, Dragon) Yellow - (Special Attack | Electric, Rock, Steel) Green - (Special Defense | Bug, Grass Ground) Blue - (Speed | Flying, Ice, Water) Violet - (Hit Points | Dark, Ghost, Poison) "
Comatose_pte,"At-Will - Movement Action
Effect: The user regains a Tick of Hit Points.
Bonus: The user is Immune to the Drowsy Affliction."
Combo Striker_pte,"At-Will - Free Action
Trigger - The user rolls a Natural 5, 10, 15 or 20 on an Accuracy Roll for a Melee Damaging Attack
Effect: After the Triggering Attack Resolves, the user may use a Basic Attack against the same Target. "
Commander_pte,"At-Will - Swift Action
Target - An Adjacent Ally
Connection - Helping Hand.
Effect: The Target gains a bonus to Accuracy and Save Checks equal to your Tier Level until the end of their next Turn. 
Bonus: The user treats all Allies as if they were Cover Terrain when Attacks would Target the user."
Complex Neurolink,"Static
Keywords - Defensive
Effect: The user is immune to Mental Afflictions caused by Enemies. "
Compound Eyes_pte,"Scene x2 - Swift Action
Trigger - The user uses an attack 
Effect: The Triggering Attack gains the Unstoppable Keyword.
Bonus: The user gains a bonus to Accuracy and Evasion equal to their Tier Level."
Conqueror_pte,"At-Will - Free Action
Trigger - An Enemy the user has Damaged this Scene Faints or the user resolves an Attack that resulted in a Critical Hit
Effect: The user gains +1 CS in Attack, Special Attack or Speed
Bonus: Whenever the user would lose CS in a Stat they have Positive CS in, the amount lost is reduced by 1. "
Contrary_pte,"Static
Effect: Whenever the user would lose Combat Stages, they instead gain the same amount. If they gain CS, they instead lose the same amount. If the user would gain a temporary positive Modifier to a Combat Value, it instead becomes a Penalty of the same Value. If the user would gain a temporary penalty to a Combat Value, it instead becomes a positive Modifier for the same Value for the same duration. (Ex: Accuracy or Evasion)"
Copy Master_pte,"At-Will - Reaction
Trigger - Another Combatant uses an Attack
Connection - Copycat. 
Effect: Add the Triggering Attack to your Attack List until the end of your next Turn. 
Bonus: Whenever you use Copycat, the Attack is added to your Attack List for the rest of the Scene. Whenever you use an Attack that has been added to your Attack List this Scene, it may be treated as either Physical or Special of your choice. Attacks gained through this Ability are added to your bonus Attack Slots."
Corrosion_pte,"Static
Effect: The user’s Poison Type Attacks deal Damage to Rock and Steel Type Pokemon as if it was Super Effective instead of Immune. The user may inflict the Poison Affliction on Steel Type Pokemon as if they were not Immune to the Affliction. When the user inflicts Poison, they may lower their Defense instead of Special Defense if desired."
Costar_pte,"Scene x2 - Reaction
Trigger - An Ally gains Combat Stages or a Temporary Modifier
Effect: The user gains CS in the same Stats for the same value or gains the same Modifier for the same duration. 
Bonus: When the user takes their Turn, if the Ally they’re acting alongside targets an Enemy with an Attack, that Enemy cannot apply Stat Evasion against your Attacks. "
Cotton Plume,"At-Will - Free Action 
Keywords - Defensive
Trigger - The user uses a Grass Type Attack or is hit by an Attack from an Adjacent Enemy
Effect: Choose Accuracy or Evasion. All Enemies within 1m of the user have a penalty to the chosen combat value equal to your Tier Level until the end of their next Turn. An Enemy can only be affected by Cotton Plume once per Round.  
Bonus: This Ability may be used as a Swift Action to ignore the Trigger. "
Courage_pte,"Static
Effect: While the user is below 50% Hit Points or Surrounded, they have a Bonus to Damage Rolls and Damage Reduction equal to their Tier Value. If both apply, the bonus is doubled. "
Coward_pte,"Scene - Free Action
Trigger - The user is Targeted by an Attack
Effect: The Triggering Attack instead misses the user. The user cannot Target the Triggering Enemy with an Attack during their next Turn and if they use a Damaging Attack during this Turn, it is resisted by an additional damage step.
Bonus: Whenever the user ends their Turn without Targeting an Enemy with an Attack, they gain a bonus to Evasion equal to their Tier Level until the start of their next Turn. "
Cruelty_pte,"Scene x2 - Swift Action
Trigger - The user hits an Enemy with a 1-Target Attack
Effect: Choose one of the following Effects to apply to the Target. A Target can only be affected by this Ability once per Scene. The user may use a Manipulate or Trick Maneuver against them as a Free Action. The Target has a Penalty to their next Save Check equal to double your Tier Level. The Target cannot restore Hit Points or gain Combat Stages until the end of the next Round. "
Curious Medicine_pte,"At-Will-Special 
Target - The user or an Adjacent Combatant 
Effect: Curious Medicine may be used as a Free Action to reset all Negative CS of the Target to their Default Value. It may be used as a Swift Action to grant the Target a bonus to their next Save Check equal to your Tier Level. Lastly, it may be used as a Standard Action to make the Target gain the Wounded, Poisoned, or Paralyzed Affliction"
Cursed Body_pte,"At-Will - Reaction 
Keywords - Defensive
Trigger - An Enemy ends their Turn Adjacent to the user or hits them with an Attack while Adjacent to them

Effect: The Triggering Enemy either becomes Cursed, Suppressed or has the Triggering Attack disabled. "
Cute Charm_pte,"Scene x3 - Reaction
Keywords - Defensive
Trigger - An Enemy ends their Turn within 2m of the user or hits them with an Attack while Adjacent to them
Effect: The Triggering Enemy either becomes Entranced, Weakened until the end of the Round or loses -2 CS in Attack and Special Attack. An Enemy can only be affected by Cute Charm once per Scene."
Cute Tears_pte,"At-Will - Swift Action
Target - An Enemy within 3m
Effect: Until the end of the Target’s next Turn, when Attacking the user or an ally within 2m of you, they have a penalty to Accuracy equal to your Tier Level and a penalty to Damage Rolls equal to your Tier Value. "
Damp_pte,"Static
Keywords - Defensive
Effect: If the user is Targeted by Burst, Line or Blast Attack, they resist it by an additional Damage Step. If the user ends their turn while the Weather is Rainy, they gain a Tick of Temporary Hit Points and restore a Tick of Hit Points.  "
Dancer_pte,"At-Will - Swift or Movement Action
Target - An Ally within 2m

Effect: The Target gains +1 CS in a Stat of your choice. A Combatant can only be Targeted by Dancer once per Round and Dancer can only be used once per Round unless you’re Tier 3."
Deadly Poison_pte,"Static
Effect: Whenever you inflict the Poisoned Affliction, it cannot be cured via Save Checks. Combatants Poisoned by you instead lose three Ticks of Hit Points instead of one when the Poisoned Affliction would activate its effects."
Deathly Aroma,"Static
Effect: Whenever the user ends their Turn, all Enemies within 3m of them lose -1 CS in a Stat of your choice and adjacent Enemies cannot restore Hit Points until the end of their next Turn."
Decoy_pte,"Scene - Swift Action
Connection - Follow Me. 
Effect: When this Ability is Activated, you may use Follow Me as a Free Action.
Bonus: The user has a bonus to Evasion equal to your Tier Level if the attacker is Provoked by you or Dazed. "
Deep Sleep_pte,"Scene - Standard Action
Effect: The user becomes Drowsy, then if they do, they restore 5 Ticks of Hit Points. 
Bonus: When the user becomes Drowsy they may choose to gain a Sleep Coat which persists while they have the Drowsy Affliction. While they have a Sleep Coat, they cannot use Swift or Movement Actions, they resist all Attacks by an additional Damage Step and they restore two Ticks of HP at the end of their Turn.  "
Defiant_pte,"At-Will - Free Action
Trigger - The user has their CS lowered by an Attack, Ability or Feature from a source other than themselves
Effect: The user gains +2 CS in Attack or Special Attack. Defiant may only be Triggered once per Round."
Defy Death_pte,"At-Will - Free Action
Trigger - The user would faint and had more than 10% Hit Points
Effect: The user performs a Luck Roll. If they pass a DC 5, they are instead set to 1 Hit Point instead of fainting. Each time this Ability activates, increase the DC by +5.  "
Delayed Reaction_pte,"At-Will - Reaction
Trigger - You would take Damage
Effect: You instead take no Damage. At the end of the Round, you lose Hit Points equal to the damage you should have taken when before using this Ability. This occurs even if the user is recalled."
Desert Weather_pte,"Static
Keywords - Defensive
Effect: The user resists Ground and Fire Type Attacks by an additional Damage step. If the user ends their turn while the Weather is Sandstorm, they gain a Tick of Temporary Hit Points and restore a Tick of Hit Points. "
Dig Away_pte,"Scene - Reaction
Keywords - Defensive
Trigger - The user is hit by a non-Adjacent Attack
Effect: The Triggering Attack instead misses. The user is removed from the Scene and becomes Untargetable for this duration. At the start of the user’s next Turn, they enter the field in any unoccupied space where they could have moved to during their last turn. 
Bonus: Whenever the user uses the Burrower Capability, then uses a 1-Target Attack during that Turn, the Target cannot apply Speed Evasion against it."
Dire Spore_pte,"At-Will - Swift Action
Connection - Spore. 
Effect: The user creates Spore Hazards withiin a 3, Ranged Blast 2, area. Enemies that move through this Hazard become Paralyzed, Poisoned or Burned, of the user's choice. 
Bonus: Your Grass Type Status Attacks gain a 15+ Effect Range to inflict Poison."
Discipline_pte,"Scene x2 - Swift Action
Effect: The user is cured of a Status Affliction. This Ability cannot be activated on a Turn the user used a Damaging Attack and the user cannot use a Damaging Attack for the rest of this Turn after activating Discipline."
Disguise_pte,"Scene - Free Action
Keywords - Defensive
Trigger - The user is hit by a Damaging Attack
Effect: The Triggering Attack is resisted by an additional Step, then the user becomes Enraged.  
Bonus: While Enranged this way, the user has a bonus to Critical Hit Ranges equal to their Tier Level for their Dark and Ghost Type Damaging Attacks. If the user is now longer Enraged, as a Swift Action, the user may restore the Frequency of this Ability."
Dodge_pte,"Static
Keywords - Defensive
Effect: The user starts the Scene with Dodge Counters equal to their Tier Level. A Dodge Counter can be expended as a Reaction to gain +3 Evasion against an Attack or to treat an Attack as if it didn't have the Smite Keyword. Multiple Counter can be expended against the same Attack if desired and may be done after seeing the Accuracy Roll."
Dream Smoke_pte,"Scene - Reaction
Keywords - Defensive
Trigger - The user is hit by an Attack from an Adjacent Enemy
Connection - Smokescreen. 
Effect: The Triggering Enemy becomes Drowsy. 
Bonus: When the user uses Smokescreen, Smoke Hazards created that way also cause Enemies to become Drowsy if they move through it or end their Turn in the Hazard."
Drizzle_pte,"At-Will - Swift Action
Effect: The Weather becomes Rainy. 
Bonus: While the Weather is Rainy, the user has a bonus to Save Checks equal to their Tier Level and has a Boon to all Skill Checks while in Combat."
Drought_pte,"At-Will - Swift Action
Effect: The Weather becomes Sunny. 
Bonus: While the Weather is Sunny, the user has a bonus to Save Checks equal to their Tier Level and has a Boon to all Skill Checks while in Combat."
Drown Out_pte,"At-Will - Swift Action
Trigger - The user uses an Attack with the Sonic Keyword
Effect: The Target gains a penalty to Accuracy equal to your Tier Level until the end of their next Turn. If they fail a Standard CR (2) Focus Check, they instead become Deafened. Deafened is a Physical Status Affliction that has the same Accuracy Penalty while they’re affected by the Affliction. If the user is Tier 3, it becomes a Tough CR (3) Focus Check instead. 
Bonus: The user’s Attacks with the Sonic Keyword gain the Smite Keyword against Enemies that are adjacent to you.  "
Dusk Body,"Scene - Swift Action
Effect: The user restores two Ticks of Hit Points or gains 2 Ticks of Temporary Hit Points or is cured of a Physical Status Affliction. If the user is in Foggy Weather, the Frequency of Dusk Body isn’t expended. This Ability can only ignore its Frequency twice in a Scene."
Dust Cloud_pte,"Scene x2 - Swift Action
Trigger - You use a Bug, Ground, Grass or Poison Type Status Attack
Connection - Smokescreen. 
Effect: You create Smoke Hazards (Refer to Smokescreen) in a 3x3 Zone, centered on one of the Targets of the Triggering Attack. "
Dusty Guard,"At-Will - Swift Action
Keywords - Defensive
Trigger - The user uses a Ground or Rock Type Attack
Effect: The user gains a Tick of Temporary Hit Points or gains +1 CS in Defense or Special Defense.
Bonus: While the Weather is Sandstorm, Effect Ranges cannot Trigger if the user is a Target. "
Early Bird_pte,"Static
Effect: The user may perform Save Checks to cure Afflictions at the start of their Turn instead of at the end (Before any Affliction Effects would occur). All Enemies who haven't acted yet this Round treat the user's Attacks as if they had the Unstoppable Keyword. "
Earth Eater_pte,"At-Will - Swift Action
Keywords - Defensive
Target - Rough, Cover or Blocking Terrain that the user is Adjacent to or standing on
Effect: The Targeted Terrain changes to Basic Terrain. The user then restores two Ticks of Hit Points or gains +1 CS in Defense or Special Defense. The GM may decide if Terrain is able to be changed by this ability or not but not whether or not it can be Targeted. 
Bonus: The user is Immune to Ground Type Attacks. "
Earthen Shell,"Scene - Reaction
Keywords - Defensive
Trigger - The user falls below 50% Hit Points
Connection - Shell Smash. 
Effect: The user may use Shell Smash as a Free Action, then becomes Enraged.  
Bonus: When the user uses Shell Smash, they may choose to instead increase Defense and Special Defense by +3 CS instead of the attack’s listed stats."
Edged Leaf,"Scene - Swift Action
Trigger - The user hits a Grass Type Melee Attack
Effect: Targets hit by the Triggering Attack become Wounded.
Bonus: The user's Physical Melee Attacks have a 17+ Effect Range to inflict Wounded on all Targets. The user's Wounded Effect Ranges (Excluding the one granted by Edged Leaf) are increased by +2.  "
Effect Spore_pte,"At-Will - Reaction
Keywords - Defensive
Trigger - An Enemy ends their Turn Adjacent to the user or hits them with an Attack while Adjacent to them
Effect: The Triggering Enemy must pass a Standard CR (2) Athletics Check or else they roll a d3. If the user is Tier 2, it becomes a Tough CR (3) Athletics Check. If the user is Tier 3, they also have a Bane to the Skill Check. When they roll the d3, on a 1, they become Poisoned. On a 2, they become Paralyzed. On a 3, they become Drowsy. "
Eggscellence_pte,"Static
Connection - Barrage. 
Effect: When using Barrage or Egg Bomb, the user may use their HP Stat Value (Not Hit Points) as an Offensive Stat. On a 15+, these Attacks deal Damage as if it were one step more effective."
Electric Surge_pte,"Scene - Swift Action
Connection - Electric Terrain. 
Effect: You may use Electric Terrain as a Free Action, however it only lasts until the end of the next Round. 
Bonus: At the end of the Round, if the Weather is Thunderstorm, you may use a Reaction to gain +1 CS in a Stat of your choice."
Electrodash_pte,"At-Will - Swift Action
Trigger - The user uses a Dash Attack
Effect: The Triggering Attack has a 17+ Effect Range to Paralyze all Targets and may be treated as if it were Electric Type. 
Bonus: While the Weather is Thunderstorm, the user has +3 to their Movement Value, cannot be Slowed and cannot trigger Attacks of Opportunity via movement. "
Electromorphosis_pte,"At-Will - Reaction
Keywords - Defensive
Trigger - The user is hit by a Melee or Physical Attack
Effect: After Damage Resolution, note the amount of Damage taken by the user. This noted number is halved (Rounded Up) and added as Plasma Counters. 
Bonus: As a Swift Action when hitting an Electric Type Damaging Attack, you may expend any number of Plasma Counters the user has and add that as a Damage Modifier to the Attack’s Damage Calculations."
Emperor's Ego,"Scene x2 - Reaction
Trigger - The user gains a Mental Affliction
Effect: The user gains +2 CS in a Stat of their Choice
Bonus: The user's Damaging Attacks are always treated as Super Effective against Ice Type Pokemon, ignoring Type Effectiveness. "
Enduring Rage_pte,"At-Will - Reaction
Trigger - The user drops below 50% Hit Points or is hit by a Critical Hit
Effect: The user becomes Enraged.  
Bonus: While the user is Enraged, they faint when they reach -25% of their Maximum Hit Points instead of 0. While the user is Enraged, they gain Damage Reduction equal to their Tier Value.  "
Energy Leech,"Scene x2 - Swift Action
Trigger - The user hits an Attack on an Adjacent Enemy
Effect: The Triggering Attack is treated as having the Drain Keyword. The user then becomes Slowed. If the user is at Maximum Hit Points when Energy Leech is used, one Target that was hit by the Triggering Attack loses -2 CS in a chosen Stat, then the user gains +2 CS in the same Stat. "
Enfeebling Lips_pte,"Static
Trigger - The user performs a Melee Attack or uses Lovely Kiss
Connection - Lovely Kiss. 
Effect: Choose a Stat. If the Triggering Attack hit, the Stat will be lowered by -1 CS. If the Attack was Status Category, it is instead lowered by -2 CS on a hit or -1 CS on a Miss. CS can only be lowered by this Ability once per Round. "
Fabulous Trim_pte,"Static
Effect: Furfrou’s Ability depends on its current Hairstyle. It’s hairstyle may be changed as an Extended Action by someone with expertise in pokemon grooming such as a hair parlor. 

Dandy Trim - Analytic
Debutante Trim - Rally
Diamond Trim - Defiant
Heart Trim - Beautiful
Kabuki Trim - Inner Focus
La Reine Trim - Intimidate
Matron Trim - Friend Guard
Pharoah Trim - Regal Challenge
Star Trim - Run Away"
Fade Away_pte,"Scene - Reaction
Keywords - Defensive
Trigger - The user is hit by an Attack from a non Adjacent Enemy
Effect: The Triggering Attack misses the user, then the user turns Invisible until the start of their next Turn. At the start of their Turn, the user may appear in any space within 3m of where they were when they turned invisible. 
Bonus: While the user is Invisible, they are Untargetable. If the Weather is Foggy, Fade Away may Trigger if the Attacking was from an Adjacent Enemy as well."
Fated Love,"Scene - Swift Action
Target - An Enemy within 3m
Effect: The user chooses one ally or themself. The Target becomes Entranced with the chosen Combatant as their Fixation. 
Bonus: While an Enemy is Entranced with the user as their Fixation, the effects of the affliction apply to them regardless if the user is within 3m of them."
Fiery Crash_pte,"Static
Effect: Whenever the user uses an Attack with the Dash keyword, they may either increase that Attack’s Damage Base by +2, or change the Attack to be Fire Type if it was not already. All Attacks with the Dash keyword performed as Fire Typed burn their target on 17+, or increase the effect range by +2 if they could already inflict Burn. The user ignores the Recoil Keyword on Fire Type Attacks."
Fiery Soul,"Static
Effect: When the user enters the Field, they summon a Fiery Soul Token within an Adjacent Space. This Token cannot be Targeted, may move up to 5m as a Free Action on the user's Turn, and is removed from the Field when the user faints or is recalled. The user may originate Manipulate Maneuvers, Fire Type Attacks or Sonic Attacks from the space their Fiery Soul Token is in. If you or an Ally are adjacent to the Token, they have a bonus to Save Checks equal to your Tier Level. "
Flame Body_pte,"At-Will - Reaction
Keywords - Defensive
Trigger - An Enemy ends their Turn Adjacent to the user or hits them with an Attack while Adjacent to them
Effect: The Triggering Enemy either becomes Burned. If the Trigger was being hit with an Attack and the Triggering Enemy is already Burned, they cannot cure the Affliction during their next Save Check. "
Flaming Shot,"Scene x2 - Movement Action
Trigger - The user uses a Fire Type Attack with the Line Range
Effect: Instead of the Attack being a straight line, at any point in the Line, it can shift one space off the straight line, then it must continue straight the rest of the range.
Bonus: If the user has higher Speed than a Target of its Fire Type Damaging Attack, they cannot apply Speed Evasion against it. The user may use Fire Type Damaging Attacks as if their Range was Line 6"
Flaming Wrath,"Static
Effect: For each Tick of Hit Points the user is missing, the user gains a +5 Bonus to Damage Rolls for Fire Type Attacks. This Damage Bonus cannot exceed double the user’s Tier Value. While the user is below 50% of their Max Hit Points, their Damaging Attacks ignore the Recoil Keyword. "
Flames of Justice,"Scene x2 - Swift Action
Trigger - The user uses a Fire or Psychic Type Attack with a range of X, 1 Target
Connection - Armor Cannon. 
Effect: The Triggering Attack’s Range is changed to Line X, where X is the meters of the original Range. You may instead change the Range to Close Blast Y, Smite, but may only do so once per Scene and the user becomes Vulnerable Attack Resolution until the end of the next Round. Y is equal to half the Value of X rounded down."
Flavorful Aroma_pte,"At-Will - Swift Action
Effect: Choose one of the following Aroma Scents. Sweet, Spicy, Floral, Fruity. The modifier of this Ability’s Bonus Effect is dependent on the chosen Scent. If it is Sweet, the Modifier is to Effect Ranges. If it is Spicy, the Modifier is to Critical Hit Range. If it is Floral, it is to Save Checks. If it is Fruity, it is to Accuracy Rolls. 
Bonus: The user and all allies within 3m have a Modifier to a Combat Value depending on the user’s current Aroma Scent equal to your Tier Level. As an Extended Action you may choose a Scent to start the Scene with."
Floral Bloom,"Scene - Swift Action
Effect: The user may only use Floral Bloom if the Weather is Sunny or they’re below 50% Hit Points. When Activated, choose two Stats. You gain +2 CS to the chosen Stats and all Allies within 3m of you gain +1 CS in the chosen Stats. You may also choose HP and if you do, you gain 3 Ticks of Temporary Hit Points and Allies gain 2 Ticks of Temporary Hit Points.
Bonus: While the Weather is Sunny, Grass Type Attacks you have are treated as having the Priority (Limited) Keyword."
Flower Power_pte,"Static
Effect: The user may perform damaging Grass Type Attacks as if they were their choice of either Physical or Special. If the Weather is Sunny, the user’s Grass Type Damaging Attacks cannot be resisted by Type Effectiveness."
Flower Veil_pte,"Static
Keywords - Defensive
Effect: The user and Allies within 2m cannot have their Combat Stages lowered by any source other than themselves. If the Weather is Sunny, the user and Allies within this range have a bonus to Evasion equal to your Tier Level. "
Fluffy_pte,"Static
Keywords - Defensive
Effect: The user resists Melee Attacks by an additional Damage Step. The user is considered to be Weak against Fire Type Attacks, ignoring Type Effectiveness. The user cannot cure the Burn Affliction through Save Checks. If the user would already be weak to Fire Type Attacks, they cannot apply Evasion against them. "
Fluffy Charge_pte,"Scene - Movement Action
Trigger - The user uses a self-targeting Attack or an Electric Status Attack that is not Charge
Connection - Charge. 
Effect: You may use Charge as a Free Action, frequency permitting. You may use either the Versatile Effect or the normal Effect. If you use the Versatile Effect, Fluffy Charge’s Frequency isn’t expended.
Bonus: When the user ends their Turn in Thunderstorm Weather, they restore a Tick of Hit Points."
Flying Fly Trap_pte,"Static
Keywords - Defensive
Effect: The user is Immune to Bug and Ground Type Attacks. The user’s Melee Attacks are one step more Effective against Bug Type Pokemon (Max 1.5x Effectiveness). "
Focused Membrane,"Scene x2 - Swift Action
Target - An Enemy within 5m
Effect: Make a Perception or Intuition Check. Depending on the results, the user gains bonuses to their next Attack against the Target. An Enemy can only be affected this way once per Scene.
2+ Successes - They've Vulnerable against the Attack
4+ Successes - They cannot resist the Attack other than through Smite.
6+ Successes - If it is Damaging, it is automatically a Critical Hit"
Forecast_pte,"At-Will - Reaction
Trigger - An Attack with the Field Keyword is used
Effect: The user changes their Type to the Type of the Triggering Attack. 
Bonus: The user’s Normal Type Attacks may deal damage as if they were the user’s Type instead."
Forest Lord_pte,"Scene x3 - Movement Action
Effect: The user grows a Tree Hazard on one space within 8m of the user whose appearance is dependent on the terrain. The Tree is considered Large Blocking Terrain.
Bonus: The user may originate any Grass or Ghost Type Attacks or Tactic Maneuvers from a Tree within 8m of them. The user is considered to occupy all spaces their Tree Hazards are in."
Forewarn_pte,"At-Will - Free Action
Target - An Enemy within 5m
Effect: The Attack with the highest Damage Base the Target has on their Attack List becomes Forewarned until the end of the Scene. When an Attack is Forewarned, it is communicated to the Players that it is on their Attack List. If an Enemy is Targeted multiple times, their next highest or a random Attack is Forewarned. Forewarn may only be used once per Round.
Bonus: You and Allies have a bonus to Evasion equal to your Tier Level against Forewarned Attacks. You may perform Analyze Maneuvers as a Free Action once per Round. "
Fox Fire_pte,"Scene - Swift Action
Connection - Will-O-Wisp. 
Effect: When this Ability is activated, the user must expend a Wisp Counter, then they may use a Fire or Ghost Type Status Attack as a Free Action. If they instead expend 3 Wisp Counters, the Frequency of this Ability isn't expended.
Bonus: Whenever the user uses a Fire or Ghost Type Attack as a Standard Action, they gain a Wisp Counter (Max 3) at the end of their Turn. On a 16+ on the qualifying Attack, they instead gain +2 Wisp Counters (This counts as an Effect Range). "
Friend Guard_pte,"Scene x2 - Reaction
Keywords - Defensive
Trigger - An Adjacent Ally is hit by a Damaging Attack
Effect: They resist it by an additional damage step. 
Bonus: Allies that are adjacent to the user have Damage Reduction equal to your Tier Value while they’re adjacent to you. This cannot stack with other instances of Friend Guard. "
Frostbite_pte,"Static
Effect: The user gains a bonus to Chilled Effect Ranges equal to their Tier Level (Excluding the one granted by Frostbite). The user’s Melee Attacks that do not have a Chilled Effect Range gain one at 18+. While an Enemy is Chilled by you and they’re hit by an Attack, they lose a Tick of Hit Points. An Enemy cannot lose more than 3 Ticks this way per Round.  "
Gale Surge,"At-Will- Swift Action
Trigger - The user hits a Flying Attack
Effect: After the Triggering Attack is resolved, choose any number of Targets of the Triggering Attack to Slide up to 3m away from you.
Bonus: The user’s Flying Type Attacks have their Areas of Effect increased by +1. If it's 1-Target, they may instead be used as if they were Blast 2, if desired."
Gale Wings_pte,"Static
Effect: The user may perform Flying Type Attacks as if they had the Priority Keyword. While the Weather is Windy, the user cannot trigger Attacks of Opportunity or be Slowed."
Gentle Vibe_pte,"Scene - Swift Action
Effect: The user and all Allies within 3m may either cure a Mental Affliction or have their CS reset to their Default Values
Bonus: The user and adjacent allies have a bonus to Save Checks equal to your Tier Level if they’re suffering from a Mental Affliction."
Giver_pte,"Scene x2 - Swift Action
Trigger - The user uses Present
Connection - Present. 
Effect: If the user targeted an enemy, the DB is automatically 10 without rolling. If the user targeted an ally, they gain 3 additional Temporary Ticks of Hit Points"
Good As Gold_pte,"Scene - Standard Action
Keywords - Defensive
Effect: The user gains a Golden Coat. While the user is affected by the Golden Coat, they are resistant to all Damage by an additional Damage Step. The Golden Coat is removed if the user is Critically Hit, hit by an Attack that would be Super Effective or drops below 50% Hit Points. 
Bonus: The user is Immune to Enemy Status Attacks. "
Gooey_pte,"At-Will - Reaction
Keywords - Defensive
Trigger - The user is Targeted with an Attack by an Adjacent Enemy
Effect: The Triggering Enemy becomes Slowed and loses -2 CS in Speed. If they are already Slowed, they cannot cure it during their next Save Check. "
Gore_pte,"Scene x2 - Swift Action
Trigger - The user hits an Enemy with the Wounded Affliction
Effect: The Wounded Affliction cannot be cured via Save Checks during their next Save Check, then the Target loses -2 CS in Defense. 
Bonus: The user’s Melee Attacks gain a 17+ Effect Range to cause their Targets to become Wounded."
Gorilla Tactics_pte,"Scene - Swift Action 
Effect: The user becomes Enraged and Suppressed and gains +2 CS in Attack or Special Attack. 
Bonus: The user adds a 1d6 Bonus to Damage Rolls for At-Will or Melee Attacks. For each ally that is adjacent to the user, they add an additional 1d6. If the user is Tier 3, these are increased to 2d6 instead. "
Grass Pelt_pte,"Scene - Reaction
Keywords - Defensive
Trigger - The user is hit with a Super Effective Attack
Effect: The Triggering Attack instead misses. After the Attack’s resolution, the user loses the Grass Type for the remainder of the Scene. If the user would have no Type after this, the user is treated as Normal Type. 
Bonus: While the user has the Grass Type or if the Weather is Sunny, the user has Damage Reduction equal to their Tier Value. "
Grassy Surge_pte,"Scene - Swift Action
Connection - Grassy Terrain. 
Effect: You may use Grassy Terrain as a Free Action, however it only lasts until the end of the next Round
Bonus: At the end of the Round, if the Weather is Sunny, you may use a Reaction to gain +1 CS in a Stat of your choice."
Guard Dog_pte,"At-Will - Free Action
Keywords - Defensive
Target - An Ally within 5m
Effect: The Target becomes your Escort. You may only have one Escort at a time.
Bonus: While you are adjacent to your Escort, they cannot be Targeted by Ranged 1 Target Attacks. While Adjacent, if they were to be Targeted by any Attack, you may use a Reaction to become the Target instead, then you and the Escort slide into each other's spaces. Whenever your Escort moves, you may Slide into a space that is adjacent to them. 
"
Guts_pte,"At-Will - Reaction
Trigger - The user is hit by an Attack or gains a Physical Affliction
Effect: After the Trigger resolves, the user gains +1 CS in Attack or Defense.
Bonus: While the user has a Physical Affliction, they. have a bonus to Damage Rolls equal to their Tier Value."
Haunting Spirit,"Scene - Free Action
Trigger - The user would Faint from a Damaging Attack
Effect: The Triggering Enemy becomes Cursed.   
Bonus: Enemies that are Cursed as a result of you gain the Haunted Condition while Cursed. Allies of an Haunted Enemy are treated as having the Cursed Affliction while they're within 2m of them."
Hay Fever_pte,"At-Will - Swift Action
Trigger - The user uses a Bug, Grass or Poison Type Attack
Effect: All Enemies within 2m lose a Tick of Hit Points for each Physical Affliction they're affected by.
Bonus: All Enemies without the Breathless Capability that end their Turn within 2m of the user lose a Tick of Hit Points and have a penalty to Save Checks equal to your Tier Level until the end of their Turn. "
Healer_pte,"At-Will - Full Action
Target - An Adjacent Ally
Effect: Choose one Effect to apply to the Target. A Combatant can only be affected by each Effect of Healer once per Scene. The Target is cured of all Status Afflictions. The Target restores 5 Ticks of Hit Points. The Target may use the Respite Maneuver as a Free Action on their next Turn, ignoring its restrictions. "
Healing Aroma,"Scene - Standard Action
Target - An Adjacent Fainted Ally
Effect: The Target is revived and is set to 3 Ticks of Hit Points
Bonus: Allies that end their Turn adjacent to the user restore a Tick of Hit Points."
Heat Mirage_pte,"At-Will- Swift Action
Keywords - Defensive
Trigger - The user uses a Fire Type Attack
Connection - Double Team
Effect: The user gains one activation of a Double Team Coat, as if they used the Attack with the Versatile Keyword. If the Triggering Attack was Status Category, instead gain two activations.
Bonus: While the Weather is Sunny, the user has a bonus to Evasion equal to their Tier Level. "
Heliovolt_pte,"At-Will - Free Action
Keywords - Defensive
Trigger - The user hits an Electric Attack, is hit by an Electric Attack or ends their Turn in Sunny Weather
Effect: If the Trigger was hitting an Attack, its Effect is replaced with, “The user gains +1 CS in Attack or Special Attack”. If the Trigger was being hit by an Electric Attack, the user takes no Damage and instead gains +1 CS in Attack or Special Attack. If the Trigger was Weather, the user gains +1 CS in Attack or Special Attack. Heliovolt can only be Triggered twice per Round. "
Helper_pte,"At-Will - Free Action
Trigger - The user chooses a single Allly as a Target for an Effect
Connection - Helping Hand. 
Effect: The Targeted Ally gains a bonus to Accuracy, Evasion or Save Checks of your choice equal to your Tier Level until the end of their next Turn. "
High Voltage,"Static
Effect: All of the user's Attacks with the Sonic Keyword gain an Effect Range of 15+ whose Effect differs based on the user's Form. If the user is in Amped Form, they gain +1 CS in a chosen Stat. If the user is in Low Key Form, all Targets of the used Attack lose -2 CS in a chosen Stat.  "
Huge Power_pte,"Static
Keywords - Innate
Effect: The user adds +5 Points to their Attack Stat in the Extras Column. This effect repeats whenever the user reaches Level 20 and every interval after that (20, 40, etc) . If the user is a Trainer, the Level Intervals are Level 4, 8, 12, 16 and 20. The user may use Special Category Attacks as if they were Physical. If they do, their Range is changed to Melee, 1 Target. "
Hunger Switch_pte,"At-Will - Swift Action
Effect: Choose Full Belly Mode or Hangry Mode. The user enters this Mode until the end of the Scene or if this Ability is used again. Hunger Switch can only be used at the start of the user's Turn.
Bonus: While in Full Belly Mode, The user gains two Ticks of Temporary Hit Points at the end of their Turn. While in Hangry Mode, they become Enraged and have a bonus to Critical Hit Ranges equal to your Tier Level. "
Hydration_pte,"Scene - Swift Action
Effect: The user is cured of a Status Affliction. If the user is in Rainy Weather or Ocean Terrain, the Frequency of Hydration isn’t expended. This Ability can only ignore its Frequency twice in a Scene."
Hyper Cutter_pte,"Scene x2 - Swift Action
Trigger - The user rolls a Natural 15+ on a Melee Damaging Attack
Effect: Choose an Effect to apply:
■ A Coat the Target is affected by is destroyed
■ The Triggering Attack has the Unstoppable Keyword
■ The Target loses -2 CS in Defense or Special Defense after Attack Resolution
Bonus: The user’s Attack CS cannot be lowered below their Default CS Value."
Hypnotic_pte,"Scene - Swift Action
Trigger - You inflict the Drowsy Affliction
Connection - Hypnosis. 
Effect: Choose another Affliction below to apply to the Drowsy Enemy. When they become Cured of Drowsy, this Affliction is also removed. 
■ Dazed, Enraged, Entranced
Bonus: Whenever the user would inflict Drowsy, they may instead inflict any of the above Afflictions"
Ice Body_pte,"Scene - Swift Action
Effect: The user restores two Ticks of Hit Points or gains 2 Ticks of Temporary Hit Points or is cured of a Physical Status Affliction. If the user is in Snowy Weather, the Frequency of Ice Body isn’t expended. This Ability can only ignore its Frequency twice in a Scene."
Ice Face_pte,"Static
Keywords - Innate
Effect: The user has two sets of base stats; Ice Face and Noice Face. The Hit Points of both forms must be the same. When the user is in Ice Face Form and is reduced to half Maximum Hit Points or lower, it changes to Noice Form. The user returns to Ice Form while outside of combat if above half Maximum Hit Points.
Bonus: The user begins the battle with two Ticks of Temporary Hit Points. If the user starts their turn in Snowy or Rainy Weather then they gain a Tick of Temporary Hit Points."
Ice Shield_pte,"Scene - Standard Action
Keywords - Defensive
Trigger - The user or an Adjacent Ally are hit with an Attack
Effect: The user and all Adjacent Allies are instead not hit by the triggering Attack, do not take any damage, and are not affected by any of the triggering Attack's effects. 
Bonus: As a Swift Action, the user may choose up to 2 Adjacent Spaces to create [Breakable - Dense] Blocking Terrain in. "
Illuminate_pte,"Static
Keywords - Defensive
Connection - Flash. 
Effect: Attacks that Target the user have a penalty to Accuracy against them equal to your Tier Level (Doesn’t apply to other Targets). This penalty is doubled if the Attacker is adjacent to the user. This does not affect attackers with the Blindsense Capability. "
Illusion_pte,"Scene - Free Action
Trigger - A Scene starts
Target - A Combatant within 10m
Connection - Double Team
Effect: The user gains an Illusion Coat. While they have an Illusion Coat, they may take the appearance of the Target. Any Combatant who fails an Intuition or Perception Check opposed by your Guile or Stealth will treat you as if you were that Target. Whenever you take Damage, the Illusion Coat is expended. *Grants Illusionist
Bonus: If the user has a Double Team Coat, they may destroy their Illusion Coat to use the Effects of the Double Team Coat without expending an activation."
Imposter_pte,"Scene - Free Action
Keywords - Innate
Effect: If the user is not Transformed, they may trigger Imposter to use Transform as a Free Action."
Infiltrator_pte,"At-Will - Swift Action + Reaction
Effect: Until the start of their next Turn, the user becomes Untargetable. Enemies ignore this Effect while they're within 3m of the user.
Bonus: The user ignores the Effects of Hazards and Terrain they move through. "
Ink Spray,"Scene x2 - Swift Action
Trigger - You hit an Enemy with an Adjacent Attack or a Poison Type Attack
Effect: All Targets hit by the Triggering Attack gain an Ink Coat. Enemies with an Ink Coat have a penalty to Accuracy equal to your Tier Level. Ink Coats may be removed as a Swift+Movement Action.
Bonus: The user's Poison Type Attacks have a 15+ Effect Range to cause Targets hit by the Attack to gain an Ink Coat. "
Innards Out_pte,"Scene - Reaction
Keywords - Defensive
Trigger - The user is hit by a Damaging Attack
Effect: The user resists the triggering attack one step further. After the attack is resolved, an Enemy within 2 meters loses Hit Points equal to twice the amount of Hit Points lost by the user from the triggering attack, even if the triggering attack caused the user to Faint. "
Inner Focus_pte,"Static
Effect: The user has a bonus to Save Checks equal to their Tier Level. The user may perform a Respite Maneuver as a Standard Action, ignoring the negative effects of the Maneuver and they may instead choose two of the effects to apply. These negative effects include being unable to use it while there are enemies within 3m, having their positive CS set to default value, and becoming Vulnerable."
Interference_pte,"At-Will - Reaction
Trigger - An Enemy within 3m would perform a Save Check or Accuracy Roll
Effect: The Enemy has a penalty to the Triggering roll equal to your Tier Level.
Bonus: The user may perform Hinder Maneuvers as if they were 5, 1 Target and may use their Focus Skill when making opposed checks. "
Intimidate_pte,"At-Will - Reaction
Trigger - An Enemy ends their Turn within 3m of you
Effect: The Triggering Enemy loses -1 CS in Attack or Special Attack of your choice. If they ended their Turn Adjacent to the user, they instead lose -2 CS in Attack or Special Attack. "
Iron Barbs_pte,"At-Will - Reaction
Keywords - Defensive
Trigger - An Enemy Targets the user with an Attack while Adjacent to them
Effect: The Triggering Enemy becomes Wounded. If they’re already Wounded, they lose a Tick of Hit Points and cannot cure it during their next Save Check. 
Bonus: The user’s Melee Attacks have a 16+ Effect Range to cause the Target to lose a Tick of Hit Points."
Iron Body,"At-Will - Reaction
Keywords - Defensive
Trigger - The user is hit by a Damaging Attack
Effect: When calculating type effectiveness, the user is treated as only Steel Typed. 
Bonus: The user gains +2 DB to Steel Type Damaging Attacks. (This is not STAB)"
Iron Fist_pte,"Scene x2 - Swift Action
Trigger - You use a Melee, 1 Target Attack
Effect: The Target cannot apply Physical Evasion against the Triggering Attack.
Bonus: The user gains +3 DB to Attacks with the Punch Keyword."
Ionic Charge,"At-Will - Swift Action
Trigger - The user hits with an Electric Type Attack
Effect: All Targets hit by the Triggering Attack lose -1 CS in two Stats of the user’s choice or an Ally within 3m gains +1 CS to a Stat of the user’s choice. 
Bonus: While the Weather is Thunderstorm, the user has a bonus to Save Checks equal to their Tier Level."
Juicy Energy_pte,"At-Will - Free Action
Target - The user or an Adjacent Ally
Effect: The Target gains a Tick of Temporary Hit Points. Temporary Hit Points gained this way stack on top of existing Temporary Hit Points. Juicy Energy may only be used once per Turn. "
Kampfgeist_pte,"At-Will - Reaction
Trigger - The user is hit with an Attack or the user causes an Enemy to Faint
Effect: The user’s Attack is set to +6 CS until the end of the next Round and you become Vulnerable for the same duration. After this Duration expires, you are set back to your Default Attack CS. 
Bonus: The user gains STAB on Fighting Type Attacks."
Keen Eye_pte,"Static
Effect: The user’s Accuracy cannot be lowered, their attacks cannot have Accuracy Penalties (Excluding Provoked), and the user ignores any non-stat Evasion. The user gains a bonus to Accuracy equal to their Tier Level. "
Keystone Warp,"At-Will - Swift Action
Effect: The user may place an Odd Keystone Hazard in any adjacent Space or expend all Soul Charges in an adjacent Odd Keystone Hazard to restore a Tick of HIt Points per Charge. 
Bonus: The user gains the Teleporter Capability, but can only use it to teleport to a space with an Odd Keystone Hazard occupying it. The user may originate any Dark or Ghost Type Attacks from an Odd Keystone Hazard. Whenever a Combatant faints, all Odd Keystones within 5m of them gain Xd3 Soul Charges, where X is equal to your Tier Level."
Klutz_pte,"Scene x2 – Reaction
Keywords - Defensive
Trigger - The user is Hit by a Burst, Blast, or Line Attack.
Effect: The user may Slide 1m, and then become Tripped. This Ability cannot be used if the user is Slowed, Grappled, or otherwise impaired from moving. This ability lets the user avoid Bursts, Blasts, or Lines if the movement removes them from the area of effect. "
Lancer_pte,"Static
Effect: All of the user’s Melee Attacks gain the Pass Keyword. Whenever the user activates the Pass Keyword, the Attack gains a bonus to Critical Hit Ranges equal to their Tier Level. Whenever the user ends their Turn without using a Movement Action, they gain Damage Reduction equal to their Tier Value until the start of their next Turn. "
Lateral Senses,"Static
Keywords - Defensive
Effect: Attacks that Target the user have a penalty to Accuracy against them equal to your Tier Level (Doesn’t apply to other Targets). If the user is Water Type, they gain Evasion equal to their Tier Level if they’re under 50% or in Rainy Weather. If the user has the Blindsense Capability, they gain Evasion equal to their Tier Level if they’re under 50% or in Low Lighting. "
Leaf Guard_pte,"Scene x2 - Swift Action
Keywords - Defensive
Effect: The user gains a Leafy Coat. While the user has a Leafy Coat, they’re treated as being only grass Typed and they have Damage Reduction equal to their Tier Value.. After an Attack resolves where the user takes Super Effective Damage or a Critical Hit, they must pass a DC 15 Save Check or else the Leafy Coat is expended.  "
Legionnaire,"At-Will - Swift Action
Keywords - Innate
Effect: Choose an effect below which persists until the start of your next Turn.
■ Tetsudo Formation - The user has Damage Reduction equal to their Tier Value against non-Adjacent Attacks.
■ Phalanx Formation - Choose up to 5 Unoccupied Spaces that are contiguous with the one the user is occupying. The user is considered to occupy all of these spaces and Enemies treat them as Blocking Terrain. 
■ Corona Formation - An Adjacent Enemy becomes Trapped. They cannot Target any Ally more than 3m away from you while Trapped.
■ Orbis Formation - The user cannot be Flanked or Surrounded. The user and Adjacent Allies have bonus Evasion equal to your Tier Level."
Levitate_pte,"Scene - Swift Action
Keywords - Defensive
Trigger - A Round Starts
Effect: You may use the Flier Capability as a Free Action.
Bonus: When using the Flier Capability, the user does not become Grounded at the end of their Turn. While Airborne, the user is Immune to Ground Type and Groundsource Attacks and has Evasion against non-Adjacent Attacks equal to their Tier Level. *Grants Flier"
Life Force_pte,"Scene x2 - Swift Action 
Keywords - Defensive
Target - An Adjacent Enemy that has an Affliction
Effect: The Target loses two Ticks of Hit Points and you gain two Ticks of Temporary Hit Points. 
Bonus: Once per Round as a Swift or Movement Action, the user may restore a Tick of Hit Points."
Lightning Kicks_pte,"Scene - Reaction
Trigger - The user is Targeted by an Adjacent Attack
Effect: You may use a "Kick" Attack as a Standard Action against the Triggering Enemy. This Attack resolves before the Triggering Attack. If the Triggering Enemy were to faint, their Attack does not resolve. 
Bonus: The user’s Melee Attacks all gain the Dash Keyword and if Dash is activated, it ignores Speed Evasion. "
Lingering Aroma_pte,"At-Will - Free Action
Keywords - Defensive
Trigger - An Enemy ends their Turn within 2m of you
Effect: The Triggering Enemy must expend a Reaction or pass a TN 12 Save Check. On a Failure, you may either choose one of their Abilities to become Disabled, or lower one of their Stats by -2 CS. If they got a 3 or less, both apply instead. "
Liquid Ooze_pte,"At-Will - Reaction
Keywords - Defensive
Trigger - An Enemy ends their Turn Adjacent to the user or hits them with an Attack while Adjacent to them
Effect: The Triggering Enemy becomes Poisoned. If the Trigger was being hit with an Attack and the Triggering Enemy is already Poisoned, they cannot cure the Affliction during their next Save Check.  "
Liquid Voice_pte,"At-Will - Swift Action
Trigger - The user uses an Attack with the Sonic Keyword as a Standard Action
Effect: The triggering Attack loses the Sonic keyword, but gains the Friendly keyword and becomes Water Typed. If the Attack was a Status Class Attack, you may treat it as a Special Attack with DB 4. This ability may not be used with Perish Song."
Long Reach_pte,"Static
Effect: The user may use Damaging Attacks as if they had a range of "6, 1 Target" instead of their usual range. The user's Attack of Opportunity is modified, all mentions of "Adjacent Enemy" becomes "an Enemy within 3m". The final trigger becomes "when an Enemy shifts out of a burst 3 range from the user" rather than moving out of adjacency."
Lullaby_pte,"Static
Connection - Sing. 
Effect: Enemies that are Drowsy as a result of the user are Vulnerable while they're Drowsy. While a Drowsy Enemy is within 2m of you, they have a penalty to Save Checks equal to your Tier Level."
Magical Surge,"Scene x2 - Free Action
Trigger - The user drops below 50% Hit Points or ends their Turn in Mystical Weather
Effect: The user next Special Attack gains the Smite Keyword
Bonus: While the user is in Mystical Weather, their Special Damaging Attacks have a bonus to Critical Hit Ranges equal to your Tier Level."
Magic Bounce_pte,"Scene x2 - Reaction
Keywords - Defensive
Trigger - The user is hit with a Special Attack and doesn’t faint
Effect: After Damage Calculations, choose an Enemy within 2m to lose Hit Points equal to the amount lost from the Triggering Attack.  "
Magic Guard_pte,"Static
Keywords - Defensive
Effect: Whenever the user would lose Hit Points (Excluding Damage), they may subtract their Special Defense from the amount lost first. While the Weather is Mystical, the user gains Damage Reduction equal to their Tier Value against Special Attacks. "
Magician_pte,"Static
Connection - Snatch. 
Effect: When using Snatch, you may choose to grant the benefits of the Self-Targeting Attack to both you and an ally within 6m. Whenever you hit an Adjacent Enemy with an Attack or Maneuver, you can perform a Disarm Maneuver against them as a Free Action and you may use Focus instead of Combat or Stealth."
Magma Armor_pte,"Scene x2 - Reaction
Keywords - Defensive
Trigger - You're hit with a Melee Attack
Effect: The Triggering Enemy becomes Burned after Damage Resolution
Bonus: Whenever you’re hit with a Melee Damaging Attack from a Burned Enemy, you treat the Type Effectiveness as if it were Resisted. "
Magnet Pull_pte,"At-Will - Swift Action
Target - A Combatant within 6m
Effect: Pick up to Two Effects;
- The Target Slides X meters. X is up to 6 meters minus the target’s Weight Class.
- If the Target is within 3m of the user, they become Trapped. 
- The Target cannot enter any space within 2m of you until the start of your next Turn."
Memory Wipe_pte,"Scene x2 - Special
Target - An Enemy within 3m
Effect: If used as a Swift Action, the last Attack used by the Target becomes Disabled. If used as a Standard Action, the Target becomes Dazed and Paralyzed. *Grants Mind Weaver"
Mental Assault,"Static
Effect: The user’s Psychic Type Damaging Attacks gain a Effect Range of 17+. When this Effect Range is Triggered, roll a d3. On a 1, all Targets become Dazed. On a 2, all Targets become Enraged. On a 3, all Targets become Suppressed. If an Enemy is suffering from a Mental Affliction, they cannot resist the user’s Special Attacks."
Mental Force,"Static
Effect: Whenever the user hits a Special Attack against an Enemy with negative Combat Stages in Special Defense, it cannot be resisted by any means. While the Weather is Mystical, the user’s Dark, Fairy, Ghost and Psychic Type Attacks that are Special Category ignore Defensive Abilities."
Migraine_pte,"Scene x2 - Swift Action
Trigger - The user inflicts a Mental Affliction
Effect: The Target gains a Migraine Coat while they have the Triggering Affliction.
Bonus: When the user falls below 50% Hit Points or gains a Mental Affliction, they gain a Migraine Coat. Combatants with a Migraine Coat have a Bane to Skill Checks and a penalty to Save Checks equal to your Tier Level. If the user has a Migraine Coat, they also have a bonus to Effect Ranges equal to their Tier Level."
Mind's Eye_pte,"At-Will - Swift Action
Effect: The Target becomes Marked with a Mind Mark. The user ignores the Special Evasion of Enemies with the Mind Mark. The user resists Special Category Attacks by an additional damage step if it derrives from an enemy with their Mind Mark
Bonus: Ghost Types are not Immune to the user’s Normal and Fighting Type Attacks."
Mirror Armor_pte,"Scene - Standard Action
Keywords - Defensive
Trigger - The user would be hit by a non-Adjacent Attack
Effect: The triggering Attack instead misses you. In addition, you may Target an Enemy within 2m and perform an Accuracy Roll with the AC being the Triggering Attack as if you had used it. If the Attack would hit, the Target is instead hit by the Triggering Attack as if they were the original Target. 
Bonus: The user’s Defense and Special Defense Combat Stages cannot be lowered. "
Missile Launch_pte,"At-Will - Swift Action
Connection – Dragon Darts. 
Effect: Select an unoccupied space within 5m to create a Dreepy Token in. This Dreepy Token cannot move this Turn.  
Bonus: Dreepy Tokens have 1 Hit Point but share the creator’s Evasion and can be targeted with Attacks. Whenever the creator would Move, they may allocate movement to their Tokens for them to move. A Dreepy Token may be destroyed as a Free Action when they move into a space occupied by an Enemy. If they do so, the creator may perform a Dragon Type Basic Attack against that Enemy as a Free Action, ignoring range. When a Dreepy Token would faint, they are destroyed instead.  "
Misty Surge_pte,"Scene - Swift Action
Connection - Misty Terrain. 
Effect: You may use Misty Terrain as a Free Action, however it only lasts until the end of the next Round.
Bonus: At the end of the Round, if the Weather is Mystical, you may use a Reaction to gain +1 CS in a Stat of your choice."
Mold Breaker_pte,"Static
Effect: You may use your Physical Attacks as if they had the Full Action Keyword. If you do, they are treated as having the Unstoppable Keyword. "
Molten Ground,"At-Will - Swift Action
Connection - Fire Wall. 
Effect: During this Turn, whenever the user Moves, all spaces they pass through turn into Fire Hazards (See: Fire Wall). "
Moody_pte,"At-Will - Free Action
Trigger - The user gains CS or a positive modifier 
Effect: Roll a d2. On a 2, the user ignores the Trigger and gain a Bad Mood Counter. The user cannot gain more than 2 Bad Mood Counters per Round. 
Bonus: When hitting an Attack, the user may expend 2 Bad Mood Counters to make it become a Critical Hit. After the Attack resolves, they become Enraged. The user cannot expend Bad Mood Counters while Enraged."
Mud Dweller_pte,"Static
Keywords - Defensive
Effect: The user resists Ground and Water Type Attacks by an additional Damage step. Enemies with a Mud Coat have double the Accuracy Penalty when Targeting the user."
Mud Shield_pte,"Scene x2 - Swift Action 
Target - The user or an Adjacent Ally 
Connection - Mud Sport. 
Effect: The Target gains two Ticks of Temporary Hit Points.While they have Temporary Hit Points from this Ability, they are Immune to Electric Type Damage.
Bonus: The user has Damage Reduction equal to their Tier Value against Attacks from enemies that have a Mud Coat."
Multiscale_pte,"Static
Keywords - Defensive
Effect: While the user is at Full Hit Points, they resist all damage by an additional step. While the user has Temporary Hit Points, they have Damage Reduction equal to their Tier Value. "
Mummy_pte,"At-Will - Reaction
Keywords - Defensive
Trigger - The user is hit by an Attack
Effect: A Random Attack or Ability of the Triggering Enemy is disabled. If the Enemy already has the Disabled Affliction, they may instead become Suppressed or Trapped if they’re within 3m of the user. "
Mycelium Might_pte,"At-Will - Swift Action
Effect: Choose 6 Spaces within 6m to create Mycelium Hazards in, such that all 6 Spaces are Adjacent to at least one other Mycelium Hazard. Mycelium Hazards are treated as Slow Terrain. Any Enemy that passes through a Mycelium Hazard loses a Tick of Hit Points, then the user gains a Tick of Hit Points or a Temporary Tick of Hit Points. If the user faints or is recalled, all Mycelium Hazards are destroyed."
Mysticism,"Static
Keywords - Innate
Effect: The user adds +5 Points to their Special Defense Stat in the Extras Column. When the user reaches Level 20 and every interval after that (20, 40, etc) they gain an additional +5. If the user is a Trainer, the Level Intervals are Level 4, 8, 12, 16, then 20. The user may use their Special Stat Evasion instead of Defense when Targeted by a Physical Attack if desired."
Mystic Mist,"At-Will - Swift Action
Effect: The Weather becomes Mystical. 
Bonus: While the Weather is Mystical, the user has a bonus to Save Checks equal to their Tier Level and has a Boon to all Skill Checks while in Combat. "
Mystic Veil,"Scene x2 - Free Action
Trigger - An Ally ends their turn within 2m of the user.
Effect: The Triggering Ally regains a tick of hit points.
Bonus: The user and allies within 2m of the user have a bonus to Save Checks equal to their Tier Level."
Natural Cure_pte,"Scene - Swift Action
Effect: The user is cured of all Physical Status Afflictions they have.
Bonus: The user has a bonus to Save Checks equal to double their Tier Level if they have a Physical Affliction."
Natural Regality,"Scene - Free Action
Trigger - The user hits with a Grass Type Attack
Effect: After the Triggering Attack resolves, choose a Manipulate Maneuver to use on all Targets hit by the Triggering Attack. The Maneuver automatically hits. 
Bonus: While the Weather is Sunny, the user's Combat Stages cannot be lowered below their Default CS Value."
Needles_pte,"At-Will - Reaction
Keywords - Defensive
Trigger - The user is hit by a Melee Attack or hits a Melee Attack
Effect: After the Trigger resolves, the Triggering Enemy or the Target, respectively, lose a Tick of Hit Points and gains a Needles Coat. While an Enemy has a Needles Coat, all Melee Attacks that hit them have a bonus to Damage Rolls equal to your Tier Value. The Needles coat can be removed as a Movement Action. "
Neutralizing Gas_pte,"Static
Effect: Enemy Abilities have no Effect while the user is Adjacent to them. If the user is Tier 3, this instead applies to Enemies within 2m of the user. If the user causes an Enemy to become Poisoned, their Abilities have no Effect while they are Poisoned this way. "
Nightfall,"At-Will - Swift Action
Effect: The Weather becomes Foggy. 
Bonus: While the Weather is Foggy, the user has a bonus to Save Checks equal to their Tier Level and has a Boon to all Skill Checks while in Combat. "
Nimble Strikes_pte,"Static
Effect: The user may add half of their Speed Stat to the Damage Rolls of their Physical Normal Type Attacks or may use their Speed Stat instead of Attack as the Offensive Stat for them. Whenever the user uses Melee Normal Type Attacks, the Target cannot apply Speed Evasion against them."
No Guard_pte,"Static
Effect: The user’s Melee Attacks ignore all Stat Evasion of their Targets. The user has a -3 penalty to Evasion."
Odious Spray_pte,"Scene x2 - Swift Action
Trigger - The user hits with a Poison-Type Attack.
Connection - Poison Gas. 
Effect: The user creates Gas Hazards in a Ranged Blast 3 centered on one Target of the Attack. Enemies that Trigger this Hazard become Weakened until the end of their next Turn and Poisoned.
Bonus: The user may create a 2x2 Zone within 3m as a Standard Action. This Zone is filled with Gas Hazards that cause those who Trigger it to become Weakened until the end of the next Round and Poisoned."
Omen_pte,"Scene - Swift Action
Target - An Enemy within 5m
Effect: The Target gains an Ominous Coat. When a Combatant with an Ominous Coat misses an Attack or fails a Save Check, the Coat is expended and they become Cursed. A Combatant can only be Cursed this way once per Scene.
Bonus: The user’s Dark and Ghost Type Attacks used as a Standard Action have a 17+ Effect Range of causing the Target to gain an Ominous Coat.  "
Opportunist_pte,"Scene x2 - Reaction
Trigger - An Enemy within 5m increases their Combat Stages
Effect: The user increases their Combat Stages for the same Stat by the amount increased by the Triggering Combatant
Bonus: When the user performs an Attack of Opportunity, they may use an At-Will damaging Attack instead of a Basic Attack so long as the only Target is the Triggering Enemy. "
Pack Hunt_pte,"Static
Effect: The user’s Attack of Opportunity can also be triggered when an Adjacent Enemy is hit by a non-Basic Attack from an Ally who is also Adjacent to that Enemy. An Attack of Opportunity can only be Triggered by you this way once per Round. Whenever you Trigger an Attack of Opportunity, you may choose for them to lose a Tick of Hit Points instead of performing a Damage Roll.  "
Parasitic Drain,"Scene x2 - Swift Action
Trigger - The user hits with an Adjacent Attack
Effect: The Attack is treated as having the Drain Keyword. If the user is at Full Hit Points, they instead gain Temporary Hit Points equal to the value they would have gained."
Parry_pte,"Scene x2 - Reaction
Keywords - Defensive
Trigger - The user is hit with an Attack from an Adjacent Enemy
Effect: The user resists the Attack by an additional Damage step. After this Ability resolves, the user may perform a Melee Attack as if it had the Priority and Sureshot Keyword but it must only be against the Triggering Enemy. "
Perish Body_pte,"At-Will - Reaction
Keywords - Defensive
Trigger - The user is hit by an Attack from an Enemy within 3m
Effect: The Triggering Enemy loses -1 Perish Counter or gains a Perish Coat, then they lose a Tick of Hit Points.
Bonus: Whenever an Enemy ends their Turn within 3m of the user, they gain a Perish Coat with 3 Perish Counters or they lose -1 Perish Counter. Whenever an Enemy has 0 Perish Counters left, you may choose to expend their Perish Coat and they’re set to 0 Hit Points. Whenever an Enemy is set to 0 this way, the user loses 5 Ticks of Hit Points. "
Pickpocket_pte,"At-Will - Free Action
Trigger - The user hits an Adjacent Enemy with an Attack
Effect: The user may either perform a Disarm Maneuver against the Target of the Triggering Attack as a Free Action, or have them lose -1 CS in a Stat they have Positive CS in. If they lose CS via this Ability, the user gains +1 CS in the same Stat."
Piercing Vision,"At-Will - Swift Action
Trigger - The user makes an Accuracy Check
Effect: The user rolls twice, keeping the better result
Bonus: The user’s Accuracy cannot be lowered, their attacks cannot have Accuracy Penalties, and the user ignores any non-stat Evasion. This ability does not ignore accuracy penalties from the Provoked Condition."
Poison Point_pte,"Static
Effect: The user’s Melee Attacks that do not have a Poisoned Effect Range gain one at 17+. The user's Poison Effect Ranges (Excluding the one granted by Poison Point) are increased by +2. The user’s Melee Attacks have a bonus to Critical Hit Range equal to your Tier Level if the Target is Poisoned."
Pollen Bomb,"At-Will - Special
Effect: Choose a Grass Type Damaging Attack on your Battle Attack List, then choose a space within 3m to create a Pollen Bomb Hazard. At the end of the next round, the Pollen Bomb Hazard is destroyed and the chosen Attack is used as a Free Action with its Range being a 3x3 Zone, centered on the Hazard and ignoring Frequency. This Ability costs a Swift Action to use as worded, but you may use it as a Full Action to create three Hazards instead and the range can be up to 6m. 
Note: If an Enemy would be hit by multiple Pollen Bombs at once, instead of applying the attack multiple times against them, it automatically hits but only applies once."
Poltergeist_pte,"Static
Keywords - Defensive
Effect: Rotom gains an Immunity to a Type of Damage depending on what Form it has taken. When using the Form Change Capability it may change to the form of its currently possessed item or back to Standard Rotom. These different forms may have different Battle Attack Lists. 

Standard Rotom: Ground
Rotom Heat: Fire
Rotom Wash: Water 
Rotom Frost: Ice 
Rotom Fan: Flying
Rotom Mow: Grass"
Polycephaly_pte,"Scene - Swift Action
Trigger - The user performs a Damaging X-Target Attack
Effect: The Attack's Range is increased by +1 Target. If it misses all Targets, this Ability's Frequency is not expended.
Bonus: The user's Basic Attacks gain the Double Strike Keyword."
Power of Alchemy_pte,"Scene x2 - Free Action
Keywords - Defensive
Trigger - The user hits a Melee Attack or is hit by a Melee Attack
Effect: Choose a non-Innate Ability that the Triggering Enemy or Target has. You learn that Ability until the end of the Scene or until you Faint or the Ability becomes Disabled. You cannot learn unique boss abilities this way. "
Power Spot_pte,"At-Will - Swift + Movement Action
Effect: Create a 3x3 Zone, centered on the user. Allies within this Zone gain a bonus to Damage Rolls equal to your Tier Value and a bonus to Accuracy equal to your Tier Level. When you Faint or gain a Mental Affliction, this Zone is removed. 
Bonus: Adjacent Allies gain these bonuses as well unless they're within this Zone."
Prankster_pte,"Static
Effect: The user may use Status Attacks as Priority. This cannot be used if the Status Attack would use an Action other than Standard Action."
Pressure_pte,"At-Will - Free Action
Trigger - An Enemy ends their Turn within 3m of you
Effect: The Triggering Enemy performs a TN 5 Save Check. On a failure, they become Suppressed. If they’re Adjacent, increase the TN by +5. If the user is Tier 3, increase the TN by +5. An Enemy can only become Suppressed this way once per Scene.
Bonus: The user’s Damaging Attacks cause Targets to become Suppressed on a 18+"
Pride_pte,"At-Will - Reaction
Trigger - The user is hit by an Attack or gains a Mental Affliction
Effect: After the Attack resolves, the user gains +1 CS in Special Attack or Special Defense.
Bonus: While the user has a Mental Affliction, they have a bonus to Damage Rolls equal to their Tier Value."
Primal Drum,"Scene x2 - Swift Action
Effect: The Range of the user's next Grass Type or Groundsource Attack may be changed to your choice of Burst 2; 6, 2, Targets, or Line 8. 
Bonus: The user's Groundsource Attacks gain the Smite Keyword."
Probability Control_pte,"At-Will - Reaction
Trigger - You or an Ally roll a d20
Effect: The Triggering d20’s result is replaced with your Stored d20’s value.
Bonus: As a Swift Action, you may roll a d20 and note its result. It becomes your Stored d20 Value. When you use Probability control, you no longer have a Stored d20 Value. If you use this Bonus Effect while you have a Stored d20 Value unused, it may replace the value with the new d20 result. "
Protean_pte,"At-Will - Swift Action
Trigger - The user uses an Attack.
Effect: Before the Attack is performed, the user’s Type(s) changes to match the Type of the triggering Attack. The user returns to their original type(s)(or lack thereof) at the end of the Scene."
Psychic Surge_pte,"Scene - Swift Action
Connection - Psychic Terrain. 
Effect: You may use Psychic Terrain as a Free Action, however it only lasts until the end of the next Round.
Bonus: At the end of the Round, if the Weather is Mystical, you may use a Reaction to gain +1 CS in a Stat of your choice."
Punk Rock_pte,"At-Will - Swift Action
Trigger - The user uses a Status Class Attack with the Sonic Keyword as a Standard Action
Effect: The Attack is treated as a Special Attack with a Damage Base of 6 that cannot be modified. Its effects remain the same.  
Bonus: The user gains +3 DB to damaging attacks with the Sonic keyword."
Pure Flame,"Static
Effect: While the user is Enraged, under 50% Max Hit Points or in Sunny Weather, their Fire Type Attacks have the following Modifiers. If it's Range is Blast, Burst or Line Range, it is increased by +1. Their Critical Hit and Effect Ranges are increased by your Tier Level. This bonus does not stack if multiple conditions are fulfilled."
Queenly Majesty_pte,"Scene x2 - Swift Action
Trigger - The user would perform a Save Check
Effect: The user automatically passes this Save Check without needing to roll. 
Bonus: After Queenly Majesty is used, the user’s next Damaging Attack gains the Smite Keyword. "
Quick Cloak_pte,"At-Will - Extended Action
Keywords - Innate
Effect: Burmy gathers materials from the nearby Terrain and creates a Cloak for Itself. The Forest or Grasslands Terrain gives it a Plant Cloak (Grass). Desert, Cave or Mountain Terrain give it a Sandy Cloak (Ground). Urban Terrain gives it Trash Cloak (Steel). While in a Cloak, Burmy gains the Type associated with the Cloak as a secondary Typing, which becomes permanent upon evolution into a Wormadam."
Quick Curl_pte,"Scene x2 - Reaction
Keywords - Defensive
Trigger - The user is hit by an Attack.
Connection - Defense Curl. 
Effect: Before the Attack's Damage Roll, the user may use Defense Curl as a Free Action, then gain Damage Reduction equal to your Tier Value until the start of your next Turn. If the user has a Rolled Coat, they gain an extra +5 DR per Counter they have for the same duration. "
Radiant Beam_pte,"Static
Effect: The user may use Grass Type Damaging Attacks as if they had the Range of “Line X”. X is equal to 4 plus the number of Positive Combat Stages in their corresponding Offensive Stat. If the Weather is Sunny, Attacks used this way gain the Smite Keyword as well. "
Ragelope_pte,"Static
Effect: The user's Physical Attacks gain the following Effect Range: On 18+, the user gains +1 CS in either Attack or Speed. While the user is Enraged this Effect Range is changed to 15+. Whenever the user gains a Status Affliction, they may become Enraged."
Raging Inferno,"At-Will - Reaction
Trigger - The user is hit by an Attack
Effect: The user's Fire Type Damaging Attacks have their DB increased by +2 until the end of the Scene, then, if not already, the user becomes Enraged.
Bonus: While the user is Enraged, the user's Fire Type Damaging Attacks have the Smite Keyword and have all Area of Effect Ranges increased by +1. "
Rain Dish_pte,"Scene - Swift Action
Effect: The user restores two Ticks of Hit Points or gains 2 Ticks of Temporary Hit Points or is cured of a Physical Status Affliction. If the user is in Rainy Weather, the Frequency of Rain Dish isn’t expended. This Ability can only ignore its Frequency twice in a Scene."
Rally_pte,"At-Will - Swift Action
Target - An Ally within 5m
Effect: The Target gains a Tick of Temporary Hit Points. If the Target is Dazed, Enraged, Entranced or Provoked they may roll a DC 15 Save Check and if they pass, they may cure one of those Afflictions or Conditions."
Razor Edge_pte,"Static
Connection - Poison Tail. The user gains a bonus to Critical Hit Ranges equal to their Tier Level. When using an Attack with “Tail” in its name, they have a Bonus to Damage Rolls equal to your Tier Value."
Reckless_pte,"At-Will - Free Action 
Effect: During this Turn you ignore Physical and Special Evasion on all Targets. The next Attack you're Targeted by treats you as if you were Vulnerable.
Bonus: The user gains +3 DB to Attacks with the Recoil or Reckless Keyword"
Refreshing Veil_pte,"Scene - Swift Action
Target - An Ally within 5m
Connection - Aqua Ring. 
Effect: The Target is cured of all Physical Afflictions. If the Target is affected by an Aqua Ring Coat, this Frequency is not expended, however they cannot be Targeted by Refreshing Veil for the remainder of the Scene. 
Bonus: While the Weather is Rainy, the user and all allies within 2m have a bonus to Save Checks equal to your Tier Level. "
Regal Challenge_pte,"Scene - Swift Action
Effect: Ask each Enemy within 5m if they will show Deference or Defiance. If a Combatant chooses Deference, they cannot Attack the user on their next turn (Ignoring Provoked), then lose -2 CS in a Stat of the user's Choice. If they choose Defiance, they become Provoked by the user until the end of their next Turn.  "
Regenerator_pte,"At-Will - Reaction
Keywords - Defensive
Trigger - The user is hit by a Damaging Attack and doesn't Faint
Effect: After Damage Resolution, the user restores a Tick of Hit Points.
Special: If the user was under 50% Hit Points when the Triggering Attack occurred, this may be used as a Free Action instead."
Reliquary,"Scene x2 - Free Action
Effect: The user may choose an Attack from their Known Attack List and use it as a Standard Action, as if it was on their Current Attack List.
Bonus: The user gains bonus Attack Slots equal to their Tier Level. Attacks that occupy these Slots must be Status Category."
Rip and Tear,"Scene - Swift Action
Trigger - The user hits with an Attack with the Bite Keyword
Effect: The user may either Initiate a Grapple Maneuver as a Free Action against the Target or cause them to become Wounded. 
Bonus: The user gains +3 DB to Attacks with the Bite Keyword."
Retribution,"Scene x2 - Reaction
Trigger - An Ally within 5m takes damage from a Super Effective attack or a Critical Hit; or an Ally Faints
Effect: The user’s next Damaging Attack against the combatant that made the Triggering Attack has its DB increased by +3 and gains the Smite Keyword. If the Trigger was an Ally fainting, it gains the Sureshot Keyword instead of the Smite Keyword and has its Critical Hit Range increased by your Tier Level as well. "
Rivalry_pte,"Scene - Free Action
Trigger - The Scene begins
Target - A Combatant on the Field
Effect: The Target becomes the user's Rival until the end of the Scene. 
Bonus: If the user's Rival causes a Combatant to Faint or a Boss to lose an HP Bar through a damaging attack, the user gains +2 CS in Attack or Special Attack. When Targeting an Enemy that the user’s Rival targeted since the user’s last Turn, the user gains a bonus to Damage Rolls equal to their Tier Value and a bonus to Accuracy equal to their Tier Level.  "
Rock Head_pte,"Static
Effect: The user ignores the Recoil Keyword when Attacking. Whenever the user activates the Dash or Pass Keyword, they may add a +2d6 Bonus to the Damage Roll against that Enemy. When the user reaches Level 20 and every interval after that (20, 40, etc), the Damage Bonus is increased by +1d6. (Ex: 4d6 At level 40)"
Rocket_pte,"At-Will - Free Action
Trigger - A Round begins
Effect: The user may immediately take their Turn, ignoring Initiative and acting alone instead of with another Ally. 
Bonus: The user has bonus Evasion equal to their Tier Level. "
Rocky Payload_pte,"Scene x2 - Swift Action 
Effect: The next Rock Type Damaging Attack the user uses has its Range changed to 8, Ranged Blast 3, Smite; or has its area of effect increased by +2. If the Attack misses any Targets, you may create up to 3 Stone Hazards in unoccupied spaces within the Range of the Attack. At the end of the next Round, these Hazards explode, causing enemies within 2m to lose a Tick of Hit Points. 
Bonus: The user gains STAB on Rock Type Attacks if they're a Pokémon."
Root Down_pte,"At-Will - Movement Action
Keywords - Defensive
Connection - Ingrain. 
Effect: While the user has the Ingrain Coat, they may activate this Ability to gain Damage Reduction equal to their Tier Value until the end of the next Round. Damage Reduction gained this way does not stack with itself.  "
Rough Skin_pte,"Static
Effect: All Melee Damaging Attacks that hit the user are treated as having the Recoil (1/2) Keyword. "
Run Away_pte,"Static
Effect: The user cannot trigger Attacks of Opportunity by moving. The user cannot be Trapped. The user does not suffer any movement penalties when moving over Slowed Terrain."
Sacred Bell_pte,"Scene - Swift Action
Keywords - Defensive
Effect: Choose a type of Weather. The Weather becomes the chosen type. 
Bonus: The user resists Dark and Ghost Type Damage one step further. "
Sand Force_pte,"At-Will- Swift Action
Trigger - The user hits a Ground or Rock Type Attack
Effect: All Targets have their Defense or Special Defense lowered by -2 CS. 
Bonus: While the Weather is Sandstorm, the user’s Ground and Rock Type Attacks ignore Defensive Abilities. "
Sand Rush_pte,"Static
Effect: The user may perform Ground or Rock Type Attacks as if they had the Priority (Advanced) Keyword. While the Weather is Sandstorm, the user cannot trigger Enemy's Attacks of Opportunity and cannot be Slowed."
Sand Spit_pte,"Scene – Reaction
Keywords - Defensive
Trigger - An enemy within 2m would use an Attack against an Ally or the user
Connection – Sand Attack. 
Effect: Before the Attack's Resolution, the Triggering Enemy becomes Blinded until the end of their next Turn.  
Bonus: The user’s Ground Type Attacks have a 15+ Effect Range to cause the Target to lose -1 Accuracy.  "
Sand Stream_pte,"At-Will - Swift Action
Effect: The Weather becomes a Sandstorm. 
Bonus: While the Weather is Sandstorm, the user has a bonus to Save Checks equal to their Tier Level and has a Boon to all Skill Checks while in Combat. "
Sand Veil_pte,"Static
Keywords - Defensive
Effect: The user and allies within 2m have a bonus to Evasion equal to your Tier Level. While the Weather is Sandstorm, Enemies within 2m have a penalty to Accuracy equal to your Tier Level.  "
Schooling_pte,"Scene - Swift Action
Keywords - Innate
Effect: Create a 4x4 Zone with the user in one of the center 4 squares. Any other creatures within the Zone are then pushed to the nearest unoccupied space outside of the Blast. The user then changes to Schooling Form, centered on its current location, and gains Temporary Hit Points equal to half of its own maximum Hit Points. The user cannot gain Temporary Hit Points from other sources while in Schooling Forme. When the user is below half Maximum Hit Points and has no Temporary Hit Points left, they change back into Solo Forme. If the user would not be able to fit in the space around it at the end of this Ability, this Ability cannot be used.
Bonus: The user has two sets of base stats; Solo and Schooling. The Hit Points of both forms must be the same."
Scrappy_pte,"At-Will - Free Action
Trigger - The user hits a Melee Attack
Effect: The user gains +1 Blitz Counter. If the user uses a Respite Maneuver, Restores more than 2 Ticks of Hit Points or is Recalled, they lose all of their Blitz Counters. You cannot have more Blitz Counters than double your Tier Level. 
Bonus: The user gains +1 Accuracy and Critical Hit Range to Melee Attacks for each Blitz Counter they have. Ghost Types are not Immune to the user’s Normal and Fighting Type Attacks."
Screen Cleaner_pte,"Scene x2 - Swift Action
Target - The user or an Adjacent Combatant
Connection - Barrier. 
Effect: Choose a Coat that the Target is affected by and destroy it.  
Bonus: Whenever the user creates a Blessing with a Standard Action, it has one more Activation or lasts one more Round from its listed Duration."
Scorching Strikes,"Scene x2 - Free Action
Trigger - The user causes a single Enemy to become Burned
Effect: The Target must use a Swift Action in order to perform a Save Check at the end of their Turn and cannot restore Hit Points while Burned this way.
Bonus: The user has a bonus to Effect Ranges equal to Tier Level if a Target has +2 CS or more in any Stat or is Burned. "
Seasonal_pte,"Static
Effect: The user’s Ability changes based on the Season.

Spring: Aroma Veil
Summer: Flower Veil
Autumn: Sweet Veil
Winter: Thick Fat"
Sentry Units,"At-Will - Swift Action
Effect: The user creates a Sentry Token in an Adjacent unoccupied space. The user may perform Attacks of Opportunity as if they occupied all spaces their Sentry Tokens are in, ignoring range. The user may originate any Maneuver or Attack from a space that a Sentry Token is occupying. As a Movement Action, the user may slide any number of Sentry Tokens up to 3m each. A Sentry Token is destroyed when Targeted by a Damaging Attack"
Seed Sower_pte,"Scene x3 - Free Action
Keywords - Defensive
Trigger - The user is hit with an Attack
Connection - Grassy Terrain. 
Effect: Create a 3x3 Zone within 8m of the user. All spaces in the Zone are considered to be affected by the Grassy Terrain Attack. Only the user and Allies are affected by Grassy Terrain created this way. 
Bonus: While the user is on Grassy Terrain or the Field is Floral, they have a bonus to Save Checks equal to their Tier Level. "
Serene Grace_pte,"Static
Effect: The user has a bonus to Effect Ranges equal to their Tier Level. Whenever the user triggers an Effect Range, they gain a Tick of Temporary Hit Points."
Serpent's Mark,"Static
Effect: Arbok’s Abilities depend on the Arbok’s hood pattern. To determine its pattern, roll 1d6 upon evolution or upon generation.

1. Attack Pattern - Huge Power
2. Fear Pattern - Regal Challenge
3. Life Pattern - Regenerator
4. Speed Pattern - Accelerate
5. Stealth Pattern - Ambush
6. Toxic Pattern - Deadly Poison"
Shackle_pte,"Scene - Swift Action
Keywords - Defensive
Trigger - You hit an Enemy with Destiny Bond
Connection - Destiny Bond. 
Effect: The Marked Enemy becomes Suppressed and Trapped. 
Bonus: Your Ghost Type Attacks have a 15+ Effect Range to Trap all Legal Targets. This Effect Range does not apply to Enemies that are further than 3m away from you."
Shadow Shield_pte,"Scene - Reaction
Keywords - Defensive
Trigger - The user or an Ally within 2m is hit by a Damaging 1-Target Attack 
Effect: The Target of the Triggering Attack gains 3 Ticks of Temporary Hit Points. If the user is in Foggy Weather, you may choose to not expend the Frequency of Shadow Shield but it only Triggers against non-Adjacent Damaging Attacks."
Shadow Tag_pte,"At-Will - Swift Action
Target - An adjacent Trainer or Pokémon
Effect: The Target is considered to be Trapped as if it was Inflicted by their Shadow (Their current space). The Trapped Condition inflicted this way may be cured as a Swift+Movement Action."
Shed Skin_pte,"At-Will - Swift or Movement Action  
Effect: The user loses all Temporary Hit Points and loses a Tick of HIt Points, then if they lost Hit Points this way, they are cured of a Physical Affliction."
Sheer Force_pte,"Static
Effect: All of the user’s Damaging Attacks have their Effects Ranges replaced with the following text. “On a 17+, this Attack is one step more effective but cannot exceed 1.5x”. Effect Ranges Modifiers cannot apply to this Effect Range. Whenever the user hits a Damaging Attack that did not Trigger this Effect Range, they have a Damage Bonus equal to their Tier Value. "
Shell Armor_pte,"At-Will - Reaction
Keywords - Defensive
Trigger - The user is hit by a Damaging Attack
Effect: The user gains a Tick of Temporary Hit Points, however the user's next Damaging Attack has its damage reduced by their Tick value (Rounded Down)."
Shell Shield_pte,"Scene x2 - Free Action
Trigger - The user uses a "Self" Range Attack
Connection - WIthdraw. 
Effect: The user gains a Shelled Coat that can be expended as a Reaction upon being hit with a Physical Attack. That Attack is resisted by an additional step. 
Bonus: While the user has a Shelled or Withdrawn Coat, they have Damage Reduction equal to their Tier Value. 
"
Shields Down_pte,"Static
Keywords - Innate
Effect: While the user has more than 50% Hit Points, they remain in their Meteor Form. When they fall below 50% Hit Points, they change to their Core Form until the end of the Scene. While in their Meteor Form, they are Immune to Physical Afflictions. When the user enters Core Form, their Defense Combat Stages may switch with their Attack CS and their Special Defense CS may switch with their Special Attack CS."
Silk Threads_pte,"At-Will - Swift Action
Trigger - The user hits a Single Enemy with an Attack
Connection - String Shot. 
Effect: Choose an unoccupied Space within 3m of the Target to create a Silk Hazard. This Hazard has 1 HP but may be destroyed as a Swift Action by an Adjacent Enemy. While Hazard is not destroyed, the Target is Trapped by it. The Target however may ignore the Trapped Condition, moving more than 3m away from the Silk Hazard, but if they do, the Silk Hazard is destroyed then the Target becomes Slowed. 
Bonus: As a Movement Action, the user may create Slowed Terrain in a Close Blast 2 range. "
Simple_pte,"Static
Effect: The first time the user would gain CS through an Attack or Ability each Round, it is increased by +1. The first time the user would lose CS through an Attack or Ability each Round, they lose an additional -1 CS in that Stat. "
Sky Diver,"Scene x2 - Swift Action
Effect: The user’s next Damaging Attack has its Range changed to Burst 1, Burst 2 or Melee, Pass. Enemies cannot apply Physical or Special Evasion against this Attack.."
Slush Rush_pte,"Static
Effect: The user may perform Ice Type Attacks as if they had the Priority Keyword. While the Weather is Snowy, the user cannot trigger Attacks of Opportunity and cannot be Slowed."
Sniper_pte,"Scene - Movement Action + Reaction
Effect: The user’s next Ranged 1-Target Attack gains the Sureshot Keyword. If the user has no Combatants within 2m of them, the Frequency of this Ability is not expended.
Bonus: If the user Critically hits a Ranged 1-Target Attack, they gain a Damage Bonus equal to their Tier Value. 
"
Snow Cloak_pte,"Static
Keywords - Defensive
Effect: The user and allies within 2m have a bonus to Evasion equal to your Tier Level. While the Weather is Snowy or the user is in Tundra Terrain, they are Immune to Critical Hits, instead becoming normal hits.  "
Snow Warning_pte,"At-Will - Swift Action
Effect: The Weather becomes Snowy. 
Bonus: While the Weather is Snowy, the user has a bonus to Save Checks equal to their Tier Level and has a Boon to all Skill Checks while in Combat."
Snuggle_pte,"At-Will - Swift Action
Target - An Adjacent Ally
Effect: The user and the Target gain a Tick of Temporary Hit Points and a bonus to their next Save Check equal to your Tier Level. "
Solar Conversion,"At-Will - Swift Action
Effect: When the user uses Attacks this Turn, you are treated as being in Sunny Weather for the sake of their Effects.
Bonus: When the user ends their Turn in Sunny Weather or while under 50% Hit Points, they gain +1 CS in a Stat of their choice."
Solar Power_pte,"At-Will - Swift Action
Trigger - The user performs a Damage Roll
Effect: The user loses a Tick of Hit Points, and gains a bonus to the Triggering Damage Roll equal to their Tick Value. If the Weather is Sunny, Solar Power may be used as a Free Action instead."
Solid Ice,"Scene - Reaction
Keywords - Defensive
Trigger - The user is hit by a Super Effective Attack
Effect: The Triggering Attack is resisted by an additional damage step. 
Bonus: While the Weather is Snowy, the user has Damage Reduction against Physical Attacks equal to their Tier Value."
Solid Rock_pte,"Scene - Reaction
Keywords - Defensive
Trigger - The user is hit by a Super Effective Attack
Effect: The Triggering Attack is resisted by an additional damage step. 
Bonus: While the Weather is Sandstorm, the user has Damage Reduction against Super Effective Attacks equal to their Tier Value"
Soothing Tone_pte,"At-Will - Swift Action
Trigger - You Target an Ally within 3m with an Attack
Connection - Heal Bell. 
Effect: All Allied Targets of the Triggering Attack gain Temporary Hit Points equal to the higher of the user's Total Special Attack or Special Defense (Excludes CS). 
Bonus: Whenever the user uses a Sonic Attack, all allies within 3m have a bonus to their next Save Check equal to your Tier Level. "
Sorcery_pte,"Static
Keywords - Innate
Effect: The user adds +5 Points to their Special Attack Stat in the Extras Column. When the user reaches Level 20 and every interval after that (20, 40, etc) they gain an additional +5. If the user is a Trainer, the Level Intervals are Level 4, 8, 12, 16, then 20. The user may use Physical Category Attacks as if they were Special. If they do, their Range is changed to 4, 1 Target."
Soulstealer_pte,"At-Will - Swift Action
Target - An Adjacent Fainted Combatant
Effect: The user either restores 2 Ticks of Hit Points, or gains +1 CS in the Target’s highest Base Stat (Choose on tie). The user may only Target an Combatant once per Scene this way."
Sound Lance_pte,"Scene x2 - Swift Action
Trigger - The user would use a Sonic Attack
Connection - Supersonic. 
Effect: The range of the Attack is changed to Line 8. If the range would collide with Blocking or Cover Terrain, create a 3x3 Zone where the point of impact would be. All Combatants in that Zone are also Targeted by the Triggering Attack and it has Sureshot against them."
Spectral Cloak,"Static
Keywords - Defensive
Effect: The user and allies within 2m have a bonus to Evasion equal to your Tier Level. While the Weather is Foggy or the user is in Low Lighting, they are Immune to Critical Hits, instead becoming normal hits. "
Spectral Legion,"Static
Effect: Whenever the user attacks a single Pokemon that has a Size Category of Large or higher, their Damaging Attacks are treated as +3 higher Damage Base. Whenever the user causes one of these qualifying Pokemon to faint or lose an HP Bar, the user gains +2 CS in Attack."
Speed Boost_pte,"Static
Connection - Agility. 
Effect: At the end of each Round, the user gains +1 CS in Speed and is cured of the Slowed Affliction if applicable.  
Bonus: The user gains the Quick Capability"
Spiked Shelter,"Scene x2 - Standard Action
Target - An Adjacent Ally
Effect: The Target cannot be Targeted by Attacks until the start of the user's next Turn. If they would be included in an Area of Effect, they take no Damage from the Attack. For this Duration, the user becomes Vulnerable but resists all Physical Attacks by an additional Damage Step and if they're hit by a Melee Attack, the Attack is treated as having the Recoil 1/2 Keyword."
Spike Shot_pte,"Static
Effect: The user may use Attacks with a Range of “Melee, 1-Target” as if they had a Range of “8, 1-Target” instead.The user's attacks Bleed the target on 18+ or extend their Bleed effect range by +2."
Spirit Fire,"Scene x2 - Swift Action
Keywords - Defensive
Trigger - The user Curses, Dazes or Suppresses an Enemy
Effect: They are also Burned. 
Bonus: The user’s Burn Effect Ranges have a bonus equal to your Tier Level. The user is Immune to Fire Type Attacks. "
Spray Down_pte,"Scene x2 - Swift Action
Trigger - The user hits a 1-Target Ranged Attack
Effect: The Target becomes Slowed. While the Target is Slowed this way, their Movement Capabilities are disabled. If the Target is Flying Type, they are no longer Immune to Ground Type Attacks while Slowed this way. A Target can only be affected by Spray Down once per Scene. "
Spirited Challenger,"At-Will - Free Action
Target - An Enemy within 5m that is above 50% Max Hit Points
Effect: The user is Provoked by the Target until they fall below 50% of their Maximum Hit Points
Bonus: The user’s damaging attacks against enemies they’re Provoked by have their DB increased by +3 and have a bonus to Effect Ranges and Crit Ranges equal to their Tier Level. "
Stakeout_pte,"Static
Effect: Whenever the user targets an Enemy that has acted in this Round but didn’t target the user, the Target cannot apply Stat Evasion towards their Attacks. If the Target is Flanked, their Attacks that meet this condition instead have the Sureshot Keyword."
Stamina_pte,"At-Will - Reaction
Keywords - Defensive
Trigger - The user is hit by a Damaging Attack while they do not have Temporary Hit Points
Effect: The user gains + 1 CS in Defense and a Tick of Temporary Hit Points after Damage Calculations. "
Stance Change_pte,"At-Will - Free Action
Keywords - Innate
Effect: The user changes between to their Weapon Stance or Shield Stance. Stance Change may only be used once per Round. 
Bonus: While the user is in their Weapon Stance, their Attack Stat swaps with their Defense Stat and their Special Attack Swaps with their Special Defense Stat, without changing CS Values. While the user is in their Shield Stance, their Stat values are reverted to normal. When the user enters a Scene, they must choose a Stance to start in."
Starlight_pte,"Scene - Swift + Movement Action 
Effect: Choose one of the following Effects to apply to the user. The user gains +1 CS in Defense and Special Defense. The user restores 2 Ticks of Hit Points. The user recovers from 1 Mental Affliction. If the Weather is Foggy or Mystical, all numerical values above are doubled or you may use Starlight without expending its Frequency. "
Stellar Gem,"At-Will - Free Action
Trigger - The user uses a Psychic Attack or ends their Turn in Mystical Weather
Effect: The user gains +1 CS in Special Attack or Special Defense. Stellar Gem can only be Triggered twice per Round. 
Bonus: The user’s Psychic Type Attacks gain a bonus to their Effect Ranges equal to the higher Combat Stage of the user’s Special Attack or Special Defense. This bonus cannot exceed double their Tier Level. "
Static_pte,"Scene x2 - Free Action
Keywords - Defensive
Trigger - The user is hit by an Adjacent Attack
Effect: The Triggering Enemy becomes Paralyzed. If the Trigger was being hit with an Attack and the Triggering Enemy is already Paralyzed, they cannot cure the Affliction during their next Save Check.  
Bonus: At the start of the user’s Turn, if they used an Electric Attack last round, all Adjacent Enemies must pass a Standard CR (2) Athletics Check or else they become Paralyzed. If the user is Tier 3, it is a Tough CR (3) Athletics Check instead. "
Steam Engine_pte,"Scene x2 – Reaction
Keywords - Defensive
Trigger - The user is hit by a Fire Type or Water Type Attack, or begins their turn in Sunny or Rainy Weather
Connection - Smokescreen. 
Effect: The user may use Smokescreen as a Free Action, ignoring Frequency, centered on the user.
Bonus: The user is Immune to Water Type Attacks and cannot have their Accuracy lowered. "
Stench_pte,"At-Will - Reaction
Keywords - Defensive
Trigger - The user is hit by an Adjacent Attack
Effect: The Triggering Enemy has a penalty to Accuracy and Save Checks equal to your Tier Level until the end of their next Turn. 
Bonus: All Enemies within 2m of the user have a penalty to Accuracy and Save Checks equal to your Tier Level while within this range. This does not stack if an Enemy is affected by the Effect of Stench. 
"
Sticky Smoke_pte,"Scene x2 - Free Action
Trigger - The user creates a Smoke Hazard
Connection - Smokescreen. 
Effect: The Smoke Hazards created become Sticky. All Enemies that begin or end their turn in Sticky Smoke Hazards have their Accuracy lowered by -1. This penalty may occur multiple times, but only once per turn. This stacks with the usual penalties from Smoke Hazards.
Bonus: As a Swift Action, the user may create a 3x3 Zone, centered on themselves and create Smoke Hazards in all Spaces within the Zone. "
Sticky Syrup,"At-Will - Swift Action
Trigger - The user hits with a Bug, Grass or Poison Type Attack
Effect: All Targets hit by the Triggering Attack gain a Sap Counter (Max 3). Combatants with a Sap Counter have a -2 Penalty to Accuracy for each Counter they have. One Sap Counter can be removed as a Swift Action and using the Respite Maneuver can remove as many Counters as they have.
Bonus: As a Swift Action, the user may turn a 2x2 Zone within 3m of them into Hazardous Terrain. This Hazard has the same Effects as Sticky Syrup’s Effect"
Stoicism,"Static
Keywords - Innate
Effect: The user adds +5 Points to their Defense Stat in the Extras Column. When the user reaches Level 20 and every interval after that (20, 40, etc) they gain an additional +5. If the user is a Trainer, the Level Intervals are Level 4, 8, 12, 16, then 20. The user may use their Physical Stat Evasion instead of Special Defense when Targeted by a Special Attack if desired."
Stormlord,"At-Will - Swift Action
Effect: The Weather becomes a Thunderstorm. 
Bonus: While the Weather is Thunderstorm, the user has a bonus to Save Checks equal to their Tier Level and has a Boon to all Skill Checks while in Combat. "
Strange Tempo_pte,"Scene x2 - Swift Action
Effect: The user may activate this Ability if there is an Enemy that is Adjacent to them. The user becomes Dazed, then may perform an Attack of Opportunity against a random Adjacent Enemy as a Free Action.
Bonus: The user may still perform Tactics Maneuvers while Dazed and may cure themselves of other Afflictions while Dazed. "
Strong Jaw_pte,"Scene - Swift Action
Trigger - The user hits with an Attack with the Bite Keyword
Effect: The Effect Range automatically Triggers.  
Bonus: The user gains +3 DB to Attacks with the Bite Keyword."
Suction Cups_pte,"At-Will - Movement Action
Effect: The user gains Damage Reduction equal to their Tick Value until the end of the next Round. Damage Reduction gained this way does not stack with itself.
Bonus: The user cannot be Slid."
Sumo Stance_pte,"At-Will - Swift or Movement Action
Keywords - Defensive
Effect: The user enters a Sumo Stance.  
Forceful Stance - The user has a Damage Bonus equal to their Tier Value. When the user hits a Melee Attack, they may use a Push Maneuver as a Free Action. 
Guarding Stance - The user has Damage Reduction equal to their Tier Value and cannot have Tactic Maneuvers used against them. "
Sunglow_pte,"Scene - Swift + Movement Action
Effect: Choose one of the following Effects to apply to the user. The user gains +1 CS in Attack and Special Attack. The user restores 2 Ticks of Hit Points. The user recovers from 1 Physical Affliction. If the Weather is Sunny or Mystical, all numerical values above are doubled or you may use Sunglow without expending its Frequency. "
Super Luck_pte,"Scene - Swift Action
Trigger - The user rolls a 1 on a d20
Effect: The user may reroll the Triggering d20
Bonus: The user has a bonus to Critical Hit Ranges equal to their Tier Level"
Supreme Overlord_pte,"At-Will - Swift Action
Trigger - The user hits with an Attack
Effect: The Target becomes Vulnerable until the start of your next Turn. A Combatant may only be affected by this Effect once per Scene.
Bonus: Whenever an Ally hits an Attack against an Enemy, that Enemy cannot apply Evasion against the user’s Attacks until the end of your next Turn."
Surge Surfer_pte,"Static
Effect: While the user is below 50% Hit Points or the Weather is Thunderstorm or Mystical, the user cannot trigger Attacks of Opportunity by moving and they can use Electric Attacks as if their Range was Melee, Pass or Line 4. "
Sweet Veil_pte,"Static
Keywords - Defensive
Effect: The user and allies within 2m are Immune to the Drowsy Affliction and have a bonus to Save Checks equal to your Tier Level. If a Drowsy Ally enters a space within 2m of the user, they are cured of the Drowsy Affliction. "
Symbiosis_pte,"Scene x2 - Reaction
Trigger - The user has their Combat Stages increased or decreased by an Attack
Target - A Combatant within 5m
Effect: The Target also has the same Stats increased or decreased by the same amount as the user. "
Synchronize_pte,"Scene x2 - Swift Action 
Target - A Combatant within 5m
Effect: The Target gains all Status Afflictions that the user is affected by. If the Target is an Ally, instead, they are cured of all Status Afflictions and the user gains all Afflictions cured this way. "
Tactical Wisdom,"Scene - Reaction
Trigger - The user misses a Special Attack
Effect: The Triggering Attack instead hits. 
Bonus: The user has a bonus to Accuracy and Effect Ranges on their Psychic Type Attacks equal to their Tier Level."
Tangling Hair_pte,"Scene - Reaction
Trigger - The user it hit by an Adjacent Attack
Effect: The user may use a Grapple Maneuver as a Free Action against the Triggering Enemy. The user automatically passes the first Grapple Check
Bonus: Enemy Melee Attacks against you have a 15+ Effect Range to cause their user to become Slowed. Their Effect Range modifiers do not change this Effect Range. "
Targeting System_pte,"Static
Connection – Lock-On. 
Effect: Your 1-Target Ranged Attacks ignore Accuracy Penalties as a result of Terrain. When using Lock-On, you may treat its Range as if it were “3, 2 Targets” or “6, Ranged Blast 3” instead of “10, 1 Target”"
Teamwork_pte,"At-Will - Free Action
Trigger - An Ally is Targeting an Enemy you’re Adjacent to with an Attack or Maneuver
Effect: The Triggering Ally has a bonus to Accuracy for the Triggering Attack equal to your Tier Level.
Bonus: If you have any Modifiers to Save Checks, Adjacent Allies are also treated as having them while next to you unless they have the same modifier from the same source. "
Teardrop Feathers,"Scene - Swift Action
Trigger - The user hits a Damaging Water Type or Melee Attack
Effect: The Target becomes Entranced or gains the Wounded Affliction of your choice.
Bonus: The user has a Bonus to Critical Hit Ranges equal to half their Speed CS Value (Rounded Up)"
Technician_pte,"Scene x2 - Swift Action
Trigger - The user uses an At-Will Attack
Effect: The Target is treated as Vulnerable against the Attack. 
Bonus: Attacks with a Damage Base of 6 or lower have their Damage Base increased by +3. This bonus always applies to Attacks with the Double Strike or Five Strike Keywords."
Telepathy_pte,"Scene - Standard Action
Keywords - Defensive
Trigger - An Ally would be hit by a non-Melee Attack that doesn’t Target you
Effect: The Triggering Attack misses the Triggering Ally. If the Triggering Attack would Target multiple Allies, this only applies to one of the Targeted Allies.  
Bonus: Whenever an Ally uses a Damaging AOE Attack that would hit you, you may Disengage as a Free Action before the attack resolves *Grants Telepath"
Temporal Boost,"At-Will - Free Action
Trigger - A Round Ends
Effect: The user gains +1 CS in their highest stat (Choose on a Tie). If this Ability Triggers three times this Scene, they instead gain +2 CS in their highest stat and for each subsequent time it triggers."
Thermal Exchange_pte,"Scene - Free Action
Keywords - Defensive
Trigger - The user is hit with a Fire Type Attack, ends their Turn in Sunny Weather, or falls below 50% Hit Points
Effect: If this Ability was triggered by an Fire Type Attack, the user Ignores any Damage or Effects of the Triggering Attack. Raise the user's Attack by +1 CS. The user's next Damaging Ice Type Attack that successfully hits a Target adds its Damage Dice Roll an extra time to the Damage. If that Attack is avoided via a Defensive Ability or an Attack with the Shield Keyword, this effect is still expended. 
Bonus: The user is Immune to Burns. "
Thick Fat_pte,"Scene x2 - Reaction
Keywords - Defensive
Trigger - The user is hit by a Physical or Adjacent Damaging Attack and is not Vulnerable
Effect: The user resists the Triggering Attack by an additional step, however the user becomes Vulnerable after damage calculations until the end of the next Round. 
Bonus: The user resists Fire and Ice Type Attacks by an additional Damage step. "
Thrust_pte,"At-Will - Swift Action
Trigger - The user hits a Melee, 1 Target Attack
Effect: The Target is Slid up to 3m.
Bonus: The user’s Melee Attacks gain the Smite Keyword. The Push Maneuver gains the Sureshot Keyword."
Tidal Smash,"At-Will - Swift Action
Trigger - The user hits a Melee, 1 Target Attack
Effect: The Target loses -2 CS in Defense. If they already had negative Combat Stages in Defense, they also become Vulnerable against the next Attack to Target them. 
Bonus: The user may perform any Water Type Damaging Attack as if its range was Close Blast 2 or Melee, 1 Target."
Tidal Trap,"Static
Effect: The user’s Water Type Damaging Attacks gain a 15+ Effect Range to cause the Target to become Slowed. If an Enemy is Trapped as a result of you, your Water Attacks have Sureshot against them."
Tinted Lens_pte,"Static
Effect: The user's Damaging Attacks are Resisted 1 Step Less (Up to Neutral Effectiveness). This does not increase the effectiveness for Attacks that deal Damage due to the Smite Keyword. "
Tochukaso_pte,"Scene x2 - Swift Action
Keywords - Defensive
Trigger - The user Poisons a Single Enemy
Connection - Poison Powder. 
Effect: While the Enemy is Poisoned this way, they cannot restore Hit Points. 
Bonus: The user is immune to Poison and Bug Type Attacks. "
Torrent_pte,"Static
Effect: The user may use non-Self or Field Water Type Attacks as if their Range was Line 6 or Close Blast 2. If the Weather is Rainy or the user is Underwater, their Water Type Damaging Attacks have their area of effect increased by +1 and they have a bonus to Damage Rolls equal to their Tier Value."
Tough Claws_pte,"Scene - Swift Action

Trigger - The user hits a Physical Melee Attack
Effect: When Calculating Damage for the Triggering Attack, ignore all Damage Reduction and positive Combat Stages for the Defense Stat. The Target also cannot resist it through means other than Type Effectiveness. 
Bonus: Enemies cannot apply Physical Evasion against your Physical Melee Attacks"
Toxic Debris_pte,"At-Will - Reaction
Keywords - Defensive
Trigger - The user is hit by an Adjacent Attack
Connection - Toxic Spikes. 
Effect: The user uses Toxic Spikes as a Free Action, ignoring its Frequency, however the Attack’s Range is changed to either Burst 1 or Close Blast 3, laying corresponding Hazards in all affected spaces. "
Trace_pte,"Scene - Swift Action
Target - An Combatant within 8m or all Combatants within 2m
Effect: The GM reveals the Abilities known by the Target(s). The user gains an Ability that one of the Targets know, provided it isn’t Innate or a Boss Ability. This Ability is removed at the end of the Scene. "
Twisted Visions,"Static
Connection - Confuse Ray. 
Effect: The user's Damaging Attacks Daze Targets on an 18+. The user's Daze Effect Ranges (Excluding the one granted by Twisted Visions) are increased by +2. While an Enemy is Dazed as a result of the user, they have a penalty to Accuracy Rolls equal to your Tier Level."
Type Aura_pte,"Static
Effect: When the user performs an Attack that matches their Type, they have a bonus to Accuracy equal to their Tier Level and a bonus to Damage Rolls equal to their Tier Value. Whenever an Ally within 2m uses an Attack that matches the user’s Type(s), they also gain this bonus. Type Aura does not stack with multiple sources of itself if it’s the same Type."
Ugly_pte,"Static
Effect: All Combatants within 2m of the user are treated as Vulnerable while within this Range. This Pokemon will always have Inept Rank Charm and it cannot be raised. "
Unanimaus,"At-Will - Swift Action
Keywords - Innate
Effect: Choose one of the Effects listed below to use when this Ability is Activated. You must have at least the listed number of Mice Token in order to use that Effect.  
2: The user or an Adjacent Ally gains a Tick of Temporary Hit Points
4: You may use an At-Will or EOT Normal Status Attack as a Free Action.
6: You may use an At-Will Damaging Attack as a Free Action, however it is reduced by a Damage Step.
Bonus: The user starts the Scene with 4 Mice Tokens, gaining 1 at the end of each Round and losing 1 whenever they would be hit with an Attack. As a Standard Action you may gain 2 Mice Tokens or reset to 4 Mice Tokens."
Unaware_pte,"Static
Keywords - Defensive
Effect: When the User is attacking or being attacked, the Enemy must make all damage calculations as if their CS were at their Default Value."
Unlocked Potential_pte,"At-Will - Swift Action
Trigger - The user uses Hidden Power
Effect: The Attack has its range changed to one of the following: Line 6. Burst 2. 3, 2 Targets. Close Blast 3. 6, Ranged Blast 2. 
Bonus: As a Swift Action, the user may change the Type of Hidden Power to any other Type."
Unnerve_pte,"At-Will - Swift Action
Target - An Enemy within 6 meters
Effect: Until the end of their next Turn, the Target cannot gain Positive CS and has a Bane to any Skill Checks performed."
Vanguard_pte,"Static
Effect: Whenever the user Targets an Enemy that hasn't acted yet this Round with an Attack, the Target cannot apply Stat Evasion towards that Attack."
Vanish,"Scene - Free Action
Keywords - Defensive
Trigger - The user uses the Hide Maneuver
Effect: Until the start of your next Turn, in order for the user to be Targeted by an Enemy, they must pass a Standard CR (2) Perception or Intuition Check. If the user is Tier 2, this becomes a Tough CR (3) Check instead. If they fail this check, they cannot Target the user with Attacks, Abilities, etc during that Turn. Vanish cannot be used if the user is the only Combatant on their Team.  
Bonus: If the Weather is Foggy, the user may perform the Hide Maneuver as a Swift Action instead of a Movement Action if desired."
Vicious_pte,"Static
Connection - Hone Claws. 
Effect: The user’s Damaging Attacks cannot be resisted by Enemies that have a Status Affliction or are under 50% Hit Points."
Vigor_pte,"Scene - Free Action
Keywords - Defensive
Trigger - The user would use Endure
Connection – Endure. 
Effect: You may either use Endure as a Free Action instead of a Reaction or after the Attack resolves, you restore two Ticks of Hit Points."
Vital Spirit_pte,"Scene x2 - Swift Action
Effect: The user gains a bonus to Accuracy and Save Checks equal to their Tier Level until the start of their next Turn. 
Bonus: The user is immune to Drowsy"
Volt Absorb_pte,"Scene x2 - Swift Action
Keywords - Defensive
Trigger - The user hits an Electric Attack on an Adjacent Target
Effect: The Triggering Attack gains the Drain Keyword.
Bonus: At the end of the user’s Turn if the Weather is Thunderstorm, the user restores a Tick of Hit Points. "
Voodoo Doll_pte,"Scene x2 - Reaction
Trigger - The user gains a Status Affliction
Target - An Enemy within 5m
Effect: The Target also gains the Triggering Status Affliction.
Bonus: Whenever an Ally within 3m takes Damage, as a Free Action, they may instead take none, but you lose Hit Points equal to the Damage they would have taken. This HP Loss cannot be prevented. "
Wallmaster_pte,"Static
Connection - Barrier. 
Effect: When the user uses creates Wall Hazards, instead of being destroyed when hit by an Attack, they have Hit Points equal to double the user's level plus the higher of their Special Attack or Special Defense Stat upon creating it. Whenever a Wall Hazard created through Barrier is destroyed by an Enemy, all Enemies within 1m of that Hazard are hit with Psychic Typed Basic Attack as a Reaction."
Wallop,"Scene - Free Action
Trigger - The user hits with a Melee Attack
Connection - Gigaton Strike. 
Effect: All Targets become Dazed and lose -2 CS in Defense. 
Bonus: The user may use Melee Attacks as if they had a Range of Close Blast 2. These Attacks are still treated as “Melee” for the sake of triggers."
Wash Away_pte,"Scene x2 - Free Action
Trigger - The user hits with a Water Type Attack
Effect: Before Damage Calculations, all CS on Targets hit by the Triggering Attack are reset to their Default and all Coats on the Targets may be destroyed.
Bonus: Once per Scene as a Swift Action, the user may remove a Coat from an Adjacent willing Ally."
Water Compaction_pte,"Scene x2 - Reaction
Keywords - Defensive
Trigger - The user is hit with a Water Type Attack, starts their Turn in Rainy Weather or in Underwater Terrain
Effect: The user gains a Compaction Coat. When an Attack hits the user, as a Free Action, they may expend the Coat to resist the Attack one step further. Compaction Coats may be used immediately when gained if desired. "
Water Weapons,"At-Will - Swift Action
Effect: Choose a Weapon. Depending on the Weapon chosen, the user's Water Type Damaging Attacks may be treated as the listed Range. The user can only be afffected by one Weapon at a time.
» Shuriken - 8, Ranged Blast 2.
» Kunai - Melee, Smite.
» Katana - Melee, Pass. 
Bonus: The user may use Water Type Damaging Attacks as if they were Physical or Special Category."
Wave Striker,"Static
Connection - Razor Shell. 
Effect: The user’s Attacks with a range of Melee, 1 Target gains the Pass keyword. Attacks with the Pass Keyword gain a 18+ effect range to inflict Wounded. The user's Wounded Effect Ranges (Excluding the one granted by Wave Striker) are increased by +2. "
Weather Report,"Scene x2 - Swift Action
Effect: Choose a Weather. The chosen Weather is then set on the field until the end the end fo the next Round."
Web Mastery,"Scene x2 - Free Action
Trigger - The user uses an Attack with "Web" in its name or a Bug Type Attack
Effect: You may roll Accuracy for the Triggering Attack twice. Targets that would be hit by both rolls lose -2 CS in Speed. 
Bonus: Web Shot and Electroweb increase their Blast Range by +1. Spider Web is changed to 5, Ranged Blast 2. Sticky Web gains +2 Hazards."
Weird Power_pte,"Static
Effect: The user may use their Attack as an Offensive Stat when calculating the Damage of their Special Attacks if desired. The user may use their Special Attack as an Offensive Stat when calculating the Damage of their Physical Attacks if desired.  "
Well-Baked Body_pte,"Scene x2 - Reaction
Keywords - Defensive
Trigger - The user is hit with a Fire Type Attack, starts their Turn in Sunny Weather or in Harsh Heat Terrain
Effect: The user gains a Toasty Coat. When an Attack hits the user, as a Free Action, they may expend the Coat to resist the Attack one step further. Toasty Coats may be used immediately when gained if desired. "
Whirlwind Kicks_pte,"Scene x2 - Free Action
Connection – Triple Kick. 
Effect: The user may benefit from +2 accuracy and +2 to DB while using triple kick without giving up attacks.
Bonus: When the user uses the Attack “Rapid Spin” it may have a range of “Burst 1” and become Fighting Type if desired. Whenever the user would have an Attack of Opportunity triggered, they may instead use Rapid Spin, ignoring its Frequency."
Wind Power_pte,"At-Will - Free Action
Trigger - The user is hit by a Flying Type Attack, uses a Flying Type Attack or starts their Turn in Windy Weather
Effect: The user gains +1 CS in Attack or Special Attack and is unaffected by the Triggering Enemy Attack, if any. Wind Power may only be Triggered twice per Round. "
Wind Rider_pte,"Static
Effect: The user’s Melee Attacks gain the Pass Keyword. When using the Pass Keyword, they may move up to 6m instead of 4. If the Weather is Windy, the user cannot trigger Attacks of Opportunity by moving and may Sprint as a Free Action."
Windstorm,"At-Will - Swift Action
Effect: The Weather becomes Windy. 
Bonus: While the Weather is Windy, the user has a bonus to Save Checks equal to their Tier Level and has a Boon to all Skill Checks while in Combat. "
Winter's Kiss,"Scene - Free Action 
Trigger - The user would Chill or Entrance an Enemy
Effect: They instead are both Chilled and Entranced
Bonus: The user’s Chilled and Entranced Effect Ranges are extended by +2. "
Wistful Melody_pte,"Scene - Free Action
Trigger - The user uses an Attack with the Sonic Keyword
Connection – Sing. 
Effect: The Targets lose -1 CS in Attack and Special Attack. If the Triggering Attack was Sing, they instead reset their Attack and Special Attack to their Default Value, then lose -2 CS in them. "
Wobble_pte,"At-Will - Reaction
Trigger - The user is hit by a Damaging Attack
Effect: The Triggering Attack is treated as having the Recoil ½ Keyword. If the Triggering Attack was from an Adjacent Enemy, this may be used as a Free Action instead."
Wonder Guard_pte,"Static
Keywords - Defensive, Innate
Effect: The user resists all Damaging Attacks that aren’t Super Effective by an additional damage step. If the user’s Typing would change, this Ability has no Effect."
Wonder Skin_pte,"Static
Keywords - Defensive
Effect: The user gains Evasion against Status Attacks equal to double their Tier Level. Effect Ranges cannot Trigger against the user. "
Zero To Hero,"Scene - Free Action
Trigger - An Ally drops below 50% Hit Points from an Enemy Attack
Effect: The user gains +2 CS to two Stats of their choice and may choose to use a Damaging Attack as if it had the Priority (Advanced) Keyword, however it must be against the Enemy that caused this ability to trigger. If the user is Tier 2+, they may activate the Form Change Capability and evolve into Palafin until the end of the Scene"