Move,Freq,AC,Type,Roll,Dmg. Type,Range,Special Effect
Absorb,At-Will,2,Grass,1d6+3 ,Spec,"4, 1 Target","After the target takes damage, the user gainsHit Points equal to half of the damage they dealt to thetarget."
Accelerock,At-Will,2,Rock,1d8+6 ,Phys,"","Melee, 1 Target, Priority"
Acid,At-Will,2,Poison,1d8+6 ,Spec,"Cone 2","Acid lowers the target's Special Defense 1Combat Stage on 18+."
Acid Armor,Scene,/,Poison,,Status,"","Self, Set-Up"
Acid Spray,EOT,2,Poison,1d8+6 ,Spec,"4, 1 Target","Acid Spray lowers the target's Special Defense 2Combat Stages."
Acrobatics,EOT,2,Flying,2d6+8 ,Phys,"Melee, Dash, 1 Target","If the user is not holding an item, Acrobaticsinstead has a Damage Base of 11 (3d10+10 / 27)."
Acupressure,EOT,2,Normal,,Status,"Melee, 1 Target or Self","Roll 1d6. On a result of 1, raise the target's Attack2 Combat Stages. On a result of 2, raise the target'sDefense 2 Combat Stages. On a result of 3, raise thetarget's Special Attack 2 Combat Stages. On a result of 4,raise the target's Special Defense 2 Combat Stages. On aresult of 5, raise the target's Speed 2 Combat Stages. Ona result of 6, raise the target's Accuracy by +2."
Aerial Ace,EOT,/,Flying,2d6+8 ,Phys,"Melee, 1 Target","Aerial Ace cannot miss."
Aerial Crash,EOT,2,,,Phys,"Melee, 1 Target","For each weight class the user is above the target, increase Aerial Crash's damage base by +2"
Aeroblast,Daily,3,Flying,3d8+10 ,Spec,"Line 6","Aeroblast is a Critical Hit on an Even-NumberedRoll."
After You,Scene x2,/,Normal,,Status,"6, 1 Target","After You is a Swift Action. The target takes theirturn for the round immediately after the user finishestheir turn, ignoring Initiative. After You may only affecta target that has not yet acted that round and can onlyaffect willing targets."
Agility,EOT,/,Psychic,,Status,"Self","Raise the user's Speed 2 Combat Stages."
Air Cutter,At-Will,2,Flying,2d6+8 ,Spec,"Cone 2","Air Cutter is a Critical Hit on 18+."
Air Slash,EOT,3,Flying,2d8+10 ,Spec,"6, 1 Target","Air Slash Flinches the target on 15+."
Airborne Slam,TBD,TBD,Normal,TBD,Phys,"TBD","Slams the user, always aiming for the head. 20% chance to confuse."
Alluring Voice,TBD,TBD,Fairy,TBD,Spec,"TBD","Attacks the target using its angelic voice. May confuse."
Ally Switch,Scene,/,Psychic,,Status,"6, 1 Target, Interrupt","Ally Switch may be declared during a foe's turnas an Interrupt. The user chooses one willing ally within6 meters; the target and the user switch places. If the allywas a target of a Move, the user is now the target; If theuser was a target of a Move, the ally is now the target."
Amnesia,EOT,/,Psychic,,Status,"Self","Raise the user's Special Defense 2 Combat Stages."
Anchor Shot,EOT,2,Steel,2d8+10 ,Phys,"Melee, 1 Target","The Target is Trapped for 2 rounds. AnchorShot may only be used from the user's Anchor Token."
Ancient Leaf,Scence x2,4,Grass,2d8+10 ,Spec,"4, 1 Target","Increase SP Def by 1 combat stage on roll of 7 , 11 , 15 or 20."
Ancient Power,EOT,2,Rock,2d8+10 ,Spec,"Burst 1, Sonic","None."
Angel Ring,Scene x2,4,Light,1d8+6 ,Spec,"3, 1 Target","The target is put in a Vortex."
Apparate,Scene x2,/,Normal,,Status,"Self, Swift Action","Apparate may be activated as a Swift Actionon the user's turn. For the rest of the turn, the user'sGhost Moves can hit andaffect normal-types.."
Apple Acid,EOT,2,Grass,2d8+10 ,Spec,"Cone 2","The target's Special Defense is lowered by 1CS."
Aqua Bash,TBD,TBD,Water,TBD,Phys,"TBD","A mystical jab strikes the foe. 20% flinch chance."
Aqua Cutter,EOT,2,Water,2d6+10 ,Phys,"Melee, Pass, Slice",""
Aqua Fang,Scene,3,Water,3d8+10 ,Phys,"Melee, 1 Target","Aqua Fang Flinches on 18+"
Aqua Jet,At-Will,2,Water,1d8+6 ,Phys,"Melee, 1 Target, Priority","None"
Aqua Ring,Scene,/,Water,,Status,"Self, Coat","Aqua Ring covers the user in a Coat that heals theuser at the beginning of their turn. The user is healed aTick of Hit Points each turn."
Aqua Step,EOT,2,Water,2d8+10 ,Phys,"Melee, 1 Target",""
Aqua Tail,EOT,4,Water,2d10+10 ,Phys,"Melee, Pass","None"
Archer Shot,TBD,TBD,Normal,TBD,Phys,"TBD","Shoots a dead center arrow at the target. Archer boost."
Arm Thrust,EOT,4,Fighting,1d6+3 ,Phys,"Melee, 1 Target, Five Strike","None"
Armor Cannon,Scene x2,2,Fire,3d12+10 ,Spec,"8, 1 Target, Dash","The user's Defense and Special Defense"
Aromatherapy,Scene,/,Grass,,Status,"Burst 1","All allies in the burst are cured of one statuscondition of their choice."
Aromatic Mist,EOT,/,Fairy,,Status,"Burst 1","All allies in Aromatic Mist's area of effect havetheir Special Defense raised 1 Combat Stage."
Artillerolives,EOT,3,Grass,1d8+8 ,Spec,"4, 2 Targets; or 4, 1 Target (seetext)","Once per Scene, you may createSlick Hazards in two Blasts 3, anywherewithin range. If used on only 1 target, thisMove gains the Double Strike keyword, andif Slick Hazards are created, you may createthem in a single Blast 5, centered on thetarget."
Assist,Scene x2,/,Normal,,Status,"Self","Randomly select another pokémon on the user'sroster and then randomly select a Move that pokémonknows. Assist's user uses that Move immediately."
Assurance,At-Will,2,Dark,2d6+8 ,Phys,"Melee, 1 Target","When you hit with Assurance, if Assurance’starget has already been damaged by a Move on thesame round Assurance is being used, Assurance has aDB of 12 (3d12+10 / 30) instead. This effectmay trigger only once per Scene per Target"
Asteroid Shot,TBD,TBD,Rock,TBD,Phys,"TBD","Launches a asteroid onto the target. Cannot miss."
Astonish,At-Will,2,Ghost,1d6+5 ,Phys,"Melee, 1 Target","Astonish Flinches the target on 15+. Once perscene, if the target is unaware of the user's presence,Astonish automatically Flinches the target."
Astral Assault,Scene x2,2,Psychic,3d12+10 ,Phys,"Melee, 1 Target, Dash","The user's Defense and Special Defense are eachlowered by -1 Combat Stage."
Astral Barrage,Daily,2,Ghost,3d12+10 ,Spec,"8, Ranged Blast 2, Smite, Friendly","Legal targets hit by Astral Barrage are Slowedfor one full round."
Astral Hand,TBD,TBD,Psychic,TBD,Phys,"TBD","Projects a fist to strike the foe."
Atomic Fire,TBD,TBD,Fire,TBD,Spec,"TBD","A life-risking energy with 50% recoil."
Attack Order,EOT,2,Bug,2d10+10 ,Phys,"6, 1 Target","Attack Order is a Critical Hit on 18+."
Attract,Scene x2,2,Normal,,Status,"3, 1 Target, Social","Attract Infatuates the target if its gender is theopposite of the user's. Attract fails when used by oragainst Genderless targets."
Aura Force,TBD,TBD,Fighting,TBD,Phys,"TBD","Not done yet."
Aura Sphere,EOT,/,Fighting,2d8+10 ,Spec,"8, 1 Target, Aura","Aura Sphere cannot miss."
Aura Tempest,Scene,4,Fighting,4d10+10 ,Spec,"8, Ranged Blast 3, Smite, Aura","Lower the user's Special Attack 2 Combat Stagesafter damage."
Aura Wheel,Scene x2,2,Electric,3d10+10 ,Phys,"Melee, 1 Target","The user's Speed is increased 1 CS."
Aurora Beam,At-Will,2,Ice,2d6+10 ,Spec,"6, 1 Target","Aurora Beam lowers the target's Attack 1 CombatStage on 18+."
Aurora Pillar,Scene x2,4,Ice,2d10+10 ,Spec,"6, 1 Target","Aurora Pillar Blinds Target on 17+."
Aurora Veil,Scene,/,Ice,,Status,"Blessing",""
Autotomize,EOT,/,Steel,,Status,"Self","For the remainder of the Encounter, the user'sWeight Class is one value lower, to a minimum of 1. Ifthe user can, the user's Speed is raised by +2 CombatStages."
Avalanche,EOT,2,Ice,2d6+8 ,Phys,"Melee, 1 Target","When declaring Avalanche, the user doesnothing and may not Shift. At the end of the round, theuser Shifts and uses Avalanche on any legal target. If thetarget damaged the user this round, Avalanche has aDB of 12 (4d10+15 / 40) instead"
Axe Kick,EOT,3,Fighting,3d12+10 ,Phys,"Melee, 1 Target, Dash",""
BDefiant Sting,Scene x2,2,Bug,3d12+10 ,Phys,"Melee, 1 Target, Dash, Recoil 1/3","None"
Baby-Doll Eyes,EOT,2,Fairy,,Status,"4, 1 Target, Priority, Social","The target's Attack is lowered 1 Combat Stage."
Bad Egg,TBD,TBD,Poison,TBD,Spec,"TBD","Throws an egg filled with toxins. Poisons on hit."
Baddy Bad,TBD,TBD,Dark,TBD,Spec,"TBD","Acting badly, attacks. Sets wall, lowering Attack damage."
Ball Toss,TBD,TBD,Normal,TBD,Phys,"TBD","A ball attack. 20% flinch."
Baneful Bunker,Scene,/,Poison,,Status,"Self, Interrupt, Shield, Trigger","If the user is hit by an attack, the user may useBaneful Bunker. The user is instead not hit by theMove. You do not take any damage nor are youaffected by any of the Move's effects. In addition, ifthe triggering attack was Melee ranged, the attackeris Poisoned."
Banished Power,TBD,TBD,Dark,TBD,USE_HIGHEST_OFFENSE,"TBD","Strikes with a forbidden power that empowers the user."
Barb Barrage,EOT,2,Poison,1d6+3 ,Phys,"6, 1 Target, Five Strike","The target is Poisoned on a 17+. Once a Scene,if Barb Barrage's target has a Status Condition, youmay choose to not roll for Five Strike. Instead, treatBarb Barrage as though it automatically rolled an 8 forFive Strike."
Barrage,At-Will,4,Normal,1d6+3 ,Phys,"6, 1 Target, Five Strike","None"
Barrier,Scene x2,/,Psychic,,Status,"Hazard","The user creates a Barrier of psychic energy. Theuser places up to 4 segments of Barrier; each segmentmust be continuous with another segment, and at leastone must be adjacent to the user. These barriers count asblocking terrain and last until the end of the encounteror until they are destroyed. Each Barrier segment is 2meters tall, 1 meter wide, and 2 centimeters thick. Eachsegment has 20 Hit Points, 15 Damage Reduction, andtakes damage as if it was Psychic Typed."
Barrier Bash,EOT,4,Light,,,"Melee, 1 Target, Push 2 meters","User rams the opponent with a field of energy, pushing them 2 meters away. The next"
Baton Pass,At-Will,/,Normal,,Status,"Self","The user is replaced with another pokémonfrom their trainer's roster. All Combat Stage, Coats, and[Stratagems] on Baton Pass' user are transferred to thereplacement. Baton Pass may be used to switch even ifthe user is Trapped."
Battering Ram,TBD,TBD,Dragon,TBD,Phys,"TBD","Charges its whole body forwards with the force of a hammer."
Beak Blast,Scene x2,2,Flying,3d8+10 ,Phys,"6, 1 Target, Priority","Beak Blast must be declared at the start of theround. If the user is hit by a Melee attack this round,their attacker is Burned. At the end of the round, theuser may shift and attack with Beak Blast."
Beam Spam,Scene x2,4,Light,,,"6, 1 Target","This move does damage over time like a vortex effect without trapping. (to escape the"
Beat Up,EOT,/,Dark,,Phys,"Melee, 1 Target","The user and up to two allies adjacent to thetarget may each make a Struggle Attack against thetarget. These Struggle Attacks hit for Dark-Type Damageinstead of their usual Type. Beat Up may trigger PackHunt only once, no matter the number of attacks."
Beatdown,TBD,TBD,Dark,TBD,Phys,"TBD","Hits 2-5 times with an attack flurry."
Beckon,Scene x2,2,Ghost,3d12+10 ,Phys,"7, 1 Target, Sonic","The target immediately Shiftstowards the user, forfeiting their next ShiftAction. This movement does not provokeAttacks of Opportunity. On 17+, the targetadditionally is Trapped."
Beetle Bash,TBD,TBD,Bug,TBD,Phys,"TBD","Attacks with a beetle-like hammer. May confuse."
Beetle Bomb,Scene x2,4,Bug,3d10+10 ,Spec,"6, 1 Target, Smite","Beetle Bomb burns or Poisons the target on 18+."
Behemoth Bash,Scene x2,2,Steel,3d8+10 ,Phys,"Melee, 1 Target","The DB of Behemoth Bash increases by +2 foreach positive CS the target has, to a maximum of DB20."
Behemoth Blade,TBD,TBD,Steel,TBD,Phys,"TBD","Strikes as a sword. It deals 2x damage to Dynamaxed foes."
Belch,Scene x2,4,Poison,3d12+10 ,Spec,"Cone 2","Belch cannot be used if the user has not tradedin a Digestion Buff during this Scene."
Belly Drum,Scene,/,Normal,,Status,"Self","The user gains +6 Attack Combat Stages, andloses Hit Points equal to 1/2 of their Max Hit Points."
Berry Smash,TBD,TBD,Grass,TBD,Phys,"TBD","Deals damage. User eats their berry."
Berserker Horn,TBD,TBD,Fighting,TBD,Phys,"TBD","Spins its body like a drill. High critical-hit ratio."
Bestow,At-Will,--,Normal,,Status,"Melee, 1 Target","The user gives its held item to the target, unlessthe target is already holding an item. Using Bestow is aSwift Action."
Bewitch,Scene x2,5,Fairy,,Status,"6, 1 Target","Effect:The target receives a random status affliction, Roll a 6 Die.1:Burned:2:Frozen3:Paralysis:4:Sleep5:Freez:"
Bide,Scene,/,Normal,,Phys,"Burst 1, Friendly","The user may use Bide as a Reaction Moveupon being Hit by a Damaging Move. During theirnext available turn, the user may Shift and then useBide, causing all Adjacent foes to lose X HP, where Xis the amount of Damage taken since declaring use ofBide (Loss of life through effects such as Poison is not"Damage")."
Big Bang,TBD,TBD,Normal,TBD,Spec,"TBD","Does Damage. Small burn chance."
Bind,Static,/,Normal,,Static,"","The user gains a +1 Bonus to Accuracy Rollsmade to initiate Grapple Maneuvers, and +2 to SkillChecks made to initiate Grapple Maneuvers or gainDominance. Whenever the user gains Dominance in aGrapple, the target of the Grapple loses a Tick of HitPoints."
Bite,At-Will,2,Dark,2d6+8 ,Phys,"Melee, 1 Target","Bite Flinches the target on 15+."
Bitter Blade,EOT,2,Fire,2d10+10 ,Phys,"Melee, 1 Target,","After the target takes damage, the user gato the target."
Bitter Malice,At-Will,2,Ghost,2d6+8 ,Spec,"6, 1 Target","Legal targets hit by Bitter Malice are Stuck andTrapped until the end of their next turn on a 19+.Once a Scene, if Bitter Malice's target has a StatusCondition, you may have Bitter Malice's Damage Basebe 12 instead (3d12+10 / 30)."
Black Magic,TBD,TBD,Dark,TBD,USE_HIGHEST_OFFENSE,"TBD","Not done yet."
Blast Burn,Daily x2,4,Fire,4d10+20 ,Spec,"Close Blast 3, Smite, Exhaust","None"
Blaze Kick,EOT,4,Fire,2d10+10 ,Phys,"Melee, 1 Target","Blaze Kick Burns the target on 19+, and is aCritical Hit on 18+."
Blazing Arrow,TBD,TBD,Fire,TBD,Phys,"TBD","Not done yet."
Blazing Bone,TBD,TBD,Fire,TBD,Phys,"TBD","Hits 2-5 times. +1 priority."
Blazing torque,EOT,2,Fire,3d8+10 ,Phys,"Melee, 1 Targete are each lowered by -1 Combat Stage.ains HP equal to half of the damage they dealtt Stage.",""
Bleakwind Storm,Scene,5,Flying,3d8+10 ,Spec,"6, Ranged Blast 3, Smite","The target is Flinched on a 15+ and Frozen ona 19+."
Blinding Slash,EOT,2,Light,,,"Melee","Blinds Target on a 17+ ."
Blitz Arrow,TBD,TBD,Fighting,TBD,Phys,"TBD","20% flinch chance. arrow based."
Blizzard,Scene x2,7,Ice,3d10+10 ,Spec,"4, Ranged Blast 2, Smite","Blizzard Freezes all legal target on 15+. If thetarget is in Hailing Weather, Blizzard cannot miss."
Block,At-Will,2,Normal,,Status,"Melee, 1 Target","The target is Stuck and Trapped until thebeginning of your next turn."
Block Dropper,TBD,TBD,Ground,TBD,Phys,"TBD","A ball attack. 20% flinch."
Blood Moon,TBD,TBD,Normal,TBD,Spec,"TBD","The user unleashes the spirit from a full red moon."
Blood Shot,TBD,TBD,Dark,TBD,STATUS,"TBD","Makes the target bleed with black magic."
Blue Flare,Scene x2,5,Fire,4d10+10 ,Spec,"10, 1 Target, Smite","Blue Flare Burns the target on 17+."
Blue Moon,TBD,TBD,Ice,TBD,Spec,"TBD","The user unleashes the spirit from a full blue moon."
Body Press,Scene x2,2,Fighting,2d8+10 ,Phys,"Melee, 1 Target","The user's Defense Stat is added to thedamage roll instead of the Attack Stat."
Body Slam,Scene x2,2,Normal,2d10+10 ,Phys,"Melee, 1 Target","Body Slam Paralyzes the target on 15+."
Boiling Flame,TBD,TBD,Fire,TBD,Spec,"TBD","Deals damage. Does increase damage in rain."
Bolt Beak,Scene x2,2,Electric,2d10+10 ,Phys,"Melee, 1 Target","Against targets with a lower initiative thathave not yet acted this round, Bolt Beak deals +10damage."
Bolt Strike,Scene x2,5,Electric,4d10+10 ,Phys,"10, 1 Target, Smite","Bolt Strike Paralyzes the target on 17+."
Bone Club,At-Will,5,Ground,2d6+10 ,Phys,"Melee, 1 Target","Bone Club Flinches the target on 18+."
Bone Rush,EOT,4,Ground,1d6+5 ,Phys,"Melee, 1 Target, Five Strike","None"
Bonemerang,EOT,3,Ground,1d8+8 ,Phys,"6, Double Strike","None"
Bonk,TBD,TBD,Fairy,TBD,Phys,"TBD","Strikes the foe on the head, possibly causing drowsiness."
Boomburst,Scene,2,Normal,4d10+15 ,Spec,"Burst 1, Sonic","None"
Boulder Bash,EOT,3,,,Phys,"5, 1 Target","Boulder Bash has a chance to flinch the target on 18+"
Bounce,Scene x2,4,Flying,2d10+10 ,Phys,"Melee, 1 Target, Dash, Full Action","The user first Shifts, gaining a +1 Bonus toMovement Speed and to their Jump Capabilities. Afterthe user Shifts, they may attack with Bounce. The targetbecomes Vulnerable, and is Paralyzed on 16+."
Bouncy Bubble,TBD,TBD,Water,TBD,Spec,"TBD","An attack that absorbs all the damage inflicted."
Bramble Blast,TBD,TBD,Grass,TBD,Phys,"TBD","30% chance to apply leech seed. Archer boost."
Branch Poke,At-Will,2,Grass,1d8+6 ,Phys,"","2, 1 Target"
Bravado,TBD,TBD,Normal,TBD,Spec,"TBD","Doubles damage if burned, paralyzed, or poisoned."
Brave Bird,Scene x2,2,Flying,3d12+10 ,Phys,"Melee, Dash, Push, Recoil 1/3","The target is pushed back 2 meters."
Break Dance,EOT,/,Fighting,,Phys,"","Break Dance raises user speed on 17+"
Breaking Swipe,EOT,2,Dragon,2d6+8 ,Phys,"Close Blast 2","The target's Attack is lowered 1 CS."
Brick Break,At-Will,2,Fighting,2d8+10 ,Phys,"Melee, 1 Target","Light Screen,Reflect,Aurora Veil etc may not be activated inresponse to Brick Break."
Bright Bolt,EOT,2,Light,,,"4, 1 Target","Bright bold blinds the target on 19+."
Bright Punch,Scence x2,2,Light,,,"Melee, 1 Target","When calculating damage, the target subtracts their Special Defense instead of their"
Brine,Scene x2,2,Water,2d6+10 ,Spec,"6, 1 Target","If the target's Hit Points are under 50%, Brine'sDamage Base is increased to Damage Base 13 (4d10+10/ 35)."
Brutal Beatdwon,EOT,2,Dark,2d6+8 ,Phys,"","Burst 1"
Brutal Swing,Scene x2,2,Dark,3d12+10 ,Phys,"Melee, 1 Target, Dash","The user's Defense and Special Defense are eachlowered by -1 Combat Stage."
Bubble,At-Will,2,Water,1d8+6 ,Spec,"Burst 1","Bubble lowers the target's Speed on 16+."
Bubble Beam,At-Will,2,Water,3d6+10 ,Spec,"4, 1 Target","Bubble Beam lowers the target's Speed on 18+."
Bug Bite,At-Will,2,Bug,2d6+8 ,Phys,"Melee, 1 Target","If the target has a stored Digestion Buff or hastraded in a Digestion Buff this Scene, the user may gainthe effects of the Digestion Buff. This does not counttowards the usual limit on the user's Digestion Buffs."
Bug Buzz,Scene x2,2,Bug,2d10+10 ,Spec,"Cone 2 or Close Blast 2, Sonic, Smite","Bug Buzz lowers the Special Defense of all targetson 19+."
Bulk Up,EOT,/,Fighting,,Status,"Self","Raise the user's Attack 1 Combat Stage and raisethe user's Defense 1 Combat Stage."
Bulldoze,EOT,2,Ground,2d6+8 ,Phys,"Burst 1","All Legal Targets are lowered 1 Speed CombatStage."
Bullet Punch,At-Will,2,Steel,1d8+6 ,Phys,"Melee, 1 Target, Priority","None."
Bullet Seed,EOT,4,Grass,1d6+5 ,Phys,"6, 1 Target, Five Strike","None"
Burn Up,Daily x2,2,Fire,4d10+10 ,Spec,"Burst 1, Smite","Until the end of the encounter, the user losesits Fire-Type. Pure Fire-Types instead becomeNormal-Type."
Burning Bulwark,TBD,TBD,Fire,TBD,STATUS,"TBD","The user's intensely hot fur protects from attacks."
Burning Jealousy,EOT,2,Fire,2d6+10 ,Spec,"Burst 1, Spirit Surge","After Burning Jealousy has resolved, the usermay choose to Burn foes within 5m that have had anyCS raised since the beginning of that foe's last turn.This Effect may trigger only once per Scene."
Burning Knee,Scene x2,2,Fire,2d10+10 ,Phys,"Burst 1, Spirit Surge","Flinch target on 12 or 14 , burn target on 18+"
Burning Thunder,Scene x2,2,Electric,2d8+10 ,Spec,"5, 1 Target","Burning Thundeer Burns the target on 15+."
Burst Light,EOT,2,Light,,,"Burst 2","Blind the target on roll 19+"
Butterfly Knife,At-Will,3,Fairy,1d8+6 ,Phys,"Melee, 1 Target","If Butterfly Knife is used successfully andconsecutively on the same target, the Damage Base isincreased by +4 to a maximum of 16. For example, thefirst hit would have a DB of 4; the second hit a DB of 8;the third hit a DB of 12; the fourth and further hits a DBof 16. If Butterfly Knife misses or fails to damage its target,its Damage Base resets."
Buzzing Kick,EOT,/,Bug,,Phys,"","Buzzing Kick dmage base is increased by 2 for every Beast Boost activation of the user or allies during theScene."
Buzzy Buzz,TBD,TBD,Electric,TBD,Spec,"TBD","Shoots a jolt of electricity that always paralyzes."
Calm Mind,EOT,/,Psychic,,Status,"Self","Raise the user's Special Attack 1 Combat Stageand raise the user's Special Defense 1 Combat Stage."
Caltrops,TBD,TBD,Steel,TBD,STATUS,"TBD","Spreads dangerous spikes that inflict bleeding."
Camouflage,EOT,/,Normal,,Status,"Self","The user changes their Type to match the field.Forests and grassy areas change the user into Grass-Type. Watery areas change the user into Water-Type.Caves and Mountains could change the user into Rock-Type or Ground-Type. An icy terrain would turn theuser into Ice-Type. A building may change the user intoSteel-Type or Normal-Type. Weather affects what Typethe user becomes. Use common sense, if you are havingdifficult determining what type the user should become,consult the GM."
Captivate,Scene,2,Normal,,Status,"Cone 2, Friendly, Social","Captivate lowers the target's Special Attack 2Combat Stages. Captivate may not affect somethingthat is the same gender as the user or something that isgenderless."
Ceaseless Edge,Scene x2,4,Dark,2d6+10 ,Phys,"Melee, 1 Target","The target is put in a Vortex. Ceaseless Edge isa Critical Hit on a 19+."
Celebrate,TBD,TBD,Normal,TBD,STATUS,"TBD","Congratulates you on your special day."
Cement Throw,EOT,3,Rock,2d6+10 ,Phys,"4, 1 Target","Cement Throw lowers Target speed by 1 CS on 17+. If used on rainy weather Cement throw lowers Target'sSpeed on hit and if Used on a Sunny weather Damage Base is increased by 3."
Charge,EOT,/,Electric,,Status,"Self","If the user performs an Electric Move on theirnext turn that deals damage, add its Damage Dice Rollan extra time to the damage. Raise the user's SpecialDefense 1 Combat Stage."
Charge Beam,At-Will,4,Electric,1d8+8 ,Spec,"6, 1 Target","If Charge Beam successfully hits a target, roll1d20. On a roll of 7+, the user's Special Attack is raisedby +1 Combat Stage."
Charm,EOT,2,Fairy,,Status,"6, 1 Target, Social","Charm lowers the target's Attack 2 CombatStages."
Chatter,At-Will,2,Flying,2d6+10 ,Spec,"4, 1 Target, Sonic","Chatter confuses all targets on 16+."
Cheap Shot,TBD,TBD,Dark,TBD,Phys,"TBD","The user sneaks into the shadows, then attacks."
Chiller,TBD,TBD,Ice,TBD,Phys,"TBD","Hits 3 times with snowballs."
Chilling Water,EOT,2,Water,1d8+8 ,Spec,"5, 1 Target",""
Chilly Reception,At-Will,/,Ice,,Status,"Field","The weather is changed to Snowy for 5 tuin the same turn. A new pokémon may immediatTrapped user be recalled."
Chip Away,EOT,2,Normal,2d6+10 ,Phys,"Melee, 1 Target","Ignore any Armor, Damage Reduction, orchanges in the target's Defense or Special Defense (suchas from Combat Stages) when calculating damage."
Chloroblast,Daily,3,Grass,3d12+10 ,Spec,"Line 8, Smite, Spirit Surge","The user's Hit Points are reduced by 50% oftheir full Hit Point value. This Hit Point loss cannot beprevented or reduced in any way."
Chomp,EOT,2,,2d10+10 ,Phys,"Melee , 1 target , Priority","None"
Circle Throw,At-Will,4,Fighting,2d6+8 ,Phys,"Melee, 1 Target, Push","The target is Pushed 6 meters minus their WeightClass. On 15+, the target is also Tripped."
Clamp,Static,/,Water,,Static,"","The user gains a +1 Bonus to Accuracy Rollsmade to initiate Grapple Maneuvers, and +2 to SkillChecks made to initiate Grapple Maneuvers or gainDominance. Whenever the user gains Dominance in aGrapple, the target of the Grapple loses a Tick of HitPoints."
Clanging Scales,Scene x2,2,Dragon,3d10+10 ,Spec,"6, 1 Target or Burst 1","The user adds half their Defense Stat toClanging Scale's Damage Roll. After the Move isresolved, the user's Defense is lowered by 1 CS."
Clangorous Soul,Scene,/,Dragon,,Status,"Self","The user loses 1/3rd of their Max Hit Pointsand has each of its stats raised by +1 Combat Stage."
Clay Dart,TBD,TBD,Ground,TBD,Phys,"TBD","Not done yet."
Clayball,At-Will,3,Ground,1d8+6 ,Spec,"4, 1 Target, Dash Push","The user may push the target up to2 meters away."
Clear Skies,TBD,TBD,Normal,TBD,STATUS,"TBD","Clears the weather and prevents new weather."
Clear Smog,Scene x2,/,Poison,1d8+8 ,Spec,"6, 1 Target","The target's Combat Stages are reset to theirdefault, and all Coats on the target are destroyed. ClearSmog cannot miss."
Cleasing Light,Scene x2,/,Light,,Status,"","The Combat Stages of the user and all Pokémon and Trainers in the encounter are set totheirdefault state (usually 0)."
Close Combat,Scene x2,2,Fighting,3d12+10 ,Phys,"Melee, 1 Target, Dash","The user's Defense and Special Defense are eachlowered by -1 Combat Stage."
Coaching,EOT,/,Fighting,,Status,"Burst 1","The user and any allies in the Burst have theirAttack and Defense raised by 1 CS."
Coil,Scene x2,/,Poison,,Status,"Self","Raise the user's Attack 1 Combat Stage, raise theuser's Defense 1 Combat Stage, and the user gains +1Accuracy."
Collision Course,Scene x2,2,Fighting,3d8+10 ,Phys,"Melee, 1 Target, Dash, Pass",""
Combat Torque,EOT,2,Fighting,3d8+10 ,Phys,"Melee, 1 Target",""
Comet Punch,At-Will,4,Normal,1d6+3 ,Phys,"Melee, 1 Target, Five Strike","None"
Comeuppance,Scene,/,Dark,,Phys,"Burst 2","Comeuppance causes all targets in the buof direct Damage the user has taken since the bemiss."
Coming of Light,Scence,6,Light,,,"8 range, Blast","Coming of light blinds the target on a 16+"
Concoction,TBD,TBD,Grass,TBD,Phys,"TBD","Damages and uses a berry."
Confide,At-Will,2,Normal,,Status,"4, 1 Target, Social","The target's Special Attack is lowered 1 CombatStage."
Confuse Ray,Scene x2,2,Ghost,,Status,"6, 1 Target","The target is Confused."
Confusion,At-Will,2,Psychic,1d8+8 ,Spec,"6, 1 Target","Confusion Confuses the target on 19+."
Constrict,At-Will,2,Normal,1d6+1 ,Phys,"Melee, 1 Target","Constrict lowers the target's Speed 1 CombatStage. Constrict may be used as a Swift Action againsttargets the user is Grappling, and automatically hitswhen performed this way."
Conversion,At-Will,/,Normal,,Status,"Self","The user becomes the elemental Type of theirchoice as long as they have a Move that is the sameelemental Type until the end of the encounter. Replaceall other Types."
Conversion 2,TBD,TBD,Normal,TBD,STATUS,"TBD","Boosts SpAtk and Speed and changes type."
Conversion2,At-Will,/,Normal,,Status,"Self","The user becomes the elemental Type of theirchoice as long as the Type resists the elemental Type ofthe Move it last took damage from until the end of theencounter. Replace all other Types."
Copycat,Scene x2,/,Normal,,Status,"4, 1 Target","Use the Move the target has used on their lastturn. You may choose new targets for the Move. Copycatcannot miss."
Core Enforcer,Daily x2,2,Dragon,3d8+10 ,Spec,"6, Ranged Blast 3, Spirit Surge","Each target has its Ability disabled until theend of the encounter. If a target has more than oneAbility, you choose one of them to disable."
Corona,Daily x1,/,Light,,StatusDamage Base,"","Corona cannot miss. All targets, including"
Corrode,EOT,2,Poison,,Spec,"+6, 1 Target","When calculating Weakness and Resistance"
Corrosive Gas,EOT,2,Poison,,Status,"Burst 1","Targets hit have their current Held Item(s)unable to be used for the remainder of the Scene. Inaddition, Steel-Type targets hit lose their immunity toPoison until they Faint or Take A Breather; Poisoninstead counts as neutral against Steel."
Cosmic Contagion,Daily x2,/,Poison,,Spec,"","Effect:Choose Either Poison or Rock this move does damage of the choosen type Additionally:If Poison Type is Choosen Set a layer of toxic Spikes arround the target:"
Cosmic Power,EOT,/,Psychic,,Status,"Self","Raise the user's Defense 1 Combat Stage andraise the user's Special Defense 1 Combat Stage."
Cotton Guard,Scene,/,Grass,,Status,"Self","Raise the user's Defense 3 Combat Stages."
Cotton Spore,EOT,2,Grass,,Status,"Burst 1, Powder","All Legal Targets have their Speed lowered 2Combat Stages."
Counter,Scene x2,/,Fighting,,Phys,"Melee, 1 Target, Reaction, Trigger","Counter may be used as a Reaction when theuser is hit by a damaging Physical Attack. Resolve theTriggering Attack, with Counter's user resisting theattack one step further. After the attack is resolved, ifCounter's user was not Fainted, the triggering foe thenloses Hit Points equal to twice the amount of Hit Pointslost by the user from the triggering attack. Note thatCounter is Physical, and while it cannot miss, it cannothit targets immune to Fighting-Type Moves."
Court Change,Daily,/,Normal,,Status,"Field","All Blessings and Hazards swap which side thatthey belong to."
Covet,At-Will,2,Fairy,2d6+8 ,Phys,"Melee, 1 Target","Covet takes the target's Held Item or AccessorySlot Item and attaches it to Covet's user, if the user is notholding anything."
Crabhammer,EOT,4,Water,3d8+10 ,Phys,"Melee, 1 Target","Crabhammer is a Critical Hit on 18+."
Crackle Slam,TBD,TBD,Electric,TBD,Phys,"TBD","Strikes with a conductive hammer. Super-effective vs Steel."
Crafty Shield,Scene,/,Fairy,,Status,"Burst 2, Interrupt, Shield, Trigger","If the user or an Ally within 2 meters of CraftyShield's user is hit by a Status Move, you may use CraftyShield as an Interrupt. All targets in Crafty Shield's area-of-effect including the user, are instead not hit by thetriggering Move and do not suffer any of its effects."
Creeping Thorns,TBD,TBD,Grass,TBD,STATUS,"TBD","Thorns surround the foe. Hurts foes on switch in."
Crimson Glow,EOT,/,Light,,Status,"","Raise the user's Special Attack 2 Combat Stage."
Cross Chop,Scene x2,4,Fighting,3d8+10 ,Phys,"Melee, 1 Target","Cross Chop is a Critical Hit on 16+."
Cross Poison,EOT,2,Poison,2d6+10 ,Phys,"Melee, Pass","Cross Poison is a Critical Hit on 18+, and Poisonsthe target on 19+."
Crunch,EOT,2,Dark,2d8+10 ,Phys,"Melee, 1 Target","Crunch lowers the target's Defense 1 CombatStage on 17+"
Crush,At-Will,2,Fairy,2d6+10 ,Phys,"Melee, 1 Target","Crunch infatuates the target on 17+"
Crush Claw,EOT,3,Normal,2d6+10 ,Phys,"Melee, 1 Target, Dash","Crush Claw lowers the target's Defense 1 CombatStage on Even-Numbered Rolls."
Crush Grip,Scene,2,Normal,3d12+10 ,Phys,"Melee, 1 Target","For every 10% the target is below their full HitPoints, Crush Grip's Damage Base is reduced by 1."
Cupid Shot,TBD,TBD,Fairy,TBD,Phys,"TBD","Not done yet."
Curse,See Text,/,Ghost,,Status,"Self","If the user is not a Ghost Type, Curse has aFrequency of EOT, and when used the user lowers itsSpeed by -1 Combat Stage, but raises Attack and Defenseby +1 Combat Stage each. If the user is a Ghost Type,Curse has a Frequency of Scene, and when used the userloses 1/3rd of their Max Hit Points and a target pokemonor Trainer within 8 meters of the user becomes Cursed.This Hit Point loss cannot be prevented in any way."
Cursed Flare,EOT,4,Fire,2d8+10 ,Spec,"6, 1 Target","On 17+ , Cursed flare disables one move from opponent for 3 turns."
Cut,At-Will,3,Normal,1d8+8 ,Phys,"Melee, Pass","Cut ignores up to 5 Damage Reduction (Defensesare not Damage Reduction)."
Cutsie Slap,TBD,TBD,Fairy,TBD,Phys,"TBD","Slaps the foe cutely. May cause infatuation."
Dark Pulse,EOT,2,Dark,2d8+10 ,Spec,"8, 1 Target, Aura","Dark Pulse Flinches the target on 17+"
Dark Slumber,EOT,2,Dark,2d6+8 ,Spec,"5, 1 Target","Dark slumber makes the target fall asleep on 16+."
Dark Void,EOT,10,Dark,,Status,"Melee 1","The target falls Asleep. Once per Scene, DarkVoid may be used as if its range were "Burst 5,Friendly" instead."
Darkest Lariat,EOT,2,Dark,2d10+10 ,Phys,"Melee, 1 Target","This Move ignores the target's positiveDefense Combat Stages and all Damage Reduction."
Dash Attack,At-Will,2,Light,,,"Melee, Dash, Priority","None"
Dazzle,Scene x2,3,Light,,,"Cone Blast 2","Dazzle blinds the target on 18+"
Dazzling Gleam,EOT,2,Fairy,2d8+10 ,Spec,"Cone 2","None"
Deathroll,Scene,3,Water,3d8+10 ,Phys,"Melee, 1 Target","Deathroll confuses target's Defense 1 CombatStage on 18+. Deathroll also ignores opponent stat changes"
Decorate,Scene,/,Fairy,,Status,"Melee, 1 Target","The target gains +2 CS in both Attack andSpecial Attack."
Defend Order,EOT,/,Bug,,Status,"Self","Raise the user's Defense and Special Defense 1Combat Stage each."
Defense Curl,At-Will,/,Normal,,Status,"Self","The user becomes Curled Up. While Curled Up,the user becomes immune to Critical Hits and gains 10Damage Reduction. However, while Curled Up, the useris Slowed and their Accuracy is lowered by -4. The usermay stop being Curled Up as a Swift Action. If the userhas Rollout or Ice Ball in their Move List, they do notbecome Slowed while Curled Up. Furthermore, whenusing the Moves Rollout or Ice Ball while Curled Up,the user gains a +10 bonus to the damage rolls of thoseMoves and does not suffer Accuracy Penalties frombeing Curled Up."
Defog,Daily x2,/,Flying,,Status,"Field, Weather","The Weather becomes Clear, and all Blessings,Coats, and Hazards are destroyed. Clear Weather isthe default weather, conferring no innate bonuses orpenalties of any sort."
Depletion Beam,TBD,TBD,Dragon,TBD,Phys,"TBD","Attacks with metallic power. Foe's last move has 3 PP cut."
Destiny Bond,EOT,/,Ghost,,Status,"Burst 10, Friendly","All enemy targets in the burst become Bound tothe user until the end of the user's next turn. If a Boundtarget causes the user to Faint through a DamagingAttack, the Bound target immediately faints after theirattack is resolved."
Detect,Scene,/,Fighting,,Status,"Self, Interrupt, Shield, Trigger","If the user is hit by a Move, the user may useDetect. The user is instead not hit by the Move. You donot take any damage nor are you affected by any of theMove's effects."
Devious Shot,TBD,TBD,Dark,TBD,Phys,"TBD","Not done yet."
Devotion Dance,Scene x2,3,Fairy,3d12+10 ,Spec,"Melee, all adjacent foes, Smite","After damage is dealt, the user becomes Enragedand Confused."
Devour,Scene x2,/,Dark,,Phys,"","After the target takes damage, the user gains HP equal to half of the damage they dealt to the target.Additionally, if the target is a Dark-type Pokémon, Devour's damage base increases by +2."
Diamond Arrow,TBD,TBD,Rock,TBD,Phys,"TBD","Not done yet."
Diamond Blade,TBD,TBD,Rock,TBD,Phys,"TBD","Not done yet."
Diamond Storm,Scene,3,Rock,3d8+10 ,Phys,"Close Blast 3, Friendly, Smite","On Even-Numbered Rolls, Diamond Stormraises the User's Defense by 1 Combat Stage."
Dig,EOT,2,Ground,2d8+10 ,Phys,"","Burst 1, Set-Up, Full Action, Groundsource"
Dire Claw,EOT,2,Poison,2d6+8 ,Phys,"Melee, 1 Target","Dire Claw is a Critical Hit on a 19+. Dire Clawgives the target a Status ailment on a 15+. If this istriggered, roll 1d3; on 1 the target is Poisoned; on 2the target is Paralyzed; on 3 the target is Flinched."
Disable,Scene,/,Normal,,Status,"1 Target, Trigger","Disable may be used as a Free Action that doesnot take up a Command whenever the user is hit by aMove. That Move becomes Disabled for the attacker."
Disarming Voice,At-Will,/,Fairy,1d8+6 ,Spec,"Burst 1","Disarming Voice cannot miss."
Discharge,EOT,2,Electric,2d8+10 ,Spec,"All Cardinally Adjacent Targets","Discharge Paralyzes all legal targets on 15+."
Disorient,At-Will,2,Dark,1d8+8 ,Spec,"6, 1 Target","Disorient Confuses the target on 19+."
Distract,At Will,2,Light,,,"Melee, Dash","The target becomes Enraged."
Dive,Scene x2,2,Water,2d8+10 ,Phys,"","Burst 1, Set-Up, Full Action"
Dizzy Punch,At-Will,2,Normal,2d6+10 ,Phys,"Melee, 1 Target","Dizzy Punch Confuses the target on 17+"
Doodle,Scene,/,Normal,,Status,"Melee, 1 Target",""
Doom Desire,Scene x2,/,Steel,4d10+15 ,Spec,"10, 1 Target","Doom Desire does nothing on the turn it is used.At the end of the user's next turn, Doom Desire hits,even if the user is no longer on the field. Doom Desirecannot miss."
Double Hit,EOT,3,Normal,1d8+6 ,Phys,"Melee, 1 Target, Double Strike","None"
Double Iron Bash,Scene x2,2,Steel,2d6+8 ,Phys,"Melee, 1 Target, Double Strike","Double Iron Bash Flinches the targets on 15+.This move is affected by Iron Fist."
Double Kick,At-Will,3,Fighting,1d6+5 ,Phys,"Melee, 1 Target, Double Strike","None"
Double Lariat,TBD,TBD,Fighting,TBD,Phys,"TBD","Hits both targets. Silences hit targets."
Double Shock,Daily x2,2,Electric,3d12+10 ,Phys,"Melee, 1 Target, Smite","Until the end of the encounter, the user loinstead become Normal-Type."
Double Slap,At-Will,4,Normal,1d6+3 ,Phys,"Melee, 1 Target, Five Strike","None"
Double Team,Scene,/,Normal,,Status,"Self, Illusion, Coat","The user gains 3 activations of Double Team.The user may either activate Double Team when beingtargeted by an attack to increase their Evasion by +2against that attack; or when making an attack to increasetheir Accuracy by +2 for that attack."
Double-Edge,Scene x2,2,Normal,3d12+10 ,Phys,"Melee, 1 Target, Dash, Recoil 1/3","None"
Doubled Edged Blade,Daily x1,/,,,Status,"","For the next 5 turns all cutting moves from user (sharpness boosted moves) gain DB+4 and recoil1/3."
Draco Jet,At-Will,2,Dragon,1d8+6 ,Phys,"Melee, 1 Target, Priority","None."
Draco Meteor,Scene,4,Dragon,4d10+10 ,Spec,"8, Ranged Blast 3, Smite","Lower the user's Special Attack 2 Combat Stagesafter damage."
Draco Missile,TBD,TBD,Dragon,TBD,Phys,"TBD","Not done yet."
Draconic Fangs,TBD,TBD,Dragon,TBD,Phys,"TBD","Bites with draconic fangs. May cause flinching."
Dragon Ascent,Scene x2,2,Flying,3d12+10 ,Phys,"Melee, 1 Target, Dash","The user's Defense and Special Defense are eachlowered by -1 Combat Stage."
Dragon Breath,EOT,2,Dragon,2d6+8 ,Spec,"6, 1 Target","Dragon Breath Paralyzes the Target on 15+."
Dragon Cheer,Scene,/,Dragon,,Status,"Blessing","DBlessing - Any user affected by this"
Dragon Claw,At-Will,2,Dragon,2d8+10 ,Phys,"Melee, 1 Target","None"
Dragon Dance,EOT,/,Dragon,,Status,"Self","Raise the user's Attack 1 Combat Stage and raisethe user's Speed 1 Combat Stage."
Dragon Darts,EOT,2,Dragon,1d8+8 ,Phys,"","6, 1 Target, Double Strike; or 6, 2 Targets"
Dragon Dash,TBD,TBD,Dragon,TBD,Phys,"TBD","+1 priority attack."
Dragon Energy,Daily x2,2,Dragon,4d10+20 ,Spec,"Cone 3 or Line 8","For each 10% of HP the user is missing, DragonEnergy's Damage Base is reduced by 1."
Dragon Hammer,EOT,2,Dragon,2d10+10 ,Phys,"","Melee, 1 Target or Line 3"
Dragon Jab,TBD,TBD,Dragon,TBD,Phys,"TBD","Jabs with a horn. can bleed on hit."
Dragon Pulse,EOT,2,Dragon,2d10+10 ,Spec,"8, 1 Target, Aura","None"
Dragon Rage,At-Will,2,Dragon,,Spec,"4, 1 Target","If it hits, Dragon Rage causes the target to lose15 Hit Points. Dragon Rage is Special and interacts withother moves and effects as such (Special Evasion may beapplied to avoid it, Mirror Coat can reflect it, etc.)."
Dragon Rush,Scene x2,4,Dragon,3d8+10 ,Phys,"Melee, 1 Target, Dash, Push, Smite","The target is Pushed 3 meters. Dragon RushFlinches the target on 17+."
Dragon Tail,At-Will,3,Dragon,2d6+8 ,Phys,"Melee, 1 Target, Push","The target is Pushed 6 meters minus their WeightClass. On a roll of 15+, the target is also Tripped."
Dragon's Taint,Daily x2,/,Dragon,,Spec,"","Dragon's Taint has a chance to poison the target on a roll of 14+ and on a 17+ the Target Becomes BadlyPoisoned instead. This Move is Also super effective Against Fairy & Grass Types."
Drain Brain,TBD,TBD,Psychic,TBD,STATUS,"TBD","Lowers targets SpAtk. Heals that much HP."
Drain Punch,Scene x2,2,Fighting,2d8+10 ,Phys,"Melee, 1 Target, Aura","After the target takes damage, the user gains HPequal to half of the damage they dealt to the target."
Draining Kiss,EOT,2,Fairy,1d8+8 ,Spec,"Melee, 1 Target","After the target takes damage, the user gainsHit Points equal to half of the damage they dealt to thetarget."
Dream Eater,EOT,2,Psychic,3d8+10 ,Spec,"Melee, 1 Target","Dream Eater can only target Sleeping pokémonor Trainers. After the target takes damage, the user gainsHit Points equal to half of the damage they dealt to thetarget. Dream Eater does not wake up sleeping targets."
Dream Invasion,TBD,TBD,Normal,TBD,Phys,"TBD","Strikes through dreams, hitting sleeping foes hard."
Drill Peck,At-Will,2,Flying,2d8+10 ,Phys,"Melee, 1 Target, Dash","None"
Drill Run,At-Will,3,Ground,2d8+10 ,Phys,"Melee, 1 Target","Drill Run is a Critical Hit on 18+."
Drum Beating,EOT,2,Grass,2d8+10 ,Phys,"4, 1 Target","The target's Speed is lowered by 1 CS."
Dual Chop,EOT,3,Dragon,1d8+8 ,Phys,"Melee, 1 Target, Double Strike","None"
Dual Wingbeat,EOT,2,Flying,1d8+6 ,Phys,"","Melee, 1 Target, Double Strike"
Dynamax Cannon,Scene x2,2,Dragon,3d8+10 ,Spec,"6, 1 Target","The DB of Dynamax Cannon increases by +2 foreach positive CS the target has, to a maximum of DB20."
Dynamic Punch,At-Will,9,Fighting,3d8+10 ,Phys,"Melee, 1 Target","Dynamic Punch Confuses the target. DynamicPunch ignores the target's Evasion if they are Flanked."
Earth Power,EOT,2,Ground,2d10+10 ,Spec,"6, 1 Target, Groundsource","Earth Power lowers the Special Defense of allLegal Targets 1 Combat Stage on 16+."
Earthquake,Scene,2,Ground,3d8+10 ,Phys,"Burst 3, Groundsource","Earthquake can hit targets that are underground,including those using the Move Dig."
Earthsplitter,TBD,TBD,Steel,TBD,Phys,"TBD","A might slam that can lower defense."
Echoed Voice,EOT,2,Normal,1d8+6 ,Spec,"3, 1 Target, Sonic","If Echoed Voice was used by any pokémon orTrainer in the Encounter on the previous round, increaseits Damage Base by +4. If Echoed Voice was used byany pokémon or Trainers during both the previous tworounds, increase its Damage Base by +8."
Eclipse,TBD,TBD,Dark,TBD,Spec,"TBD","The darkness within erupts from the user for heavy damage."
Eerie Fog,TBD,TBD,Ghost,TBD,STATUS,"TBD","An unnatural fog descends, draining stat boosts."
Eerie Impulse,EOT,2,Electric,,Status,"6, 1 Target","The target's Special Attack is lowered 2 CombatStages."
Eerie Spell,EOT,2,Psychic,2d8+10 ,Spec,"6, 1 Target","The user may choose to Disable the target'slast Move used. This effect may only be activatedonce per Scene."
Egg Bomb,Scene x2,6,Fire,3d8+10 ,Phys,"5, Blast 2","None."
Electric Terrain,Daily x2,/,Electric,,Status,"Field","The field becomes Electrified for 5 rounds. WhileElectrified, pokémon and Trainers touching the groundare immune to Sleep, and Electric-Type attacks used bypokémon and Trainers touching the ground gain a +10Bonus to Damage Rolls."
Electrify,EOT,/,Electric,,Status,"6, 1 Target","Until the end of the user's next turn, the target'sdamaging Water-Type attacks and Melee attacks of anyType deal Electric-Type Damage instead of their usualType."
Electro Ball,Scene x2,2,Electric,2d8+6 ,Spec,"10, 1 Target","The user adds their Speed Stat, includingCombat Stages, in addition to their Special Attack whendetermining the damage dealt by Electro Ball. TheDefender in turn subtracts both their Special Defenseand Speed Stats from the damage dealt before applyingType Effectiveness."
Electro Drift,Scene x2,2,Electric,3d8+10 ,Spec,"Melee 1, Target, Dash, Pass",""
Electro Shot,TBD,TBD,Electric,TBD,Spec,"TBD","gathers electricity for a high-voltage shot. +1 SPA"
Electroweb,EOT,3,Electric,2d6+8 ,Spec,"4, Ranged Blast 2","All Legal Targets are lowered 1 Speed CombatStage."
Embargo,At-Will,2,Dark,,Status,"6, 1 Target","The target cannot use or benefit from held itemsfor the remainder of the encounter. Embargo may onlyaffect one target at a time; if Embargo is used on a newtarget, the previous target is freed from the effect."
Ember,At-Will,2,Fire,1d8+6 ,Spec,"4, 1 Target","Ember Burns the target on 18+."
Enchanted Blade,EOT,/,Fairy,2d6+8 ,Phys,"Melee, 1 Target","Aerial Ace cannot miss."
Encore,Scene x2,2,Normal,,Status,"4, 1 Target, Social","Roll 1d6. On a result of 1 or 2, the target becomesConfused; on a result of 3 or 4 the target becomesSuppressed; on a result of 5 or 6 the target becomesEnraged."
Endeavor,Scene,2,Normal,,Phys,"Melee, 1 Target, Dash","The target loses a Tick of Hit Points for eachInjury the user has."
Endure,Daily,/,Normal,,Status,"Self, Reaction, Trigger","If the user is hit by a damaging Move, you mayuse Endure as a Free Action. If the Move would bringEndure's user down to 0 Hit Points or less, Endure's userinstead is set to 1 Hit Point."
Energy Ball,EOT,2,Grass,2d10+10 ,Spec,"8, 1 Target","Energy Ball lowers the foe's Special Defense 1Combat Stage on 17+."
Energy Wave,TBD,TBD,Normal,TBD,Spec,"TBD","Deals damage."
Entrainment,Scene,2,Normal,,Status,"4, 1 Target","The target gains one of the user's Abilities for 3turns."
Eruption,Daily,4,Fire,4d10+20 ,Spec,"Burst 1*","For each 10% of Hit Points the user is missing,Eruption's Damage Base is reduced by 1. Eruptioncreates a 1 meter burst, but also affects an area 10 meterstall straight up."
Esper Waltz,TBD,TBD,Psychic,TBD,Spec,"TBD","A mesmerizing waltz that may raise Special Attack."
Esper Wing,Scene x2,4,Psychic,2d8+10 ,Spec,"Melee, Pass, Priority","Esper Wing is a Critical Hit on an 18+."
Eternabeam,Scene,4,Dragon,5d10+20 ,Spec,"","Line 6, Smite, Exhaust"
Eternal Light,Daily x2/em>,4,Light,,,"10, 1 Target, Exhaust, Smite","None"
Etheral Claw,EOT,2,Light,,,"Melee, 1 Target","Etheral claw is a critical on 18+"
Excalibur,Scene x2,4,Steel,,,"Melee, 1 Target","When calculating Weakness and Resistance for"
Expanding Force,EOT,2,Psychic,2d8+10 ,Spec,"Burst 1, Spirit Surge","After Expanding Force is resolved, you maycreate Psychic Terrain in a Blast 7, centered on theuser, that lasts for 5 turns. Any creatures in thosespaces are affected as if by the Field Move PsychicTerrain, rather than any other Field Move. This Effectmay trigger only once per Scene."
Explosion,Daily,2,Normal,6d12+60 ,Phys,"Burst 2","The user's Hit Points are set to -50% of their fullHit Point value. This Hit Point loss cannot be preventedor reduced in any way. The user's loyalty toward itstrainer may be lowered."
Extrasensory,EOT,2,Psychic,2d8+10 ,Spec,"5, 1 Target","Extrasensory Flinches the target on 19+."
Extreme Speed,EOT,2,Normal,2d8+10 ,Phys,"Melee, 1 Target, Dash, Priority","None"
Facade,TBD,TBD,Normal,TBD,Phys,"TBD","Doubles damage if burned, paralyzed, or poisoned."
Fair Play,Scene x2,2,Fairy,3d8+10 ,Phys,"Melee, 1 Target","The target reveals its Special Attack stat. Whencalculating damage, add the target's Attack stat insteadof the user's Attack stat."
Fairy Lock,Scene,/,Fairy,,Status,"Burst 3, Friendly","All legal targets become Trapped and Slowedwhile the user remains in the encounter. This effect endsif the user switches or is Fainted."
Fairy Powder,Scene x2,3,Fairy,1d6+3 ,Spec,"4, 1 Target","Opponent becomes confused. If move is used on sunny weather or in light terrain , Fairy Powderdamage base is 5."
Fairy Spheres,TBD,TBD,Fairy,TBD,HITS_SPDEF,"TBD","Not done yet."
Fairy Whirl,EOT,4,Fairy,2d10+10 ,Spec,"Burst 2, spirit surge","Apply confusion to target on 17+ . If target is suffering from any status condition, Fairy Whirldamage base is increased by 2"
Fairy Wind,At-Will,2,Fairy,1d8+6 ,Spec,"6, 1 Target","None"
Fake Out,At-Will,2,Normal,1d8+6 ,Phys,"Melee, 1 Target, Priority","You may only use Fake Out with Priority uponjoining an encounter; if you do, Fake Out Flinches thetarget. Switching out resets the requirement of joiningan encounter."
Fake Tears,EOT,2,Dark,,Status,"8, 1 Target, Social","Lower the target's Special Defense 2 CombatStages."
False Surrender,EOT,/,Dark,2d6+8 ,Phys,"Melee, 1 Target","False Surrender cannot miss."
False Swipe,At-Will,2,Normal,1d8+6 ,Phys,"Melee, Pass","False Swipe's damage cannot bring a target lowerthan 1 Hit Point."
Façade,EOT,2,Normal,2d6+10 ,Phys,"Melee, 1 Target","If the user is afflicted with a Persistent StatusAffliction, Façade's Damage Base is doubled to DB 14(4d10+15 / 40)."
Feather Dance,EOT,2,Flying,,Status,"Burst 1, Friendly","All legal targets have their Attack lowered 2Combat Stages."
Feint,,Scene,Normal,,Status,"Trigger","If a foe uses a Move with the Shield Keyword inresponse to one of your actions, you may activate Feintto cause the triggering Move to Fail. Feint is activated asa Free Action."
Feint Attack,EOT,/,Dark,2d6+8 ,Phys,"Melee, 1 Target","Feint Attack cannot miss."
Fell Stinger,At-Will,2,Bug,1d6+5 ,Phys,"Melee, 1 Target","If the user successfully knocks out a target withFell Stinger, raise their Attack by 2 Combat Stages."
Femur Breaker,TBD,TBD,Electric,TBD,Phys,"TBD","The foe is struck fearsomely on the legs. Paralyzes the target."
Fern Wall,Daily,/,Grass,,PStatus,"Self","Heal 1/4 of maximum hit points. Increase DEF and SP. DEF by 1 combat stage"
Fertile Fangs,TBD,TBD,Grass,TBD,Phys,"TBD","User inserts its ingraining fangs. May apply leech seed."
Fetch,TBD,TBD,Normal,TBD,Phys,"TBD","The user runs off the field in search of its lost item."
Fey Wild,Scene x2,2,Fairy,3d12+10 ,Phys,"Melee, 1 Target, Dash","Superpower lowers the user's Attack and Defenseby 1 Combat Stage each."
Fickle Beam,TBD,TBD,Dragon,TBD,Spec,"TBD","Shoots a strange beam of light that might deal double damage."
Fiery Dance,EOT,2,Fire,2d8+10 ,Spec,"4, 1 Target","If Fiery Dance successfully hits a foe, it raisesthe user's Special Attack by 1 Combat Stage on Even-Numbered Rolls."
Fiery Miasma,Daily x2,2,,2d6+10 ,Spec,"","If the target is Burned, it suffers an additional1 tick of damage every turn until the end of the Scene (if the target is cured from burn or switched outthis effect stops). If the target is Poisoned, its Special Defense is loweredby 1 Combat Stages. If the target is both Burned and Poisoned, it suffers both effects Fiery Miasmadamage base is 10 instead."
Fiery Shock,At-Will,2,Fire,2d8+10 ,Spec,"4, 1 Target","When calculating damage , if target defense is lower than special defense, substracts targetdefense instead."
Fiery Wrath,EOT,2,Dark,2d10+10 ,Spec,"6, 1 Target","Fiery Wrath Flinches the target on a 17+. Onceper Scene, Fiery Wrath may instead be used as a Fire-Type Move."
Fillet Away,Scene,/,Normal,,Status,"Self",""
Final Gambit,Scene,2,Fighting,,Spec,"Melee, 1 Target","Final Gambit lowers the user to 0 Hit Points andcauses them to Faint. Final Gambit then deals 1 point ofdamage to the target for every Hit Point lost by the user.Final Gambit does not cause items to activate."
Final Topping,Daily x2,4,Fairy,3d12+10 ,Spec,"Burst 2, Friendly","Heal all allies by 2 ticks of hit points. Alcremie Sp Atk is lowered by 2 combat stages"
Fire Blast,Scene x2,4,Fire,3d10+10 ,Spec,"6, 1 Target, Smite","Fire Blast burns the target on 19+."
Fire Breath,Daily x2,5,Fire,3d10+10 ,Spec,"6, 1 Target,","Fire Breath Burns on 18+.It May do dragon type damage instead if user wishes."
Fire Fang,At-Will,3,Fire,2d6+10 ,Phys,"Melee, 1 Target","Fire Fang Burns or Flinches on 18-19 duringAccuracy Check; flip a coin to determine whether thefoe gets Burned or Flinches. On 20 during AccuracyCheck, the foe is Burned and Flinches."
Fire Glaive,TBD,TBD,Fire,TBD,Phys,"TBD","The user strikes with a white hot horn."
Fire Lash,EOT,2,Fire,2d8+10 ,Phys,"2, 1 Target","The target's Defense is lowered by 1 CombatStage."
Fire Pledge,Scene,2,Fire,2d8+10 ,Spec,"6, 1 Target, Pledge","If an ally uses Grass Pledge or Water Pledge,you may use Fire Pledge as Priority (Advanced)immediately after their turn to target the same foe. Ifused in conjunction with Grass Pledge, Fire Hazardsare created in a Burst 1 around the target. If used inconjunction with Water Pledge, a Rainbow is createdthat lasts for 5 rounds. Consult the Pledge keyword foradditional details."
Fire Punch,At-Will,2,Fire,2d8+10 ,Phys,"Melee, 1 Target","Fire Punch Burns the target on 19+ duringAccuracy Check."
Fire Spin,Scene x2,4,Fire,1d8+6 ,Spec,"3, 1 Target","The target is put in a Vortex."
Fired Up,EOT,/,Fire,,Status,"Self","Raise the user's Special Attack 1 Combat Stage and raisethe user's Speed 1 Combat Stage."
Firestorm,Scence x2,4,Fire,4d10+10 ,Spec,"6, 1 Target","Firestorm burns on 17+."
First Impression,EOT,2,Bug,2d10+10 ,Phys,"Melee, 1 Target, Priority","You may only use First Impression with Priorityupon joining an encounter; if you do, First ImpressionFlinches the target. Switching out resets therequirement of joining an encounter."
Fishious Rend,Scene x2,2,Water,2d10+10 ,Phys,"Melee, 1 Target","Against targets with a lower initiative thathave not yet acted this round, Fishious Rend deals +10damage."
Fissure,Daily,6,Ground,,Phys,"","This Move automatically CriticallyHits targets at or below half of their Max HitPoints. After dealing damage, the targetbecomes Vulnerable for one full round."
Fists of Fury,EOT,4,Fire,1d6+5 ,Phys,"Melee,1 Target, Five Strike","Fists of fury may do Fighting-Type damages if user wishes."
Five-Star Fury,TBD,TBD,Bug,TBD,Phys,"TBD","Repeatedly punches the foe 2 to 5 times. +1 priority."
Flail,EOT,2,Normal,2d6+10 ,Phys,"Melee, 1 Target","For each Injury the user has, Flail's Damage Baseis increased by +1."
Flame Burst,At-Will,2,Fire,2d6+10 ,Spec,"6, 1 Target","Any Trainers or pokémon cardinally adjacent tothe target lose 5 Hit Points."
Flame Charge,At-Will,2,Fire,1d8+8 ,Phys,"Melee, 1 Target, Dash","Raise the user's Speed 1 Combat Stage."
Flame Slam,EOT,/,Fire,,Phys,"","Flame Slam burns the target on 18+"
Flame Tongue,TBD,TBD,Fire,TBD,Phys,"TBD","Not done yet."
Flame Wheel,At-Will,2,Fire,2d6+8 ,Phys,"Melee, 1 Target, Dash","Flame Wheel Burns the target on 19+."
Flamethrower,EOT,2,Fire,2d10+10 ,Spec,"4, 1 Target","Flamethrower Burns the target on 19+."
Flare Blitz,Scene x2,2,Fire,3d12+10 ,Phys,"Melee, 1 Target, Dash, Recoil 1/3","Flare Blitz Burns the target on 19+."
Flare Gun,EOT,2,Light,,,"line 4","Blinds on 19+"
Flash,At-Will,2,Light,,,"Burst","Lower precision by 1 stage on 18+."
Flash Cannon,EOT,2,Steel,2d8+10 ,Spec,"6, 1 Target","Flash Cannon lowers the target's Special Defenseby 1 Combat Stage on 17+."
Flash Freeze,TBD,TBD,Ice,TBD,STATUS,"TBD","Drains the heat from the target, causing frostbite."
Flash Heal,Daily x2,/,Light,,Status,"","The user and all allies in the burst regain Hit Points equal to 1/4 of their Maximum HitPoints.Can't use when Darkness weather is active"
Flash Step,At-Will,2,Light,,,"Melee, Dash","If an adjacent foe targets the user with a Damaging Attack, Flash Step may be used as an"
Flatter,At-Will,2,Dark,,Status,"6, 1 Target, Social","The target's Special Attack is raised by +1 CombatStage. Flatter Confuses the target."
Fleur Cannon,Scene,4,Fairy,4d10+10 ,Spec,"Line 9, Smite","Lower the user's Special Attack 2 CombatStages after damage."
Fling,Scene x2,2,Dark,,Phys,"6, 1 Target, Fling","The user throws a held item, determining theeffect of Fling."
Flip Turn,At-Will,2,Water,2d6+8 ,Phys,"Melee, 1 Target, Dash","If Flip Turn successfully hits its target, the userdeals damage and then immediately is returned to itsPoké Ball in the same turn. A New pokémon mayimmediately be sent out. Using Flip Turn lets aTrapped user be recalled."
Floaty Fall,TBD,TBD,Flying,TBD,Phys,"TBD","Floats in air and dives at angle. May cause flinching."
Floral Healing,Daily x2,/,Fairy,,Status,"Melee, 1 Target, Healing","The target regains Hit Points equal to half of itsfull Hit Point value. If the field is Grassy Terrain, thetarget gains 2/3 of its full Hit Point value instead."
Flower Shield,Scene,/,Fairy,,Status,"Burst 2","All Grass Type pokémon in Flower Shield's areaof effect have their Defense raised by +2 Combat Stages."
Flower Trick,EOT,/,Grass,2d6+10,Phys,"Melee, 1 Target","Flower Trick cannot miss. If Flower Trick h"
Fluttering Chaos,Scence x2,2,Bug,2d8+10 ,Spec,"Burst 6","On 18+ , opponent is confused , on 19+ opponent receive another status determined randomly (burn,sleep,para)."
Fluttering Leaf,TBD,TBD,Grass,TBD,Phys,"TBD","Deals damage and switches."
Fly,At-Will,3,Flying,2d8+10 ,Phys,"","Melee, Dash, Set-Up"
Flying Press,EOT,3,Fighting,2d8+10 ,Phys,"Melee, Dash, 1 Target",""
Foam Torrent,EOT,2,Water,2d10+10 ,Spec,"4, 1 Target","Lower targets speed on 15+. Uses Physical attack for damage calculation (but still doesspecial damage.)"
Focus Blast,Scene x2,7,Fighting,3d12+10 ,Spec,"6, 1 Target, Smite, Aura","Focus Blast lowers the target's Special Defense 1Combat Stage on 18+."
Focus Energy,At-Will,/,Normal,,Status,"Self","The user becomes Pumped. While Pumped,the user's Critical Range is extended by 2, or 18+ ifthe Critical Range is not otherwise extended. Beingswitched will cause this effect to end."
Focus Punch,Scene x2,2,Fighting,4d10+20 ,Phys,"Melee, 1 Target, Priority (Limited), Aura","Use of Focus Punch must be declared as aPriority (Limited) action at the beginning of the round.Nothing happens at this time. At the end of the round,if the target hasn't been hit by an attack dealing damageequal to at least 25% of the user's Maximum Hit Points,the user may Shift and use Focus Punch. Focus Punch'sFrequency is not expended if it is negated by an attack."
Follow Me,Scene,/,Normal,,Status,"Burst 5, Social","Until the end of the user's next turn, all Foesmust target the user when using a Move that targetstheir opponents. This effect ends if the user is Faintedor Switched out."
Force Field,At-Will,4,Light,,,"Self, Burst","Next attack damage received by the user will be lowered by 5"
Force Palm,At-Will,2,Fighting,2d6+8 ,Phys,"Melee, 1 Target, Aura","Force Palm Paralyzes the target on 18+."
Foresight,Scene x2,/,Normal,,Status,"Self, Swift Action","Foresight may be activated as a Swift Actionon the user's turn. For the rest of the turn, the user'sNormal-Type and Fighting-Type Moves can hit andaffect Ghost-Type targets, and the user can see throughthe Illusion Ability, Moves with the Illusion keyword,and effects created by the Illusionist Capability, ignoringall effects from those."
Forest's Curse,Daily,2,Grass,,Status,"6, 1 Target","The target gains the Grass Type in addition to itsother Types for 5 turns."
Foul Play,Scene x2,2,Dark,3d8+10 ,Phys,"Melee, 1 Target","The target reveals its Attack stat. Whencalculating damage, add the target's Attack stat insteadof the user's Attack stat."
Freez Wall,Daily x1,/,Ice,,Status,"Self, Interrupt","For the next 3 turns user resist all moves one step further. Also increases user Special DefenseBy 1 CS."
Freeze Shock,Scene,4,Ice,4d10+15 ,Phys,"","10, Single Target, Set-Up, Full Action"
Freeze-Dry,EOT,2,Ice,2d6+10 ,Spec,"6, 1 Target.","When calculating Weakness and Resistance forFreeze-Dry, Water-Typed targets calculate damage as ifWater was weak to Ice."
Freezing Glare,EOT,2,Psychic,2d10+10 ,Spec,"6, 1 Target","Freezing Glare Freezes the target on a 19+.Once per Scene, Freezing Glare may instead be usedas an Ice-Type Move."
Freezy Frost,TBD,TBD,Ice,TBD,Spec,"TBD","Crystal from cold haze hits. Eliminates all stat changes."
Frenzy Plant,Daily x2,4,Grass,4d10+20 ,Spec,"3, 5 Targets, Smite, Exhaust","None"
Frost Bolt,TBD,TBD,Ice,TBD,Phys,"TBD","Not done yet."
Frost Brand,TBD,TBD,Ice,TBD,Phys,"TBD","The foe is slashed with an icy blade. May inflict frostbite."
Frost Breath,EOT,3,Ice,2d6+8 ,Spec,"4, 1 Target","If Frost Breath hits, it is a Critical Hit."
Frost Shroud,EOT,2,Ice,2d10+10 ,Spec,"6, 1 Target, Spirit Surge","Frost Shroud frostbites to the target on 17+."
Frostwave Aria,Daily x2,5,Ice,3d12+10 ,Spec,"Burst 6, Friendly","On a roll of 15+ user and it's allies in the area of Frostwave Aria gain blessing, that can beused once to resist an attack one step further."
Frustration,At-Will,2,Normal,,Phys,"Melee, 1 Target","Frustration's Damage Base is equal to 9 minusthe user's Loyalty Value. Using Frustration may makeyour pokémon dislike you."
Fuel Coal,EOT,/,Fire,,Status,"Self","Raise the user's Special Attack 1 Combat Stage and raise the user's Special Defense 1 CombatStag"
Fumigation Bomb,TBD,TBD,Poison,TBD,Phys,"TBD","Not done yet."
Fury Attack,At-Will,4,Normal,1d6+3 ,Phys,"Melee, 1 Target, Five Strike","None"
Fury Cutter,At-Will,3,Bug,1d8+6 ,Phys,"Melee, 1 Target","If Fury Cutter is used successfully andconsecutively on the same target, the Damage Base isincreased by +4 to a maximum of 16. For example, thefirst hit would have a DB of 4; the second hit a DB of 8;the third hit a DB of 12; the fourth and further hits a DBof 16. If Fury Cuter misses or fails to damage its target,its Damage Base resets."
Fury Swipes,EOT,5,Normal,1d6+5 ,Phys,"Melee, 1 Target, Five Strike","None"
Fusion Bolt,Scene x2,2,Electric,3d8+10 ,Phys,"8, 1 Target, Smite","If Fusion Flare was used this round or last roundby any participant of the encounter, Fusion Bolt has its DB increased by +3."
Fusion Flare,Scene x2,2,Fire,3d8+10 ,Spec,"8, 1 Target, Smite","If Fusion Bolt was used this round or last roundby any participant of the encounter, Fusion Flare has itsDB increased by +3."
Future Sight,Scene x2,/,Psychic,3d12+10 ,Spec,"10, 1 Target","Future Sight does nothing on the turn it is used.At the end of the user's next turn, Future Sight hits, evenif the user is no longer on the field. Future Sight cannotmiss."
Gaia Growth,Daily,/,Grass,,Status,"Self","User heal ¼ of max hit points, and raises ATK and SP. ATK by 1 combat stage under the sun userraises ATK and SP. ATK by 2 combat stages instead."
Gale Force,Scene x2,4,Flying,2d8+10 ,Spec,"Burst 1,","Gale Force Removes all stat changes on target hit by the move. This Move has Priority under Tail wind"
Gastro Acid,Scene,2,Poison,,Status,"4, 1 Target","The target's Ability is disabled until the end ofthe encounter. If the target has more than one Ability,you choose one of them to disable."
Gear Grind,EOT,3,Steel,1d8+8 ,Phys,"Melee, 1 Target, Double Strike","None"
Gear Up,,Scene x2,Steel,,Status,"Burst 4","All targets that are Steel-Typed receive +1Attack and Special Attack Combat Stages"
Gem Missile,TBD,TBD,Rock,TBD,Spec,"TBD","+1 priority."
Geomancy,Scene,/,Fairy,,Status,"","Self, Set-Up"
Ghastly Echo,TBD,TBD,Ghost,TBD,Spec,"TBD","Deals damage and switches out, empowring the ally."
Giant Gale,TBD,TBD,Flying,TBD,Spec,"TBD","Strikes the foe with a mighty gale, but lowers Speed."
Giga Drain,Scene x2,2,Grass,2d8+10 ,Spec,"6, 1 Target","After the target takes damage, the user gainsHit Points equal to half of the damage they dealt to thetarget."
Giga Impact,Daily x2,4,Normal,4d10+20 ,Phys,"Melee, 1 Target, Dash, Exhaust, Smite","None"
Gigaton Hammer,Scene x2,4,Steel,5d10+20 ,Phys,"Melee, 1 Target","The user becomes Vulnerable for one whole round after using Gigaton Hammer, Gigaton Hammer'sFrequency cannot be increased, and it cannot be made to be used as a Priority Move. (this move also maynot be paired with)"
Glacial Lance,Daily,2,Ice,4d10+10 ,Phys,"Line 8, Smite","Legal targets hit by Glacial Lance are Stuck andTrapped until the end of their next turn."
Glaciate,EOT,3,Ice,2d6+10 ,Spec,"Burst 2","All Legal Targets have their Speed lowered 1Combat Stage. On an Even-Numbered Roll, all LegalTargets on the ground are Slowed."
Glacier Crash,TBD,TBD,Ice,TBD,Phys,"TBD","Not done yet."
Glaive Rush,TBD,TBD,Dragon,TBD,Phys,"TBD","Deals damage. User takes double damage for rest of turn."
Glare,Scene x2,2,Normal,,Status,"4, 1 Target, Social","Glare Paralyzes the target."
Gleam,At-Will,2,Light,,Status,"","A shining gleam from the user lowers the target's accuracy -2."
Gleaming Rush,Scene x2,6,Light,,,"Melee, 1 Target, Dash","Gleaming Rush Paralyzes on 18+. This move may Deal Electric damage if the user wishes."
Glimmer Wing,Scence x1,6,Light,,,"Melee, 1 Target",""
Glint,EOT,2,Steel,1d8+8 ,Spec,"5, 1 Target",""
Glitzy Glow,TBD,TBD,Psychic,TBD,Spec,"TBD","Telekinetic force that sets wall, lowering Sp. Atk damage."
Godspeed,TBD,TBD,Flying,TBD,Phys,"TBD","Super effective vs Steel."
Grass Knot,EOT,2,Grass,,Spec,"5, 1 Target, Weight Class","Grass Knot's Damage Base is equal to twice thetarget's Weight Class."
Grass Pledge,Scene,2,Grass,2d8+10 ,Spec,"6, 1 Target, Pledge","If an ally uses Fire Pledge or Water Pledge,you may use Grass Pledge as Priority (Advanced)immediately after their turn to target the same foe. Ifused in conjunction with Fire Pledge, Fire Hazardsare created in a Burst 1 around the target. If used inconjunction with Water Pledge, the target and all foesadjacent to the target are slowed and have their Speedreduced by 2 Combat Stages. Consult the Pledgekeyword for additional details."
Grass Whistle,Scene x2,6,Grass,,Status,"6, 1 Target, Sonic","The target falls Asleep."
Grassy Glide,EOT,2,Grass,2d6+10 ,Phys,"Melee, Pass, Spirit Surge","If the user is on Grassy Terrain, Grassy Glidemay be used with Priority. After Grassy Glide has beenresolved, the user may choose to create GrassyTerrain in the spaces Passed over (including those itstarted and ended in), that lasts for 5 turns. Anycreatures in those spaces are affected as if by theField Move Grassy Terrain, rather than any other FieldMove."
Grassy Terrain,Daily x2,/,Grass,,Status,"Field","The area becomes Grassy for 5 rounds. WhileGrassy, all pokémon and Trainers standing on theground recover a Tick of Hit Points at the start of everyturn, and Grass-Type attacks performed by groundedpokémon and Trainers gain a +10 bonus to DamageRolls."
Grav Apple,EOT,2,Grass,2d8+10 ,Phys,"6, 1 Target","The target's Defense is lowered by 1 CS."
Gravitational Pulse,Scene x2,2,Psychic,1d8+8 ,Spec,"6, 1 Target","Effect:Apply Gravity arround the target for X turns (X = result of 1d4+1). Gravitational Pulse Confuseson 16+ and if the target is affected by Gravitiy confusion range increased by +3.Gravity:target become grounded and negate the effect of Flying type moves..:"
Gravity,Daily x2,/,Psychic,,Status,"Field","For 5 rounds, the area is considered Warped.While Warped, Moves that involve the user beingairborne may not be used. pokémon cannot use Skyor Levitate Capabilities to end their turn at an altitudehigher than 1 meter. Flying-Types and pokémon withthe Ability Levitate are no longer immune to Ground-Type Moves. All Accuracy Rolls receive a +2 Bonus."
Growl,At-Will,2,Normal,,Status,"Burst 1, Friendly, Sonic, Social","Growl lowers all Legal Targets Attack 1 CombatStage."
Growth,EOT,/,Normal,,Status,"Self","Raise the user's Attack 1 Combat Stage and raisethe user's Special Attack 1 Combat Stage. If it is Sunny,double the amount of Combat Stages gained."
Grudge,Daily,/,Ghost,,Status,"6, 1 Target, Interrupt","You may use Grudge as an Interrupt when aDamaging Attack causes the user to faint. Grudgeis activated as a Free Action (does not take up aCommand). The attack is resolved as usual, andthe user Faints. The attacker that caused the user toFaint becomes Suppressed for the remainder of theencounter; switching and Taking a Breather does notend Suppression when used this way."
Guard Split,Scene,/,Psychic,,Status,"Melee, 1 Target","The target loses 5 Defense and 5 Special Defense.If they do, the user gains 5 Damage Reduction. Theseeffects last until the end of the scene."
Guard Swap,Scene,/,Psychic,,Status,"Melee, 1 Target","The user and the target trade Combat Stagevalues for the Defense Stat, and then for the SpecialDefense Stat."
Guardian Bolt,EOT,/,Electric,,Phys,"","Guardian Bolt Paralyzes on 18+ if used oon electric terrain Paralyzes on 16+ Instead."
Guardian's Grove,EOT,/,Grass,,Phys,"","Guardian's Grove lowers opponent's Speed on 18+ if used on grassy terrain lowers speed on 16+instead"
Guardian's Psyche,EOT,/,Psychic,,Spec,"","Guardian's Psyche flinches on 18+ if used in psychic Terrain flinches on 16+ instead"
Guardian's Tide,EOT,/,Water,,Spec,"","Guardian's Tide the heals the user for 1/4 of itsmaximum HP on 18+ if used in misty Terrain it heals on 16+ Instead."
Guillotine,Daily,6,Bug,,Phys,"","This Move automatically CriticallyHits targets at or below half of their Max HitPoints. After dealing damage, the targetbecomes Vulnerable for one full round."
Gunk Shot,Daily x2,5,Poison,3d12+10 ,Phys,"6, 1 Target, Smite","Gunk Shot Poisons the Target on 15+."
Gust,At-Will,2,Flying,1d8+6 ,Spec,"4, 1 Target","If the target is airborne as a result of Fly or SkyDrop, Gust can hit them, ignoring Range and has aDB 8 instead."
Gyro Ball,Scene x2,2,Steel,2d6+8 ,Phys,"6, 1 Target","The target reveals their Speed Stat (includingCombat Stages). If it is higher than the user's (again,including Combat Stages), subtract the user's SpeedStat from the target's, and apply the difference as BonusDamage."
Hacksaw,TBD,TBD,Steel,TBD,Phys,"TBD","Super effective vs Steel."
Hail,Daily x2,/,Ice,,Status,"Field, Weather","The weather changes to Hail for 5 rounds. Whileit is Hailing, all non-Ice Type pokémon lose a Tick ofHit Points at the beginning of their turn."
Halo,Daily x2,/,Light,,Status,"","Apply Pallium Coat to the user for 5 turns . Pallium coat = negate secondary effect ofenemyattacks"
Hammer Arm,EOT,3,Fighting,3d8+10 ,Phys,"Melee, 1 Target","The user lowers their Speed 1 Combat Stage."
Happy Hour,TBD,TBD,Normal,TBD,STATUS,"TBD","Doubles the amount of Prize Money received."
Hard Press,TBD,TBD,Steel,TBD,Phys,"TBD","Crushes quicker foes, nullifying their ability."
Harden,At-Will,/,Normal,,Status,"Self","Raise the user's Defense 1 Combat Stage."
Haze,Scene x2,/,Ice,,Status,"Field","The Combat Stages of the user and all pokémonand Trainers in the encounter are set to their defaultstate (usually 0)."
Head Charge,Scene x2,2,Normal,3d12+10 ,Phys,"Melee, 1 Target, Push, Recoil 1/3","The target is Pushed back 2 meters."
Head Smash,Scene,5,Rock,4d10+20 ,Phys,"Melee, 1 Target, Dash, Push, Recoil 1/3","The target is pushed 2 meters."
Headbutt,EOT,2,Normal,2d6+10 ,Phys,"Melee, 1 Target","Headbutt Flinches the target on 15+."
Headlong Rush,Scene,2,Ground,3d8+10 ,Phys,"Melee, 1 Target, Smite, Reckless","The user's Defense and Special Defense areeach lowered by -1 Combat Stage.Headlong Rush may be used as a Free Action at theend of a Sprint Maneuver taken as a Standard Action,as long as the user Shifted at least 3 meters in astraight line towards the target. When used this way,Headlong Rush Trips the target on a hit."
Heal Bell,Scene,/,Normal,,Status,"Burst 3, Sonic","All targets are cured of any Persistent Statusailments."
Heal Block,EOT,2,Psychic,,Status,"6, 1 Target","Until the end of the encounter, the target maynot gain Hit Points or Temporary Hit Points from anysource. This effect ends if the target is switched out orTakes a Breather."
Heal Charge,Daily x2,/,Light,,Status,"","An allies in the burst regain Hit Points equal to 1/4 of their Maximum Hit Points andincreaseits defense by 1 combat stage. Can't use when Darkness weather is active"
Heal Order,Daily x2,/,Bug,,Status,"Self","The user regains Hit Points equal to half of itsfull Hit Point value."
Heal Pulse,Daily x2,/,Psychic,,Status,"6, 1 Target, Aura","Restores 50% of the target's max Hit Points. HealPulse's user may not target itself with Heal Pulse."
Healing Wish,Daily,/,Psychic,,Status,"6, 1 Target","The user immediately Faints, lowering its HP to0. The user takes no Injuries from HP Markers whenusing Healing Wish. The target is immediately curedof up to 3 injuries, healed to their Maximum Hit Points,and has the Frequency of all Moves restored. HealingWish may target a pokémon in a Poké Ball. HealingWish does not restore the Frequency of Healing Wishor Lunar Dance. Injuries healed through Healing Wishcount toward the total number of Injuries that can behealed each day, and this healing is limited by the same."
Heart Stamp,EOT,2,Psychic,2d6+8 ,Phys,"Melee, 1 Target","Heart Stamp Flinches the target on 15+."
Heart Swap,Daily,/,Psychic,,Status,"10, 2 Targets","The targets trade Combat Stage values for eachStat."
Heat Crash,EOT,2,Fire,1d8+6 ,Phys,"Melee, 1 Target, Dash","For each weight class the user is above the target,increase Heat Crash's Damage Base by +2."
Heat Wave,Scene x2,4,Fire,3d8+10 ,Spec,"Close Blast 3, Smite","Heat Wave Burns all Legal Targets on 18+."
Heaven Force,Scence x2,2,Light,,,"Melee, 1 Target, Set-Up","Effect:Resolution Effect:Heaven Force user appears adjacent to any legal target on the field,ignoringMovement Capabilities, and then uses Heaven force. Heaven force cannot be avoided byMoves with the Shield Keyword, the Dodge Ability, or similar effects, and Intercepts may not beattempted in response.:"
Heaven's Punishment,EOT,/,Light,,,"8, 1 Target","Heaven's Punishment blinds the target on 17+."
Heavy Slam,EOT,2,Steel,1d8+6 ,Phys,"Melee, 1 Target","For each weight class the user is above the target,increase Heavy Slam's damage base by +2."
Helping Hand,EOT,/,Normal,,Status,"4, 1 Target, Priority","Helping Hand grants the target +2 on their nextAccuracy Roll this round, and +10 to the next DamageRoll this round."
Hex,EOT,2,Ghost,2d6+10 ,Spec,"6, 1 Target","Once a Scene, if Hex's target has a StatusAffliction, you may have Hex's Damage Base be 13instead (4d10+10 / 35)."
Hex Trot,TBD,TBD,Ghost,TBD,Spec,"TBD","A lively yet haunting dance that may raise Speed."
Hidden Power,EOT,2,Normal,2d6+8 ,Spec,"Burst 1","When a pokémon first obtains the Move HiddenPower, roll 1d20. Hidden Power's Elemental Type willbe changed from Normal to Bug on a result of 1; Darkon 2; Dragon on 3; Electric on 4; Fairy on 5; Fightingon 6; Fire on 7; Flying on 8; Ghost on 9; Grass on 10;Ground on 11; Ice on 12; Normal on 13; Poison on 14;Psychic on 15; Rock on 16; Steel on 17; Water on 18; andon 19 or 20, reroll until you roll another number. Thiseffect is permanent if Hidden Power is forgotten andrelearned, the chosen Type remains the same."
High Horsepower,Scene x2,3,Ground,3d8+10 ,Phys,"Melee, 1 Target","High Horsepower may be used as a Free Actionat the end of a Sprint Maneuver taken as a StandardAction, as long as the user Shifted at least 3 meters ina straight line towards the target. When used thisway, High Horsepower gains Smite."
High Jump Kick,EOT,3,Fighting,4d10+10 ,Phys,"Melee, Dash, 1 Target","If High Jump Kick misses, the user loses HitPoints equal to 1/4th of their Max Hit Points. A failureto hit due to a Move with the Shield keyword does notcount as a miss. This Move cannot be used if Gravity isin effect."
Hold Back,TBD,TBD,Fighting,TBD,Phys,"TBD","An attack that leaves the foe with at least 1 HP."
Hold Hands,Scene x2,/,Normal,,Status,"Melee, 1 Target","Both the user and the target become Cheered.They may give up the Cheered condition when makinga Save Check to roll twice and take the best result."
Homing Fletch,TBD,TBD,Steel,TBD,Phys,"TBD","Not done yet."
Hone Claws,At-Will,/,Dark,,Status,"Self","The user's Accuracy is raised by +1, and the usergains +1 Attack Combat Stage."
Horn Attack,At-Will,2,Normal,2d6+10 ,Phys,"Melee, 1 Target, Dash","None"
Horn Drill,Daily,6,Normal,,Phys,"","This Move automatically CriticallyHits targets at or below half of their Max HitPoints. After dealing damage, the targetbecomes Vulnerable for one full round."
Horn Leech,Scene x2,2,Grass,2d8+10 ,Phys,"Melee, 1 Target, Dash","After the target takes damage, the user gainsHit Points equal to half of the damage they dealt to thetarget."
Howl,At-Will,/,Normal,,Status,"Self","Raise the user's Attack 1 Combat stage."
Hurricane,Scene x2,7,Flying,3d10+10 ,Spec,"Burst 1, Smite","Hurricane Confuses its target on 15+. If thetarget is in Sunny Weather, Hurricane's Accuracy Checkis 11. If the target is in Rainy Weather, Hurricane cannotmiss. If the target is airborne as a result of Fly or SkyDrop, Hurricane cannot miss."
Hydro Cannon,Daily x2,4,Water,4d10+20 ,Spec,"Line 9, Smite, Exhaust","None"
Hydro Pump,Scene x2,4,Water,3d10+10 ,Spec,"6, 1 Target, Push","The target is pushed away from the user 3 meters."
Hydro Steam,TBD,TBD,Water,TBD,Spec,"TBD","The user blasts the target with boiling-hot water."
Hyper Beam,Daily x2,4,Normal,4d10+20 ,Spec,"10, 1 Target, Exhaust, Smite","None"
Hyper Drill,Scene x2,2,Normal,3d8+10 ,Phys,"Melee, 1 Target, Smite",""
Hyper Fang,At-Will,4,Normal,2d8+10 ,Phys,"Melee, 1 Target","Hyper Fang Flinches the target on 19+"
Hyper Voice,Scene x2,2,Normal,2d10+10 ,Spec,"Close Blast 3, Sonic, Smite","All Legal Targets are pushed back to the squaresimmediately outside the blast, away from the user."
Hyperspace Fury,Daily,2,Dark,3d8+10 ,Phys,"Burst 2","Interrupts may not be triggered againstHyperspace Fury. The user's Defense is lowered by -1Combat Stage."
Hyperspace Hole,Daily,2,Psychic,2d8+10 ,Spec,"Melee, 3 Targets","Make and resolve of Hyperspace Hole's attacksseparately. In between each attack, the user may Shiftusing their Teleporter capability, ending the Shift nextto a legal target. Interrupts may not be triggeredagainst Hyperspace Hole."
Hypnosis,Scene x2,6,Psychic,,Status,"4, 1 Target","The target falls Asleep."
Ice Ball,At-Will,4,Ice,1d6+5 ,Phys,"Melee, 1 Target","The user continues to use Ice Ball on each ofits turns until they miss any target with Ice Ball, orare not able to hit any target with Ice Ball during theirturn. Each successive use of Ice Ball increases Ice Ball’sDB by +3 to a maximum of DB 15."
Ice Beam,EOT,2,Ice,2d10+10 ,Spec,"4, 1 Target","Ice Beam Freezes on 19+ during AccuracyCheck."
Ice Breaker,Scene x2,2,Ice,3d12+10 ,Phys,"Melee, 1 Target, Dash, Recoil 1/3","None"
Ice Burn,Scene,4,Ice,4d10+15 ,Spec,"","10, Single Target, Set-Up, Full Action"
Ice Fang,At-Will,3,Ice,2d6+10 ,Phys,"Melee, 1 Target","Ice Fang Freezes or Flinches on 18+ duringAccuracy Check; flip a coin to determine whether thefoe gets Frozen or Flinches. On 20 during AccuracyCheck, the foe is Frozen and Flinches."
Ice Hammer,EOT,4,Ice,3d8+10 ,Phys,"Melee, 1 Target","The user's Speed is lowered by 1 CombatStage."
Ice Punch,At-Will,2,Ice,2d8+10 ,Phys,"Melee, 1 Target","Ice Punch Freezes the target on 19+ duringAccuracy Check."
Ice Shard,At-Will,2,Ice,1d8+6 ,Phys,"4, 1 Target, Priority","None"
Ice Spinner,At-Will,2,Ice,2d8+10 ,Phys,"Line 4","Legal targets hit by Ice Spinner are TrippePassed through or adjacent to those spaces areaffect the user). If the user moves through an arethose effects immediately end."
Ice Wall,TBD,TBD,Ice,TBD,Phys,"TBD","Sets reflect with ice."
Icicle Crash,EOT,4,Ice,2d8+10 ,Phys,"6, 1 Target","Icicle Crash Flinches the target on 15+."
Icicle Impale,TBD,TBD,Ice,TBD,Phys,"TBD","Jabs with a horn. May lower defense."
Icicle Spear,EOT,4,Ice,1d6+5 ,Phys,"6, 1 Target, Five Strike","None"
Icy Wind,EOT,3,Ice,2d6+8 ,Spec,"Cone 2","All Legal Targets have their Speed lowered 1Combat Stage."
Imprison,Scene x2,/,Psychic,,Status,"10, 1 Target","The target is Locked for the rest of the Scene. ALocked target may not use any Moves the user knows.Imprison cannot miss."
Incinerate,At-Will,2,Fire,2d6+8 ,Spec,"Line 3","If a target is holding a Held Item or Main or Off-Hand item, they must either drop it immediately or losea Tick of Hit Points. This may only cause a target to loseat most one Tick of Hit Points, no matter how manyitems they were holding."
Incite,TBD,TBD,Dark,TBD,STATUS,"TBD","Adds dark type and enrages foe."
Infected Injection,Scene x2,3,Poison,3d8+10 ,Phys,"Melee, 1 Target","Infection Badly Poisons the target on 17+."
Infernal Parade,EOT,2,Ghost,2d6+8 ,Spec,"8, Ranged Blast 2","Legal targets hit by Infernal Parade are Burnedon a 17+.Once a Scene, if at least one of Infernal Parade'stargets has a Status Condition, you may have InfernalParade's Damage Base be 12 instead (3d12+10 / 30)."
Inferno,At-Will,9,Fire,3d8+10 ,Spec,"6, 1 Target","Inferno Burns the target. Inferno ignores thetarget's Evasion if there are no other combatants orRough or Blocking Terrain within 2 meters of the target."
Infestation,Scene x2,4,Bug,1d8+6 ,Spec,"3, 1 Target","The target is put in a Vortex."
Infinity Beam,Daily x2,4,Light,,,"8, 1 Target,","The target is blind on 15+."
Ingrain,Scene,/,Grass,,Status,"Self, Coat","Ingrain applies a Coat to the user, which has thefollowing effect; the user cannot be pushed or pulled,and cannot be switched out. At the beginning of each ofthe user's turn, the user gains a Tick of Hit Points."
Insect Impact,TBD,TBD,Bug,TBD,Phys,"TBD","A punch that may drop the target's defense stat."
Instruct,Scene x2,/,Psychic,,Status,"Melee, 1 Target","The target immediately reuses the attack itperformed last, ignoring frequency, as a Free Action.They may choose new targets for the copied attack.Instruct may not be used if the Target's last Move wasa Set-Up Move, a Trigger Move, or Instruct, or if theTarget is currently affected by Exhaust."
Inverse Room,TBD,TBD,Psychic,TBD,STATUS,"TBD","Reverses type matchups for 5 turns."
Ion Deluge,Scene,/,Electric,,Status,"5, Ranged Blast 3, Interupt","An ion cloud is dispersed in the targeted area.All Normal-Type Moves targeting into or originatingfrom the area become Electric-Typed Moves."
Iron Defense,EOT,/,Steel,,Status,"Self","Raise the user's Defense 2 Combat Stages."
Iron Fangs,EOT,2,Steel,2d10+10 ,Phys,"Melee, 1 Target","Effect:Effect:Light Screen,Reflect,Aurora Veil etc may not be activated inresponse to Iron Fangs.:"
Iron Head,EOT,2,Steel,2d8+10 ,Phys,"Melee, 1 Target, Dash","Iron Head Flinches the target on 15+."
Iron Maiden,Daily,6,Steel,,Phys,"","This Move automatically CriticallyHits targets at or below half of their Max HitPoints. After dealing damage, the targetbecomes Vulnerable for one full round."
Iron Tail,Scene x2,6,Steel,3d8+10 ,Phys,"Melee, 1 Target, Smite","Iron Tail lowers the target's Defense 1 CombatStage on 15+."
Iron-Willed Edge,Scene x2,3,,,Phys,"Melee, 1 Target","Iron-Willed Edge deals damage and boosts the user's Defense by 1 Combat Stage if it successfully"
Ivy Cudgel,TBD,TBD,Grass,TBD,Phys,"TBD","Strikes the foe with an ivy-wrapped cudgel."
Jagged Fangs,EOT,3,Rock,2d6+10 ,Phys,"Melee, 1 Target","Jagged Fangs raises user's Attack on 18+"
Jagged Horns,TBD,TBD,Rock,TBD,Phys,"TBD","Not done yet."
Jagged Punch,TBD,TBD,Rock,TBD,Phys,"TBD","Not done yet."
Jaw Lock,Scene x2,2,Fighting,2d6+8 ,Phys,"Melee, 1 Target","You may perform a Grapple Maneuver againstthe target as a Free Action."
Jet Punch,EOT,2,Water,2d6+8 ,Phys,"Melee, 1 Target, Dash, Priority",""
Jetstream Burst,TBD,TBD,Flying,TBD,Spec,"TBD","Strikes by using flurries of wind."
Judgment,Daily,2,Normal,3d8+10 ,Spec,"6, Ranged Blast 3, Smite","Judgment's Type can be whatever ElementalType the user wants it to be."
Jump Kick,At-Will,3,Fighting,3d8+10 ,Phys,"Melee, Dash, 1 Target","If Jump Kick misses, the user loses Hit Pointsequal to 1/4th of their Max Hit Points. A failure to hitdue to a Move with the Shield keyword does not countas a miss. This Move cannot be used if Gravity is ineffect."
Jungle Healing,Daily x2,/,Grass,,Status,"Burst 1","The user and any allies in the burst regain HitPoints equal to 1/4 of their Maximum Hit Point Value,and are cured of any Persistent or Volatile StatusConditions."
Justispear,Scene x2,/,Light,,,"Melee, 1 Target","Justispear cannot miss"
Karate Chop,At-Will,2,Fighting,1d8+8 ,Phys,"Melee, 1 Target","Karate Chop is a Critical Hit on 17+."
Karma,TBD,TBD,Poison,TBD,STATUS,"TBD","Raises SpAtk and SpDef. Lowers Speed."
Ki Blast,EOT,4,Fighting,3d10+10 ,Spec,"8, 1 Target, Aura","Ki Blast Crits on 17+."
Kilobite,TBD,TBD,Steel,TBD,Phys,"TBD","Rushes forward and bites the foe's weak spot."
Kinesis,Scene,/,Psychic,,Status,"6, 1 Target, Trigger, Interrupt","If the user or an Ally within 6 meters is aboutto be hit by an attack, the user may use Kinesis as aninterrupt. The triggering Accuracy Roll receives a -4penalty. This may cause Moves to miss."
Kinetic Barrage,TBD,TBD,Psychic,TBD,Phys,"TBD","Throws nearby objects using telekinesis. May Confuse."
King's Shield,Scene,/,Steel,,Status,"Self, Interrupt, Shield, Trigger","If the user is hit by an attack, the user may useKing's Shield. The user is instead not hit by the Move.You do not take any damage nor are you affected by anyof the Move's effects. In addition, if the triggering attackwas Melee ranged, the attacker's Attack is lowered by 2Combat Stages."
Knock Off,Scene,2,Dark,2d6+10 ,Phys,"Melee, 1 Target","Choose one of the target's Held Items orAccessory Slot Items. It is knocked to the ground."
Kowtow Cleave,EOT,/,Dark,2d10+10 ,Phys,"Melee, 1 Target","Kowtow Cleave cannot miss."
Krag Cutter,Scene x2,/,Rock,,Phys,"","Crag Cutter delivers a powerful strike that boosts the user's Attack by 1 Combat Stage if itsuccessfully hits the target. Additionally, if the user's HP is below half this move Gains +2 Accuracy."
Land's Wrath,Scene x2,2,Ground,2d10+10 ,Phys,"Burst 5, Friendly, Groundsource","None."
Laser Beam,At-Will,4,Light,,,"Line 6","Laser Beam blinds target on 17+"
Laser Focus,Scene x2,/,Normal,,Status,"Self","The next successful damaging attack made bythe user is automatically a Critical Hit."
Laser Vision,Scence x2,2,Light,,,"5,1 Target","Laser Vision DB 8 Burns the target on 15+"
Lash Out,EOT,2,Dark,2d6+8 ,Phys,"Melee, 1 Target","If the user has lost CS from a source other thanitself since the end of its last turn, Lash Out is insteadDB 15 (4d10 + 20 / 45). Any given foe may be thetarget of this increased damage only once per Scene."
Last Resort,At-Will,2,Normal,4d10+15 ,Phys,"Melee, 1 Target, Dash","Last Resort can only be used after the user hasperformed 5 other different Moves in its Move Listduring a single fight, without being switched out."
Last Respects,At-Will,2,Ghost,1d8+8 ,Phys,"Melee, 1 Target",""
Lava Plume,EOT,2,Fire,2d8+10 ,Spec,"Burst 1","Lava Plume burns all targets on 16+."
Leaf Blade,EOT,2,Grass,2d10+10 ,Phys,"Melee, Pass","Leaf Blade is a Critical Hit on 18+."
Leaf Storm,Scene,4,Grass,4d10+10 ,Spec,"8, Ranged Blast 3, Smite","Lower the user's Special Attack 2 Combat Stagesafter damage."
Leaf Tornado,EOT,4,Grass,2d6+10 ,Spec,"6, Ranged Blast 3","Small or Medium targets in the central square ofthe blast are not hit. On 15+, all legal targets have theirAccuracy lowered by -1."
Leafage,At-Will,2,Grass,1d8+6 ,Phys,"","6, 1 Target"
Leech Blade,TBD,TBD,Grass,TBD,Phys,"TBD","Heals 50% damage done."
Leech Life,Scene x2,2,Bug,2d8+10 ,Phys,"Melee, 1 Target","After the target takes damage, the user gainsHP equal to half of the damage they dealt to thetarget."
Leech Seed,Daily x2,4,Grass,,Status,"6, 1 Target","At the beginning of each of the target's turns,Leech Seed's target loses a Tick of Hit Points. LeechSeed's user then gains Hit Points equal to the amountthe target lost. Leech Seed lasts until the target faintsor is returned to a Poké Ball. Grass Types and targetsimmune to Grass Attacks are immune to Leech Seed."
Leer,At-Will,2,Normal,,Status,"Cone 2, Friendly, Social","All legal targets have their Defense lowered by 1Combat Stage."
Lick,At-Will,2,Ghost,1d6+5 ,Phys,"Melee, 1 Target","Lick Paralyzes the target on 15+ during AccuracyCheck."
Life Dew,Daily x2,/,Water,,Status,"Burst 1, Healing","The user and all allies in the burst regain HitPoints equal to 1/4 of their Maximum Hit Points."
Light Beam,Scence x2,6,Light,,,"Line 5","Light Beam Blinds Target on 18+"
Light Kick,EOT,4,Light,,,"Melee, Dash, 1 Target",""
Light Pulse,Scence x2,2,Light,,,"Cone 2","Light Pulse lowers target's special defense on 19+."
Light Screen,Scene,/,Psychic,,Status,"Blessing","Effect:Blessing:Any user affected by Light Screenmay activate it when receiving Special Damage to resistthe Damage one step. Light Screen may be activated 2times, and then disappears.:"
Light Tail,At-Will,3,Light,,,"Melee, 1 Target","Target is pushed 6 meters minus their Weight class. On 17+ , target is Blinded"
Light Up,Scene x2,2,,,Spec,"8, 1 Target","Light Up has a chance to burn the target on 17+. It may does fire Damage if the User"
Light blade,EOT,2,Light,,,"Melee, Pass","Light Blade is a critical hit on 18+"
Light of Ruin,Scene,4,Fairy,4d10+15 ,Spec,"8, Ranged Blast 3, Smite, Recoil 1/2","None"
Light of Truth,Daily x1,4,Light,,Status,"","Blinds the target"
Lightning Bullet,TBD,TBD,Electric,TBD,Phys,"TBD","Shoots a powerful energy projectile that may paralyze."
Lightning Strike,TBD,TBD,Electric,TBD,Phys,"TBD","A rapid strike with a lightning bolt, maybe raising Speed."
Lightray Pulse,EOT,2,Light,,SpecialDamage Base,"5, 1 Target","Lightray Pulse blinds on the target on 18+"
Liquidation,EOT,2,Water,2d10+10 ,Phys,"Melee, 1 Target","The target's Defense is lowered by 1 CombatStage on a 17+."
Lock-On,At-Will,/,Normal,,Status,"10, 1 Target","The target is Locked-On. The next Move that theuser uses against the Target that requires an AccuracyCheck cannot miss. Lock-On's effect, on both the Userand Target, is passed on by Baton Pass."
Lotus Shower,TBD,TBD,Grass,TBD,Phys,"TBD","Not done yet."
Lovely Bite,At-Will,3,Fairy,2d6+10 ,Phys,"Melee, 1 Target","Lovely Bite Infatuates the target on a roll of 18+"
Lovely Kiss,Scene x2,6,Normal,,Status,"6, 1 Target, Social","The target falls Asleep."
Low Kick,EOT,2,Fighting,,Phys,"Melee, 1 Target, Weight Class","Low Kick's Damage Base is equal to twice thetarget's Weight Class."
Low Sweep,EOT,2,Fighting,2d6+10 ,Phys,"Melee, 1 Target","Lowers the target's Speed 1 Combat Stage."
Lucky Chant,Scene,/,Normal,,Status,"Blessing","Effect:Blessing:Any user affected by Lucky Chantmay activate it when receiving a Critical Hit to cause theattack to instead deal damage as if it was not a CriticalHit. Lucky Chant may be activated 3 times, and thendisappears.:"
Lumina Crash,EOT,2,Psychic,2d8+10 ,Spec,"6, 1 Target",""
Lunar Blessing,Daily,/,Psychic,,Status,"Self","The user regains hit points equal to 50% of itsHit Point total, cures all of its Status conditions, andgains +2 Evasion."
Lunar Canon,Scene x2,2,Dark,3d12+10 ,Spec,"Line 6, Set-Up","The user attacks with LunarCannon."
Lunar Dance,Daily,/,Psychic,,Status,"8, 1 Target","The user immediately Faints, lowering itsHit Points to 0. The user takes no Injuries from HitPoint Markers when using Lunar Dance. The target isimmediately cured of up to 3 injuries, healed to theirMaximum Hit Points, and has the Frequency of all Movesrestored. Lunar Dance may target a pokémon in a PokéBall. Lunar Dance does not restore the Frequency ofHealing Wish or Lunar Dance. Injuries healed throughLunar Dance count toward the total number of Injuriesthat can be healed each day, and this healing is limitedby the same."
Lunge,EOT,2,Bug,2d8+10 ,Phys,"Melee, 1 Target","Lunge may be used as a Free Action at the endof a Sprint Maneuver taken as a Standard Action, aslong as the user Shifted at least 3 meters in a straightline towards the target. When used this way, Lunge'starget receives a -5 penalty to damage rolls for 1round."
Luster Purge,Scene x2,2,Psychic,3d8+10 ,Spec,"12, 1 Target, Spirit Surge","Luster Purge lowers the target's Special Defenseby 1 Combat Stage on an Even-Numbered Roll."
Mach Punch,At-Will,2,Fighting,1d8+6 ,Phys,"Melee, 1 Target, Priority","None"
Magic Coat,Daily,/,Psychic,,Status,"4, Interrupt, Trigger","If the user is about to get a hit by a Move thatdoes not have a Damage Dice Roll, they may use MagicCoat as an Interrupt. The Interrupted Move's user istreated as if they were the target of their own Move, withthe user of Magic Coat as the user."
Magic Powder,Daily,2,Psychic,,Status,"5, 1 Target","The target gains the Psychic Type in additionto its other Types for 5 turns."
Magic Room,Daily x2,/,Psychic,,Status,"Field","The area becomes Useless for 5 rounds. WhileUseless, pokémon may not benefit from the effectsof any Held Items, and Trainers cannot benefit fromany Accessory-Slot equipment. This does not affectconsumable or activated items, only Items with Staticeffects or Triggers."
Magical Leaf,EOT,/,Grass,2d6+8 ,Spec,"8, 1 Target","Magical Leaf cannot miss."
Magical torque,EOT,2,Fairy,3d8+10 ,Phys,"Melee, 1 Target",""
Magma Storm,Scene,6,Fire,3d8+10 ,Spec,"6, 1 Target","The target is put in a Vortex; this effect occurseven if Magma Storm misses its target."
Magnet Bomb,EOT,/,Steel,2d6+8 ,Phys,"8, 1 target","Magnet Bomb cannot miss."
Magnet Rise,Daily x2,2,Electric,,Status,"Self, Swift Action","The user gains the Levitate Ability for 5 turns.Magnet Rise may be activated as a Swift Action if theuser is otherwise given an action that consumes aCommand."
Magnetic Flux,Scene x2,/,Electric,,Status,"Burst 4","All targets with the Plus or Minus Abilitiesreceive +1 Defense and Special Defense CombatStages."
Magnitude,,/,Ground,,Phys,"Burst 2, Groundsource","When you use Magnitude, roll 1d6. Magnitude’sDB is equal to 5+X, where X is the value ofthe d6. Magnitude can hit targets that are underground,including those using the Move Dig."
Make It Rain,Daily,2,Steel,3d12+10 ,Spec,"Cone 2",""
Malignant Chain,TBD,TBD,Poison,TBD,USE_HIGHEST_OFFENSE,"TBD","The user pours toxins into the target. Badly poisons the target"
Malodorant Vortex,Scene x2,4,Fire,1d8+8 ,Spec,"Range 6 , 1 target","The target is put in a Vortex and while in the vortex target get 1 AC to all it's rolls andpoison range of moves target it is increased by +2."
Mat Block,Scene,/,Fighting,,None,"Self, Interrupt, Shield, Trigger","If the user or an adjacent ally is hit by a damagingattack, the user may use Mat Block. The attack insteaddoes not hit any targets, and it deals no damage and nohas effects. You may only use Mat Block during the firstround of an encounter."
Matcha Gotcha,TBD,TBD,Grass,TBD,Spec,"TBD","Fires a blast of tea. May burn and heals 50% dmg dealt."
Me First,Scene,/,Normal,,Status,"Self, Trigger, Interrupt","If an opponent declares a Damaging Attackagainst the user, and Me First's user has a higher Speedstat then the target, the user may use Me First as anInterrupt. The User will then use the same Move thetriggering foe was about to use on that foe."
Mean Look,Scene,/,Normal,,Status,"6, 1 Target, Social","The user casts a foul spell on the target, causingit to become Trapped and Slowed for the remainder ofthe encounter."
Meditate,At-Will,/,Psychic,,Status,"Self","Raise the user's Attack 1 Combat Stage."
Medusa Ray,Daily,2,Rock,2d8+10 ,Status,"5, 1 Target","The target gains the Rock Type in addition toits other Types for 5 turns"
Mega Drain,At-Will,2,Grass,1d8+6 ,Spec,"6, 1 Target","After the target takes damage, the user gainsHit Points equal to half of the damage they dealt to thetarget."
Mega Kick,Scene x2,6,Normal,3d12+10 ,Phys,"Melee, 1 Target, Dash, Push, Smite","The target is Pushed 2 meters."
Mega Punch,At-Will,4,Normal,2d8+10 ,Phys,"Melee, 1 Target","None"
Megahorn,Scene x2,5,Bug,3d12+10 ,Phys,"Melee, 1 Target, Push","The target is pushed 1 Meter."
Megaton Hammer,TBD,TBD,Fighting,TBD,Phys,"TBD","A devistating blow delivered with a heavy weapon."
Melting Boulder,Scene x2,2,,2d8+10 ,Phys,"5, 1 Target","Melting Boulder Burns the target on 15+."
Memento,Scene,/,Dark,,Status,"8, 1 Target, Trigger, Free Action","Memento may be used as a Free Action whenthe user becomes Fainted. Memento's target has each oftheir stats lowered by -2 CS."
Merculight,TBD,TBD,Electric,TBD,STATUS,"TBD","Evades attacks and paralyzes the attacker."
Metal Burst,Scene,/,Steel,,Phys,"Burst 1","Metal Burst causes all targets in the burst to loseHit Points equal to the total amount of direct Damagethe user has taken since the beginning of this Round.Metal Burst cannot miss."
Metal Claw,At-Will,3,Steel,1d8+8 ,Phys,"Melee, 1 Target, Spirit Surge","Raise the user's Attack 1 Combat Stage on 18+."
Metal Overload,Scene x2,4,Steel,3d12+10 ,Phys,"Melee, 1 Target.","Prevents target from using the same move for the next two turn."
Metal Sound,EOT,4,Steel,,Status,"Burst 2, Friendly, Sonic","All Legal Targets have their Special Defenselowered 2 Combat Stages."
Metallic Melody,TBD,TBD,Steel,TBD,Spec,"TBD","Hits the body rhythmically to damage the opponent with sound."
Meteor Assault,Daily x2,2,Fighting,4d10+20 ,Phys,"","Burst 1, Smite, Exhaust"
Meteor Beam,Scene x2,4,Rock,3d12+10 ,Spec,"","Cone 3, Set-Up"
Meteor Mash,EOT,4,Steel,2d10+10 ,Phys,"Melee, 1 Target, Dash, Spirit Surge","Raise the user's Attack 1 Combat Stage on 15+."
Metronome,Scene x2,/,Normal,,Status,"Self","Metronome randomly uses any other Moveexcept for After You, Assist, Bestow, Copycat, Counter,Covet, Crafty Shield, Destiny Bond, Detect, Endure,Feint, Focus Punch, Follow Me, Helping Hand, King'sShield, Metronome, Me First, Mimic, Mirror Coat,Mirror Move, Protect, Quash, Quick Guard, RagePowder, Sketch, Sleep Talk, Snatch, Snore, Spiky Shield,Switcheroo, Thief, Transform, Trick, and Wide Guard.The GM helps to pick the random Move."
Mighty Cleave,TBD,TBD,Rock,TBD,Phys,"TBD","Wields a light blade. Hits through protect."
Milk Drink,Daily x2,/,Normal,,Status,"Melee, 1 Target","The target regains Hit Points equal to half of itsfull Hit Point value. The user may target themselveswith Milk Drink."
Mimic,Scene,/,Normal,,Status,"6, 1 Target","Choose a Move that the target has used duringthe encounter. For the remainder of the encounter, thatMove replaces Mimic on the user's Move List. Mimiccannot miss."
Mind Blown,Daily,2,Fire,4d10+10 ,Spec,"6, Ranged Blast 3, Smite","The user's Hit Points are reduced by 50% oftheir full Hit Point value. This Hit Point loss cannot beprevented or reduced in any way."
Mind Break,TBD,TBD,Psychic,TBD,Phys,"TBD","20% confuse chance."
Mind Burn,EOT,2,Psychic,,Spec,"6, 1 Target","Mind Burn burns on 17+."
Mind Reader,Scene,/,Normal,,Status,"6, 1 Target","The target becomes Read to the user until theend of the user's next turn. The user may end thiseffect when making an Attack on the user, causing thatattack to automatically hit; OR when the Read targetuses an Attack against the user, causing that attackto automatically miss. If the user has the TelepathyCapability, the user automatically succeeds on a mind-reading attempt against the target, and may listen to thetarget's surface thoughts as long as they remain Read.Mind Reader automatically misses against targets withthe Mindlock Capability."
Mind Step,EOT,/,Psychic,2d6+8 ,Phys,"Melee, 1 Target","This Move cannot miss. Beforeattacking, the user may Teleport 4 into asquare adjacent to a foe as a Shift Action."
Minimize,Scene,/,Normal,,Status,"Self","The user gains +4 Evasion, and user's size islowered to Small for the remainder of the encounter."
Miracle Eye,Scene x2,/,Psychic,,Status,"Self, Swift Action","Miracle Eye may be activated as a Swift Actionon the user's turn. For the rest of the turn, the user'sPsychic-Type Moves can hit and affect Dark-Typetargets, and the user can see through the Illusion Ability,Moves with the Illusion keyword, and effects created bythe Illusionist Capability, ignoring all effects from those."
Mirage Slam,TBD,TBD,Psychic,TBD,Phys,"TBD","A psychedelic slam that hits again in the Future."
Mirror Coat,Scene x2,/,Psychic,,Spec,"Any, 1 Target, Reaction","Mirror Coat may be used as a Reaction whenthe user is hit by a damaging Special Attack. Resolve theTriggering Attack, with Mirror Coat's user resisting theattack one step further. After the attack is resolved, ifMirror Coat's user was not Fainted, the triggering foethen loses Hit Points equal to twice the amount of HitPoints lost by the user from the triggering attack. Notethat Mirror Coat is Special, and while it cannot miss, itcannot hit targets immune to Psychic-Type Moves."
Mirror Move,Scene x2,/,Flying,,Status,"6, 1 Target, Illusion","Use the Move the target has used on their lastturn. You may choose new targets for the Move. MirrorMove cannot miss."
Mirror Shot,EOT,5,Steel,2d6+10 ,Spec,"6, Ranged Blast 2","All Legal Targets have their Accuracy lowered by-2 on 16+."
Mist,Scene x2,/,Ice,,Status,"Blessing","Effect:Blessing:Any user affected by Mist may activateit when having Combat Stages lowered by any effect; ifthey do, those Combat Stages are instead not lowered.Mist may be activated 3 times, and then disappears.:"
Mist Ball,Scene x2,2,Psychic,3d8+10 ,Spec,"12, 1 Target, Spirit Surge","Mist Ball lowers the target's Special Attack by 1Combat Stage on an Even-Numbered Roll."
Mistsplosion,TBD,TBD,Fairy,TBD,Spec,"TBD","Hit everything and faint. Powers up on Misty Terrain."
Misty Explosion,Daily,2,Fairy,3d8+10 ,Spec,"Burst 3, Friendly, Smite","The user's Hit Points are set to -50% of theirfull Hit Point value. This Hit Point loss cannot beprevented or reduced in any way. After MistyExplosion is resolved, create Misty Terrain in a Blast7, centered on the user, that lasts for 5 turns. Anycreatures in those spaces are affected as if by theField Move Misty Terrain, rather than any other FieldMove."
Misty Terrain,Daily x2,/,Fairy,,Status,"Field","The area becomes Misty for 5 turns. WhileMisty, all pokémon and Trainers standing on theground ignore the first turn of all Status Afflictions,and Dragon-type attacks targeting or originating froma grounded pokémon or Trainer take a -10 Penalty toDamage Rolls."
Molten Shield,Daily x1,/,,,Status,"","The user creates a blazing shield of fire around itself. For the next 5 turns, the user isimmune to all status conditions and its Defense and Special Defense are increased by 1 Combat Stages.Additionally, any Pokémon that makes physical contact with the user must make a Save Check (DC 12). On afailure, the contacting Pokémon is burned."
Molten Strike,TBD,TBD,Fire,TBD,Phys,"TBD","Slams the foe like a molten hammer, but lowers Speed."
Moonblast,EOT,2,Fairy,3d8+10 ,Spec,"6, 1 Target","Moonblast lowers the target's Special Attack by 1Combat Stage on 15+."
Moongeist Beam,Scene x2,2,Ghost,3d8+10 ,Spec,"Line 6","This Move ignores any Abilities that wouldcause it to fail or miss, such as Dodge or WonderGuard; those Abilities cannot be activated in responseto Moongeist Beam."
Moonlight,Daily x2,/,Fairy,,Status,"Self","The user regains Hit Points equal to half of itsfull Hit Point value. If it is Sunny, the user gains 2/3 ofits full Hit Point value. If it is Rainy, Sand Storming orHailing the user gains 1/4 of their full Hit Point value."
Morning Star,Scence x2,4,Light,,,"Close Blast 3, Smite","Morning Star Blinds Target on 18+"
Morning Sun,Daily x2,/,Normal,,Status,"Self","The user regains Hit Points equal to half of itsfull Hit Point value. If it is Sunny, the user gains 2/3 ofits full Hit Point value. If it is Rainy, Sand Storming orHailing the user gains 1/4 of their full Hit Point value."
Morph,Daily,/,Normal,,Status,"Self","The user uses the move Transform. Afterresolving the effects of Transform, the user copiesthe target's Type(s). If the user is now single typed, itmay either change that type, or add a second type ofits choice. If the user is now double typed, it mayremove one of those types, or change one of thosetypes. These changes last until the end of the Scene,or the user changes Types again."
Mortal Spin,At-Will,2,Poison,1d6+5 ,Phys,"Melee, 1 Target, Spirit Surge",""
Mould,EOT,2,Grass,2d6+10 ,Spec,"6, 1 Target","Once a Scene, if Mould's target has a StatusAffliction, you may have Mould's Damage Base be 13instead (4d10+10 / 35)."
Mountain Chunk,TBD,TBD,Ground,TBD,Phys,"TBD","Hurls a chunk of a mountain at the opponent. Can flinch."
Mountain Gale,EOT,5,Ice,3d8+10 ,Phys,"5, 1 Target","The target is Flinched on a 15+."
Mud Bath,EOT,2,Water,2d8+10 ,Physic,"Melee, 1 Target","After the target takes damage, the user gainsHit Points equal to half of the damage they dealt to thetarget.Muddy Water can deal ground type damage if user wishes."
Mud Bomb,At-Will,4,Ground,2d6+10 ,Spec,"6, 1 Target","The target's Accuracy is lowered by -1 on 16+."
Mud Shot,At-Will,3,Ground,1d8+6 ,Spec,"4, 1 Target, Priority, Aura","If not used as a priority.The target's Speed is lowed by -1 Combat Stage."
Mud Slide,Scene x2,4,Rock,2d8+10 ,Phys,"6, Ranged Blast 3, Groundsource","Mudslide Flinches all Legal Targets on 17+."
Mud Sport,EOT,/,Ground,,Status,"Burst 2","All targets in the burst, including the user, gain aCoat which grants them 1 Step of Resistance to ElectricType Moves. After a target has been hit by a damagingElectric Type Move, the coat is removed."
Mud-Slap,At-Will,2,Ground,1d6+3 ,Spec,"3, 1 Target","The target's Accuracy is lowered by -1."
Muddy Water,EOT,5,Water,2d10+10 ,Spec,"Close Blast 2","As a Shift Action, the user may Move to anyopen square in Muddy Water's area of effect withoutprovoking any Attacks of Opportunity. On 16+, theAccuracy of all targets is lowered by 1.Muddy Water can deal ground type damage if user wishes."
Multi-Attack,Scene x2,2,Normal,3d12+10 ,Phys,"Melee, 1 Target","Multi-Attack is the same Type as the MemoryDisc, Plate, or Drive Item held."
Mystic Dance,TBD,TBD,Dragon,TBD,STATUS,"TBD","Not implemented."
Mystical Fire,EOT,2,Fire,2d6+10 ,Spec,"6, 1 Target","Mystical Fire lowers the target's Special Attackby 1 Combat Stage."
Mystical Power,Scene x2,4,Psychic,2d6+10 ,Spec,"6, 2 Targets, Spirit Surge","The user receives +1 Combat Stage in theirhighest non-HP stat."
Nasty Plot,EOT,/,Dark,,Status,"Self","Raise the user's Special Attack 2 Combat Stages."
Natural Gift,Scene,2,Normal,,Phys,"6, 1 Target, Berry","Refer to the Move Keywords Berry list. NaturalGift deals damage according to the Berry list and NaturalGift's Type is also defined there. The Berry's DigestionBuff is nullified and is not used."
Nature Power,EOT,See effect,Normal,,Status,"See Effect","Nature Power uses a Move defined by theEnviron keyword."
Nature's Madness,Scene,4,Fairy,,Spec,"4, 1 Target","The target loses 1/2 of their current Hit Points."
Needle Arm,At-Will,2,Grass,2d6+8 ,Phys,"Melee, 1 Target","Needle Arm Flinches the target on 15+."
New Moon,Daily x2,/,Dark,,Status,"Field, Weather","The weather becomes New Moon (darkness) for 5 rounds. WhileNew moon, Ghost & Dark-Type Attacks gain a +5 bonus to DamageRolls, and Light & Fairy-Type Attacks suffer a -5 Damagepenalty."
Night Daze,EOT,3,Dark,2d10+10 ,Spec,"4, 1 Target","Night Daze lowers the target's Accuracy by -1 on13+."
Night Shade,Scene x2,2,Ghost,,Spec,"8, 1 Target","The target loses Hit Points equal to the level ofNight Shade's user. Do not apply weakness or resistance.Do not apply stats."
Night Slash,EOT,2,Dark,2d6+10 ,Phys,"Melee, Pass","Night Slash is a Critical Hit on 18+"
Nightmare,Scene x2,2,Ghost,,Status,"Melee, 1 Target","Nightmare can only hit Legal Targets that areAsleep. The target gains Bad Sleep."
No Retreat,Scene,/,Fighting,,Status,"Self","The user gains +1 CS in each stat. In addition,the user may not be recalled or switched out until theend of the Scene, and counts as Slowed for thepurposes of any movement that would end furtheraway from the nearest enemy than the user started."
Noble Roar,EOT,2,Normal,,Status,"Burst 1, Sonic, Friendly, Social","Noble Roar lowers all target's Attack and SpecialAttack by 1 Combat Stage."
Nocturnal Venom,EOT,3,Poison,1d6+3 ,Spec,"Range 4 , 1 target",""
Noxious torque,EOT,2,Poison,3d8+10 ,Phys,"Melee, 1 Target",""
Nuzzle,Scene,2,Electric,1d6+3 ,Phys,"Melee, 1 Target","Nuzzle Paralyzes the target."
Oblivion Wing,Daily,2,Flying,2d8+10 ,Spec,"Melee, 1 Target","The user gains Hit Points equal to OblivionWing's Damage Roll."
Obscured Shot,TBD,TBD,Dark,TBD,Spec,"TBD","Strikes first if the foe is preparing an attack."
Obstruct,Scene,/,Dark,,Status,"Self, Interrupt, Shield, Trigger","If the user is hit by a Move, the user may useObstruct. The user is instead not hit by the Move. Youdo not take any damage nor are you affected by anyof the Move's effects. In addition, if the triggeringattack was Melee ranged, the attacker's Defense islowered by 2 Combat Stages."
Occult Razor,Scene,5,Psychic,3d10+10 ,Phys,"Melee, 1 Target","This Move automatically CriticallyHits targets at or below half of their Max HitPoints. After dealing damage, the targetbecomes Suppressed for 1 full round."
Octazooka,At-Will,3,Water,2d6+10 ,Spec,"6, 1 Target","On an Even-Numbered Roll, the target'sAccuracy is Lowered by 1."
Octolock,Scene,2,Fighting,,Status,"Melee, 1 Target","The user initiates a Grapple Maneuver with thetarget, which automatically hits. If successful, untilthe user no longer has Dominance in the grapple, thetarget is Trapped and loses 1 CS in Defense andSpecial Defense at the end of each of their turns."
Odor Sleuth,Scene x2,/,Normal,,Status,"Self, Swift Action","Odor Sleuth may be activated as a Swift Actionon the user's turn. For the rest of the turn, the user'sNormal-Type and Fighting-Type Moves can hit andaffect Ghost-Type targets, and the user can see throughthe Illusion Ability, Moves with the Illusion keyword,and effects created by the Illusionist Capability, ignoringall effects from those."
Ominous Wind,EOT,2,Ghost,2d6+8 ,Spec,"6, 1 Target, Spirit Surge","On 19+, the user has each of its stats raised by +1Combat Stage."
One-Inch Punch,TBD,TBD,Fighting,TBD,Phys,"TBD","Picks a weak spot and then strikes with immense force."
Oni Fist,TBD,TBD,Dark,TBD,Phys,"TBD","An unavoidable punch that is thrown from shadows."
Order up,EOT,3,Dragon,2d8+10 ,Phys,"Melee, 1 Target",""
Origin Pulse,Scene x2,5,Water,3d12+10 ,Spec,"Close Blast 3, Smite","None"
Outburst,TBD,TBD,Normal,TBD,Spec,"TBD","Severe special damage but makes the user faint."
Outrage,Scene x2,3,Dragon,3d12+10 ,Phys,"Melee, all adjacent foes, Smite","After damage is dealt, the user becomes Enragedand Confused."
Overdrive,EOT,2,Electric,2d8+10 ,Spec,"","Cone 2, Sonic"
Overgrowth,EOT,/,Grass,,Status,"Self","Raise the user's Defense 1 Combat Stage andraise the user's Special Defense 1 Combat Stage."
Overheat,Scene,4,Fire,4d10+10 ,Spec,"8, Ranged Blast 3, Smite","Lower the user's Special Attack 2 Combat Stagesafter damage."
Pain Split,Daily x2,/,Normal,,Status,"4, 1 Target","The user and the target both lose 1/2 of theircurrent Hit Points. Add the amount of Hit Points theuser and the target lost together, and divide the valueby 2. Both the target and the user gain Hit Points equalto this value. Do not add Injuries from Pain Split fromHit Point Markers until the full effect of the Move hasbeen resolved. Pain Split never causes Massive Damage.Hit Point loss from Pain Split cannot be prevented inany way"
Parabolic Charge,Scene,4,Electric,1d8+8 ,Spec,"Cone 2","After the targets take damage, the user gains HitPoints equal to half of the total damage they dealt to alltargets."
Parting Shot,At-Will,2,Dark,,Status,"6, 1 Target, Social","If Parting Shot successfully hits, the target'sAttack and Special Attack stats are lowered by oneCombat Stage and the user is immediately recalledin the same turn. A new pokémon may immediatelybe sent out. Using Parting Shot lets a Trapped user berecalled."
Party Favors,TBD,TBD,Fairy,TBD,Phys,"TBD","Damages the foe and heals allies."
Pay Day,Daily,2,Normal,1d8+6 ,Phys,"Cone 2","Pay Day scatters metal coins equal in value to1d8 times the user's level. If it is a trainer battle, thewinner of the battle gets to pick up the coins."
Payback,EOT,2,Dark,1d8+8 ,Phys,"Melee, 1 Target","If the target hit the user with a Damaging Moveon the previous turn, Payback has a Damage Base of 10(3d8+10 / 24) instead."
Pebble Shower,TBD,TBD,Rock,TBD,Spec,"TBD","20% chance to flinch. Hits both targets."
Peck,At-Will,2,Flying,1d8+6 ,Phys,"Melee, 1 Target","None"
Penance,Daily x1 Quick Action,/,Light,,Status,"","Apply Mirror Coat to user until the effect is fired. Mirror coat = Upon receiving adecrease statmove,decrease the attacker's stats instead of the user's"
Perish Song,Daily,/,Normal,,Status,"Burst 15, Sonic","Perish Song cannot miss. All targets, includingthe user, receive a Perish Count of 3. At the beginning ofeach of the target's turns, their Perish count is lowered by1. Once a Perish Count reaches 0, set the Pokémon's HitPoints to 0. A Perish Count disappears if a target returnsto their Poké Ball, Takes a Breather, or is knocked out.Perish Song never causes Massive Damage."
Pestilence,Daily x2,5,Poison,3d12+10 ,Spec,"6, 1 Target, Smite","Gunk Shot Poisons the Target on 15+."
Petal Blizzard,EOT,2,Grass,2d10+10 ,Phys,"Burst 1","None."
Petal Dance,Scene x2,3,Grass,3d12+10 ,Spec,"Melee, all adjacent foes, Smite","After damage is dealt, the user becomes Enragedand Confused."
Phantom Encore,Daily,2,,,Status,"","The User Copies the target's attacking move as an interrupt. If the original move was a SpecialAttack, Phantom Encore's uses the move's damage base +5 with recoil 1/3.Aditionnally the user may choose between the original type and ghost type for the damage calculation"
Phantom Force,Scene x2,2,Ghost,2d10+10 ,Phys,"","Melee, 1 Target, Set-Up"
Phantom Glove,TBD,TBD,Ghost,TBD,Phys,"TBD","Not done yet."
Phootnic Impact,EOT,/,Light,,,"Melee, Dash","Photonic Impact flinches on 19+"
Photon Beam,EOT,2,Light,,,"5 Line","Photon Beam lowers target's special defense on a 17+ roll."
Photon Blast,At-Will,7,Light,,,"Blast 2","Photon Blast blinds on 17+."
Photon Geyser,Scene,2,Psychic,3d8+10 ,Spec,"Burst 2","This attack uses the highest of the user'sAttack or Special Attack Stat, though it remains aSpecial Move. This Move ignores any Abilities thatwould cause it to fail or miss, such as Dodge orWonder Guard; those Abilities cannot be activated inresponse to Photon Geyser."
Photonic Bite,EOT,3,Light,,,"Melee, 1 Target","Photonic bite lowers Defense on 18+ and uses target's special defense for damage"
Photonic Rush,At-Will,2,Light,,,"Line, Dash, Recoil 1/3","None"
Pika Papow,TBD,TBD,Electric,TBD,USE_HIGHEST_OFFENSE,"TBD","A reliable and strong Electric type attack. Uses best offense."
Pillar Slam,EOT,/,Rock,,Phys,"","For each weight class the user is above the target, increase Pillar Slam's damage base by +2additionally it treats Beast boost activations as extra +1 weight class until the end of the Encounter."
Pin Missile,EOT,4,Bug,1d6+5 ,Phys,"6, 1 Target, Five Strike","None"
Piston Punch,Daily x1,4,Steel,3d10+10 ,Phys,"Melee, 1 Target, Dash, Priority","None"
Pitfall,TBD,TBD,Ground,TBD,Phys,"TBD","An overhead strike that attempts to bury the opponent."
Pixie Beam,TBD,TBD,Fairy,TBD,Spec,"TBD","A powerfull magic beam 30% chance to drop user SpAtk."
Pixie Flurry,Scene x2,/,Fairy,,Phys,"","None"
Pixie Slash,TBD,TBD,Fairy,TBD,Phys,"TBD","The foe is slashed with a whimsical blade. High Crit ratio."
Plasma Charge,Scence x1,2,Light,,,"Melee, 1 Target, Dash","Plasma Charge blinds target on 18+."
Plasma Fists,Scene,2,Electric,3d8+10 ,Phys,"Melee, 1 Target, Smite","The target's next damaging Normal Type Moveinstead becomes Electric Type."
Plasma Pulse,TBD,TBD,Electric,TBD,Spec,"TBD","Double damage to foes with status problems."
Play Nice,At-Will,2,Normal,,Status,"6, 1 Target, Social","Play Nice lowers the target's Attack by 1 CombatStage."
Play Rough,EOT,4,Fairy,2d10+10 ,Phys,"Melee, 1 Target","Play Rough lowers the target's Attack 1 CombatStage on 17-20 during Accuracy Check."
Pluck,At-Will,2,Flying,2d6+8 ,Phys,"Melee, 1 Target","Pluck takes the target's Held Item or AccessorySlot Item and attaches it to Pluck's user, if the user is notholding anything."
Pocket Sand,TBD,TBD,Ground,TBD,Phys,"TBD","+1 priority, 10% acc drop."
Poison Fang,EOT,2,Poison,1d8+8 ,Phys,"Melee, 1 Target","Poison Fang Badly Poisons the target on 17+."
Poison Gas,Scene,6,Poison,,Status,"Burst 1 or Cone 2","Poison Gas Poisons all Legal Targets."
Poison Jab,EOT,2,Poison,2d8+10 ,Phys,"Melee, 1 Target","Poison Jab Poisons the target on 15+."
Poison Powder,EOT,6,Poison,,Status,"4, 1 Target, Powder","The target is Poisoned."
Poison Sting,At-Will,2,Poison,1d6+3 ,Phys,"6, 1 Target","Poison Sting Poisons the target on 17+."
Poison Tail,At-Will,2,Poison,1d8+8 ,Phys,"Melee, 1 Target","Poison Tail is a Critical Hit on 18+, and Poisonsthe target on 19+."
Pollen Puff,EOT,2,Bug,2d10+10 ,Spec,"6, 1 Target","Once per Scene, Pollen Puff may instead beused on an ally; when used this way, the targetrecovers 50% of their maximum Hit Points and theMove has the Healing keyword."
Poltergeist,Scene,4,Ghost,2d6+10 ,Phys,"8, Ranged Blast 3, Smite","If a target is holding a Held Item or Main or Off-Hand item, they must either drop it immediately orlose a Tick of Hit Points. This may only cause a targetto lose at most one Tick of Hit Points, no matter howmany items they were holding. On each of the target'ssubsequent turns, if it is still holding the item(s) inquestion it loses a Tick of Hit Points."
Popping Mayhem,TBD,TBD,Fire,TBD,Phys,"TBD","Hits 2-5 times and can burn."
Population Bomb,Scene,3,Normal,1d6+3 ,Phys,"2, 1 Target",""
Pounce,EOT,2,Bug,1d8+8 ,Phys,"Melee, 1 Target","The target's Speed is lowered by -1 CS."
Pound,At-Will,2,Normal,1d8+6 ,Phys,"Melee, 1 Target","None"
Powder,Scene x2,/,Bug,,Status,"6, 1 Target, Interrupt, Powder","The target is dusted with a Coat of flammablepowder. If it uses a damaging Fire-Type attack, theattack is negated and instad creates a Blast 3 centered onitself as the powder explodes, and the Coat is removed.All targets within the Blast take damage equal to whatthe user of the Fire-Type attack would roll for thedamage of their attack. This damage is Typeless or Fire-Type, whichever would be more effective."
Powder Snow,At-Will,2,Ice,1d8+6 ,Spec,"Line 4","Powder Snow Freezes all Legal Targets on 19+."
Power Gem,At-Will,2,Rock,2d8+10 ,Spec,"6, 1 Target","None"
Power Shift,Scene,/,Normal,,Status,"Self","The user's Attack stat and Defense stat areswitched and the user's Special Attack stat andSpecial Defense stat are switched. These changes lastfor the remainder of the scene, or until the user isswitched out or Fainted."
Power Split,Scene,/,Psychic,,Status,"Melee, 1 Target","The target has their Attack and Special Attacklowered by 5. If they do, the user gains a +5 bonus toDamage Rolls. These effects last until the end of thescene."
Power Swap,Scene,/,Psychic,,Status,"Melee, 1 Target","The user and the target trade Combat Stage valuesfor the Attack Stat, and then for the Special Attack Stat."
Power Trick,Scene,/,Psychic,,Status,"Self","The user's Attack stat and Defense stat areswitched for the remainder of the scene, or until theuser is switched out or Fainted."
Power Trip,EOT,2,Dark,1d6+3 ,Phys,"Melee, 1 Target","This Move gains +2 to its Damage Base forevery positive Combat Stage held by the user, to amaximum of DB 20."
Power Whip,Scene x2,5,Grass,3d12+10 ,Phys,"8, 1 Target, Smite","None"
Power-Up Punch,EOT,2,Fighting,1d8+6 ,Phys,"Melee, 1 Target","If Power-Up Punch successfully hits a target, theuser's Attack is raised by +1 Combat Stage"
Precipice Blades,Scene x2,5,Ground,3d12+10 ,Phys,"Burst 1, Smite","None."
Present,EOT,3,Normal,,Phys,"4, 1 Target","Roll 1d6; Present has a Damage Base equalto twice the result. On a result of 1, instead of takingdamage, the target gains 20 Hit Points."
Pressure Wash,EOT,/,Water,,Spec,"","Pressure Wash crits on 17+"
Primal Beam,TBD,TBD,Dragon,TBD,Phys,"TBD","An strange beam that uses the user's Attack, may rise it."
Primitive Strike,TBD,TBD,Ground,TBD,Phys,"TBD","A slow but mighty strike from the ancient past."
Prism Blast,TBD,TBD,Rock,TBD,Spec,"TBD","Deals damage, lowers accuracy, and may confuse."
Prismatic Laser,Daily x2,4,Psychic,5d10+20 ,Spec,"","Line 8, Smite, Exhaust"
Protect,Scene,/,Normal,,Status,"Self, Interrupt, Shield, Trigger","If the user is hit by a Move, the user may useProtect. The user is instead not hit by the Move. You donot take any damage nor are you affected by any of theMove's effects."
Psionic Gale,At-Will,3,Psychic,3d8+10 ,Phys,"4, 1 Target","Psionic Gale is a crit on a roll of 16+"
Psy Kick,At-Will,3,Psychic,1d6+5 ,Phys,"Melee, 1 Target, Double Strike","None"
Psybeam,At-Will,2,Psychic,2d6+10 ,Spec,"6, 1 Target","Psybeam Confuses the target on 19+."
Psyblade,EOT,2,Psychic,2d8+10 ,Phys,"Melee, 1 Target, Slice",""
Psych Up,Scene,/,Normal,,Status,"6, 1 Target","The user's Combat Stages are changed to matchthe target's Combat Stages. Psych Up cannot miss."
Psychedelic Slumber,Scene x2,2,Psychic,2d10+10 ,Spec,"Burst 3","Target falls asleep on 18+. If opponent is asleep , deal twice the damage."
Psychic,EOT,2,Psychic,2d10+10 ,Spec,"5, 1 Target, Push","The target is Pushed 1 meter in any direction.Psychic lowers the target's Special Defense 1 CombatStage on 17+."
Psychic Fangs,EOT,2,Psychic,2d10+10 ,Phys,"4, 1 Target","Light Screen, Reflect and Aurora Veil cannot bedeclared in response to Psychic Fangs."
Psychic Noise,TBD,TBD,Psychic,TBD,Spec,"TBD","Attacks with sound waves. Target can't heal."
Psychic Terrain,Daily x2,/,Psychic,,Status,"Field","The Field becomes Weird for five rounds.While the Field is Weird, non-Flying and non-Levitating pokémon cannot declare Priority orInterrupt Moves outside their own Initiatives.Damaging Psychic-Type attacks deal an additional 10damage"
Psycho Boost,Scene,4,Psychic,4d10+15 ,Spec,"8, Ranged Blast 3, Smite","Lower the user's Special Attack 2 Combat Stagesafter damage is resolved."
Psycho Copy,Daily,/,Psychic,,Status,"Self, Interrupt","If the user is hit by a move , the user may use Psycho Copy. Interrupt the target move, and usethe same move on the user."
Psycho Cut,EOT,2,Psychic,2d6+10 ,Phys,"6, 1 Target","Psycho Cut is a Critical Hit on 18+."
Psycho Shift,Scene,/,Psychic,,Status,"Melee, 1 Target","The user is cured of a Status ailment and thetarget is given that Status ailment. Psycho Shift cannotmiss. Psycho Shift can only be used if the user has aStatus ailment and the target does not have the statusailment that is being transferred."
Psycho Wave,TBD,TBD,Psychic,TBD,Spec,"TBD","A life-risking energy with 50% recoil."
Psychokinetic Slam,TBD,TBD,Psychic,TBD,Phys,"TBD","Deals damage. 33% recoil damage."
Psyshield Bash,EOT,4,Psychic,2d6+10 ,Phys,"Melee, 1 Target","The user gains +5 DR for one full round."
Psyshock,At-Will,2,Psychic,2d8+10 ,Spec,"4, 1 Target","When calculating damage, the target subtractstheir Defense from Psyshock's damage instead of theirSpecial Defense. Psyshock is still otherwise Special( Special Evasion is used to avoid it, Mirror Coat canreflect it, etc. )"
Psystrike,EOT,2,Psychic,3d8+10 ,Spec,"4, 1 Target","When calculating damage, the target subtractstheir Defense from Psystrike's damage instead of theirSpecial Defense. Psystrike is still otherwise Special(Special Evasion is used to avoid it, Mirror Coat canreflect it, etc.)"
Psywave,Scene,5,Psychic,,Spec,"6, 1 Target","Roll 1d4; on 1 the target loses Hit Points equalto half the user's Level; on 2 the target loses Hit Pointsequal to the user's Level; on 3 the target loses Hit Pointsequal to 1.5x the user's level; on 4 the target loses HitPoints equal to the user's Level doubled. Do not applyweakness or resistance, and do not apply Stats. Do applyImmunity."
Punishment,EOT,2,Dark,2d6+8 ,Phys,"Melee, 1 Target","Punishment's Damage Base is raised by +1for each positive Combat Stage the target has, to amaximum of DB 12."
Purify,Scene,/,Poison,,Status,"Melee, 1 Target","The target is cured of all Permanent andVolatile Statuses. For every status removed, the userrecovers a Tick of Hit Points."
Pursuit,At-Will,2,Dark,1d8+6 ,Phys,"Melee, 1 Target","If the foe is fleeing or being switched out, Pursuitmay be used as an Interrupt, targeting the triggeringfoe. When used as an Interrupt, Pursuit grants the usera +5 bonus to all Movement Speeds, and has a DamageBase of 8 (2d8+10 / 19)."
Pyro Ball,Scene x2,4,Fire,3d12+10 ,Phys,"6, 1 Target, Smite","The target is Burned on 19+."
Pyro Technics,EOT,2,Fire,2d10+10 ,Spec,"6, 1 Target, Smite","On 18+ , lowers target accuracy by 1 combat Stage."
Quad Punch,At-Will,4,Fighting,1d6+5 ,Phys,"Melee, 1 Target, Four Strike","May hit up to four times.Can Select different targets as long as they are in Attack Range."
Quash,At-Will,2,Dark,,Status,"10, 1 Target, Social","Quash changes the target's Initiative to 0 for theremainder of the round."
Quick Attack,At-Will,2,Normal,1d8+6 ,Phys,"Melee, 1 Target, Priority","None."
Quick Guard,Scene,/,Fighting,,Status,"Melee, Interrupt, Shield, Trigger","If the user or an adjacent ally is targeted by aPriority or Interrupt Attack, Quick Guard may bedeclared as an Interrupt, causing the triggering attackto have no effect."
Quick Leaf Cutter,EOT,2,Grass,2d6+10 ,Phys,"Melee , 1 target , Priority","None"
Quicksilver,At-Will,2,Steel,1d6+5 ,Spec,"4, 1 Target, Priority, Aura","Quicksilver poisons the target on 18+"
Quiver Dance,Scene x2,/,Bug,,Status,"Self","Raise the user's Special Attack, Special Defense,and Speed by +1 Combat Stage each."
Raampage,Scene x2,3,Dark,3d12+10 ,Phys,"Melee, all adjacent foes, Smite","After damage is dealt, the user becomes Enragedand Confused."
Radiant Burst,EOT,2,Light,,,"All Cardinally Adjacent Target","Blinds Target on 18+."
Radiant Force,Scence x2,2,Light,,,"Burst 2, Groundsource","Under Light Terrain this move Frequency is EOT (but this move can't be used again after"
Radiant Kick,EOT,3,Light,,,"Cone","If Radiant Kick DB 13 misses, the user loses 2 point of accuracy for 2 turns. A failure"
Radiant Shield,,/,Light,,Status,"","Effect:Blessing - Any user affected by radiant shield may activate it when receiving Damage toresistthe Damage one step. Radiant shield may be activated 2 times, and then disappears.Special:radiant shield can only be used when the user is in Light field. The Blessings persist:"
Rage,At-Will,2,Normal,1d6+3 ,Phys,"Melee, 1 Target, Spirit Surge","The user becomes Enraged. Until the end of theuser's next turn, if the user is Enraged, the user gains +1Attack Combat Stage whenever they are damaged by anDamaging Move or Attack."
Rage Fist,EOT,2,Ghost,1d8+8 ,Phys,"Melee, 1 Target",""
Rage Powder,Scene x2,/,Bug,,Status,"Burst 1 or Line 6, Powder","All targets hit by Rage Powder are Enraged.While enraged, they must shift to target the user whenusing a Move or Attack if the user is within reach. If theuser is Fainted or Switched out, all targets hit by RagePowder are cured of rage."
Raging Bull,EOT,2,Normal,2d10+10 ,Phys,"Melee, Dash, Pass",""
Raging Fury,Scene x2,2,Fire,2d6+10 ,Spec,"Burst 1, Spirit Surge","The user becomes Enraged. Legal targetsbecome Enraged on a 16+."
Raging Souls,TBD,TBD,Ghost,TBD,Spec,"TBD","Sharply lowers user's SpAtk."
Rain Dance,Daily x2,/,Water,,Status,"Field, Weather","The weather becomes Rainy for 5 rounds. WhileRainy, Water-Type Attacks gain a +5 bonus to DamageRolls, and Fire-Type Attacks suffer a -5 Damage penalty."
Rain Flush,TBD,TBD,Water,TBD,Spec,"TBD","A powerful rain attack. Lowers the user's defenses."
Rainbow Beam,Scence x2,4,Light,,,"Line 5","Rainbow Beam lowers target ATK by 1 CS on a roll of 17+."
Rainbow Ring,Daily x2,7,Light,,,"Melee, Multiple Targets","Create a ring of colors around the user for 1 turn. Lowers all stats on 20+."
Rapid River,TBD,TBD,Water,TBD,Phys,"TBD","Hits twice. Mega Launcher boost."
Rapid Spin,At-Will,2,Normal,1d6+3 ,Phys,"Melee, 1 Target, Spirit Surge","Rapid Spin destroys all Hazards within 5 meters,removes Leech Seeds, and removes the user's Trappedor Stuck status."
Razor Leaf,At-Will,4,Grass,2d6+8 ,Phys,"Cone 2","Razor Leaf is a Critical Hit on 18+."
Razor Shell,EOT,3,Water,2d8+10 ,Phys,"Melee, 1 Target, Dash","Razor Shell lowers the Target's Defense 1 CombatStage on an Even-Numbered Roll."
Razor Wind,EOT,2,Normal,2d8+10 ,Spec,"","10, 3 Targets, Set-Up"
Ready or Not,TBD,TBD,Normal,TBD,Phys,"TBD","Hides on the first turn and then surprises the foe."
Recover,Daily x2,/,Normal,,Status,"Self","The user regains Hit Points equal to half of itsfull Hit Point value."
Recycle,Scene,/,Normal,,Status,"Self","The effect of a consumable item used earlierin the encounter is used again as if it had not beendestroyed. The item is still gone."
Redline,Scene x2,3,Dragon,2d8+10 ,Versatile (uses highet of physical/or special attack),"Melee, 1 Target, Dash, Versatile","The target may not make Attacks ofOpportunity until the end of the Round. Ifthe target has any positive Combat Stages,it loses them, and this Move is 1 step moreEffective. After attacking, the user mayMove up to their remaining Movement as aFree Action"
Reflect,Scene,/,Psychic,,Status,"Blessing","Effect:Blessing:Any user affected by Reflect mayactivate it when receiving Physical Damage to resist theDamage one step. Reflect may be activated 2 times, andthen disappears.:"
Reflect Type,Scene,2,Normal,,Status,"Melee, 1 Target","Reflect Type changes one of the user's Types intoone Type of your choice that the target has for the restof the scene."
Refresh,Scene x2,/,Normal,,Status,"Self","The user is cured of all Poison, Burns, andParalysis."
Relentless Clobber,TBD,TBD,Dark,TBD,Phys,"TBD","Hits 2-5 times with an attack flurry."
Relic Song,Scene,2,Normal,3d6+10 ,Spec,"Burst 3, Friendly, Sonic","All Legal Targets fall Asleep on 16+. As long asMeloetta knows Relic Song, it may change between AriaForm and Step Form as a Swift Action when using RelicSong, or as a Standard Action otherwise. Both Aria andStep Form must be statted with the same HP Stat."
Requiem,TBD,TBD,Ghost,TBD,Spec,"TBD","10% chance to curse."
Rest,Scene,/,Psychic,,Status,"Self","The user is set to their full Hit Point value. Theuser is cured of any Status ailments. Then, the userfalls Asleep. The user cannot make Sleep Checks at thebeginning of their turn. They are cured of the Sleep atthe end of their turn in 2 rounds."
Retaliate,Scene x2,2,Normal,2d6+10 ,Phys,"Melee, 1 Target","Retaliate's Damage Base is doubled to DB 14(4d10+15 / 40) if an ally has been Fainted by a DamagingMove used by the Target in the last 2 rounds of Combat."
Retribution,Daily x1 Quick Action,/,Light,,Status,"","Apply Diffracting coat to user for 1 turn. Diffracting coat = Any attack on user isredirectedto everyone around with double power on a accuracy check of 6+"
Return,At-Will,2,Normal,,Phys,"Melee, 1 Target","Return's Damage Base is equal to 3 plus the user'sLoyalty Value."
Revelation Dance,EOT,2,Normal,2d10+10 ,Spec,"6, 1 Target","Revelation Dance is the same Type as theuser's primary Type (the first one listed in thePokédex). Revelation Dance deals +5 Bonus Damagefor every other Dance Move used by the user thisround, to a maximum of +15."
Revenge,EOT,2,Fighting,2d6+8 ,Phys,"Melee, 1 Target, Priority (Limited)","When declaring Revenge, the user does nothingand may not Shift. At the end of the round, the usermay shift and use Revenge. If the target has damagedthe user this round, Revenge has a Damage Base of 12(3d12+10 / 30)."
Reversal,EOT,2,Fighting,2d6+10 ,Phys,"Melee, 1 Target","For each Injury the user has, Reversal's DamageBase is increased by +1."
Revival Blessing,Daily,/,Normal,,Status,"See Effect",""
Rider Kick,TBD,TBD,Bug,TBD,Phys,"TBD","Deals damage that can't miss. Ignores target ability."
Rip and Tear,TBD,TBD,Dark,TBD,Phys,"TBD","The user tears into the foe with its fangs."
Rising Voltage,Scene x2,2,Electric,2d6+10 ,Spec,"Burst 2, Groundsource, Spirit Surge","After Rising Voltage is resolved, you maycreate Electric Terrain in a Blast 7, centered on theuser, that lasts for 5 turns. Any creatures in thosespaces are affected as if by the Field Move ElectricTerrain, rather than any other Field Move. This Effectmay trigger only once per Scene."
Roar,Scene,2,Normal,,Status,"Burst 1, Sonic, Social","When declaring Roar, the user does nothing andmay not Shift. At the end of the round, the user Shifts anduses Roar. Targets hit by Roar immediately Shift awayfrom the target using their highest usable movementcapability, and towards their Trainer if possible. If thetarget is an owned pokémon and ends this shift within6 meters of their Poké Ball, they are immediatelyrecalled to their Poké Ball. If that Trainer sends out areplacement, they do not lose their pokémon turn."
Roar of Time,Daily x2,4,Dragon,4d10+20 ,Spec,"Burst 8, Smite, Exhaust","All legal targets are Slowed, even if the attackmisses."
Rock Blast,EOT,5,Rock,1d6+5 ,Phys,"6, 1 Target, Five Strike","None"
Rock Climb,At-Will,5,Rock,2d8+10 ,Phys,"Melee, 1 Target, Dash","Rock Climb Confuses the target on 17+."
Rock Polish,EOT,/,Rock,,Status,"Self","Raise the user's Speed 2 Combat Stages."
Rock Recover,Daily x2,/,Rock,,Status,"Self","For 5 round ,each round user recover 1/3 of all damage received during the previous round.Increase user defence by 1 combat stage."
Rock Slide,Scene x2,4,Rock,2d8+10 ,Phys,"6, Ranged Blast 3","Rock Slide Flinches all Legal Targets on 17+."
Rock Smash,At-Will,2,Fighting,1d8+6 ,Phys,"Melee, 1 Target","Rock Smash lowers the target's Defense 1 CombatStage on 17+."
Rock Throw,At-Will,4,Rock,1d8+8 ,Phys,"6, 1 Target","None"
Rock Tomb,At-Will,5,Rock,2d6+8 ,Phys,"6, 1 Target","Rock Tomb lowers the target's Speed by -1Combat Stage."
Rock Wrecker,Daily x2,4,Rock,4d10+20 ,Phys,"Melee, 1 Target, Dash, Exhaust, Smite","None"
Rocket Shot,TBD,TBD,Steel,TBD,Phys,"TBD","Not done yet."
Role Play,Daily,/,Psychic,,Status,"Melee, 1 Target","The user gains one of the target's Abilities,chosen at random, for the remainder of the encounter.This effect ends if the user Faints or is switched out. RolePlay cannot miss."
Rolling Kick,At-Will,4,Fighting,2d6+8 ,Phys,"Melee, 1 Target","Rolling Kick Flinches the target on 15+."
Rollout,At-Will,4,Rock,1d6+5 ,Phys,"Melee, 1 Target, Pass","he user continues to use Rollout on each ofits turns until they miss any target with Rollout, orare not able to hit any target with Rollout during theirturn. Each successive use of Rollout increases Rollout’sDB by +4 to a maximum of DB 15."
Roost,Daily x2,/,Flying,,Status,"Self","The user regains Hit Points equal to half of itsfull Hit Points. If the user is a Flying Type, it loses theFlying Type until the start of their next turn."
Rototiller,Scene,/,Ground,,Status,"Burst 2","All Grass-type pokémon in the area raise theirAttack and Special Attack 1 Combat Stage."
Round,EOT,2,Normal,,Spec,"Burst 1, Sonic","Round's Damage Base is equal to 6, plus +2more for each previous use of Round by any Trainer orpokémon this round, up to a maximum of DB12."
Ruination,Scene,4,Dark,,Spec,"4, 1 Target","The target loses 1/2 of their current Hit Po"
Rumble Kick,TBD,TBD,Rock,TBD,Phys,"TBD","May down attack. Striker."
Saber Slashes,TBD,TBD,Fire,Electric,TBD,Phys,"TBD","A ball attack. 20% flinch."
Sacred Aqua Veil,Daily x2,/,Water,,Status,"Self","The user summons a sacred veil of pure water that covers the User . This moveremoves all status conditions from the user for 5 turns. During this period the user resistsFire & Dark Types moves one step further. Additionally, for the fullduration of the veil user crit range increased by +2."
Sacred Fire,EOT,3,Fire,3d8+10 ,Phys,"6, 1 Target","Sacred Fire Burns the target on Even-NumberedRolls."
Sacred Light,2x Daily,/,Light,,Status,"","The user and all allies in the burst regain Hit Points equal to 1/2 of their Maximum HitPoints and heal all statues. The User and allies also gain +1 accuracy bonus until the end ofthe encounter."
Sacred Sword,EOT,/,Fighting,2d8+10 ,Phys,"Melee, 1 Target","Sacred Sword cannot miss."
Sacred Thunder,Scene x2,3,Electric,3d10+10 ,Phys,"Dash, 1 Target, Smite","On 18+ target becomes paralyzed."
Safe Passage,TBD,TBD,Normal,TBD,STATUS,"TBD","Guides an ally onto the field, shielding them from harm."
Safeguard,Scene,/,Normal,,Status,"Blessing","Effect:Blessing:Any user affected by Safeguard mayactivate it when receiving a Status Affliction to ignorethe effects of that Status Affliction on their next turn.Safeguard may be activated 3 times, and then disappears.:"
Salt Cure,Daily x2,2,Rock,1d8+6 ,Phys,"4, 1 Target",""
Sand Attack,EOT,2,Ground,,Status,"2, 1 Target","The target is Blinded until the end of their nextturn."
Sand Shroud,Daily x1,/,,,Status,"","The user creates a dense cloud of dust and debris around itself, causing tremors that disruptopponents' accuracy. For the next 5 turns, all opposing Pokémon targeting the user have -3 Accuracy.Ifhit by an attack during the duration of the effect attacker must make a save check (12) if failedattacker is hit by Sand tomb as a quick action"
Sand Tomb,Scene x2,4,Ground,1d8+6 ,Phys,"5, 1 Target","The target is put in a Vortex."
Sandsear Storm,TBD,TBD,Ground,TBD,USE_HIGHEST_OFFENSE,"TBD","Attacks with searing winds and hot sand. Sets sandstorm."
Sandstorm,Daily x2,/,Rock,,Status,"Field, Weather","The weather changes to a Sandstorm for 5rounds. While it is Sandstorming, all non-Ground,Rock, or Steel Type pokémon lose a Tick of Hit Pointsat the beginning of their turn."
Sandstorm Sear,Scene,5,Ground,3d8+10 ,Spec,"6, Ranged Blast 3, Smite","The target is Burned on a 15+"
Sandstorm Surge,Scene x2,2,Ground,1d8+6 ,Phys,"6, 1 Target","If the weather isn't sandstorm, Summons a sandstorm for 4 rounds, if the weather is sandstormdamage base is 9 instead and the next attack the user receives is resisted one step further."
Sappy Seed,TBD,TBD,Grass,TBD,Phys,"TBD","Giant stalk scatters seeds that drain HP every turn."
Scald,Scene x2,2,Water,2d8+10 ,Spec,"5, 1 Target","Scald Burns the target on 15+."
Scale Shot,EOT,4,Dragon,1d6+5 ,Phys,"6, 1 Target, Five Strike","The user's Speed is raised 1 CS, and the user'sDefense is lowered 1 CS."
Scary Face,EOT,2,Normal,,Status,"4, 1 Target, Social","The target's Speed is lowered 2 Combat Stages."
Scatter Blast,TBD,TBD,Ground,TBD,Spec,"TBD","Not done yet."
Scorched Earth,Scene x2,2,Fire,2d6+10 ,Spec,"5, 1 Target","Scorched Earth Burns the target on 18+.This Move may do ground type damage if the user wishes."
Scorching Sands,Scene x2,2,Ground,2d6+10 ,Spec,"5, 1 Target","Scorching Sands Burns the target on 15+."
Scorchng Sands,TBD,TBD,Ground,TBD,Spec,"TBD","Throws scorching sand at the target. May leave a burn."
Scratch,At-Will,2,Normal,1d8+6 ,Phys,"Melee, Pass","None"
Screech,EOT,4,Normal,,Status,"Burst 2, Friendly, Sonic","All Legal Targets have their Defense lowered 2Combat Stages."
Searing Shot,EOT,2,Fire,3d8+10 ,Spec,"Burst 1","Searing Shot Burns all targets on 15+."
Seasonal Horn,Scene x2,/,Grass,,Phys,"","Effect:Spring Form:Seasonal Strike heals the user by half of the damage dealt.:Summer Form:Seasonal Strike has a Burns on 15+.Autumn Form:Seasonal Strike raises user defense by +1 CS on 15+.:"
Second Wind,Daily,/,Fighting,,Status,"Self","Raise the user's Attack 2 Combat Stage and raisethe user's Speed 2 Combat Stage.Can Only Be used when user is under 50% hp and has at least 3 Injuries"
Secret Power,At-Will,2,Normal,2d6+10 ,Spec,"4, 1 Target, Environ","Secret Power's effect depends on Environ. SecretPower's effect activates on 17+."
Secret Sword,At-Will,2,Fighting,2d8+10 ,Spec,"Melee, 1 Target","When calculating damage, the target subtractstheir Defense from Secret Sword's damage instead oftheir Special Defense. Secret Sword is still otherwiseSpecial ( Special Evasion is used to avoid it, Mirror Coatcan reflect it, etc. )."
Sediment Smack,Sediment Smack,2,Rock,2d6+10 ,Phys,"Melee, 1 Target","None. (considered a fist move)"
Seed Bomb,At-Will,2,Grass,2d8+10 ,Phys,"8, 1 Target","None"
Seed Flare,Scene,5,Grass,3d12+10 ,Spec,"6, Ranged Blast 3","All Legal Targets have their Special Defenselowered 1 Combat Stage."
Seed Storm,Scence x2,4,Grass,2d10+10 ,Spec,"Range 4 , 1 target","On 18+ , plant a seed into the target that steals 1 tick of hit points every turn. If weather issunny the move gain +2 AC and the seed is planted on 15+. If weather is rainy , the move cannotplant a seed but crits on 15+."
Seismic Blade,TBD,TBD,Ground,TBD,Phys,"TBD","The foe is slashed with a tectonic blade. High Crit ratio."
Seismic Fist,TBD,TBD,Ground,TBD,Phys,"TBD","A ground-breaking punch. 20% chance to drop Def."
Seismic Slam,TBD,TBD,Ground,TBD,Phys,"TBD","Deals damage. 33% recoil damage."
Seismic Toss,Scene x2,2,Fighting,,Phys,"Melee, 1 Target","The target loses Hit Points equal to the level ofSeismic Toss' user."
Self-Destruct,Daily,2,Normal,6d12+35 ,Phys,"Burst 3","The user's Hit Points are set to -50% of their fullHit Point value. This Hit Point loss may not be preventedor reduced in any way. The user's loyalty toward itstrainer may be lowered."
Septic Switch,TBD,TBD,Poison,TBD,STATUS,"TBD","Supress abilities then switch."
Serpent Swipe,EOT,2,Dragon,2d8+10 ,Phys,"Line 3","Serpent Swipe Flinches on 17+."
Sever Fear,At-Will,2,Dark,2d6+8 ,Spec,"4 , 1 Target","Sever Fear flinches on 16+."
Shadow Ball,EOT,2,Ghost,2d8+10 ,Spec,"8, 1 Target","Shadow Ball lowers the foe's Special Defense 1Combat Stage on 17+."
Shadow Bone,EOT,2,Ghost,2d10+10 ,Phys,"Melee, 1 Target","The target's Defense is lowered by 1 CombatStage on a 17+."
Shadow Claw,EOT,2,Ghost,2d6+10 ,Phys,"Melee, Pass","Shadow Claw is a Critical Hit on 18+."
Shadow Fangs,EOT,3,Ghost,2d6+10 ,Phys,"Melee, 1 Target","Shadow Fangs curses the target on a roll of 19+"
Shadow Force,Daily x3,2,Ghost,3d12+10 ,Phys,"","Melee, 1 Target, Set-Up"
Shadow Hammer,TBD,TBD,Ghost,TBD,Phys,"TBD","The user forms a part of their body into a hammer and strikes."
Shadow Punch,EOT,/,Ghost,2d6+8 ,Phys,"6, 1 Target","Shadow Punch cannot miss."
Shadow Sneak,At-Will,2,Ghost,1d8+6 ,Phys,"Melee, 1 Target, Priority","None."
Shadow Specter,Scene x2,3,Ghost,3d8+10 ,Spec,"6, 1 Target","On 13+ , target is trapped in a shadow realm, preventing him to use non damaging moves (whiletrapped cannot shift for 3 rounds) . On 19+ , target Sp. Def is lowered by 1."
Sharpen,At-Will,/,Normal,,Status,"Self","Raise the user's Attack 1 Combat Stage."
Shed Tail,Scene,/,Normal,,Status,"Self, Illusion, Coat",""
Sheer Cold,Daily,6,Ice,3d12+10 ,Spec,"4, 1 Target, Execute","When calculating Weakness and Resistance forSheer Cold, Water-Typed targets calculate damage as ifWater was weak to Ice. This Move automatically CriticallyHits targets at or below half of their Max HitPoints. After dealing damage, the targetbecomes Vulnerable for one full round."
Shell Side Arm,EOT,2,Poison,2d10+10 ,Spec,"6, 1 Target","This attack uses the highest of the user'sAttack or Special Attack Stat, though this does notchange the Class of the Move. In addition, if thetarget's Defense is lower than its Special Defense, thisattack targets Defense, becoming a Physical Move.The target is poisoned on a 17+."
Shell Smash,Scene,/,Normal,,Status,"Self","Raise the user's Attack 2 Combat Stages, raisethe user's Special Attack 2 Combat Stages and raise theuser's Speed 2 Combat Stages. Lower the user's Defense1 Combat Stage and lower the user's Special Defense 1Combat Stage."
Shell Trap,Scene,2,Fire,4d10+20 ,Spec,"Melee, 1 Target, Interrupt, Trigger","If the user is hit by a Melee attack, they mayuse Shell Trap as an Interrupt."
Shelter,,Scene,Steel,,Status,"Self","The user gains +1 CS in Defense and SpecialDefense, and +2 Evasion."
Shield Breaker,Scence x2,8,Light,,PhsyicalDamage Base,"Melee, 1 Target, Smite","Light Screen,Reflect,Aurora Veil etc may not be activated in"
Shift Gear,Scene x2,/,Steel,,Status,"Self","Raise the user's Attack 1 Combat Stage and raisethe user's Speed 2 Combat Stages."
Shimmer,2x Daily,/,Light,,Status,"","Blind the selected target by a shower of sparkles. Blind targets in the area around thetarget on17+"
Shining Comet,Scence x2,2,Light,,,"Blast 3, Set-Up","If the weather is not Shining terrain, the user's turn ends. If the weather is Shining"
Shining Fangs,At-Will,3,Light,,,"Melee, 1 Target","Light Fang blinds or Flinches on 18-19 during Accuracy Check; flip a coin to determine"
Shining Nova,EOT,2,Light,,,"8, 1 Target, Aura","Shining Nova DB 8 blinds the target on 18+"
Shining Ray,EOT,3,Light,,,"Line 5","None"
Shining Storm,EOT,2,Light,,Spec,"Burst 1, Spirit Surge","After Shining Storm Force is resolved, you maycreate Light Terrain in a Blast 7, centered on theuser, that lasts for 5 turns. Any creatures in thosespaces are affected as if by the Field Move LightTerrain, rather than any other Field Move. This Effectmay trigger only once per Scene."
Shining Terrain,Daily x2,/,Light,,Status,"","The area becomes Shining (light terrain) for 5 turns. WhileShining, all pokémon and Trainers standing on theground gain +1 accuracy,and Ghost % Dark-type attacks targeting or originating froma grounded pokémon or Trainer take a -10 Penalty toDamage Rolls."
Shock Wave,At-Will,2,Electric,1d8+6 ,Spec,"4, 1 Target, Priority, Aura","None"
Shocking Edge,TBD,TBD,Electric,TBD,Phys,"TBD","Not done yet."
Shocking Jab,TBD,TBD,Electric,TBD,Phys,"TBD","Not done yet."
Shore Up,,Daily x2,Ground,,Status,"Self","The user regains Hit Points equal to half of itsfull Hit Point value. If it is Sand Storming, the usergains 2/3 of its full Hit Point value instead. If it isSunny, Rainy or Hailing the user gains 1/4 of their fullHit Point value instead."
Shot Put,TBD,TBD,Steel,TBD,Phys,"TBD","A ball attack. 30% speed drop."
Showtime,TBD,TBD,Psychic,TBD,STATUS,"TBD","Sets the stage with a Magic Room then bows out."
Signal Beam,EOT,2,Bug,2d8+10 ,Spec,"6, 1 Target","Signal Beam confuses the target on 19+."
Silk Trap,Scene,/,Bug,,Status,"Self, Interrupt, Shield, Trigger","If the user is hit by a Move, the user mayMove. You do not take any damage nor are youaddition, if the triggering attack was Melee rangeStage."
Silver Wind,At-Will,2,Bug,2d6+8 ,Spec,"6, 1 Target, Spirit Surge","On 19+, the user has each of its stats raised by +1Combat Stage."
Simple Beam,Scene,2,Normal,,Status,"6, 1 Target","You choose one of the target's Abilities. SimpleBeam changes that Ability to Simple for the remainderof the encounter."
Sing,Scene,10,Normal,,Status,"Burst 2, Friendly, Sonic","All legal Targets fall Asleep. On a miss, Singinstead causes targets to become Slowed and suffer a -2penalty to their Evasion until the end of the user's nextturn."
Sizzly Slide,TBD,TBD,Fire,TBD,Phys,"TBD","User cloaked in fire charges. Leaves the foe with a burn."
Sketch,Daily,/,Normal,,Status,"15, 1 Target","Sketch cannot miss. Once Sketch has beenused, remove Sketch from the user's Move list. The lastMove that the target used is added to the user's Movelist permanently. Sketch may not be Interrupted orIntercepted."
Skill Swap,Scene,/,Psychic,,Status,"Melee, 1 Target","The user loses one of their Abilities, selected bythe user, and gains one the target's Abilities, selected atrandom, for the remainder of encounter. The target losesthe copied Ability, and gains the user's lost Ability. Thiseffect ends if either the target or the user is Switched outor Fainted, but only for that pokémon or Trainer."
Skitter Smack,EOT,2,Bug,2d6+10 ,Phys,"Melee, 1 Target, Dash, Full Action","The user Shifts up to its Overland Capability,ignoring Attacks of Opportunity, before attackingwith Skitter Smack. On a hit, the target's SpecialAttack is lowered 1 CS."
Skull Bash,Scene x2,2,Normal,4d10+10 ,Phys,"","Melee, 1 Target, Dash, Push, Set-Up"
Sky Attack,Scene x2,4,Flying,4d10+15 ,Phys,"","Melee, Pass, Set-Up, Full Action"
Sky Drop,Scene x2,3,Flying,2d6+8 ,Phys,"","Melee, Target, Set-Up"
Sky Quake,TBD,TBD,Flying,TBD,Phys,"TBD","Strikes with harsh winds."
Sky Uppercut,At-Will,4,Fighting,2d10+10 ,Phys,"Melee, 1 Target","Sky Uppercut may be used as an Interrupt whenagainst a target initiating Bounce, Fly, or Sky Drop toallow the user to Shift and use Sky Uppercut. If SkyUppercut successfully hits its target, the triggeringMove fails (though the target may take their next turnnormally)."
Skyfreeze,Scene x2,4,Ice,2d10+10 ,Spec,"6, 1 Target","On 15+ , user coats itself in a Protective Ice, healing 1 tick of hit points each turn for 5turns."
Slack Off,Daily x2,/,Normal,,Status,"Self","The user regains Hit Points equal to half of itsfull Hit Points."
Slam,At-Will,6,Normal,2d8+10 ,Phys,"Melee, 1 Target, Dash","Slam may be used as a Free Action at the end ofa Sprint Maneuver taken as a Standard Action, as longas the user Shifted at least 3 meters in a straight linetowards the target. When used this way, Slam gains theSmite keyword."
Slash,EOT,2,Normal,2d6+10 ,Phys,"Melee, Pass","Slash is a Critical Hit on 18+."
Sleep Powder,Scene x2,6,Grass,,Status,"4, 1 Target, Powder","The target falls asleep."
Sleep Talk,Scene,/,Normal,,Status,"Self","Select another of the user's Moves at random;this turn, the user may Shift and use that Move despitebeing Asleep. Sleep Talk can be only be used by Sleepingtargets."
Sludge,EOT,2,Poison,2d6+10 ,Spec,"6, 1 Target","Sludge Poisons the target on 15+."
Sludge Bomb,EOT,2,Poison,2d10+10 ,Spec,"8, 1 Target","Sludge Bomb Poisons the target on 15+."
Sludge Wave,Scene x2,2,Poison,3d8+10 ,Spec,"Burst 1 or Close Blast 2","Sludge Wave Poisons targets on 19+."
Smack Down,Scene x2,2,Rock,1d8+8 ,Phys,"8, 1 Target","The target is knocked down to ground level, andloses all Sky or Levitate Speeds for 3 turns. During thistime, they may be hit by Ground-Type Moves even ifnormally immune."
Smart Strike,EOT,/,Steel,2d6+10 ,Phys,"Melee, 1 Target","Smart Strike cannot miss."
Smashin' Realities,TBD,TBD,Dark,TBD,Phys,"TBD","smashes the realities around it. Removes weather and terrain"
Smashing Pumpkins,TBD,TBD,Grass,TBD,Phys,"TBD","Smashes the foe with a seed-filled pumpkin."
Smelling Salts,Scene x2,2,Normal,2d6+10 ,Phys,"Melee, 1 Target","If the target is Paralyzed, Smelling Salt's DamageBase is doubled to 14 (4d10+15 / 40), and cures thetarget of Paralysis."
Smite,At-Will,2,Light,,,"Melee, 1 Target","Once per Scene, this move gains +2 to its Damage Base for each fainted Pokemon in the"
Smog,At-Will,7,Poison,1d6+5 ,Spec,"Line 2","Smog Poisons the target on an Even-NumberedRoll."
Smokescreen,EOT,/,Normal,,Status,"5, Ranged Blast 3","Smokescreen creates a blast of Smoke that coversthe target area; the Smoke persists until the end of theencounter, or until Defog or Whirlwind are used. Alltargets attacking from or into the Smoke receive a -3penalty to Accuracy."
Smolder Bash,TBD,TBD,Fire,TBD,Phys,"TBD","A scorching jab that has a 10% chance to burn."
Snap Trap,Scene x2,2,Grass,1d8+6 ,Phys,"Melee, 1 Target","The target is trapped in a Vortex. The DC toescape the Vortex is increased by 3."
Snarl,EOT,3,Dark,2d6+8 ,Spec,"Cone 2, Sonic","All Legal Targets have their Special Attacklowered 1 Combat Stage."
Snatch,Scene x2,/,Dark,,Status,"6, 1 Target, Interrupt","If the target uses a Self-Targeting Move, you mayuse Snatch. You gain the benefits of the Self-TargetingMove instead of the target."
Snipe Shot,EOT,2,Water,2d8+10 ,Spec,"8, 1 Target","Snipe Shot is a Critical Hit on 18+. This Movemay not be Intercepted, nor may any Abilities, Moves,or Features be activated to change this Move's target.Any of those existing effects (such as Follow Me) fail."
Snore,EOT,2,Normal,1d8+8 ,Spec,"Burst 1, Sonic","Snore Flinches all legal targets on 15+. Snoremay only be used by Sleeping users."
Snowscape,Daily x2,/,Ice,,Status,"Field, Weather","The weather changes to Snowy for 5 roungain +5 Damage Reduction"
Soak,Daily,2,Water,,Status,"5, 1 Target","The target gains the Water Type in addition to itsother Types for 5 turns."
Soft-Boiled,Daily x2,/,Normal,,Status,"Melee, 1 Target","The target regains Hit Points equal to half of itsfull Hit Points. The user may target themselves withSoft-Boiled."
Soil Drain,TBD,TBD,Ground,TBD,Spec,"TBD","Heals 50% damage done."
Solar Beam,Scene x2,2,Grass,3d12+10 ,Spec,"","Line 6, 1 Target, Set-Up"
Solar Blade,Scene x2,2,Grass,4d10+10 ,Phys,"Melee, 1 Target, Set UpSet-Up","The user attacks with Solar Blade. If theweather is Rainy, Sandstorming,New Moon or Hailing, SolarBlade's Damage Base is lowered to 6 (2d6+8 / 15)."
Solar Blast,Scene x2,2,Light,3d12+10 ,Spec,"","Line 6, 1 Target, Set-Up"
Solar Flare,EOT,3,Light,,,"4m, 1 Target","May deal fire damages if the user wishes"
Solar Force,Scence x2,2,Light,,,"Burst 2, Groundsource,","Damage up to Base 9 during sunny weather."
Solar Laser,Scence x2,6,Light,,,"6","Damage Base +2 Under the sun"
Solar Sword,Scence x2,4,Light,,,"Melee,1 Target","The target is burnt on 18+."
Solar Therapy,Daily x2,/,Light,,Status,"","The user regains Hit Points equal to half of its full Hit Point value. If it is Lightfield, theuser gains 2/3 of its full Hit Point value. If it is Darkness field or at night the user gains1/4 oftheir full Hit Point value"
Sonic Boom,EOT,6,Normal,,Spec,"8, 1 Target","onic Boom causes the target to lose 15 HitPoints. Sonic Boom is Special and interacts with othermoves and effects as such ( Special Evasion may beapplied to avoid it, Mirror Coat can reflect it, etc. )"
Soothing Light,Scence x2,2,Light,,Status,"","Lowers ATK and SPD of target by 1 combat stage"
Sour Strike,At-Will,3,Grass,2d8+10 ,Phys,"Melee, 1 Target, Smite",""
Spacial Rend,Daily x2,3,Dragon,3d8+10 ,Spec,"10, 1 Target","Spacial Rend is a Critical Hit on Even-NumberedRolls."
Spark,EOT,2,Electric,2d6+8 ,Phys,"Melee, 1 Target, Dash","Spark Paralyzes the target on 15+."
Sparkling Aria,EOT,2,Water,2d10+10 ,Spec,"Melee, 2 Targets","When you hit a target with Sparkling Aria, theuser may choose to deal no damage and instead curethat target of Burn, Confusion, Infatuation, or Rage."
Sparkling Barrage,TBD,TBD,Psychic,TBD,Phys,"TBD","Hits 3 Times with light rays."
Sparkling Flare,EOT,2,Light,,,"Burst 1, Spirit Surge","After Sparkling Flare has resolved, the user"
Sparkling Spin,EOT,/,Fairy,,Phys,"","Rapid Spin destroys all Hazards within 5meters, removes Leech Seeds, and removes the user'sTrapped or Stuck status."
Sparkly Swirl,TBD,TBD,Fairy,TBD,Spec,"TBD","Wrap foe with whirlwind of scent. Heals party's status."
Spatial Rupture,EOT,4,Psychic,3d8+10 ,Spec,"Range 6 , 1 target","On 17+ , user can't shift for 3 rounds"
Spectral Blade,EOT,/,Ghost,2d10+10 ,Phys,"Melee, 1 Target","Spectral Blade cannot misss."
Spectral Flame,TBD,TBD,Ghost,TBD,STATUS,"TBD","Emits a flame that moves as if alive and inflicts burn."
Spectral Serenade,TBD,TBD,Ghost,TBD,USE_HIGHEST_OFFENSE,"TBD","Not Implemented."
Spectral Thief,Scene,2,Ghost,2d10+10 ,Phys,"Melee, 1 Target","Before rolling damage, transfer all CombatStages on the target to the user."
Speed Swap,Scene,2,Psychic,,Status,"Melee, 1 Target","The user and the target trade Initiative values."
Spicy Extract,Scene x2,/,Grass,,Status,"Self, 4, 1 Target",""
Spider Web,Scene x2,/,Bug,,Status,"5","Spider Web cannot miss. The target is Stuck andTrapped. If the user is freed of the Stuck condition, theyare freed of Trapped as well."
Spike Cannon,EOT,4,Normal,1d6+5 ,Phys,"6, 1 Target, Five Strike","None"
Spikes,At-Will,/,Ground,,Status,"6, Hazard","Set 8 square meters of Spikes within your range,all 8 meters must be adjacent with at least one otherspace of Spikes. Spikes cause terrain to count as SlowTerrain, and a grounded foe that runs into the hazardswill lose a Tick of Hit Points and become Slowed untilthe end of their next turn."
Spiky Shield,Scene,/,Grass,,Status,"Self, Interrupt, Shield, Trigger","If the user is hit by an attack, the user may useSpiky Shield. The user is instead not hit by the Move.You do not take any damage nor are you affected by anyof the Move's effects. In addition, if the triggering attackwas Melee ranged, the attacker loses a Tick of Hit Points."
Spin Out,EOT,2,Steel,3d8+10 ,Phys,"Burst 1",""
Spine Breaker,TBD,TBD,Rock,TBD,Phys,"TBD","The foe is struck fearsomely on the back. 30% chance to paralyze."
Spirit Break,EOT,2,Fairy,2d8+10 ,Phys,"Melee, 1 Target","The target's Special Attack stat is lowered 1 CS."
Spirit Shackle,EOT,2,Ghost,2d8+10 ,Phys,"8, 1 Target","The Target is Trapped for 2 rounds."
Spit Up,Scene,2,Normal,,Spec,"4, 1 Target","For each Stockpiled Count the user has, SpitUp's Damage Base is increased by +8. If the user has noStockpiled count, Spit Up cannot be used."
Spite,Scene,/,Ghost,,Status,"1 Target, Trigger","Spite may be used as a Free Action that does nottake up a Command whenever the user is hit by a Move.That Move becomes Disabled for the attacker."
Splash,At-Will,/,Normal,,Status,"Self","Shift Action - The user may make a single Jump,adding +1 to their Long Jump and High Jump values,and gains +2 Evasion until the end of their next turn."
Splishy Splash,TBD,TBD,Water,TBD,Spec,"TBD","A huge electrified wave that may paralyze the foe."
Spook,At-Will,2,Ghost,1d8+6 ,Spec,"4, 1 Target","Lower the target's Special Defenseby -1 Combat Stage on 18+"
Spoon Bend,Scene x2,2,,,Spec,"8, 1 Target","Spoon Bend is super effective against Steel-types."
Spore,Scene,/,Grass,,Status,"4, 1 Target, Powder","The target falls Asleep."
Spotlight,Daily,/,Normal,,Status,"6, 1 Target, Priority","Until the end of the user's next turn, the targetis Blinded and Vulnerable."
Spread Bomb,TBD,TBD,Fire,TBD,Phys,"TBD","Hits everyone else. 30% Burn chance."
Springtide Storm,Scene,5,Fairy,3d8+10 ,Spec,"6, Ranged Blast 3, Smite","If the user is not in Therian Forme, the user haseach of its stats raised by +1 CS on a 16+. If the user isin Therian Form, the target has each of its statslowered by -1 CS on a 16+."
Squall Hammer,TBD,TBD,Flying,TBD,Phys,"TBD","Hammers the foe with winds that might remove hazards."
Squeaky Hammer,TBD,TBD,Fairy,TBD,Phys,"TBD","The user hits the opponent with an cute sounding attack."
Star Crash,TBD,TBD,Fairy,TBD,Phys,"TBD","33% recoil damage."
Star Daze,EOT,2,Light,,,"5m, 1 Target, Spirit Surge","After Star Daze has resolved, the user"
Starburst,TBD,TBD,Normal,TBD,Phys,"TBD","The user crashes a large star onto the opponent. May flinch."
Stealth Rock,Scene,/,Rock,,Status,"Field, Hazard","Set 4 square meters of Stealth Rock hazardswithin 6 meters. If a foe moves within 2 meters of aspace occupied by Rocks, move at most one Rock to theoffender, then destroy the Rock. When that happens,the Stealth Rock causes a foe to lose a Tick of Hit Points.Stealth Rock is considered to be dealing damage;Apply Weakness and Resistance. Do not apply stats. Apokémon who has been hit by a Stealth Rock Hazardcannot get hit by another in the same encounter until itis returned to a Poké Ball and then sent back out."
Steam Eruption,Scene,3,Water,3d10+10 ,Spec,"Close Blast 3, Smite","Steam Eruption burns all legal targets on a 15+."
Steamroller,EOT,2,Bug,2d6+10 ,Phys,"Melee, Pass","Steamroller Flinches the target on 15+. If thetarget is Small, Steamroller deals an additional +5Damage."
Steel Beam,Daily,3,Steel,4d10+15 ,Spec,"Cone 3, Smite","The user's Hit Points are reduced by 50% oftheir full Hit Point value. This Hit Point loss cannot beprevented or reduced in any way."
Steel Cutter,EOT,2,Steel,2d8+10 ,Phys,"Melee, 1 Target","On 17+ , Steel Cutter is a critical hit. This move Uses the highest of ATK or SP. ATK of user tocalculate damage (damage is still physical)."
Steel Roller,Daily x2,2,Steel,4d10+10 ,Phys,"Melee, Pass, Dash, Smite, Spirit Surge","Legal targets hit by Steel Roller are Tripped ona roll of 15+. Any Hazards in spaces Passed through oradjacent to those spaces are removed (they areremoved before they can affect the user). If the usermoves through an area of Terrain, or a Field-rangeTerrain is active, those effects immediately end."
Steel Surge,Scene x2,4,Steel,1d8+6 ,Phys,"4m,1 Target","Set 8 square meters of Steel Spikes within Target range,all 8 meters must be adjacent with at least one otherspace of Steel Spikes. Steel Spikes cause terrain to count as SlowTerrain, and a grounded foe that runs into the hazardswill lose a Tick of Hit Points and become Slowed untilthe end of their next turn."
Steel Wing,At-Will,3,Steel,2d6+10 ,Phys,"Melee, 1 Target, Pass, Spirit Surge","Raise the user's Defense 1 Combat Stage on 15+."
Sticky Web,EOT,/,Bug,,Status,"6, Hazard","Set 8 square meters of Sticky Web hazardswithin your range, all 8 meters must be adjacent with atleast one other space of Sticky Web. Sticky Web causesTerrain to become Slow Terrain, and a foe that runs intothe hazard has its Speed lowered by one stage, and theybecome Slowed until the end of their next turn. Flying-type pokémon and pokémon and Trainers with Levitateare not affected by Sticky Web. Bug-type pokémonmay move over Sticky Web harmlessly, destroying theHazards as they do so."
Stockpile,EOT,/,Normal,,Status,"Self","The user adds 1 to their Stockpiled count to amaximum of 3. For each number a Stockpiled count isabove 0, raise the user's Defense 1 Combat Stage andraise the user's Special Defense 1 Combat Stage. If aStockpiled count is set to 0, the Combat Stages gainedfrom the Stockpiled count are removed."
Stomp,EOT,2,Normal,2d6+10 ,Phys,"Melee, 1 Target","Stomp Flinches the target on 15+. If the target isat least one size category smaller than the user, Stompdeals an additional 10 damage."
Stomping Tantrum,EOT,2,Ground,2d8+10 ,Phys,"Melee, 1 Target","If the user's last attack failed or missed,Stomping Tantrum is DB 15 (4d10+10 / 45) instead."
Stone Axe,EOT,4,Rock,2d6+10 ,Phys,"Melee, 1 Target","Stone Axe is a critical hit on an 18+. Once perscene, on a hit, the target may be put in a Vortex."
Stone Edge,EOT,5,Rock,3d8+10 ,Phys,"8, 1 Target","Stone Edge is a Critical Hit on 17+."
Stored Power,EOT,2,Psychic,1d6+3 ,Spec,"10, 1 Target","For every Combat Stage the user has above 0, add+2 to Stored Power’s Damage Base, up to a maximum ofDB 20."
Storm Throw,EOT,2,Fighting,2d6+8 ,Phys,"Melee, 1 Target","If Storm Throw hits, it is a Critical Hit."
Strange Steam,Scene x2,3,Fairy,2d10+10 ,Spec,"Burst 1","The target is confused on 17+."
Strength,EOT,2,Rock,2d8+10 ,Phys,"Melee, 1 Target, Push","You may immediately initiate a Push Maneuveras a Free Action. The Maneuver automatically hits, butyou must still make the Opposed Roll."
Strength Sap,Daily x2,2,Grass,,Status,"Melee, 1 Target","The user gains Hit Points equal to the higher ofthe target's Attack or Special Attack; the target thenloses 1 Combat Stage in that Stat."
String Shot,At-Will,3,Bug,,Status,"Cone 2","Targets have their Speed CS lowered by -1. If thislowers their Speed CS to -6, or if their Speed CS wasalready at -6, the target is instead Stuck."
Strobe,At-Will,2,Light,,,"Range 6, 1 Target","Strobe DB 5 confuses the target on 19+."
Struggle,TBD,TBD,Normal,TBD,Phys,"TBD","Used only if all PP are gone. Also hurts the user a little."
Struggle Bug,At-Will,2,Bug,1d8+8 ,Spec,"Cone 2","On hit, lowers the target's Special Attack by -1CS."
Stuff Cheeks,Scene,/,Normal,,Status,"Self","The user immediately consumes one of itsFood Buffs, regardless of any conditions that need tobe met, gaining its benefit if applicable. If a Buff isconsumed, the user's Defense CS is raised by 2."
Stun Spore,Scene x2,6,Grass,,Status,"6, 1 Target, Powder","The target is Paralyzed."
Submission,Scene,6,Fighting,4d10+20 ,Phys,"Melee, 1 Target, Recoil 1/3","On an accuracy roll of 15+, the target is Tripped."
Substitute,Scene,/,Normal,,Status,"Self, Illusion, Coat","The user loses 1/4 of their maximum Hit Points.This Hit Point loss cannot be prevented in any way. Theuser creates an Illusory Substitute Coat, which has HitPoints equal to 1/4th of the user's full Hit Points +1. Ifthe user would be hit by a Move or attack, instead theSubstitute gets hit. Apply weakness, resistance and statsto the Substitute. The Substitute is immune to StatusAfflictions and Status Moves. Moves with the Socialor Sonic keywords completely ignore and bypass theSubstitute. Once the Substitute has been destroyed, theuser may be hit as normal. Substitute cannot be used ifthe user has less than 1/4 of their full Hit Points."
Sucker Punch,At-Will,2,Dark,2d8+10 ,Phys,"Melee, 1 Target, Interrupt, Trigger","If an adjacent foe targets the user with a DamagingAttack, Sucker Punch may be used as an Interrupt Moveagainst the triggering foe."
Sugar Rush,At-Will,2,Fairy,1d8+8 ,Phys,"Melee, 1 Target, Dash","Raise the user's Speed 1 Combat Stage."
Summer Flourish,Scene,/,Grass,,Status,"Self","Effect:The user may not shift this round. The user may create as many squares of Rough Terrain as itwants within a Burst 3 as plants burst through the ground, regardless of the surface material. If theweather is sunny or light terrain is on the field , apply set up effect immediately instead of nextturn. Resolution Effect:The user raises its Special Attack, Special Defense, and Speed by 2 Combat Stages:"
Sunny Day,Daily x2,/,Fire,,Status,"Field, Weather","The weather becomes Sunny for 5 rounds. WhileSunny, Fire-Type Attacks gain a +5 bonus to DamageRolls, and Water-Type Attacks suffer a -5 Damagepenalty."
Sunsteel Strike,Scene x2,2,Steel,3d8+10 ,Phys,"Close Blast 2","This Move ignores any Abilities that wouldcause it to fail or miss, such as Dodge or WonderGuard; those Abilities cannot be activated in responseto Sunsteel Strike."
Sunstrike (N),TBD,TBD,Fire,TBD,Spec,"TBD","Strikes with harsh winds."
Super Fang,Scene,4,Normal,,Phys,"Melee, 1 Target","The target loses 1/2 of their current Hit Points."
Supercell Slam,TBD,TBD,Electric,TBD,Phys,"TBD","Tackles with its shock body. Hurts on miss."
Superpower,Scene x2,2,Fighting,3d12+10 ,Phys,"Melee, 1 Target, Dash","Superpower lowers the user's Attack and Defenseby 1 Combat Stage each."
Supersonic,Scene x2,6,Normal,,Status,"4, 1 Target, Sonic","The target becomes Confused. On miss, thetarget suffers a -2 penalty to Accuracy Rolls for one fullround."
Supersonic Shot,TBD,TBD,Flying,TBD,Phys,"TBD","An arrow attack. always crits."
Surf,EOT,2,Water,2d10+10 ,Spec,"Line 6","As a Shift Action, the user may Move to anyopen square in Surf's area of effect without provokingany Attacks of Opportunity."
Surging Strikes,TBD,TBD,Water,TBD,Phys,"TBD","Mastering the Water style, strikes with 3 critical hits."
Swagger,EOT,4,Normal,,Status,"6, 1 Target, Social","The target's Attack is raised 2 Combat Stages.Swagger Confuses the target."
Swallow,Daily x2,/,Normal,,Status,"Self","If the user's Stockpiled count is 1, they are healed25% of their full Hit Point value; if their Stockpiledcount is 2, they are healed half of their full Hit Pointvalue; if their Stockpiled count is 3, they are healedback to full Hit Points. After using Swallow, the user'sStockpiled count is set to 0. If the user has no Stockpiledcount, Swallow does nothing."
Sweet Blast,At-Will,3,Grass,2d6+8 ,Spec,"Range 4, cone 2",""
Sweet Kiss,Scene x2,6,Fairy,,Status,"6, 1 Target, Social","The target becomes Confused. On miss, thetarget suffers a -2 penalty to Accuracy Rolls for one fullround."
Sweet Scent,Scene,2,Normal,,Status,"Burst 2, Friendly","Targets hit by Sweet Scent gain a -2 Penalty toEvasion. (Total Evasion may not be lowered to a negativevalue. )"
Swift,EOT,/,Normal,2d6+8 ,Spec,"8, Ranged Blast 2, Friendly","Swift cannot Miss."
Switcheroo,At-Will,2,Dark,,Status,"Melee, 1 Target","The user and the target exchange Held Items orAccessory Slot Items."
Swords Dance,EOT,/,Normal,,Status,"Self","The user's Attack is raised 2 Combat Stages."
Synchronoise,Scene x2,2,Psychic,3d12+10 ,Spec,"Burst 3","Synchronoise can only hit targets that share atype with Synchronoise's user."
Synthesis,Daily x2,/,Grass,,Status,"Self","The user regains Hit Points equal to half of itsfull Hit Point value. If it is Sunny, the user gains 2/3 of itsfull Hit Point value instead. If it is Rainy, Sand Stormingor Hailing the user gains 1/4 of their full Hit Point valueinstead."
Syrup Bomb,TBD,TBD,Grass,TBD,Spec,"TBD","An explosion of sugary syrup slows the foe over 3 turns."
Tachyon Cutter,TBD,TBD,Steel,TBD,USE_HIGHEST_OFFENSE,"TBD","Launches particle blades at the target twice in a row."
Tackle,At-Will,2,Normal,1d8+8 ,Phys,"Melee, 1 Target, Dash, Push","The target is pushed 2 Meters."
Tail Glow,Scene,/,Bug,,Status,"Self","Raise the user's Special Attack 3 Combat Stages."
Tail Slap,EOT,4,Normal,1d6+5 ,Phys,"Melee, 1 Target, Five Strike","None"
Tail Whip,At-Will,2,Normal,,Status,"Burst 1, Friendly","All legal targets have their Defense lowered by 1Combat Stage."
Tailwind,Scene,/,Flying,,,"","For the remainder of the encounter, all alliedtrainers and pokémon gain +5 to their Initiative.Multiple instances of Tailwind cannot stack."
Take Down,EOT,5,Normal,2d10+10 ,Phys,"Melee, 1 Target, Dash, Recoil 1/3","You may perform a Trip Maneuver against thetarget as a Free Action."
Take Flight,TBD,TBD,Flying,TBD,Spec,"TBD","Blasts the foe with wind and takes to the sky."
Take Heart,Daily x2,/,Psychic,,Status,"Self","The user gains +1 CS in all its stats and cures allof its Status conditions."
Talon Shred,Scene x2,3,Flying,2d8+10 ,Phys,"Melee, Dash","Talon Shred Flinches the target on 15+."
Tangling Husk,TBD,TBD,Grass,TBD,STATUS,"TBD","Slows attackers while avoiding damage from non-Fire moves."
Tar Shot,Scene,2,Rock,,Status,"Cone 2","The target gains a Coat that is automaticallyexpended upon being hit with a Fire Type attack inorder to make them one step more vulnerable to thatattack. In addition, the target's Speed is lowered by 1CS."
Taunt,EOT,3,Dark,,Status,"6, 1 Target, Social","The target becomes Enraged."
Tearful Look,EOT,2,Normal,,Status,"Burst 1, Social, Friendly","Tearful Look lowers all Legal Target's Attackand Special Attack 1 Combat Stage."
Teatime,Scene,/,Normal,,Status,"Field, Social","All participants in the battle may choose toimmediately consume one of their Food Buffs,regardless of if the conditions to do so are met."
Techno Blast,Scene,2,Normal,3d12+10 ,Spec,"6, Ranged Blast 2","Techno Blast's Type can be any Type whileholding the appropriate Drive item or Plate item."
Tectonic Fangs,TBD,TBD,Ground,TBD,Phys,"TBD","User inserts its ground shaking fangs. 10% chance to flinch."
Teeter Dance,Scene,2,Normal,,Status,"Burst 1","Teeter Dance Confuses all Legal Targets."
Telekinesis,Scene x2,/,Psychic,,Status,"4, 1 Target","The target becomes Lifted. While Lifted, they gainthe Levitate Ability, are Slowed, and lose all MovementCapabilities except for the Levitate 4 granted by Levitate(reduced to 2 by the Slow condition). While Lifted, theuser may not apply any Evasion bonuses to determinewhether they are hit by Moves or not. The Lifted targetmay use a Shift Action to roll 1d20; on a result of 16+,they stop being Lifted."
Teleport,Scene,/,Psychic,,Status,"Self, Interrupt","The user Teleports up to X meters, where X isits Teleporter Capability. Teleport can be used as anInterrupt at any time. Moves that targeted Teleport'suser continue through the desired target's space if theMove allows for it as if the user hadn't been there; singletarget moves simply miss."
Temper Flare,TBD,TBD,Fire,TBD,Phys,"TBD","Attacks desperately, Doubles dmg if it missed the previous turn"
Tempest Storm (N),TBD,TBD,Electric,TBD,STATUS,"TBD","Sets a thundershock storm."
Tera Blast,EOT,2,Normal,2d8+10 ,See Effect,"8, 1 Targetull becomes Fighting-Type if the user is CombatWater-Type if the user is Aqua Breed.Pokemon that has not yet been recalled or 1etting them to 20 Hit Points. Move FrequenciesPoints, then the user is replaced by anotherint loss cannot be prevented in any way. Thewhich has Hit Points equal to 1/4th of the user'sove or attack, instead the Substitute gets hit.bstitute. The Substitute is immune to Statuscial or Sonic keywords completely ignore andbeen destroyed, the replacement may be hit ass less than 1/4 of their full Hit Points. Shed Tailed.",""
Tera Starstorm,TBD,TBD,Normal,TBD,USE_HIGHEST_OFFENSE,"TBD","Strikes both foes with a rain of crystals."
Terrain Pulse,EOT,2,Normal,3d12+10 ,Spec,"Close Blast 3","If the user is under the effects of a Terrain,Terrain Pulse has a Damage Base of 10 (3d8+10 / 24).In addition, Terrain Pulse becomes the Type thatcorresponds with the Move that creates that Terrain.(For example, if in Misty Terrain, it would becomeFairy Type.) If the user is under the effects of multipleTerrains, choose one to affect this Move."
Terror Charge,TBD,TBD,Dark,TBD,Phys,"TBD","A frightening headbutt that may bleed or fear."
Terror Locks,TBD,TBD,Ghost,TBD,Phys,"TBD","Cut the foe with long, black hair."
Thief,At-Will,2,Dark,2d6+8 ,Phys,"Melee, 1 Target","Thief takes the target's Held Item or AccessorySlot Item and attaches it to Thief's user, if the user is notholding anything."
Thousand Arrows,Scene,2,Ground,2d10+10 ,Phys,"6, 1 Target","When calculating Weakness and Resistance forThousand Arrows, Flying-Typed targets calculatedamage as if Flying was neutral to Ground. ThousandArrows ignores the Levitate ability. The target isknocked down to ground level, and loses all Sky orLevitate Speeds for 3 turns. During this time, they maybe hit by Ground-Type Moves even if normallyimmune."
Thousand Waves,Scene,2,Ground,2d10+10 ,Phys,"Burst 1, Groundsource","Legal Targets are Trapped for 2 rounds."
Thrash,Scene x2,3,Normal,3d12+10 ,Phys,"Melee, all adjacent foes, Smite","After damage is dealt, the user becomes Enragedand Confused."
Throat Chop,EOT,2,Dark,2d8+10 ,Phys,"Melee, 1 Target","The target cannot use Moves with the Sonickeyword for the next two turns."
Thunder,Scene x2,7,Electric,3d10+10 ,Spec,"12, 1 Target, Smite","Thunder Paralyzes its target on 15+. If the targetis in Sunny Weather, Thunder's Accuracy Check is 11.If the target is in Rainy Weather, Thunder cannot miss.If the target is airborne as a result of Fly or Sky Drop,Thunder cannot miss."
Thunder Cage,Daily x2,4,Electric,2d8+10 ,Spec,"8, Ranged Blast 2, Spirit Surge","The targets are trapped in a Vortex. The DC toescape the Vortex is increased by 3."
Thunder Cloud,Scene x2,4,Electric,2d10+10 ,Spec,"8, Ranged Blast 2, Spirit Surge","On 15+ sets tailwind for 2 turns for user's team ."
Thunder Edge,EOT,4,Electric,2d6+10 ,Phys,"Melee, 1 Target","Thunderous Edge Paralyzes the target on 18+"
Thunder Fang,TBD,TBD,Electric,TBD,Phys,"TBD","May cause flinching or leave the foe paralyzed."
Thunder Punch,At-Will,2,Electric,2d8+10 ,Phys,"Melee, 1 Target","Thunder Punch Paralyzes the target on 19+."
Thunder Shock,At-Will,2,Electric,1d8+6 ,Spec,"4, 1 Target","Thunder Shock Paralyzes the target on 17+."
Thunder Wave,Scene x2,4,Electric,,Status,"6, 1 Target","Thunder Wave Paralyzes the target. Targetsimmune to Electric Attacks are immune to ThunderWave's effects."
Thunderbolt,EOT,2,Electric,2d10+10 ,Spec,"4, 1 Target","Thunderbolt Paralyzes the target on 19+."
Thunderclap,TBD,TBD,Electric,TBD,Spec,"TBD","Preempts the foe's attack with a flash of lightning."
Thunderous Kick,EOT,2,Fighting,2d10+10 ,Phys,"Melee, 1 Target","All legal targets hit lose 1 Defense CombatStage. Once per Scene, Thunderous Kick may insteadbe used as an Electric-Type Move."
Thungsten Armor,Daily,/,Steel,,Status,"Self, Interrupt","User becomes immune to critical hits and statues for 5 turns. Increases DEF and SP. DEF by 2combat stage"
Tickle,EOT,2,Normal,,Status,"Melee, 1 Target","Lower the target's Attack 1 Combat Stage andlower the target's Defense 1 Combat Stage."
Tidal Fortress,Daily x1,/,,,Status,"","For the next 3 turrns every time the user is hit by a move roll a die (20)From 2 to 10 user uses life dew on itself"
Tidy Up,Daily x2,/,Normal,,Status,"Field",""
Time Ripple,Daily,/,Psychic,,Status,"Self, Interrupt","All allies arround the user are immune to move , objects and abilities that may change turnorder.Also for this turn the User may change the turn order without considering the initiatives."
Titanic Boost,Daily x1,/,Fighting,,Status,"Self,Interrupt","For the Next 5 turns user resist all physical moves 1 step further and his moves that make"
Topsy-Turvy,EOT,4,Dark,,Status,"6, 1 Target","The target's Combat Stages are inverted; +1 Stagebecomes -1 Stage, -3 Stages becomes +3 Stages, etc."
Torch Song,EOT,2,Fire,2d8+10 ,Spec,"8, 1 Target, Sonic","Raise the user's Special Attack 1 Combat"
Torment,Scene x2,2,Dark,,Status,"10, 1 Target, Social","The target becomes Suppressed."
Torrent Fist,TBD,TBD,Water,TBD,Phys,"TBD","20% chance to drop speed. Iron Fist boost."
Toxic,Scene x2,4,Poison,,Status,"4, 1 Target","The target is Badly Poisoned. If the user is PoisonType, Toxic cannot miss."
Toxic Needles,TBD,TBD,Poison,TBD,Phys,"TBD","Hits 2-5 times. 10% chance to poison."
Toxic Plunge,TBD,TBD,Poison,TBD,Phys,"TBD","Dives into a pool of poison then strikes on the next turn."
Toxic Spikes,EOT,/,Poison,,Status,"6, Hazard","Set 8 square meters of Toxic Spikes, all 8 metersmust be adjacent with at least one other space of ToxicSpikes next to each other. Toxic Spikes cause Terrain tobecome Slow Terrain, and a grounded foe that runs intothe hazard becomes Poisoned, and Slowed until the endof their next turn. If there are 2 Layers of Toxic Spikeson the same space, it Deadly Poisons the foes instead.Poison-Type pokémon may move over Toxic Spikesharmlessly, destroying the Hazards as they do so."
Toxic Sting,EOT,2,Poison,2d10+10 ,Phys,"Melee, 1 Target","Opponent is poisoned on 16+ , badly poisoned instead on 19+.Also if target is already poisoned itbecomes badly poisoned."
Toxic Terrain,TBD,TBD,Poison,TBD,STATUS,"TBD","Boosts Poison and damages mons for 8 turns."
Toxic Thread,Scene x2,2,Poison,,Status,"6, 1 Target","The target is Poisoned and has their Speedlowered by 1 Combat Stage. If the target is alreadyPoisoned, they instead lose a Tick of Hit Points andhas their Speed lowered by 2 Combat Stages."
Trailblaze,At-Will,2,Grass,1d8+8 ,Phys,"Melee, 1 Target, Dash","Raise the user's Speed 1 Combat Stage."
Transform,At-Will,/,Normal,,Status,"10, 1 Target","The user targets a pokémon within 10 meters,and assumes the form of the target. It gains all of theuser's Moves, gains its Abilities, copies its weight andheight and Capabilities. Transform lasts until the useris switched out, KO'd or until the end of the encounter.The user may choose to end the Transformation on itsturn as a free action, regaining its previous Move List.The user's Stats do not change from using Transform.Transform cannot miss."
Transmute,TBD,TBD,Psychic,TBD,Spec,"TBD","Strikes the foe, remaking the user's item on KO."
Trepidation,TBD,TBD,Poison,TBD,Spec,"TBD","The foe falls into despair and misses all Psychic moves."
Tri Attack,EOT,2,Normal,2d8+10 ,Spec,"6, 1 target","Tri Attack gives the target a Status ailment on17+ during Accuracy Check. If this effect is triggered,roll 1d3; on 1 the target is Paralyzed; on 2 the target isBurned; on 3 the target is Frozen."
Trick,Scene,2,Psychic,,Status,"5, 2 Targets","Both targets must be hit for Trick to succeed. Theuser may target itself or willing allies with Trick; you donot need to roll for Accuracy Check in these cases. Bothtargets lose their Held Item or Accessory Slot Item, andgain the other target's Held Item or Accessory Slot Item.If a target has no Item, it still can gain the other target'sItem."
Trick Room,Daily x2,/,Psychic,,Status,"Field","Starting at the beginning of the next round,for 5 rounds, the area is considered Rewinding. WhileRewinding, Initiative is reversed, and participantsinstead go from lowest Initiative to Highest."
Trick-or-Treat,Daily,2,Ghost,,Status,"6, 1 Target","The target gains the Ghost Type in addition to itsother Types for 5 turns."
Triple Arrows,EOT,2,Fighting,1d8+8 ,Phys,"4, 1 Target","Targets hit by Triple Arrows lose 1 CS in bothDefense and Special Defense.After attacking with Triple Arrows, hit or miss, theuser may Disengage 2m and attack a different targetwith Triple Arrows. This effect may be repeated asecond time, targeting a creature that has not beentargeted by either prior attack. Before making eachattack roll, the user can elect to give up triggering allremaining additional shifts and attacks. Triple Arrowsgains +1 Accuracy and +1 DB for each attack that isgiven up. Triple Arrows always benefits from theTechnician Ability.Once Daily, after all attacks with Triple Arrows havebeen resolved, the user becomes Pumped. WhilePumped, the user's Critical Range is extended by 2, or18+ if the Critical Range is not otherwise extended.Being switched will cause this effect to end."
Triple Axel,EOT,4,Ice,2d6+8 ,Phys,"Melee, 1 Target","After attacking with Triple Axel, hit or miss, theuser may Disengage 2m and attack a different targetwith Triple Axel. This effect may be repeated a secondtime, targeting a creature that has not been targetedby either prior attack. Before making each attack roll,the user can elect to give up triggering all remainingadditional shifts and attacks. Triple Axel gains +1Accuracy and +1 DB for each attack that is given up.Triple Axel always benefits from the TechnicianAbility."
Triple Dive,EOT,2,Water,1d6+5 ,Physicalbat Stage.,"Melee, 1 Target",""
Triple Kick,At-Will,3,Fighting,,Phys,"Melee, 1 Target","Make three attacks with Triple Kick. If you hitonce, Triple Kick has a DB of 1. If you hit two times,Triple Kick has a DB of 3. If you hit three times, TripleKick has a DB of 6."
Triple Tremor,TBD,TBD,Ground,TBD,Phys,"TBD","Strikes with three intensifying shockwaves."
Trop Kick,EOT,2,Grass,2d6+10 ,Phys,"Melee, 1 Target","The target receives a -5 penalty to damagerolls for 1 round."
Trump Card,EOT,2,Normal,2d6+8 ,Spec,"6, 1 Target","Whenever Trump Card is used, the user gains aTrump Count after the attack is resolved. Trump Card’sDB is increased by +2 for each Trump Coun"
Tsunami Hammer,TBD,TBD,Water,TBD,Phys,"TBD","Super effective vs Water. Can't be used twice in a row."
Twin Beam,EOT,2,Psychic,1d8+6 ,Spec,"6, 1 Target, Double Strike",""
Twineedle,At-Will,3,Bug,1d6+5 ,Phys,"Melee, 1 Target, Double Strike","Twineedle Poisons the target on an AccuracyCheck of 18+"
Twister,At-Will,2,Dragon,1d8+6 ,Spec,"6, Ranged Blast 3","Small or Medium targets in the central squareof the blast are not hit. Twister Flinches the target on18-20 during Accuracy Check. Any pokémon Airborneas a result of Fly or Sky Drop above the Blast are hit,ignoring range, and Twister has a Damage Base of 8against those targets instead."
U-Turn,At-Will,2,Bug,2d6+10 ,Phys,"Melee, 1 Target, Dash","If U-Turn successfully hits its target, the userdeals damage and then immediately is returned toits Poké Ball in the same turn. A New Pokémon mayimmediately be sent out. Using U-Turn lets a Trappeduser be recalled."
Upper Hand,TBD,TBD,Fighting,TBD,Phys,"TBD","Deals damage and flinches if the target uses a prio. move."
Uproar,EOT,2,Normal,1d8+8 ,Spec,"Burst 1, Spirit Surge, Sonic","All pokémon and Trainers within 5 meters of theuser are cured of sleep."
V Formation,EOT,/,Flying,,Status,"Self","Raise the user's Defense Combat Stage and raisethe user's Speed 1 Combat Stage."
V-Create,Daily,5,Fire,6d12+25 ,Phys,"Melee, 1 Target, Smite","Lower the user's Defense, Special Defense, andSpeed by 1 CS each."
Vacuum Wave,At-Will,2,Fighting,1d8+6 ,Spec,"4, 1 Target, Priority, Aura","None"
Veevee Volley,TBD,TBD,Normal,TBD,USE_HIGHEST_OFFENSE,"TBD","A reliable and strong Normal type attack. Uses best offense."
Venom Bolt,TBD,TBD,Poison,TBD,Phys,"TBD","Not done yet."
Venom Drench,EOT,/,Poison,,Status,"Cone 2","All Poisoned targets have their Attack, SpecialAttack, and Speed lowered by 1 Combat Stage. VenomDrench cannot miss."
Venoshock,Scene x2,2,Poison,2d6+10 ,Spec,"6, 1 Target","If the target is Poisoned, Venoshock has a of 13 (4d10+10 / 35) instead."
Verdant Edge,Scene x2,/,Grass,,Phys,"","If the move successfully hits the target, the user's Speed is increased by 1 Combat Stage.Additionally, if the user's HP is below half, this move gains +2 to its Accuracy Check."
Vertigo,At-Will,2,Psychic,2d6+10 ,Spec,"6, 1 Target","Vertigo Confuses the target on 15+."
Vexing Void,TBD,TBD,Dark,TBD,Spec,"TBD","A terrifying void engulfs the foe."
Vice Grip,At-Will,2,Bug,2d6+8 ,Phys,"Melee, 1 Target","None"
Victory Dance,EOT,/,Fighting,,Status,"Self","If the user performs a Fighting Move on theirnext turn that deals damage, add its Damage Dice Rollan extra time to the damage. Raise the user's Defense1 Combat Stage."
Vine Whip,At-Will,2,Grass,1d8+6 ,Phys,"4, 1 Target","None"
Viral Strike,TBD,TBD,Poison,TBD,Phys,"TBD","Slams the foe and transfers the user's status."
Vise Grip,TBD,TBD,Bug,TBD,Phys,"TBD","Grips the foe with large and powerful pincers."
Vital Throw,EOT,/,Fighting,2d6+10 ,Phys,"Melee, 1 Target, Push, Reaction","If the user is targeted by a Melee attack and hasnot yet taken a turn this round, the user may declareVital Throw. After the triggering attack is resolved, theuser may use Vital Throw against the triggering foe as aReaction. Vital Throw cannot miss."
Volcalith,Scene,5,Fire,2d8+10 ,Spec,"6, 1 Target","The target is put in a Vortex;"
Volt Bolt,TBD,TBD,Electric,TBD,Phys,"TBD","Not done yet."
Volt Switch,At-Will,2,Electric,2d6+10 ,Spec,"5, 1 Target","If Volt Switch successfully hits its target, theuser deals damage and then immediately is returnedto its Poké Ball in the same turn. A New pokémonmay immediately be sent out. Using Volt Switch lets aTrapped user be recalled."
Volt Tackle,Scene x2,2,Electric,3d12+10 ,Phys,"Melee, 1 Target, Dash, Recoil 1/3","Volt Tackle Paralyzes the target on 19+."
Voltage Overload,Daily x2,/,Electric,,Spec,"","Effect:Voltage overload paralyzes on 17+. It also does super effective damage to Electric type pokemonsand additionally when used on an electric type pokemon:After the target takes damage, the user gainsHit Points equal to half of the damage they dealt to thetarget.:"
Vortex Blaze,Daily,6,Fire,2d10+10 ,Spec,"4, 1 Target","The target is put in a Vortex;"
Wake-Up Slap,At-Will,2,Fighting,1d8+8 ,Phys,"Melee, 1 Target","If the target is Asleep, Wake-Up Slap has aDB of 10 (3d8+10 / 24) instead, and cures thetarget of Sleep."
Wash Away,At-Will,2,Water,1d8+8 ,Phys,"Melee, 1 Target, Spirit Surge","Wash Away destroys all Hazards within 5meters, removes Leech Seeds, and removes the user'sTrapped or Stuck status. If Wash Away hits, the user'sresets negative stat changes ."
Water Gun,At-Will,2,Water,1d8+6 ,Spec,"4, 1 Target","None"
Water Pledge,Scene x2,2,Water,2d8+10 ,Spec,"6, 1 Target, Pledge","If an ally uses Fire Pledge or Grass Pledge,you may use Water Pledge as Priority (Advanced)immediately after their turn to target the same foe. Ifused in conjunction with Fire Pledge, a Rainbow iscreated that lasts for 5 rounds. If used in conjunctionwith Grass Pledge, the target and all foes adjacent tothe target are slowed and have their Speed reducedby 2 Combat Stages. Consult the Pledge keyword foradditional details."
Water Pulse,At-Will,2,Water,2d6+8 ,Spec,"8, 1 Target, Aura","Water Pulse Confuses the target on 17+."
Water Shuriken,EOT,2,Water,1d6+3 ,Phys,"6, 1 Target, Five Strike, Priority","None"
Water Sport,EOT,/,Water,,Status,"Burst 2, Coat","All targets in the burst, including the user, gaina Coat which grants them 1 Step of Resistance to FireType Moves. After a target has been hit by a damagingFire Type Move, the coat is removed."
Water Spout,Daily,4,Water,4d10+20 ,Spec,"Burst 1*","For each 10% of HP the user is missing, WaterSpout's Damage Base is reduced by 1. Water Spoutcreates a 1 meter burst, but also affects an area 10 meterstall straight up."
Waterfall,EOT,2,Water,2d8+10 ,Phys,"Melee, 1 Target","Waterfall Flinches the target on 17+."
Waterlog,TBD,TBD,Water,TBD,STATUS,"TBD","Target moves last and may be drenched."
Wave Crash,Scene x2,2,Water,3d12+10 ,Phys,"Melee, 1 Target, Dash, Recoil 1/3","None"
Wave Dash,At-Will,2,Water,1d8+8 ,Phys,"Melee, 1 Target, Dash","The user may make the DisengageManeuver as a Free Action either rightbefore or after using this Move."
Weather Ball,EOT,2,Normal,1d8+8 ,Spec,"8, 1 Target","If it is Sunny, Weather Ball is Fire-Type. If itis Rainy, Weather Ball is Water-Type. If it is Hailing,Weather Ball is Ice-Type. If it is Sandstorming, WeatherBall is Rock-Type. When a weather effect is on the field,Weather Ball has a Damage Base of 10 (3d8+10 / 24). Ifthere are multiple Weather Effects on the field, chooseone type for Weather Ball to be that corresponds withan existing Weather Effect."
Web Shot,TBD,TBD,Bug,TBD,Phys,"TBD","Not done yet."
Whirling Strikes,TBD,TBD,Flying,TBD,Phys,"TBD","Hits 3 times. Each hit does more damage."
Whirlpool,Scene x2,4,Water,1d8+6 ,Spec,"3, 1 Target","The target is put in a Vortex."
Whirlwind,Scene x2,2,Normal,,Status,"Line 6","All targets are pushed X meters, where X is 8minus their weight class. If the Line targets into aSmokescreen, the smoke is dispersed. All hazards in theWhirlwind are destroyed."
White Punch,At-Will,2,Light,,,"Melee, 1 Target","White Punch blinds the target on 19+ during"
Wicked Blow,EOT,2,Dark,2d6+8 ,Phys,"Melee, 1 Target, Push","If Wicked Blow hits, it is a Critical Hit. Thetarget is Pushed 6 meters minus their Weight Class.On a roll of 15+, the target is also Tripped."
Wicked Torque,EOT,2,Dark,3d8+10 ,Phys,"Melee, 1 Target",""
Wide Guard,Scene,/,Rock,,Status,"Burst 1, Interrupt, Shield, Trigger","If an Ally adjacent to Wide Guard's user is hitby a Move, you may use Wide Guard as an Interrupt.All targets adjacent to Wide Guard's user, including theuser, are instead not hit by the triggering Move and donot suffer any of its effects."
Wild Charge,At-Will,2,Electric,2d10+10 ,Phys,"Melee, 1 Target, Dash, Recoil 1/3","None."
Wild Swing,TBD,TBD,Normal,TBD,Phys,"TBD","Takes a mighty swing that forces the foe to retreat."
Wildbolt Storm,Scene,5,Electric,3d8+10 ,Spec,"6, Ranged Blast 3, Smite","The target is Paralyzed on a 15+."
Will-O-Wisp,EOT,5,Fire,,Status,"6, 1 Target","The target is Burned."
Wing Attack,At-Will,2,Flying,2d6+8 ,Phys,"Melee, 1 Target","None."
Wish,Daily x2,/,Normal,,Status,"15, 1 Target","At the end of the user's next turn, the targetregains Hit Points equal to half of its full Hit Point value.If the user targets themselves and are replaced in battle,the replacement is healed."
Withdraw,TBD,TBD,Water,TBD,STATUS,"TBD","Withdraws the body into its hard shell to raise Defense."
Wonder Room,Daily x2,/,Psychic,,Status,"Field","For 5 rounds, the area is considered Wondered.While Wondered, each individual Pokémon's Defenseand Special Defense Stats are switched."
Wood Hammer,Scene x2,2,Grass,3d12+10 ,Phys,"Melee, 1 Target, Dash, Recoil 1/3","None"
Work Up,EOT,/,Normal,,Status,"Self","Raise the user's Attack 1 Combat Stage and raisethe user's Special Attack 1 Combat Stage."
Worry Seed,Scene,2,Grass,,Status,"8, 1 Target","You choose one of the target's Abilities. WorrySeed changes that Ability to Insomnia for the remainderof the encounter."
Wrap,Static,/,Normal,,Static,"","The user gains a +1 Bonus to Accuracy Rollsmade to initiate Grapple Maneuvers, and +2 to SkillChecks made to initiate Grapple Maneuvers or gainDominance. Whenever the user gains Dominance in aGrapple, the target of the Grapple loses a Tick of HitPoints."
Wring Out,Scene x2,2,Normal,3d12+10 ,Spec,"Melee, 1 Target","For every 10% the target is below their full HitPoints, Wring Out's Damage Base is reduced by 1."
Wyrm Wind,TBD,TBD,Dragon,TBD,Spec,"TBD","Hits 2-5 times. Drops SpDef, raises Speed."
X-Scissor,At-Will,2,Bug,2d8+10 ,Phys,"Melee, 1 Target, Dash","None"
Yawn,Scene x2,/,Normal,,Status,"2, 1 Target, Social","The target falls Asleep at the end of their nextturn. Yawn cannot miss."
Yggdrasil Force,TBD,TBD,Grass,TBD,Phys,"TBD","Lowers user's Atk and Def."
Zantetsuken,Scene,5,Steel,3d10+10 ,Phys,"Melee, 1 Target","This Move automatically CriticallyHits targets at or below half of their Max HitPoints. After dealing damage, the targetbecomes Vulnerable for one full round."
Zap Cannon,At-Will,9,Electric,3d12+10 ,Spec,"12, 1 Target","Zap Cannon Paralyzes the target. Zap Cannonignores the target's Evasion if there are no othercombatants or Rough or Blocking Terrain within 2meters of the target."
Zap Jive,TBD,TBD,Electric,TBD,Spec,"TBD","An electrifying dance that may raise Speed."
Zen Headbutt,EOT,4,Psychic,2d8+10 ,Phys,"Melee, 1 Target, Dash","Zen Headbutt Flinches the target on 15+."
Zephyr Rush,TBD,TBD,Flying,TBD,Phys,"TBD","Not done yet."
Zing Zap,EOT,2,Electric,2d8+10 ,Phys,"Melee, 1 Target","Zing Zap Flinches the target on 15+."
Zippy Zap,TBD,TBD,Electric,TBD,Phys,"TBD","Electric bursts always go first and land a critical hit."
Attack Order_pte,EOT,3,Bug,2d8+10 ,Phys,"6, 1 Target, Full Action","If Attack Order misses, an Ally that is Adjacent to the Target triggers an Attack of Opportunity against the Target. Spirit Surge."
Bug Bite_pte,At-Will,2,Bug,2d6+8 ,Phys,"Melee, 1 Target, Bite","On a roll of 17+, the Target becomes Wounded."
Bug Buzz_pte,Scene x2,6,Bug,2d10+10 ,Spec,"Close Blast 2 or Burst 1; Sonic","On a roll of 18+, all Targets become Dazed. If a Target has negative Special Defense CS, the Effect Range automatically Triggers against them. Smite"
Defend Order_pte,EOT,/,Bug,,Status,"Close Blast 2, Sonic","All Targets gain DR equal to double your Tier Value until the start of your next Turn or gains +2 CS in Defense. Sureshot"
Dull Drone,At-Will,3,Bug,1d8+6 ,Spec,"4, 1 Target, Sonic","On a roll of 18+, all Targets become Dazed."
Fell Stinger_pte,At-Will,2,Bug,1d8+8 ,Phys,"Melee, 1 Target","If the Target faints as a result of being hit by Fell Stinger, the user gains +2 CS in Attack. "
First Impression_pte,EOT,3,Bug,2d8+10 ,Phys,"Melee, 1 Target","If the user entered the Scene this round, this has the Sureshot Keyword. After this Attack resolves, the user may perform a Full Switch as a Free Action. Spirit Surge"
Fury Cutter_pte,At-Will,3,Bug,1d8+6 ,Phys,"Melee, 1 Target","If the user is Provoked, Enraged, or as a Full Action, Fury Cutter may be used as if it was Close Blast 2 or Pass. "
Giga Leech,Scene x2,5,Bug,3d8+10 ,Phys,"Melee, 1 Target","On a roll of 15+, choose a Stat. The Target is lowered by -1 CS in that Stat and the user gains +1 CS to that Stat. Drain."
Heal Order_pte,Scene x2,/,Bug,,Status,"6m, 1 Target, Healing, Versatile","The Target restores 5 Ticks of Hit Points."
Infestation_pte,Scene x2,/,Bug,,Status,"8, Ranged Blast 3, Hazard, Versatile","All Spaces within the Range of this Attack have Infestation Hazards created in them. 

Infestation Hazards - Any Enemy who starts their Turn or moves through an Infestation Hazard has a penalty to Accuracy and Save Checks equal to your Tier Level until the end of their Turn"
Insect Cleave,EOT,5,Bug,2d6+8 ,Phys,"Melee, Pass or Close Blast 2","As a Full Action, or if the Target is Wounded, this Attack has the Smite Keyword."
Lance Stinger,Scene x2,6,Bug,4d10+10 ,Phys,"Melee, Full Action, Pass","Lance Stinger ignores any positive Defense Combat Stages of its Targets and cannot trigger Reactions."
Leech Life_pte,Scene x2,5,Bug,2d8+10 ,Phys,"4, 1 Target","Drain. "
Locust Swarm,Scene x2,/,Bug,,Status,"Field, Versatile","The Field becomes Swarmed for the next 5 Rounds. While the Field is Swarmed, non Bug Type Enemies lose a Tick of Hit Points at the start of their Turn and Bug Type Pokemon gain a Tick of Temporary Hit Points at the start of their Turn."
Lunge_pte,EOT,3,Bug,2d8+10 ,Phys,"Melee, 1 Target, Dash","Lunge gains the Sureshot Keyword if the Target is Slowed, Trapped or Vulnerable or if the Dash Keyword is Activated."
Megahorn_pte,Scene x2,4,Bug,3d12+10 ,Phys,"Melee, 1 Target","The Target loses -1 CS in Defense. If they already have negative CS in Defense, they also become Vulnerable against Melee Attacks until the end of the next Round."
Pheromone Haze,Scene x2,/,Bug,,Status,"Blessing, Versatile","Blessing - Any user affected by Pheromone Haze may activate it as a Free Action when using a Bug Type Damaging Attack to grant it the Smite Keyword. If the Attack hits, it hits, it is also increased by one damage step. (Max 1.5x Effectiveness). Pheromone Haze may be Activated 3 times and then disappears. "
Pheromone Spray,EOT,5,Bug,1d8+6 ,Spec,"Close Blast 2","One Target becomes Marked with a Haze Mark. Attacks against Enemies with a Haze Mark have a bonus to Effect Ranges equal to your Tier Level. When an Effect Range Triggers against an Enemy with a Haze Mark, the Haze Mark is removed. Spirit Surge"
Pin Missile_pte,EOT,5,Bug,1d8+6 ,Phys,"6, 1 Target","If Pin Missile hits at least 4 times, the Target becomes Wounded. Five Strike"
Pollen Puff_pte,EOT,4,Bug,2d8+10 ,Spec,"6, 1 Target","If Pollen Puff targets an Ally instead of dealing damage, they restore 2 Ticks of Hit Points or Temporary Hit Points."
Powder_pte,Scene x2,4,Bug,,Status,"6, Ranged Blast 3, Versatile","The Target gains a Flammable Coat. Whenever a Combatant with a Flammable Coat is hit with a 1 Target Ranged Damaging Attack, the Attacker may expend the Coat. Once expended, a Burst 2 explosion occurs originating from the Enemy with the Coat and all Combatants within this Range are also hit with the Triggering Attack. "
Powder Storm,Scene,6,Bug,4d10+10 ,Spec,"Close Blast 3, Full Action, Reckless","After Damage Calculations, lower the Offensive Stat used for this Attack by -2 CS. Smite"
Quiver Dance_pte,Scene x2,/,Bug,,Status,"Self, Versatile","The user gains +2 CS in Special Attack, Special Defense and Speed."
Rage Powder_pte,Scene x2,5,Bug,,Status,"Burst 1 or Close Blast 2; Versatile","All Targets hit by Rage Powder become Provoked by the user until the end of their next Turn. On a roll of 15+, they also become Enraged. Friendly."
Skitter Dance,At-Will,/,Bug,,Status,"Self, Movement Action","The user’s next Melee Attack this Turn ignores Speed Evasion or they gain +1 Evasion."
Skitter Smack_pte,EOT,2,Bug,2d6+10 ,Phys,"Melee, 1 Target","The user may declare the usage of Skitter Smack at the start of their Turn. When Moving this turn, they do not provoke Attacks of Opportunity and do not trigger Reactions."
Silk Trap_pte,Scene,5,Bug,,Status,"4, 1 Target, Versatile","The Target becomes Slowed. While Slowed this way, their Melee Attacks are resisted an additional Damage step. If this Attack misses, they instead are Slowed without any additional effects. Spirit Surge"
Silk Weave,Scene x2,/,Bug,,Status,"4m, 1 Target or Self; Coat","The Target gains a Silk Coat. The Target may expend a Silk Coat to become cured of a Physical Affliction or to reset a Stat to its Default Value"
Silver Cyclone,Scene x2,5,Bug,3d10+10 ,Spec,"6, Ranged Blast 3, Full Action","If the Weather is Windy, Silver Cyclone has the Friendly Keyword. Smite"
Signal Beam_pte,EOT,4,Bug,2d8+10 ,Spec,"6, 1 Target","On a roll of 18+ or if the Target is Dazed, they lose -2 CS in Special Attack or Special Defense. Smite"
Silver Gale,EOT,3,Bug,2d6+10 ,Spec,"8, 1 Target, Priority","If Silver Gale is used with Priority, it may use the user's Speed Stat as an Offensive Stat instead of their Special Attack."
Silver Wind_pte,At-Will,5,Bug,1d8+8 ,Spec,"4, Ranged Blast 2","If the Weather is Windy, this has the Sureshot Keyword."
Spider Fang,EOT,3,Bug,2d8+10 ,Phys,"Melee, 1 Target, Bite","On a roll of 17+, roll a 1d3. The Target gains that Status Affliction. On a roll of 1, the Target is Paralyzed. On a 2, the Target is Poisoned. On a 3, the Target is Weakened until the end of the next Round."
Spider Web_pte,Scene x2,/,Bug,,Status,"3, 1 Target or Close Blast 2, Versatile","The Target becomes Slowed and is Trapped while Slowed and within 3m of the user. Sureshot."
Steamroller_pte,EOT,5,Bug,2d6+10 ,Phys,"Melee, Pass","If the Target is smaller than the User, they cannot apply Physical Evasion or use Reactions against this Attack. "
Sticky Web_pte,EOT,/,Bug,,Status,"6, Hazard, Swift Action","Choose 8 Spaces within the Range of this Attack to create Web Hazards in, such that all 8 Spaces are Adjacent to at least one other Web Hazard. Enemies that Trigger this Web Hazard become Slowed at the end of their Turn. 

Web Hazard - Spaces with Web Hazards are treated as Slow Terrain. Whenever an Enemy passes through or ends their turn on a Web Hazard, they have their Speed lowered by -3 CS. "
String Shot_pte,EOT,6,Bug,,Status,"Close Blast 2 or 6m, 1 Target; Versatile","All Targets become Slowed. While Slowed this way, they have a -3 Accuracy Penalty. *Grants Threaded"
Struggle Bug_pte,At-Will,5,Bug,1d8+6 ,Spec,"Close Blast 2","On a roll of 17+, the user gains +1 CS in Special Attack."
Swift Sting,At-Will,2,Bug,1d8+6 ,Phys,"Melee, 1 Target, Priority","--"
Tail Glow_pte,Scene,/,Bug,,Status,"Self, Versatile","The user gains +3 CS in Special Attack. Attacks have a -3 Penalty to Accuracy when Targeting the user until the start of their next Turn.*Grants Glow"
Twineedle_pte,At-Will,3,Bug,1d6+5 ,Phys,"Melee, 1 Target ","On a roll of 16+, roll a d2. On a 1, they become Poisoned. On a 2, they become Wounded. Double Strike"
U-Turn_pte,At-Will,2,Bug,2d6+10 ,Phys,"Melee, 1 Target, Dash","After Damage Calculations, the user may Disengage or perform a Full Switch as a Free Action."
Web Shot_pte,EOT,5,Bug,2d6+8 ,Spec,"6, Ranged Blast 2","If this Attack misses all Targets, you may place Web Hazards in all spaces within the Range of this Attack. Enemies that Trigger this Web Hazard become Slowed at the end of their Turn. 

Web Hazard - Spaces with Web Hazards are treated as Slow Terrain. Whenever an Enemy passes through or ends their turn on a Web Hazard, they have their Speed lowered by -3 CS."
X-Scissor_pte,EOT,6,Bug,2d8+10 ,Phys,"Melee, Pass ","X-Scissor Inflicts Wounded on a roll of 18+. If this Attack is used without activating the Pass Keyword, this Effect Range automatically Triggers on a hit. Smite"
Ambush,EOT,3,Dark,2d8+10 ,Phys,"Melee, 1 Target, Priority","If the Target is Flanked, they're treated as Vulnerable against this Attack instead and cannot use Reactions against it. "
Assurance_pte,EOT,3,Dark,2d6+8 ,Phys,"Melee, 1 Target","This Attack's Damage Base is increased by +2 for each time the Target was targeted by an Attack this Round (Max 12). If the Target hit the user with an Attack this Round, this has the Sureshot Keyword."
Backlash,EOT,2,Dark,2d6+10 ,Spec,"Melee, 1 Target","When calculating Weakness and Resistance for Backlash, Fairy Typed Targets calculate damage as if Fairy was weak to Dark. If the Target of this Attack hit the user with an Attack this round, Backlash has the Sureshot Keyword."
Beat Up_pte,Scene x2,/,Dark,,Phys,"Melee, 1 Target","The user and an ally adjacent to the Target may each make a Basic Attack as a Free Action against the Target. These Basic Attacks hit for Dark Type Damage instead of their usual Type."
Bite_pte,At-Will,2,Dark,1d8+8 ,Phys,"Melee, 1 Target, Bite","On a roll of 16+, the Target becomes Wounded."
Blindside,EOT,3,Dark,2d6+8 ,Phys,"Melee, 1 Target","Until the end of your Turn, if you use a Manipulate or Tactics Maneuver against the Target, it has the Sureshot Keyword and you have a Boon to any Opposed Checks. If the Target is Vulnerable or Flanked, they lose -2 CS to Defense or Special Defense."
Brutal Swing_pte,EOT,5,Dark,2d6+10 ,Phys,"Burst 1 ","If a Target hit by this Attack Slides into a Space that is Adjacent to Blocking Terrain, they become Vulnerable against the next Attack that Targets them this Round. Slide 1 (Away)."
Carrion Feast,Scene x2,4,Dark,2d10+10 ,Phys,"Melee, 1 Target, Trigger","If an Adjacent Enemy is hit with an Attack, Carrion Feast can be used against that Enemy as a Standard Action + Reaction after the Attack's resolution. Excess HP from the Drain Keyword is converted into Temporary HP. Drain"
Cackle,Scene x2,3,Dark,,Status,"Burst 1, Sonic, Versatile","Choose a Stat on each Target to lower by -2 CS. If the chosen Stat had a positive CS Value or they're Provoked by the user, they lose -4 CS instead. Friendly."
Chaos Strike,Scene x2,3,Dark,3d12+10 ,Spec,"Melee, 1 Target, Recoil 1/3","On a roll of 16+, the Target gains a Mental Affliction the user is affected by or becomes Suppressed if the user doesn't have any."
Crunch_pte,EOT,3,Dark,2d8+10 ,Phys,"Melee, 1 Target, Bite","On a roll of 17+, the Target either becomes Wounded or loses -2 CS in Defense"
Dark Blade,Scene x2,6,Dark,2d6+10 ,Phys,"Melee, Pass","Dark Blade is a Critical Hit on a roll of 17+. If this Attack misses all Targets, the user becomes Enraged and gains +1 CS in Attack. Spirit Surge"
Dark Pulse_pte,EOT,4,Dark,2d8+10 ,Spec,"8, 1 Target, Aura","On a roll of 18+, the Target becomes Suppressed. If the Weather is Foggy or the user has a Mental Affliction, this may be used as if its Range was Burst 1."
Dark Waves,At-Will,5,Dark,1d8+6 ,Spec,"Burst 1 or 3, 2 Targets","--"
Darkest Lariat_pte,EOT,3,Dark,2d8+10 ,Phys,"Melee, 1 Target","This Attack ignores the Target’s positive Defense CS, Damage Reduction, Blessings, Items, Physical Evasion and Abilities. Smite"
Embargo_pte,EOT,6,Dark,,Status,"5, 1 Target, Swift Action","The Target becomes Marked with an Embargo Mark. While a Combatant is affected by an Embargo Mark, they cannot use or benefit from Equipment Items or Consumable Items and cannot be recalled. "
Fake Tears_pte,EOT,4,Dark,,Status,"Burst 1, Social, Versatile","For each Target, choose Attack or Special Attack. The chosen Stat is lowered by -3 CS. If a Target is Entranced, this cannot miss them. "
False Surrender_pte,EOT,4,Dark,2d8+10 ,Phys,"Melee, 1 Target","If the user is Flanked, False Surrender has the Sureshot Keyword. If the user is Surrounded, False Surrender may be used as if its Range were Burst 1."
Feint Attack_pte,EOT,/,Dark,2d6+8 ,Phys,"Melee, 1 Target ","Sureshot."
Flatter_pte,EOT,/,Dark,,Status,"2, 1 Target, Social, Versatile","The Targeted Enemy becomes Entranced. If this Targets an Ally that has hit an Attack this Round, the Ally gains +2 CS in a Stat of your choice. Sureshot"
Fling_pte,Scene x2,4,Dark,2d8+10 ,Phys,"8, 1 Target ","The user may use the environment or expend an Item in their Inventory to change the Type of Fling, within the GMs Discretion. If an Item is expended, Fling's Effect becomes the Item's Effect as if they used the Throw Maneuver. "
Foul Play_pte,Scene x2,3,Dark,3d8+10 ,Phys,"Melee, 1 Target","The Target reveals its Attack stat. When calculating damage, your Offensive Stat is treated as the Target's Attack value."
Gash,Scene x2,5,Dark,,Status,"Melee, Pass, Versatile","Any Coats of the user’s choice currently affecting the Target are removed. When this Attack hits, the Target becomes Wounded. Spirit Surge"
Hone Claws_pte,EOT,/,Dark,,Status,"Self, Versatile","Choose one of the following to gain a +2 to. Attack CS, Accuracy, Critical Hit Range."
Jaw Lock_pte,Scene x2,4,Dark,2d8+10 ,Phys,"Melee, 1 Target, Bite","On a 15+, the Target cannot use a Movement Action during their next Turn. This Turn, you may perform a Grapple Maneuver against the Target as a Swift Action if desired."
Knock Off_pte,Scene x2,3,Dark,2d6+10 ,Phys,"Melee, 1 Target","When this Attack hits, you may use a Disarm Maneuver as a Free Action against the Target. Perform the Opposed Check with a Boon."
Kowtow Cleave_pte,Scene x2,/,Dark,2d8+10 ,Phys,"Close Blast 2 ","On a roll of 17+, all Targets become Wounded. Sureshot"
Lash Out_pte,EOT,4,Dark,2d8+10 ,Phys,"Melee, 1 Target","If the user is Enraged or has an Affliction, Lash Out is instead DB 12"
Lunar Beam,Scene,4,Dark,2d8+10 ,Spec,"Line X, Set-Up","Charge Effect: If the Weather is Sunny, you cannot use this Charge Effect. If the Weather is Foggy, you instead gain 2 Charge Tokens. 
Resolution Effect: X is equal to 4 plus the number of Charge Tokens you expend. This Attack’s Damage Base is increased by +2 for each Charge Token you expend. Smite"
Marked Prey,Scene x2,3,Dark,,Status,"Melee, 1 Target, Swift Action","The Target becomes Marked with a Scent Mark. The user gains +2 Accuracy and Effect Range against Combatants with a Scent Mark.
*Grants Tracker"
Memento_pte,Scene,/,Dark,,Status,"8, 1 Target, Trigger, Free Action","Memento may be used as a Free Action when the user becomes Fainted, targeting the Combatant who caused it to Faint. Lower each of the Target's stats by -2 CS. Sureshot"
Nasty Plot_pte,EOT,/,Dark,,Status,"Self, Versatile","The user gains +2 CS in Special Attack. Their next Special Attack gains the Smite Keyword."
New Moon_pte,Scene x2,/,Dark,,Status,"Blessing, Versatile, Weather","Blessing - Any user affected by New Moon may activate it as a Free Action when using a Dark Type Damaging Attack to grant it the Smite Keyword. If the Attack hits, it hits, it is also increased by one damage step. (Max 1.5x Effectiveness). New Moon may be Activated 3 times and then disappears. While this Blessing persists, the Weather becomes Foggy."
Night Daze_pte,EOT,6,Dark,2d10+10 ,Spec,"Burst 1","Targets become Dazed on a 16+. If the Weather is Foggy, Night Daze has the Friendly Keyword. "
Night Slash_pte,EOT,5,Dark,2d6+10 ,Phys,"Melee, Pass","Night Slash is a Critical Hit on a roll of 18+."
Obstruct_pte,Scene,/,Dark,,Status,"Self, Coat","The user gains an Obstructed Coat until the start of their next Turn. While they have this Coat, Adjacent Allies cannot be Targeted by 1-Target Attacks, Adjacent Allies resist damage by an additional step and the Enemies cannot move through the space the user occupies. "
Parting Shot_pte,EOT,/,Dark,,Status,"6, 1 Target, Social, Movement Action","The user may perform a Provoke Maneuver against the Target as a Free Action as if it had the Sureshot Keyword. The user then either Disengages or performs a Full Switch, both as a Free Action. If they were Switched out and the Maneuver was successful, they are Provoked by the replacing Pokemon until the end of their next Turn. Sureshot"
Payback_pte,EOT,4,Dark,2d6+8 ,Phys,"Melee, 1 Target","If the Target hit the user with an Attack since the user's last turn, Payback instead has a Damage Base of 12."
Power Trip_pte,Scene x2,4,Dark,1d6+3 ,Phys,"Melee, 1 Target","This Attack gains +2 to its Damage Base for every positive CS held by the user, to a maximum of DB 20. Smite"
Punishment_pte,EOT,4,Dark,1d6+3 ,Phys,"Melee, 1 Target","This Attack gains +2 to its Damage Base for every positive CS held by the Target, to a maximum of DB 20. Smite"
Pursuit_pte,At-Will,2,Dark,1d8+8 ,Phys,"Melee, 1 Target ","The Target becomes Marked with a Pursuit Mark. Whenever an Enemy with a Pursuit Mark moves, you may Slide into an Adjacent Space as a Reaction. If they would exceed a number of spaces more than your Movement Value, you cannot use this Effect. "
Quash_pte,At-Will,5,Dark,,Status,"10, 1 Target, Social, Versatile","If the user has witnessed the Target use an Attack or Ability this Scene, you may choose one of them to become Disabled. When this Attack hits, the Target becomes Suppressed. Spirit Surge."
Ripping Abyss,Scene x2,/,Dark,,Status,"Field, Versatile, Weather","The Field becomes Abyssal for the next 5 Rounds. While the Field is Abyssal, non Dark Type Enemies lose a Tick of Hit Points at the start of their Turn and Dark Type Pokemon gain a Tick of Temporary Hit Points at the start of their Turn. While the Field is Abyssal, the Weather becomes Foggy."
Sabotage,At-Will,3,Dark,1d8+6 ,Spec,"Melee, 1 Target","When this Attack hits, choose a Stat the Target has Positive CS in. They lose -1 CS in that Stat."
Savage Roar,Scene x2,/,Dark,,Status,"Burst 2, Sonic, Social, Versatile","Perform a Command or Intimidate Check. If you get at least 3 Successes, all Targets become Suppressed. Additionally they suffer a penalty to their next Accuracy or Save Check (of your choice) equal to half the number of Successes (Rounded Up). Friendly, Sureshot."
Scornful Vortex,Scene,6,Dark,4d10+10 ,Phys,"Burst 2, Full Action, Reckless","The user loses a Tick of Hit Points for each combatant that takes damage from this Attack. Smite"
Shadow Bolt,Scene,5,Dark,3d8+10 ,Spec,"10, 1 Target ","On a roll of 18+ or if Shadow Bolt misses, roll a 1d3. On a roll of 1, the Target becomes Suppressed. On a 2, the Target becomes Dazed. On a 3, the Target becomes Enraged. If the Weather is Foggy, you may choose instead of rolling a 1d3. Spirit Surge."
Shadow Snare,EOT,5,Dark,2d8+10 ,Spec,"3, 1 Target","The Target becomes Trapped. If the Weather is Foggy, Shadow Snare has the Sureshot Keyword."
Shadow Strike,EOT,3,Dark,2d6+8 ,Spec,"Melee, 1 Target","If the Weather is Foggy, Shadow Strike has a damage base of 10 and the Target cannot apply Speed Evasion against this Attack."
Shadow Veil,Scene x2,/,Dark,,Status,"Blessing, Versatile","Blessing – Any user affected by Shadow Veil may activate it as a Free Action when they’re Targeted by an Attack. The Attacker suffers a -3 Penalty to its Accuracy Roll. If the Weather is Foggy, this instead becomes a -6 Penalty. Shadow Veil may be Activated 2 times, and then disappears."
Siphon Life,Scene x2,5,Dark,2d8+10 ,Spec,"4, 1 Target ","Drain. "
Snarl_pte,At-Will,5,Dark,1d8+8 ,Spec,"Close Blast 2, Sonic","This Attack may also be used as a Full Action to perform a Command or Intimidate Check. For each success, Targets apply -1 less Evasion against this Attack. "
Snatch_pte,Scene x2,/,Dark,,Status,"Self, Trigger","Snatch can only be used as a Reaction whenever an Enemy within 2m uses an Attack with the Self Range. You also gain the benefits of the Triggering Attack. If used as a Standard Action + Reaction, the Enemy does not gain the benefits of the Triggering Attack as well."
Sucker Punch_pte,At-Will,3,Dark,2d6+10 ,Phys,"Melee, 1 Target, Priority, Trigger, Punch","Whenever you’re targeted with an Attack by an Adjacent Enemy, you may use a Standard Action + Reaction to use this Attack. This Attack resolves before the Triggering Attack. If the Triggering Enemy were to faint, their Attack does not resolve. "
Switcheroo_pte,EOT,2,Dark,,Status,"Melee, 1 Target, Versatile","You and the Target are cured of all Status Affliction. Then, the Target is inflicted with all Status Afflictions you were cured of. You are then inflicted with all Status Afflictions that the Target was cured of, if any."
Taunt_pte,EOT,/,Dark,,Status,"4, 1 Target, Social, Versatile","The Target becomes Provoked by you until the end of their next Turn. If they’re already Provoked by you or have been in this Scene, you may instead cause them to become Enraged. Sureshot."
Thief_pte,At-Will,3,Dark,2d6+8 ,Phys,"Melee, 1 Target","You may perform a Disarm Maneuver against the Target as a Free Action. If an Item is disarmed and the user has an empty Inventory Slot, they may add it to their Inventory after Damage Calculations."
Throat Chop_pte,EOT,3,Dark,2d8+10 ,Phys,"Melee, 1 Target","The Target cannot use Attacks with the Sonic keyword until the end of their next Turn."
Topsy-Turvy_pte,Scene x2,6,Dark,,Status,"Burst 2","The user and all Combatants hit by this Attack lose -4 CS in Stats that they have Positive CS in and gain +4 CS in Stats that they have Negative CS in. Any Combatants that this Attack misses instead lose -2 CS in Stats they have Positive CS in. Spirit Surge."
Torment_pte,Scene x2,5,Dark,,Status,"8, 1 Target, Social, Versatile","The Target becomes Suppressed. If this Attack hits, while Suppressed this way, the user cannot cure Mental Afflictions while they're within 3m of the user. Spirit Surge."
Umbral Assault,At-Will,3,Dark,1d8+6 ,Spec,"Melee, 1 Target","Double Strike."
Ancestral Fury,EOT,6,Dragon,2d8+10 ,Phys,"Close Blast 2 ","Ancestral Fury is a Critical Hit on a roll of 18+. This Crit Range is increased by +2 if the user is Enraged or Provoked. After Damage Calculations the user may become Enraged. Spirit Surge."
Breaking Swipe_pte,EOT,5,Dragon,2d6+8 ,Phys,"Close Blast 2","On a roll of 18+, all Targets become Wounded. Smite"
Breath Blast,EOT,5,Dragon,2d6+8 ,Spec,"6, Ranged Blast 2","On a roll of 18+, all Targets become Paralyzed. Smite"
Clanging Scales_pte,Scene x2,6,Dragon,3d10+10 ,Spec,"6, 1 Target or Burst 1, Sonic","The user may add half their Defense Stat to Clanging Scale's Damage Roll. After Damage Calculations, if they do, the user loses -2 CS in Defense."
Clangorous Soul_pte,Scene,/,Dragon,,Status,"Burst 3, Full Action; or Burst 3","The user gains +2 CS in each Stat and all Allies within the range of this Attack gain +1 CS to a Stat of their Choice. This Attack can only be used as a Full Action or as a Standard Action + Reaction upon falling below 50% of their Max Hit Points. If used as a Reaction, the user also gains 2 Ticks of Temporary Hit Points. "
Draco Meteor_pte,Scene,6,Dragon,3d8+10 ,Spec,"10, Ranged Bast 2, Set-Up","Charge Effect: No Effect 
Resolution Effect: You may select a Range for this Attack a number of times equal to the expended Charge Tokens and it Targets all Combatants in these Ranges. These Ranges cannot overlap and an Enemy cannot be Targeted more than once this way. Smite"
Draconic Aura,Scene x2,/,Dragon,,Status,"Blessing, Versatile","Blessing - Any user affected by Draconic Aura may activate it as a Free Action when using a Dragon Type Damaging Attack to grant it the Smite Keyword. If the Attack hits, it hits, it is also increased by one damage step. (Max 1.5x Effectiveness). Draconic Aura may be Activated 3 times and then disappears. "
Draconic Roar,EOT,6,Dragon,,Status,"Burst 2, Sonic, Versatile","Choose a Stat the Target has Positive CS in. They lose -3 CS in that Stat. On a 15+, all you may choose any number of Targets hit to become Provoked by you until the end of their next Turn. Friendly"
Dragon Axe,Scene x2,4,Dragon,3d8+10 ,Phys,"Melee, 1 Target","On Even rolls, the Target becomes Wounded. On Odd rolls, the Target becomes Vulnerable until the end of the Round. Spirit Surge."
Dragon Breath_pte,At-Will,3,Dragon,1d8+6 ,Spec,"6, 1 Target or Line 3","On a roll of 18+, the Target becomes Paralyzed. If this is used as a Line 3 Range, the AC becomes 5."
Dragon Claw_pte,At-Will,3,Dragon,2d8+10 ,Phys,"Melee, 1 Target","If the Target is suffering from a Physical Affliction or has negative Defense Combat Stages, this Attack is treated as one step more Effective but cannot surpass 1.5x Effectiveness. Its Damage Effectiveness can only be increased this way once per Scene per Target."
Dragon Dance_pte,At-Will,/,Dragon,,Status,"Self, Versatile","The user gains +2 CS in Attack. The user is cured of one Physical Affliction."
Dragon Darts_pte,EOT,6,Dragon,1d8+8 ,Phys,"6, 1 Target; or 6, 2 Targets","If this Attack is used as a 1 Target, it has the Double Strike Keyword and has an AC of 4."
Dragon Dash_pte,At-Will,2,Dragon,1d8+6 ,Phys,"Melee, 1 Target, Dash","If the Dash Keyword is Activated, increase the Slide by +2. Slide 2 (Away)"
Dragon Force,Scene x2,5,Dragon,,Status,"Melee, 1 Target, Versatile","The Target loses -3 CS in Defense and Special Defense and you may remove any Coats applied to them. If this Attack hits, they also become Weakened until the end of their next Turn. Spirit Surge."
Dragon Hammer_pte,EOT,6,Dragon,2d10+10 ,Phys,"Melee, 1 Target; or Line 3","If the Target's size is Small, this Attack is treated as one step more Effective but cannot surpass 1.5x Effectiveness. Its Damage Effectiveness can only be increased this way once per Scene per Target. If this is used as a Melee Attack it has the Smite Keyword."
Dragon Pulse_pte,EOT,4,Dragon,2d10+10 ,Spec,"8, 1 Target, Aura","If the Target has negative CS in Special Defense this Attack is treated as one step more Effective but cannot surpass 1.5x Effectiveness. Its Damage Effectiveness can only be increased this way once per Scene per Target."
Dragon Rage_pte,EOT,/,Dragon,,Status,"Self, Swift Action","The user becomes Enraged. If the user is already Enraged, their next Damaging Attack gains the Smite Keyword. This may be used even if the user is Enraged, ignoring its effects. "
Dragon Rush_pte,Scene x2,3,Dragon,3d8+10 ,Phys,"Melee, 1 Target, Dash","If the Dash Keyword is Activated, this Attack ignores Positive CS in Defense. Slide 3 (Away), Smite."
Dragon Spirit,At-Will,/,Dragon,,Status,"Self, Versatile","The user gains +2 CS in Special Attack. The user is cured of one Mental Affliction."
Dragon Tail_pte,EOT,3,Dragon,2d6+10 ,Phys,"Melee, 1 Target","You may perform a Trip Maneuver against the Target as a Free Action. The Maneuver automatically hits but you still need to perform the Opposed Check. "
Dual Chop_pte,EOT,3,Dragon,1d8+8 ,Phys,"Melee, 1 Target","Double Strike. "
Fickle Beam_pte,Scene x2,7,Dragon,2d6+8 ,Spec,"6, 1 Target or 6, 3 Targets","If this Attack has only one Target, it has the Five Strike Keyword and an AC of 4."
Glaive Rush_pte,Scene x2,5,Dragon,3d12+10 ,Phys,"Melee, Pass, Dash, Reckless","On a roll of 15+, the Target becomes Wounded. After Damage Resolution, if the Dash Keyword wasn't Activated, the user is Vulnerable against the next Attack to target them."
Imposing Stare,Scene x2,/,Dragon,,Status,"Close Blast 3, Social, Versatile","The user may perform a Terrorize Maneuver against all Targets as a Free Action. When used this way, the AC becomes 2. All Targets who fail the Opposed Check also become Trapped and during their next Turn their Damaging Attacks are resisted by an additional damage step. Friendly, Sureshot."
Mystic Aura,Scene x2,5,Dragon,2d10+10 ,Spec,"Burst 1, Aura","This Attack does not damage allies. All allies within a Burst 3 of the user gain a +3 bonus to their next Save Check. If the Weather is Mystical, this has the Sureshot Keyword."
Outrage_pte,Scene x2,6,Dragon,3d12+10 ,Phys,"Melee, All Adjacent Enemies, Full Action, Reckless","After Damage Calculations the user becomes Enraged. If the user was Provoked by one of the Targets, this Attack is one more step Effective against them. Smite"
Primal Storm,Scene x2,/,Dragon,,Status,"Field, Versatile","The Field becomes Primal for the next 5 Rounds. While the Field is Primal, non Dragon Type Enemies lose a Tick of Hit Points at the start of their Turn and Dargon Type Pokemon gain a Tick of Temporary Hit Points at the start of their Turn."
Primal Energy,Scene x2,/,Dragon,,Status,"Burst 1 or Self; Set-Up","Charge Effect: At the end of your Turn if you didn’t use a Damaging Attack, gain an additional Charge Token
Resolution Effect: For each Charge Token expended, choose a Target to gain +1 CS in a Stat of your choice. You cannot choose the same Target more than twice unless the only Target is the user. "
Rending Swipe,Scene x2,4,Dragon,2d8+10 ,Phys,"Melee, 1 Target","On Even rolls, the Target becomes Wounded. On Odd rolls, the Target’s Defense is set to -2 CS. If the user is Enraged, this has the Spirit Surge Keyword."
Scale Shield,Scene,/,Dragon,,Status,"Self, Shield, Trigger","If the user is hit by an Attack, the user may use Scale Shield as a Standard Action + Reaction. The user and all Adjacent Targets resist the Attack by an additional Damage Step. Additionally the Triggering Attack is treated as having the Recoil 1/2 Keyword. "
Scale Shot_pte,EOT,4,Dragon,1d8+6 ,Phys,"6, 1 Target","If Scale Shot hits at least 4 times, the Target becomes Wounded. Five Strike"
Scorched Earth_pte,Scene,7,Dragon,3d10+10 ,Spec,"Close Blast 3 or Line 6; Full Action, Hazard","On a roll of 17+, all Targets become Burned. Scorched Earth creates Fire Hazards in all Spaces within the Range of this Attack. Smite, Spirit Surge.

Fire Hazards - Any Combatant who ends their turn on or moves through a Fire Hazard becomes Burned. Ground and Rock Type Pokemon  are immune to Fire Hazards and destroy them when Moving through them. Ground, Rock, and Water Type Attacks that affect these Spaces also destroy these Hazards. "
Scorching Breath,EOT,4,Dragon,2d10+10 ,Spec,"6, 1 Target","On a roll of 18+, the Target becomes Burned. This Attack may be used as a Full Action to use it as if it were a Fire Type Attack instead or treat its Range as if it were Close Blast 2."
Spitfire,At-Will,3,Dragon,1d8+6 ,Spec,"4, 1 Target","On a roll of 18+, the Target becomes Burned. This Attack may be used as a Full Action to use it as if it were a Fire Type Attack instead."
Twister_pte,EOT,5,Dragon,2d6+8 ,Spec,"6, Ranged Blast 2","You may choose to destroy all Hazards within the range of this Attack. This Attack is treated as one step more Effective against Targets with the Flier Capability, but cannot surpass 1.5x Effectiveness. "
Aura Wheel_pte,Scene x2,5,Electric,3d8+10 ,Phys,"Melee, Pass, Dash","If the Dash Keyword is Activated, a Coat may be removed from each Target hit by this Attack. If the user is in Hangry Mode, Aura Wheel is Dark Typed."
Bolt Beak_pte,EOT,3,Electric,2d10+10 ,Phys,"Melee, 1 Target","If the Target is Paralyzed or the Weather is Thunderstorm, the Target cannot apply Physical Evasion against this Attack."
Charge_pte,EOT,/,Electric,,Status,"Self, Versatile","The user gains a Charged Coat. The user may expend a Charge Coat when successfully hitting an Electric Damaging Attack to add its Damage Dice an extra time to the Damage Roll. This applies after any other Damage Base Modifiers such as a Critical Hit. 
Note: If the Damage Base would have the Attack be 2d6+8, this expended Coat turns it into 4d6+16. "
Charge Beam_pte,EOT,5,Electric,1d8+6 ,Spec,"Line 3, Full Action","The user gains +1 CS in Special Attack. Spirit Surge"
Charged Spikes,Scene x2,/,Electric,,Status,"Self, Trigger","Charged Spikes can only be used as a Reaction whenever you’re hit with a Melee Attack. The Triggering Attack gains the Recoil ⅓ Keyword. If the Triggering Attack was a Super Effective, they also become Paralyzed."
Charged Velocity,Scene x2,/,Electric,,Status,"Self, Versatile","The user gains +2 CS in Attack, Special Attack or Speed. They then may use a Sprint or Disengage Maneuver as a Free Action."
Discharge_pte,EOT,6,Electric,2d8+10 ,Spec,"Burst X, Set-Up","Charge Effect: You may use the Resolution Effect this Turn if desired, ignoring the Set-Up Keyword. 
Resolution Effect: X is equal to 1 plus the number of Charge Tokens expended (Or any lesser value). Targets become Paralyzed on a 18+. This gains the Smite Keyword if at least 2 Charge Counters are expended this way. "
Eerie Impulse_pte,EOT,5,Electric,,Status,"Burst 1, Versatile","All Targets have their Special Attack lowered by -3 CS. When this Attack hits, all Targets also become Dazed. Friendly, Spirit Surge. *Grants Glow"
Electric Terrain_pte,Scene x2,/,Electric,,Status,"Field, Versatile, Weather","The field becomes Electrified for the next 5 Rounds. While the field is Electrified, grounded Combatants are immune to Drowsy, and Electric Type attacks ignore Speed Evasion. While the Field is Electrified, the Weather may become Thunderstorm. "
Electrify_pte,Scene x2,6,Electric,,Status,"Burst 2, Coat, Versatile","The Target gains an Electrified Coat. While the combatant is Electrified, all Electric Type Damaging Attacks that would miss the combatant instead deal Smite Damage or hit if the Attack has the Smite Keyword already. Whenever the combatant would be hit by an Electric Type Damaging Attack with an Effect Range that causes Paralysis, the Attacker may expend this Coat to trigger that Effect Range. Friendly."
Electro Ball_pte,EOT,3,Electric,2d6+8 ,Spec,"10, 1 Target","Electro Ball may use the user's Speed Stat as an Offensive Stat instead of their Special Attack."
Electro Burst,Scene x2,6,Electric,,Status,"Burst 2, Versatile","All Targets become Paralyzed. If they're already Paralyzed, they instead become Dazed. If this Attack misses, their Movement Value is halved during their next Turn. Spirit Surge"
Electro Shot_pte,Scene,4,Electric,2d8+10 ,Spec,"Line X, Set-Up","Charge Effect: If the Weather is Sandstorm, you cannot use this Charge Effect. If the Weather is Thunderstorm, you instead gain 2 Charge Tokens. 
Resolution Effect: X is equal to 4 plus the number of Charge Tokens you expend. This Attack’s Damage Base is increased by +2 for each Charge Token you expend. Smite"
Electroweb_pte,EOT,5,Electric,2d6+8 ,Spec,"6, Ranged Blast 2","If this Attack misses all Targets, you may place Web Hazards in all spaces within the Range of this Attack. Enemies that Trigger this Web Hazard become Paralyzed. 

Web Hazard - Spaces with Web Hazards are treated as Slow Terrain. Whenever an Enemy passes through or ends their turn on a Web Hazard, they have their Speed lowered by -3 CS."
Energy Bomb,Scene,5,Electric,,Spec,"Burst 2, Recoil 1/2, Set-Up","Charge Effect: No Effect. Whenever you end your Turn with a Charge Counter from this Attack, you lose a Tick of Hit Points.
Resolution Effect: X is equal to your expended Charge Tokens multiplied by 5, then add +5. Smite"
Gigavolt,Scene x2,5,Electric,3d8+10 ,Phys,"Close Blast 3, Full Action, Recoil 1/3, Reckless","Gigavolt cannot miss Paralyzed Targets. If the Weather is Thunderstorm, the Recoil Keyword is ignored. Smite"
Ion Capture,Scene x2,/,Electric,,Status,"Self, Healing, Versatile","The user restores 5 Ticks of Hit Points. If the Field or Space the user is standing on is affected by an Electric Attack or the Weather is Thunderstorm, the user is also cured of a Status Affliction. This cannot be used if there is weather other than Thunderstorm on the Field."
Ion Deluge_pte,Scene x2,/,Electric,,Status,"5, Ranged Blast 3 or Burst 2, Hazard, Versatile","Gas Hazards are created in all Spaces within the Range of this Attack. Enemies that Trigger this Hazard become Paralyzed and cannot increase their Combat Stages until the end of their next Turn.

Gas Hazards - Any Enemy who ends their Turn on or moves through a Gas Hazard loses one Tick of Hit Points and suffers any additional effects derived from the source. This Effect is ignored by Combatants with the Breathless Capability. "
Lightning Lance,Scene x2,6,Electric,4d10+10 ,Spec,"Line 6, Full Action, Recoil 1/3","On a roll of 17+, all Legal Targets become Paralyzed. If the Weather is Thunderstorm, Lighting Lance ignores Special Evasion. Smite. "
Magnet Rise_pte,Scene,/,Electric,,Status,"Self, Trigger, Shield, Versatile","If the user is hit by an Groundsource or Burst Attack, the user may use Magnet Rise as a Standard Action + Reaction. The user is instead not hit by the Attack. The user does not take any damage nor is affected by any of the Attack's effects."
Magnetic Flux_pte,Scene x2,/,Electric,,Status,"Field, Versatile","The Field becomes Fluxed for the next 5 Rounds. At the start of each Round, all Combatants that are Electric Type or have the Magnetic Capability gain +1 CS to a Stat of their Choice. If the Weather is Thunderstorm, they also gain a Tick of Temporary Hit Points."
Nuzzle_pte,Scene x2,4,Electric,1d6+3 ,Phys,"Melee, 1 Target","The Target becomes Entranced or Paralyzed of your choice."
Overdrive_pte,EOT,6,Electric,1d8+6 ,Spec,"Close Blast 2, Sonic, Set-Up","Charge Effect: While you have a Charge Token gained through this Attack, whenever your CS increases, gain a Charge Token. You cannot gain more than 3 Charge Tokens per Round for this Attack. 
Resolution Effect: After this Attack resolves, if all Targets were hit, all of the user's Stats with Positive CS are set to their Default Value. The Damage Base of this Attack is increased by +2 for each Charge Token expended. (Max 20). Smite"
Parabolic Charge_pte,Scene x2,5,Electric,2d6+10 ,Spec,"Close Blast 2, Full Action ","The user restores Hit Points equal to half of the total damage taken by all Targets. This Attack cannot be affected by the Drain Keyword. "
Plasma Bolt,Scene,6,Electric,3d12+10 ,Phys,"Line 6, Full Action","On a roll of 15+, all Targets become Burned. If any Targets are Paralyzed, this Effect Range automatically Triggers. Smite"
Plasma Fists_pte,Scene x2,3,Electric,3d8+10 ,Phys,"Melee, 1 Target, Punch","If the Target of this Attack has a lower Speed than the user they are treated as Vulnerable against this Attack. If the Target of this Attack was already Vulnerable, they lose -2 CS in Defense after Damage Calculations."
Plasma Storm,Scene x2,/,Electric,,Status,"Field, Versatile, Weather","The Field becomes Plasmic for the next 5 Rounds. While the Field is Plasmic, non Electric Type Enemies lose a Tick of Hit Points at the start of their Turn and Electric Type Pokemon gain a Tick of Temporary Hit Points at the start of their Turn. While the Field is Plasmic, the Weather becomes Thunderstorm."
Plasma Tail,Scene x2,5,Electric,3d10+10 ,Phys,"Melee, 1 Target","On  an Even Roll, the Target becomes Tripped. On an Odd Roll, the Target becomes Paralyzed. Smite"
Rising Voltage_pte,Scene x2,5,Electric,2d8+10 ,Spec,"Burst 1, Full Action, Groundsource ","If the Field is affected by an Electric Attack or the Weather is Thunderstorm, Rising Voltage may increase its Burst Range by up to +2. Smite"
Shock Wave_pte,EOT,4,Electric,1d8+8 ,Spec,"6, 1 Target or Close Blast 2 ","If this Attack only has one Target, it has the Sureshot Keyword."
Spark_pte,EOT,2,Electric,2d6+10 ,Phys,"Melee, 1 Target","On a roll of 15+, the Target becomes Paralyzed. "
Static Jolt,At-Will,2,Electric,1d8+8 ,Phys,"Melee, 1 Target","On a roll of 18+, the Target becomes Paralyzed. Smite"
Thunder_pte,Scene x2,5,Electric,3d12+10 ,Spec,"12, 1 Target","On a roll of 15+, the Target becomes Paralyzed. If the Weather is Thunderstorm, Windy or Rainy, Thunder has the Sureshot Keyword. Smite"
Thunder Cage_pte,Scene,8,Electric,2d8+10 ,Spec,"Close Blast 3, Full Action","After this Attack resolves, create a Zone within the Range of the Attack. If any Combatant enters the Zone or leaves the Zone, they become Paralyzed. Unless the Weather is Thunderstorm, this Zone lasts until you use a Reaction, use an Attack or Faint. Spirit Surge. Smite. "
Thunder Fang_pte,At-Will,2,Electric,2d6+10 ,Phys,"Melee, 1 Target, Bite","On a roll of 17+, Roll a d2. On a roll of 1, the Target becomes Paralyzed. On a 2, the Target becomes Wounded."
Thunder Punch_pte,At-Will,3,Electric,2d8+10 ,Phys,"Melee, 1 Target, Punch","Thunder Punch Paralyzes the Target on a roll of 18+."
Thunder Shock_pte,At-Will,3,Electric,1d8+6 ,Spec,"4, 1 Target","Thunder Shock Paralyzes the Target on a roll of 17+. Smite"
Thunder Spear,EOT,4,Electric,2d6+8 ,Phys,"8, 1 Target","If there is an Enemy within 2m of the Target that is Paralyzed, this Attack also Targets them but is resisted an additional step."
Thunder Wave_pte,EOT,6,Electric,,Status,"6, 1 Target or Close Blast 2, Versatile","The Target becomes Paralyzed. "
Thunderbolt_pte,EOT,4,Electric,2d10+10 ,Spec,"6, 1 Target","On a roll of 19+, the Target becomes Paralyzed. Smite"
Thunderstorm,Scene x2,/,Electric,,Status,"Blessing, Versatile, Weather","Blessing - Any user affected by Thunderstorm may activate it as a Free Action when using an Electric Type Damaging Attack to grant it the Smite Keyword. If the Attack hits, it hits, it is also increased by one damage step. (Max 1.5x Effectiveness). Thunderstorm may be Activated 3 times and then disappears. While this Blessing persists, the Weather becomes Thunderstorm."
Volt Crush,Scene x2,3,Electric,2d8+10 ,Phys,"6, 1 Target","If a Target hit by this Attack is Paralyzed, you may cure them of the Affliction. If they are cured this way, they lose three Ticks of Hit Points."
Volt Switch_pte,At-Will,3,Electric,2d6+10 ,Spec,"5, 1 Target","After Damage Calculations, the user may Disengage as a Free Action or they may perform a Full Switch as a Free Action."
Volt Tackle_pte,Scene x2,3,Electric,3d12+10 ,Phys,"Melee, 1 Target, Dash, Recoil 1/3","Volt Tackle Paralyzes the Target on a roll of 19+. If the Dash Keyword is Activated, Volt Tackle instead Paralyzes the Target on a roll of 15+ and it has the Smite Keyword."
Wild Charge_pte,At-Will,2,Electric,2d10+10 ,Phys,"Melee, 1 Target, Dash, Recoil 1/4","Wild Charge Paralyzes the Target on a roll of 18+. If the Dash Keyword is Activated, the Recoil Keyword is ignored."
Zap Cannon_pte,EOT,5,Electric,3d8+10 ,Spec,"10, 1 Target","Zap Cannon Paralyzes the Target. Zap Cannon treats the Target as Vulnerable if there are no Combatants or Blocking Terrain adjacent to them or if the Weather is Thunderstorm."
Zing Zap_pte,EOT,3,Electric,2d8+10 ,Phys,"Melee, 1 Target","On a roll of 17+, the Target becomes Vulnerable until the end of the Round."
Alluring Voice_pte,Scene x2,4,Fairy,2d6+10 ,Spec,"6, 1 Target, Sonic","On a roll of 17+, the Target becomes Entranced. All Entranced Enemies within 3m that have the User as their Fixation become Provoked until the end of their next Turn, ignoring the Entranced Limitations. Spirit Surge"
Aromatic Mist_pte,EOT,7,Fairy,,Status,"Burst 2, Healing, Versatile","All Allies within the range of this Attack are cured of a Mental Affliction and may reset Negative CS to their default CS. All Enemies hit by this Attack become Suppressed.  "
Baby-Doll Eyes_pte,EOT,5,Fairy,,Status,"Close Blast 2, Social","All Targets hit by this Attack become Entranced. Each Target loses -1 CS in Attack or Special Attack of your choice. Spirit Surge. "
Charm_pte,EOT,5,Fairy,,Status,"6, 1 Target, Social, Versatile","All Legal Targets lose -2 CS in Attack. On a Hit, the Target also becomes Entranced. Spirit Surge."
Cosmic Curse,EOT,4,Fairy,,Status,"4, 1 Target, Versatile","The Target loses -2 CS in a Stat of your choice. If the Target is Cursed, instead set it to -2 CS. On a roll of 17+, they also become Cursed. "
Crafty Shield_pte,Scene x2,/,Fairy,,Status,"Melee, 1 Target, Coat, Versatile","The Target gains a Crafty Coat. This Coat may be activated as a Free Action to resist a Special Attack by an additional Damage step or ignore a Triggered Effect Range of an Attack they're hit by. This Coat may be activated twice before being expended."
Dazzling Gleam_pte,EOT,6,Fairy,2d8+10 ,Spec,"Close Blast 2","If the Weather is Mystical or on a Miss, the Target has a -2 Penalty to Accuracy until the end of their next Turn. Spirit Surge"
Decorate_pte,Scene x2,/,Fairy,,Status,"Melee, 1 Target, Versatile","The Target gains +2 CS in both Attack and Special Attack, then gains a Tick of Temporary Hit Points."
Disarming Voice_pte,At-Will,3,Fairy,1d8+6 ,Spec,"Burst 1, Sonic","Until the end of their turn, if the user performs the Terrorize Maneuver against a Target hit by this Attack, it gains the Sureshot Keyword and the user may use Charm instead of Command or Intimidate for the Skill Check."
Draining Kiss_pte,EOT,5,Fairy,1d8+8 ,Spec,"Melee, 1 Target ","If the Target is Entranced with the User as their Fixation, any excess Hit Points recovered from the Drain Keyword instead becomes Temporary Hit Points. Drain."
Enchanting Aria,EOT,6,Fairy,2d6+8 ,Spec,"Burst 1, Sonic","Each Ally within 3m of the user may roll their next Save Check this round twice, taking the higher result. Spirit Surge."
Fae Blessing,EOT,/,Fairy,,Status,"4, 1 Target, Coat, Versatile","The Target gains a Blessed Coat. A Blessed Coat may be Activated as a Free Action when missing an Attack in order to reroll the Accuracy Roll or when failing a Save Check to reroll it. Each Blessed Coat may be Activated thrice, then it is expended afterwards."
Fairy Lock_pte,Scene,/,Fairy,,Status,"3, 1 Target, Versatile","The Target becomes Marked with a Lock Mark. While a Target has a Lock Mark they are Trapped. Whenever a Combatant with the Lock Mark misses an Attack, they become Dazed. If they were already Dazed this way, they instead cannot cure it on their next Save Check. Sureshot."
Fairy Wind_pte,At-Will,3,Fairy,1d8+6 ,Spec,"6, 1 Target","All Allies adjacent to the Target gain a Tick of Temporary Hit Points. Spirit Surge."
Fey Storm,Scene x2,/,Fairy,,Status,"Field, Versatile, Weather","The Field becomes Mystical for the next 5 Rounds. While the Field is Mystical, non Fairy Type Enemies lose a Tick of Hit Points at the start of their Turn and Fairy Type Pokemon gain a Tick of Temporary Hit Points at the start of their Turn. While the Field is Mystical, the Weather becomes Mystical."
Floral Healing_pte,Scene x2,/,Fairy,,Status,"8, Ranged Blast 2, Healing, Versatile","The Targets restore 3 Ticks of Hit Points. If the Field or Space the user is standing on is affected by an Fairy or Grass Attack or the Weather is Mystical, the Target is also cured of a Status Affliction. "
Flower Shield_pte,Scene x2,/,Fairy,,Status,"Burst 2, Coat, Versatile","The user and all Allies within the Range of this Attack gain a Flower Coat. Whenever a Combatant with a Flower Coat gains a Status Affliction, they may expend the Flower Coat as a Reaction to cure it. Additionally as a Swift Action, Combatants with a Flower Coat may expend it to cure one Affliction currently affecting them. "
Glitter Bomb,Scene x2,5,Fairy,3d8+10 ,Phys,"6, Ranged Blast 2, Full Action","All Targets lose Accuracy equal to double the number of Mental Afflictions they’re affected by until the end of their next Turn. Smite"
Glitter Darts,At-Will,6,Fairy,1d8+6 ,Phys,"4, 2 Targets","If a Target is Dazed, this Attack has the Sureshot Keyword against them."
Glittering Mist,Scene x2,/,Fairy,,Status,"Blessing, Versatile, Weather","Blessing - Any user affected by Glittering Mist may activate it as a Free Action when using a Fairy Type Damaging Attack to grant it the Smite Keyword. If the Attack hits, it hits, it is also increased by one damage step. (Max 1.5x Effectiveness). Glittering Mist may be Activated 3 times and then disappears. While this Blessing persists, the Weather becomes Mystical."
Healing Wish_pte,Scene,/,Fairy,,Status,"5, 1 Target or Self; Set-Up","Charge Effect: The user gains a Tick of Temporary Hit Points.
Resolution Effect: If the Target is fainted, they’re revived and set to 1 HP. The Target then restores two Ticks of Hit Points for each Charge Token expended. This may also Target Pokemon inside a Pokeball if the Trainer is within Range. "
Light of Ruin_pte,Scene,8,Fairy,4d10+15 ,Spec,"8, Ranged Blast 3, Full Action, Recoil 1/2","If the Weather is Mystical or Sunny, Light of Ruin ignores the Recoil Keyword and Special Evasion. Smite"
Love Bite,At-Will,2,Fairy,2d6+10 ,Phys,"Melee, 1 Target, Bite","On a roll of 18+, Roll a 1d2. On a roll of 1, the Target becomes Entranced. On a 2, the Target becomes Wounded."
Magical Bomb,Scene,8,Fairy,3d12+10 ,Spec,"8, Ranged Blast 3","Targets who are affected by a Mental Affliction are treated as Vulnerable against this Attack. Smite, Friendly"
Misty Eruption,Scene x2,5,Fairy,2d8+10 ,Spec,"Burst 1, Full Action, Groundsource ","If the Field is affected by an Fairy Attack or the Weather is Mystical, Misty Eruption may increase its Burst Range by up to +2. Smite"
Misty Guard,Scene x2,/,Fairy,,Status,"Melee, 1 Target, Coat, Versatile","The Target gains a Misty Coat. A Misty Coat may be expended as a Reaction when the Target is hit with an Attack to instead not be hit by it. The Target does not take any Damage nor is affected by any of the Attack's Effects."
Misty Terrain_pte,Scene x2,/,Fairy,,Status,"Field, Versatile","The field becomes Misty for the next 5 Rounds. While the field is Misty, grounded Combatants gain +2 to Save Checks, and Fairy Type attacks ignore Speed Evasion. While the Field is Misty, the Weather may become Mystical."
Moonblast_pte,EOT,4,Fairy,3d8+10 ,Spec,"6, 1 Target","If the Weather is Foggy or Mystical, Moonblast has the Sureshot Keyword."
Moonlight_pte,Scene x2,/,Fairy,,Status,"Self, Healing, Versatile","The user restores 5 Ticks of Hit Points. If the Weather is Foggy or Mystical, the user is also cured of a Status Affliction. This cannot be used if there is Weather other than Foggy or Mystical affecting the Field."
Moral Support,Scene x2,/,Fairy,,Status,"Burst 5, Priority, Sonic, Versatile","For each Ally within Range of this Attack, choose a Combat Value below for them to gain +4 Modifier in until the end of the Round. 
■ Accuracy, Evasion or Save Checks"
Mystic Circle,Scene x2,/,Fairy,,Status,"Burst 2, Healing, Versatile","Create up to a 5x5 Zone centered on the user. Spaces in this Zone are treated as Blessed Terrain and being affected by the Mystical Weather. The user and Allies that start their Turn in this Zone restore a Tick of Hit Points. The user and Allies in this Zone have a +3 Modifier to Save Checks. If the user Faints, this Zone is removed. "
Play Rough_pte,EOT,3,Fairy,2d10+10 ,Phys,"Melee, 1 Target, Reckless","When using Play Rough, the user may choose to become Vulnerable against the next Attack to Target them. If they do, the Target is Vulnerable against this Attack."
Pixie Dust,Scene x2,/,Fairy,,Status,"5, Ranged Blast 3","Choose a Mental Affliction. Powder Hazards are set on the spaces in the range of this Attack until the end of the next Round. Whenever an Enemy triggers this Hazard they gain the chosen Affliction.  

Powder Hazard - Whenever an Enemy passes through or ends their turn on a Powder Hazard the Effect listed is applied. Users with the Breathless Capability ignore this Hazard."
Pungent Aroma,Scene x2,5,Fairy,,Status,"Burst 1, Versatile","Choose Dazed, Enraged, Entranced or Suppressed. All Targets of this Attack gain that Status Affliction."
Snuggle,At-Will,3,Fairy,1d8+6 ,Phys,"Melee, 1 Target","If the Target is Grappled by the user, they become Entranced while Grappled."
Sweet Kiss_pte,Scene x2,5,Fairy,,Status,"6, 1 Target, Social, Versatile","The Target becomes Dazed or Entranced of your choice. On a Miss, the Target becomes Vulnerable until the end of the Round. Spirit Surge. "
Sparkling Slam,Scene x2,4,Fairy,3d12+10 ,Phys,"Melee, 1 Target, Dash, Recoil 1/3","If the Dash Keyword is Activated, the Target loses -2 CS in Defense before Damage Calculations."
Spellbind,EOT,5,Fairy,2d8+10 ,Spec,"3, 1 Target","On a roll of 17+ or on a Miss, choose one of the following for the Target to be unable to do until the end of the Round. Spirit Surge
■ Restore Hit Points
■ Gain Combat Stages
■ Use Reactions"
Spirit Break_pte,EOT,3,Fairy,2d8+10 ,Phys,"Melee, 1 Target","If the Target has a negative CS in any Stat, this has the Sureshot Keyword."
Stardust,Scene x2,/,Fairy,,Status,"Field, Versatile, Weather","The Field becomes Stardusted until you Faint. While Stardusted, whenever a Combatant would gain CS, they gain 1 less. Enemies also suffer a -2 to Save Checks. While the Field is Stardusted, you may have the Weather become Mystical. "
Starfall,Scene x2,5,Fairy,3d8+10 ,Spec,"8, Ranged Blast 2, Full Action","On a roll of 15+, the Target lose -2 CS in Special Defense. If the Weather is Mystical, Starfall has the Smite Keyword."
Starlight Spark,Scene,6,Fairy,4d10+20 ,Spec,"Line 6, Full Action, Reckless","If there is no Mystical Weather on the Field, the user becomes Suppressed after Damage Calculations. Smite, Spirit Surge"
Star Slash,EOT,4,Fairy,1d8+8 ,Phys,"Melee, Pass","If this Attack only has one Target, it has the Sureshot Keyword."
Star Strike,EOT,3,Fairy,2d6+8 ,Spec,"6, 1 Target ","If the Weather is Mystical, Star Strike becomes a Ranged Blast 2 Attack and gains the Friendly Keyword."
Strange Steam_pte,Scene x2,5,Fairy,2d8+10 ,Spec,"Burst 1 or Line 4","On a roll of 17+, the Target becomes Burned or Dazed."
Sweet Splash,EOT,4,Fairy,2d8+10 ,Spec,"8, 1 Target","If the Target is Entranced or Poisoned, Sweet Splash ignores Damage Reduction and cannot be Resisted. Smite"
Wish_pte,Scene x2,/,Fairy,,Status,"10, 1 Target or Self; Coat, Healing","The Target gains a Wish Coat. The Coat may be expended as a Full Action by them to have the user restore 5 Ticks of Hit Points and become cured of all Status Afflictions. If a Combatant with a Wish Coat would faint while they have at least 10% Max HP, the Coat is expended and they are set to 1 Hit Point."
Adrenaline Boost,Scene x2,/,Fighting,,Status,"Self, Versatile","This Attack may be used even if the user is Enraged. Choose 2 different Effects to apply. The user gains +2 CS in Attack. The user gains +2 CS in Speed. The user gains +2 Crit Range. The user gains 2 Ticks of Temporary Hit Points."
Arm Thrust_pte,EOT,4,Fighting,1d8+6 ,Phys,"Melee, 1 Target","If Arm Thrust hits at least 4 times, the Target becomes Vulnerable for the rest of the Round. Five Strike"
Aura Blast,EOT,5,Fighting,1d8+8 ,Spec,"6, Ranged Blast 2, Aura","This Attack may also be used as a Full Action to treat the Range as if it were Close Blast 3 or as if it had the Smite Keyword."
Aura Burst,Scene,6,Fighting,3d8+10 ,Spec,"Burst 1, Set-Up, Aura","Charge Effect: If you used an Aura or Self Attack this Round, gain 2 Charge Tokens instead. 
Resolution Effect: For every Charge Token expended you may either increase the Burst by +1, the DB by +2 or the AC by -1. If the Burst is 3 or higher, this has the Recoil 1/2  Keyword. "
Aura Sphere_pte,EOT,4,Fighting,2d8+10 ,Spec,"8, 1 Target, Set-Up, Aura","Charge Effect: If you used an Aura or Self Attack this Round, gain 2 Charge Tokens instead. 
Resolution Effect: This Attack may ignore the Set-Up Keyword if desired and be used without expending Charge Tokens. This Attack has a +1 bonus to Crit Range for each Charge Token expended. If you expend at least 3 Charge Tokens, this has the Sureshot Keyword."
Aura Tempest_pte,Scene x2,/,Fighting,,Status,"Field, Versatile","The Field becomes Aurized for the next 5 Rounds. While the Field is Aurized, non Fighting Type Enemies lose a Tick of Hit Points at the start of their Turn and Fighting Type Pokemon gain a Tick of Temporary Hit Points at the start of their Turn."
Axe Kick_pte,Scene x2,3,Fighting,3d12+10 ,Phys,"Melee, 1 Target, Reckless","If Axe Kick misses, the user loses Hit Points equal to 1/4th of their Max Hit Points. On a roll of 15+, the Target becomes Dazed. A failure to hit due to an Attack with the Shield keyword does not count as a miss. "
Body Press_pte,EOT,3,Fighting,2d8+10 ,Phys,"Melee, 1 Target","The user may use their Defense as the Offensive Stat for this Attack instead of Attack."
Brick Break_pte,EOT,3,Fighting,2d8+10 ,Phys,"Melee, 1 Target","Blessings cannot be Activated in response to Brick Break. On a roll of 15+, destroy a Coat the Target has applied to them."
Bulk Up_pte,EOT,/,Fighting,,Status,"Self, Versatile","Choose two different Effects to apply to the user: The user gains +2 CS in Attack. The user gains +2 CS in Defense. The user is cured of a Physical Affliction"
Chakra Block,Scene x2,6,Fighting,,Status,"Melee, Trigger, Aura","Chakra Block may be used as an Reaction when an Adjacent Enemy would gain CS. They don't gain the triggering CS. If the Attack would hit, they also become Suppressed. Spirit Surge"
Circle Throw_pte,At-Will,2,Fighting,2d6+8 ,Phys,"Melee, 1 Target","If the user's Power Value is higher than the Target's Weight Class, they may Slide the Target a number of meters equal to or less than the difference. "
Close Combat_pte,Scene x2,4,Fighting,3d12+10 ,Phys,"Melee, 1 Target","The Target cannot apply Speed Evasion against Close Combat."
Coaching_pte,EOT,/,Fighting,,Status,"Melee, 1 Target, Full Action, Versatile","The Target gains +2 CS in a Stat of your Choice and +2 to their next Accuracy or Save Check of your choice."
Concentration,EOT,/,Fighting,,Status,"Self, Versatile","Choose one of the following Effects. You pass your next Save Check, then gain +2 to Save Checks for the rest of the Scene. Your next Damaging Attack has the Sureshot Keyword, then gain +2 Accuracy."
Counter_pte,Scene x2,/,Fighting,,Phys,"Melee, 1 Target, Trigger","Counter can only be used as a Standard Action + Reaction whenever you’re hit with a Damaging Physical Attack from an Enemy in Range. After the Triggering Attack is resolved, if the user isn’t Fainted, perform this Attack against the Triggering Enemy. The Damage Base is equal to the Triggering Attack’s DB plus double your Tier Level. Sureshot"
Cross Chop_pte,Scene x2,3,Fighting,3d8+10 ,Phys,"Melee, 1 Target","Cross Chop is a Critical Hit on a roll of 17+. Smite."
Detect_pte,Scene x2,/,Fighting,,Status,"4, 1 Target, Priority, Swift Action, Aura","Detect must be used at the start of the Round. The Target is Marked with a Detect Mark until the start of the next Round. You are Provoked by any Enemy with your Detect Mark. You resist Attacks derrived from enemies with your Detect Mark by an additional Damage step and you have a Boon to any Skill Checks opposed by them. Sureshot"
Double Kick_pte,At-Will,3,Fighting,1d6+5 ,Phys,"Melee, 1 Target","Double Strike."
Drain Punch_pte,Scene x2,4,Fighting,2d8+10 ,Phys,"Melee, 1 Target, Punch","Drain."
Dynamic Punch_pte,EOT,4,Fighting,3d8+10 ,Phys,"Melee, 1 Target, Punch, Reckless","Targets hit by this Attack becomes Dazed. If the user misses this Attack, they become Dazed. Smite. Spirit Surge"
Flying Press_pte,EOT,4,Fighting,2d10+10 ,Phys,"Melee, Dash, 1 Target","When the Dash Keyword is Activated, Flying Press has the Smite Keyword and may deal Flying Type damage if the user wishes. "
Focus Blast_pte,Scene x2,5,Fighting,3d12+10 ,Spec,"6, 1 Target, Aura","If the Target has Negative CS in Special Defense, they cannot apply Evasion against this Attack. Smite"
Focus Punch_pte,Scene x2,/,Fighting,4d10+10 ,Phys,"Melee, 1 Target, Set-Up, Aura, Punch","Charge Effect: This can only be used as a Swift Action, Priority at the start of the Round. If you use this effect, you can only take your Turn at the end of the Round unless you lose this Charge Token. If you’re hit by a Damaging Attack, you lose this Charge Token unless you pass a CR 4 Focus Check.
Resolution Effect: Focus Punch is a Critical Hit on a 17+. Sureshot."
Force Bullet,At-Will,3,Fighting,1d8+6 ,Spec,"6, 1 Target, Aura","If the Target has no Combatants that are Adjacent to them, they cannot apply Evasion against this Attack. "
Force Palm_pte,At-Will,2,Fighting,2d6+8 ,Phys,"Melee, 1 Target","On a roll of 18+, the Target becomes Paralyzed. This may also be used as if it were a Special Category Attack. "
Hammer Arm_pte,EOT,4,Fighting,3d10+10 ,Phys,"Melee, 1 Target, Recoil 1/3, Reckless, Punch","If the Target is smaller than the user, this has the Sureshot Keyword."
High Jump Kick_pte,EOT,4,Fighting,3d12+10 ,Phys,"Melee, Dash, 1 Target, Recoil 1/3, Reckless","If the Dash Keyword is Activated, the Recoil Keyword is ignored. If this Attack misses, the user loses a Tick of Hit Points. Smite"
Intense Aura,Scene x2,/,Fighting,,Status,"Blessing, Aura, Versatile","Blessing - Any user affected by Intense Aura may activate it as a Free Action when using a Fighting Type Damaging Attack to grant it the Smite Keyword. If the Attack hits, it hits, it is also increased by one damage step. (Max 1.5x Effectiveness). Intense Aura may be Activated 3 times and then disappears. "
Jump Kick_pte,At-Will,3,Fighting,3d8+10 ,Phys,"Melee, 1 Target, Dash","If the Dash Keyword is not Activated, this Attack's DB is 6 instead. "
Karate Chop_pte,At-Will,2,Fighting,1d8+8 ,Phys,"Melee, 1 Target","Karate Chop is a Critical Hit on a roll of 17+."
Lotus Palm,EOT,2,Fighting,2d6+8 ,Phys,"Melee, 1 Target","If the Target has a Physical Affliction, they have a -2 Penalty to Save Checks until the end of their next Turn."
Low Kick_pte,EOT,3,Fighting,,Phys,"Melee, 1 Target ","On a roll of 17+, the Target is Tripped. Low Kick's Damage Base is equal to 3 plus the Target's Weight Class Value. "
Low Sweep_pte,EOT,2,Fighting,2d6+8 ,Phys,"Melee, 1 Target","On a roll of 17+, the Target is Tripped. If the Target is Slowed or has Negative Speed CS, this Effect Range automatically triggers."
Mach Punch_pte,At-Will,2,Fighting,1d8+6 ,Phys,"Melee, 1 Target, Priority, Punch","--"
Mat Block_pte,Scene x2,/,Fighting,,Status,"Self, Trigger, Shield","If the user or an adjacent ally is hit by a damaging attack, the user may use Mat Block as a Standard Action + Reaction. The attack instead does not hit any Targets, and it deals no damage and has no effects. The user must be adjacent to Cover or Blocking Terrain in order to use this Attack. "
Megaton Shove,EOT,3,Fighting,2d8+10 ,Phys,"Melee, 1 Target","The Target is Tripped on a roll of 18+. When declaring Megaton Shove you may increase the AC by up to +5. If the Target is hit, they Slide X (Away), where X is the amount of AC increased. Smite. Spirit Surge"
Meteor Assault_pte,Scene,/,Fighting,4d10+10 ,Phys,"Melee, Pass, Set-Up, Reckless","Charge Effect: No Effect.
Resolution Effect: Unless at least 3 Charge Tokens were expended, the user becomes Vulnerable for the rest of the Scene and Slowed. Sureshot."
No Retreat_pte,Scene,/,Fighting,,Status,"Self, Coat","The user gains a Bravery Coat. While the user has a Bravery Coat, at the end of their Turn they gain +1 CS in a Stat of their choice, they gain a Tick of Temporary Hit Points and they restore a Tick of Hit Points. While the user has a Bravery Coat they cannot be recalled."
Octolock_pte,Scene,3,Fighting,,Status,"Melee, 1 Target","The user initiates a Grapple Maneuver with the Target, which automatically hits. If successful, until the user no longer has Dominance in the grapple, the Target is Trapped and loses -1 CS in Defense and Special Defense at the end of each of their turns."
Power-Up Punch_pte,EOT,3,Fighting,1d8+8 ,Phys,"Melee, 1 Target, Full Action, Punch","The user gains +1 CS in Attack. Spirit Surge"
Pressure Point,EOT,3,Fighting,2d8+10 ,Spec,"Melee, 1 Target","On a roll of 17+, the Target becomes Weakened until the end of their next Turn. A Combatant can only be Weakened this way once per Scene."
Quick Guard_pte,Scene x2,/,Fighting,,Status,"Self, Shield, Trigger","If an adjacent ally is hit by a 1-Target Attack, Quick Guard may be declared as a Swift Action + Reaction, causing the triggering attack to hit you instead. You may use your Speed Stat instead of the relevant Defense Stat when calculating damage."
Raging Bull_pte,EOT,5,Fighting,2d10+10 ,Phys,"Melee, Pass or all Adjacent Enemies","The Target cannot use Attacks with the Shield Keyword as a response to this Attack. If the user is Enraged, Raging Bull has the Smite Keyword."
Revenge_pte,EOT,4,Fighting,2d6+8 ,Phys,"Melee, 1 Target","If the Target hit the user with an Attack since the user's last turn, Revenge instead has a Damage Base of 12."
Reversal_pte,EOT,3,Fighting,2d6+10 ,Phys,"Melee, 1 Target","If the user has less than 50% of their Maximum Hit Points, Reversal has the Sureshot Keyword and is a Critical Hit on a roll of 17+. "
Rock Smash_pte,At-Will,2,Fighting,1d8+6 ,Phys,"Melee, 1 Target","On a roll of 15+ the Target loses -1 CS in Defense. If the Target’s highest stat is Defense, they instead lose -2 CS in Defense. "
Rolling Kick_pte,At-Will,2,Fighting,2d6+8 ,Phys,"Melee, 1 Target, Dash","If the Dash Keyword is Activated, this has the Smite Keyword and ignores Physical Evasion."
Sacred Sword_pte,EOT,/,Fighting,2d8+10 ,Phys,"Melee, 1 Target","Sureshot."
Seismic Toss_pte,Scene x2,3,Fighting,,Status,"Melee, 1 Target, Versatile","The Target becomes Tripped. For each Size Category you are larger than the Target, add +2 to the Slide Keyword. Slide 4 (Away)"
Sky Uppercut_pte,EOT,3,Fighting,2d10+10 ,Phys,"Melee, 1 Target, Punch","Sky Uppercut has the Sureshot Keyword against any Target with the Flier Capability."
Storm Throw_pte,EOT,5,Fighting,2d6+8 ,Phys,"Melee, 1 Target","If Storm Throw hits, it is a Critical Hit. Smite"
Submission_pte,EOT,4,Fighting,2d8+10 ,Phys,"Melee, 1 Target, Recoil 1/3","If Submission hits a Target smaller than the user, they may initiate a Grapple Maneuver against the Target as a Free Action."
Superpower_pte,Scene x2,3,Fighting,4d10+10 ,Phys,"Melee, 1 Target, Reckless","After Damage Calculations, lower the Offensive Stat used for this Attack by -2 CS. Smite"
Triple Arrow,Scene x2,7,Fighting,1d8+6 ,Phys,"4, 1 Target; or 6, 2 Targets; or 8, 3 Targets","On a roll of 15+, the Target(s) lose -1 CS in Defense.If Triple Arrow has 1 Target, it has the Five Strike Keyword. If it has 2 Targets, it has the Double Strike and Full Action Keyword. If it has 3 Targets, it has the Full Action Keyword."
Triple Kick_pte,EOT,5,Fighting,2d6+8 ,Phys,"Melee, 1 Target","After attacking with Triple Kick, hit or miss, the user may Disengage 2m and attack a different Target with Triple Kick. This effect may be repeated a second time, Targeting a combatant that has not been Targeted by either prior attack. Before making each attack roll, the user may choose to not trigger all remaining additional shifts and attacks. Triple Kick gains +1 Accuracy and +1 DB for each Attack that is given up. Triple Kick always benefits from the Technician Ability."
Vacuum Wave_pte,At-Will,3,Fighting,1d8+6 ,Spec,"4, 1 Target, Priority, Aura","--"
Victory Dance_pte,Scene,/,Fighting,,Status,"Self, Trigger","Upon an Enemy fainting, Victory Dance may be used as a Standard Action + Reaction. The user gains a Victory Coat and +1 CS in a Stat of their choice. The user may expend a Victory Coat when successfully hitting a Fighting Damaging Attack to add its Damage Dice an extra time to the Damage Roll. This applies after any other Damage Base Modifiers such as a Critical Hit. 
Note: If the Damage Base would have the Attack be 2d6+8, this expended Coat turns it into 4d6+16."
Vital Throw_pte,EOT,/,Fighting,2d6+10 ,Phys,"Melee, 1 Target, Trigger","Vital Throw can only be used as a Standard Action + Reaction when the user is hit with a Melee Attack. This resolves after the Triggering Attack. Slide 2 (Away), Sureshot."
Wake-Up Slap_pte,At-Will,3,Fighting,2d6+8 ,Phys,"Melee, 1 Target","If the Target is Drowsy, the Damage Base for this Attack becomes 12, then it becomes a Critical Hit. After Damage Calculations the Target is cured of the Drowsy Affliction."
Armor Cannon_pte,Scene x2,5,Fire,3d12+10 ,Spec,"8, 1 Target","On a roll of 18+, the Target becomes Burned. If the Target has no Adjacent Allies, this Effect Range is extended by +2"
Bitter Blade_pte,Scene x2,6,Fire,2d10+10 ,Phys,"Melee, Pass ","This has the Drain Keyword against Targets who are Suppressed or Cursed. Smite"
Blast Burn_pte,Scene,8,Fire,4d10+20 ,Spec,"Close Blast 3, Full Action ","All Targets hit by Blast Burn become Burned. Blast Burn created Fire Hazards in all Spaces within the Range of this Attack. Smite, Spirit Surge

Fire Hazards - Any Combatant who ends their turn on or moves through a Fire Hazard becomes Burned. Ground and Rock Type Pokemon  are immune to Fire Hazards and destroy them when Moving through them. Ground, Rock, and Water Type Attacks that affect these Spaces also destroy these Hazards. "
Blaze Kick_pte,EOT,3,Fire,2d10+10 ,Phys,"Melee, 1 Target, Dash","Blaze Kick is a Critical Hit on a roll of 18+. If the Dash Keyword is Activated, the Target is Burned."
Blazing Sun,Scene x2,/,Fire,,Status,"Field, Versatile, Weather","The Field becomes Blazing for the next 5 Rounds. While the Field is Blazing, non Fire Type Enemies lose a Tick of Hit Points at the start of their Turn and Fire Type Pokemon gain a Tick of Temporary Hit Points at the start of their Turn. While the Field is Blazing, the Weather becomes Sunny."
Burning Jealousy_pte,Scene x2,6,Fire,2d8+10 ,Spec,"Burst 1","If a Target of this Attack had their Combat Stages raised since the user's last turn, they become Burned. Spirit Surge."
Burn Up_pte,Scene x2,7,Fire,4d10+10 ,Spec,"Burst 1, Full Action ","Until the end of the encounter, the user loses its Fire Type (Pure Fire Types become Normal Type). The user may cure themselves of the Burned Affliction and if they do, Burn Up is a Critical Hit and the user regains its Fire Type. Smite. Spirit Surge."
Cleansing Flames,Scene x2,5,Fire,2d6+10 ,Spec,"6, Ranged Blast 2","All Targets have all Physical Afflictions removed except for Burn. Any Targets that have an Affliction removed this way take one step more damage from Cleansing Flames. Allies within the range of Cleansing Flames take no damage from this Attack. "
Ember_pte,At-Will,3,Fire,1d8+6 ,Spec,"4, 1 Target or Close Blast 2","On a roll of 18+, the Target becomes Burned. If this is used with the Close Blast Range, the AC is increased by +2."
Eruption_pte,Scene,5,Fire,2d8+10 ,Spec,"10, Ranged Blast 3, Set-Up","Charge Effect: While the user has Eruption Charge Tokens, Combatants Adjacent to the user are Burned whenever the user is hit by an Attack.
Resolution Effect: All Targets become Burned on an 18+. For each Charge Token expended, increase the DB by +2 and this Effect Range by +1. Smite"
Explosive Punch,Scene,6,Fire,3d12+10 ,Phys,"Melee, 1 Target, Punch, Recoil 1/3","Explosive Punch is a Critical Hit on a roll of 17+. Explosive Punch also Targets all Enemies that are Adjacent to the Target. Smite"
Fiery Dance_pte,Scene x2,7,Fire,2d6+10 ,Spec,"3, 3 Targets, Full Action + Movement Action","On a roll of 17+, the Target becomes Burned. If you only choose two Targets, all hit Targets become Burned. If you only choose one, all Targets become Burned and this has the Sureshot Keyword."
Fire Blast_pte,Scene x2,6,Fire,3d10+10 ,Spec,"6, 1 Target; or Close Blast 2, Full Action","On a roll of 17+, the Target becomes Burned. If the Weather is Sunny, Targets cannot apply Special Defense Evasion against this Attack. Smite"
Fire Claw,At-Will,4,Fire,1d8+6 ,Phys,"Melee, Pass","On a roll of 17+, the Target becomes Burned.  "
Fire Fang_pte,At-Will,2,Fire,2d6+10 ,Phys,"Melee, 1 Target, Bite","On a roll of 17+, Roll a 1d2. On a 1, the Target becomes Burned. On a 2, the Target becomes Wounded."
Fire Lash_pte,EOT,3,Fire,2d8+10 ,Phys,"2, 1 Target","The Target loses -1 CS in Defense. If the Target is Burned or the Weather is Sunny, they instead lose -2 CS in Defense."
Fire Pledge_pte,Scene x2,4,Fire,2d8+10 ,Spec,"6, 1 Target","If an Ally has used a Fire Type Attack since your last turn, this Attack can instead used as a 6, Ranged Blast 3, Full Action, Smite Range, burns on a roll of 15+ and creates Fire Hazards in all Spaces within the Range of this Attack.

Fire Hazards - Any Combatant who ends their turn on or moves through a Fire Hazard becomes Burned. Ground and Rock Type Pokemon  are immune to Fire Hazards and destroy them when Moving through them. Ground, Rock, and Water Type Attacks that affect these Spaces also destroy these Hazards."
Fire Punch_pte,At-Will,3,Fire,2d8+10 ,Phys,"Melee, 1 Target, Punch","On a roll of 17+, the Target becomes Burned.  "
Fire Spin_pte,Scene x2,5,Fire,2d6+8 ,Spec,"4, Ranged Blast 2","After this Attack resolves, create a Zone within the Range of the Attack. If any Combatant enters the Zone or leaves the Zone, they become Burned. Unless the Weather is Sunny, this Zone lasts until you use a Reaction, use an Attack or Faint. Spirit Surge"
Firestorm_pte,Scene x2,6,Fire,3d10+10 ,Phys,"8, Ranged Blast 3, Full Action","On a roll of 16+, all Targets become Burned. If the Weather is Sunny this has the Smite Keyword. If a Target is Burned, they cannot apply Evasion against this Attack. "
Fire Wall,Scene x2,/,Fire,,Status,"6, Hazard, Versatile","Choose 8 Spaces within the Range of this Attack to create Fire Hazards in, such that all 8 Spaces are Adjacent to at least one other Fire Hazard.

Fire Hazards - Any Combatant who ends their turn on or moves through a Fire Hazard becomes Burned. Ground and Rock Type Pokemon  are immune to Fire Hazards and destroy them when Moving through them. Ground, Rock, and Water Type Attacks that affect these Spaces also destroy these Hazards."
Flame Barrage,Scene x2,6,Fire,2d6+8 ,Spec,"8, 1 Target; or 8, 2 Targets","On a roll of 17+, all Targets become Burned. If Flame Barrage has 1 Target, it has the Double Strike Keyword. Smite"
Flame Burst_pte,EOT,4,Fire,2d6+10 ,Spec,"6, 1 Target; or Burst 1, Full Action","You may originate this Attack from a Burned Combatant within 5m instead of the user. If Flame Burst is performed this way, all Targets are considered Vulnerable against it. "
Flame Charge_pte,At-Will,2,Fire,1d8+8 ,Phys,"Melee, 1 Target, Dash","On a roll of 17+, the Target becomes Burned. If the Dash Keyword is Activated, this Effect Range automatically triggers."
Flame Rush,At-Will,2,Fire,2d10+10 ,Phys,"Melee, 1 Target, Dash, Recoil 1/3","Flame Rush Burns the Target on a roll of 18+. If the Dash Keyword is Activated, the Recoil Keyword is ignored."
Flame Wheel_pte,At-Will,2,Fire,2d6+8 ,Phys,"Melee, 1 Target, Dash","On a roll of 17+, the Target becomes Burned. If the Dash Keyword is Activated, Flame Wheel has the Pass Keyword."
Flamethrower_pte,EOT,5,Fire,2d10+10 ,Spec,"6, 1 Target or Line 3, Full Action","On a roll of 18+, the Target becomes Burned. If this Attack only has one Target, this has the Smite Keyword."
Flaming Dash,EOT,3,Fire,2d8+10 ,Phys,"Melee, 1 Target, Dash","If the Dash Keyword is Activated, all spaces the user moves through have Fire Hazards created on them.

Fire Hazards - Any Combatant who ends their turn on or moves through a Fire Hazard becomes Burned. Ground and Rock Type Pokemon  are immune to Fire Hazards and destroy them when Moving through them. Ground, Rock, and Water Type Attacks that affect these Spaces also destroy these Hazards. "
Flare Blitz_pte,Scene x2,3,Fire,3d12+10 ,Phys,"Melee, 1 Target, Dash, Reckless, Recoil 1/3","Flare Blitz Burns the Target on a roll of 17+. If the Dash Keyword is Activated, both the user and the Target become Burned on a hit. This bypasses Fire Type Immunity to the Burned Affliction."
Heat Crash_pte,EOT,3,Fire,1d8+6 ,Phys,"Melee, 1 Target, Dash","For each Weight Class the user is above the Target, increase Heat Crash’s Damage Base by +2, or +3 if the Dash Keyword was Activated. "
Heat Wave_pte,Scene x2,7,Fire,3d8+10 ,Spec,"Close Blast 3 or Burst 1; Full Action","On a roll of 18+, all Targets become Burned. If the Weather is Sunny, this Effect Range automatically triggers. Smite"
Heat Veil,Scene x2,/,Fire,,Status,"4, 1 Target or Self; Coat, Versatile","The Target gains a Heated Coat. While affected by a Heated Coat, the Combatant treats Water and Ice Type Attacks as if they were resisted, ignoring their Type Effectiveness. In addition, while affected by a Heated Coat, the Weather is considered to be Sunny for any of their Attacks, Features or Abilities that would Reference it. After the user is hit by a Water or Ice Type Attack, this Coat is expended."
Hellfire,Scene x2,6,Fire,3d8+10 ,Spec,"8, 1 Target ","When this Attack hits, Hellfire burns the Target. On a miss, the Target is Suppressed. Hellfire may be used as a Full Action to be treated as if it were a Dark Type Attack. Spirit Surge."
Ignition,Scene x2,3,Fire,2d8+10 ,Spec,"6, 1 Target","If a Target hit by this Attack is Burned, you may cure them of the Affliction. If they are cured this way, they lose three Ticks of Hit Points."
Incinerate_pte,At-Will,5,Fire,1d8+8 ,Spec,"Line 3","On a Roll of 17+ or if the Target is Burned, you may destroy a Coat they're affected by."
Inferno_pte,At-Will,5,Fire,3d8+10 ,Spec,"10, 1 Target","Inferno Burns the Target. Inferno treats the Target as Vulnerable if there are no Combatants or Blocking Terrain adjacent to them or if the Weather is Sunny."
Kindle,EOT,/,Fire,,Status,"Self, Versatile","The user gains a Kindled Coat. The user may expend a Kindled Coat when successfully hitting an Fire Damaging Attack to add its Damage Dice an extra time to the Damage Roll. This applies after any other Damage Base Modifiers such as a Critical Hit. 
Note: If the Damage Base would have the Attack be 2d6+8, this expended Coat turns it into 4d6+16. "
Lava Armor,Scene,/,Fire,,Status,"Self, Coat, Versatile","The user gains a Molten Coat. While the user is affected by a Molten Coat, whenever a Melee Attack hits them, the Attacker become Burned. The Molten Coat can be expended as a Reaction to resist a Physical Attack by an additional Damage step. It also can be expended when the user hits a Physical Fire Type Attack to cause all Targets to become Burned. "
Lava Plume_pte,EOT,6,Fire,2d8+10 ,Spec,"Burst 1 ","On a roll of 18+, all Targets become Burned. This Attack may also be used as a Full Action to treat its Range as Burst 2. Smite"
Mind Blown_pte,Scene,8,Fire,4d10+20 ,Spec,"6, Ranged Blast 5, Full Action","The Target in the center of Mind Blown's Range resists this Attack one less Step. The user loses a Tick of Hit Points per Target hit by this Attack. Smite"
Molten Rupture,EOT,6,Fire,2d8+10 ,Phys,"4, Ranged Blast 2, Groundsource","Molten Rupture may be used as a Full Action to treat it as if it were Ground Type instead. "
Mystical Fire_pte,EOT,5,Fire,2d8+10 ,Spec,"6, 1 Target","If the Target is suffering from a Mental Affliction, they become Burned. "
Overheat_pte,Scene,6,Fire,4d10+10 ,Spec,"Close Blast 3, Full Action, Reckless","After Damage Calculations, lower the Offensive Stat used for this Attack by -2 CS. Smite"
Pyro Ball_pte,Scene x2,4,Fire,3d8+10 ,Phys,"5, 1 Target","If the user has at least +3 CS in Speed, this has the Sureshot Keyword. The user may perform this Attack as a Standard + Movement Action to cause the Target to become Burned on a hit. Smite"
Raging Fire,EOT,6,Fire,2d8+10 ,Phys,"6, Ranged Blast 2","If the user is Enraged this is changed to 8, Ranged Blast 3, Full Action and Targets cannot apply Physical Evasion  against this Attack."
Shell Trap_pte,Scene,4,Fire,4d10+10 ,Spec,"Melee, 1 Target, Trigger","Shell Trap can only be used as a Standard Action + Reaction when the user is hit by an Adjacent Enemy and it must only Target them. Shell Trap is a Critical Hit on a 17+. Smite."
Sunny Day_pte,Scene x2,/,Fire,,Status,"Blessing, Versatile, Weather","Blessing - Any user affected by Sunny Day may activate it as a Free Action when using a Fire Type Damaging Attack to grant it the Smite Keyword. If the Attack hits, it hits, it is also increased by one damage step. (Max 1.5x Effectiveness). Sunny Day may be Activated 3 times and then disappears. While this Blessing persists, the Weather becomes Sunny."
Temper Flare_pte,EOT,4,Fire,2d8+10 ,Phys,"Melee, 1 Target","If the user's last Attack missed or they are Enraged, Temper Flare is DB 13 instead."
Torch Song_pte,Scene x2,6,Fire,2d6+8 ,Spec,"Close Blast 2, Sonic","The user's Special Attack is raise by +1 CS on a Miss or 16+. Spirit Surge."
Twin Flames,EOT,6,Fire,1d8+8 ,Spec,"6, 2 Targets","Twin Flames Burns all Targets on a roll of 18+"
Wildfire,EOT,5,Fire,,Status,"Close Blast 3, Versatile","All Targets become Burned. All Targets that were already Burned lose two Ticks of Hit Points and cannot cure Burn during their next Save Check. Any Fire Typed Allies within the Range of this Attack instead gain 2 Ticks of Temporary Hit Points."
Will-O-Wisp_pte,EOT,3,Fire,,Status,"6, 1 Target, Versatile","The Target becomes Burned. If the Target is already Burned, they become Cursed or Suppressed instead. "
Acrobatics_pte,EOT,3,Flying,2d6+8 ,Phys,"Melee, Dash, 1 Target","At the start of your Turn you may declare the usage of Acrobatics. During this Turn you do not Provoke Attacks of Opportunity. You must then use this Attack while activating the Dash Keyword. if you do so, the Damage Base becomes 10 instead. "
Aerial Ace_pte,EOT,/,Flying,2d6+8 ,Phys,"Melee, 1 Target, Dash","If the Dash Keyword is Activated, Aerial Ace is a Critical hit on a roll of 18+. Sureshot."
Aerial Combat,Scene x2,4,Flying,3d12+10 ,Phys,"Melee, 1 Target","If the Target has the Flier Capability or the Weather is Windy, they cannot apply Evasion against this Attack. "
Air Cutter_pte,At-Will,5,Flying,1d8+8 ,Spec,"Close Blast 2","Air Cutter is a Critical Hit on a roll of 18+ or 16+ if the Weather is Windy."
Air Slash_pte,EOT,4,Flying,2d8+10 ,Spec,"6, 1 Target","On a roll of 17+, the Target becomes Wounded. If the Weather is Windy, the Target cannot apply Speed Evasion  against Air Slash."
Beak Blast_pte,Scene x2,6,Flying,3d8+10 ,Phys,"Close Blast 2, Full Action, Priority","Beak Blast must be declared at the start of the round as a Priority Action. If the user is hit by a Melee attack this round, the triggering attacker is Burned. At the end of the round, the user may use a Movement Action, then attacks with Beak Blast."
Bounce_pte,EOT,3,Flying,2d8+10 ,Phys,"Melee, 1 Target","The user may declare the usage of Bounce at the start of their Turn and must use this Attack after their Movement Action is used. When Moving this turn, they use the Jump Capability as a Free Action, going up to 4m in the air and ignoring Attacks of Opportunity. "
Brave Bird_pte,Scene x2,3,Flying,3d12+10 ,Phys,"Melee, 1 Target, Dash, Recoil 1/3","If the Dash Keyword is Activated, Brave Bird has Sureshot against Targets with lower Speed than them. "
Chatter_pte,EOT,4,Flying,2d6+10 ,Spec,"4, 1 Target, Sonic","On a roll of 16+, the Target becomes Enraged. "
Concussive Burst,EOT,4,Flying,2d6+8 ,Spec,"4, 1 Target","Targets hit by this Attack Slide up to X Meters (Away), where X is 6 minus their Weight Class."
Cyclone,EOT,6,Flying,2d8+10 ,Spec,"6, Ranged Blast 3, Full Action","If the Weather is Windy, this has the Smite Keyword. After this Attack’s Resolution, you may choose to destroy all Hazards within this Range or Slide them up to 3m. Spirit Surge. "
Defog_pte,Scene x2,/,Flying,,Status,"Field, Versatile","You may Destroy/Remove any amount of the following:
» Weather on the Field
» Blessings on the Field
» Coats on the Field
» Hazards on the Field "
Drill Peck_pte,At-Will,3,Flying,2d8+10 ,Phys,"Melee, 1 Target","On a roll of 17+, the Target becomes Wounded."
Dual Wingbeat_pte,EOT,4,Flying,1d8+6 ,Phys,"4, 1 Target","Double Strike."
Feather Dance_pte,EOT,4,Flying,,Status,"Burst 1, Versatile","All Enemies have their Attack lowered by -3 CS and have all Coats removed. You may choose to remove any Coats affecting Allies within this range as well. "
Feather Storm,Scene x2,5,Flying,3d8+10 ,Spec,"8, Ranged Blast 2, Full Action","If the Weather is Windy, you may also use this Attack as if it’s Range was 6, 3 Targets, Full Action."
Gale Force_pte,EOT,3,Flying,2d6+8 ,Spec,"6, 1 Target","The Target is Tripped on a roll of 16+. If the Weather is Windy, this Effect Range automatically Triggers if they fail a CR 4 Acrobatics Check. Slide 4 (Away)."
Gust_pte,At-Will,3,Flying,1d8+6 ,Spec,"4, 1 Target","If the Weather is Windy, this Attack may be used as if it were 4, Ranged Blast 2."
Heavy Winds,Scene x2,/,Flying,,Status,"Blessing, Versatile, Weather","Blessing - Any user affected by Heavy Winds may activate it as a Free Action when using a Flying Type Damaging Attack to grant it the Smite Keyword. If the Attack hits, it hits, it is also increased by one damage step. (Max 1.5x Effectiveness). Heavy Winds may be Activated 3 times and then disappears. While this Blessing persists, the Weather becomes Windy."
Hurricane_pte,Scene x2,5,Flying,3d12+10 ,Spec,"6, 1 Target","After this Attack’s Resolution, You may Slide any number of Targets or Hazards within this Range or Adjacent to Targets up to 3m. If the Weather is Windy, the Range may be used as if it were 6, Ranged Blast 3. Spirit Surge. Smite"
Mach Speed,EOT,3,Flying,2d8+10 ,Phys,"Melee, 1 Target, Dash, Priority","If the Weather is Windy or the Dash Keyword is Activated, the Target cannot apply Speed Evasion against this Attack."
Molt Feathers,Scene ,/,Flying,,Status,"Self, Movement Action","The user may cure as many Physical Afflictions as they wish that affect them, then they become Vulnerable until the end of the next Round."
Mirror Move_pte,Scene x2,/,Flying,,Spec,"6, 1 Target","Use the Attack the Target has used on their last turn. You may choose new Targets for the Attack. The Attack may deal Damage as if it were Physical or Special. Sureshot"
Peck_pte,At-Will,2,Flying,1d8+6 ,Phys,"Melee, 1 Target","On a roll of 16+, the Target becomes Wounded."
Pluck_pte,At-Will,3,Flying,2d6+8 ,Phys,"Melee, 1 Target","The user may perform a Disarm Manuever as a Free Action against the Target. If used this way, Disarm automatically hits."
Quick Strike,EOT,3,Flying,2d6+10 ,Phys,"Melee, 1 Target, Dash","After damage Calculations the user may disengage as a Free Action. If you activate the Dash Keyword or attack a Flanked Target, this Attack has the Sureshot Keyword."
Raven Claw,Scene x2,3,Flying,2d10+10 ,Phys,"Melee, 1 Target","Raven Claw is a Critical Hit on a roll of 18+. If the Target has any Mental Afflictions, this Crit Range is extended by +1 per Mental Affliction they have."
Razor Wind_pte,Scene x2,7,Flying,2d8+10 ,Spec,"10, X Targets, Set-Up","Charge Effect: You instead gain 2 Charge Tokens if the Weather is Windy. If you have at least 3 Charge Tokens, you treat the Weather as if it were Windy for any other Attack or Ability.
Resolution Effect: X is equal to 1+ the number of Charge Tokens expended. Smite"
Roost_pte,Scene x3,/,Flying,,Status,"Self, Versatile","The user restores 5 Ticks of Hit points. The user loses the Flier Capability and Ground Immunity (Treated as Neutral) until the end of the next Round if they have it."
Sky Attack_pte,Scene x2,/,Flying,3d8+10 ,Phys,"Melee, Pass, Set-Up","Charge Effect: The user flies up, leaving the Field and becoming Untargetable. When the User starts their turn with Sky Attack Charge Tokens, they immediately use Sky Attack’s Resolution Effect as a Standard Action. If the User is unable to do so they lose all Sky Attack Charge Tokens, reappear anywhere on the Field, and lose Untargetable.
Resolution Effect: The user reappears anywhere on the Field. The user may then activate Sky Attack’s Pass keyword, ignoring the usual requirements, then use Sky Attack. Sureshot."
Sky Bomb,Scene x2,6,Flying,3d8+10 ,Phys,"Burst 2, Set-Up","Charge Effect: The user flies up, leaving the Field and becoming Untargetable. When the User starts their turn with Sky Bomb Charge Tokens, they immediately use Sky Bomb’s Resolution Effect as a Standard Action. If the User is unable to do so they lose all Sky Bomb Charge Tokens, reappear anywhere on the Field, and lose Untargetable. 
Resolution Effect: The user reappears anywhere on the Field and uses Sky Bomb. The user then loses Untargetable. Smite."
Sky Drop_pte,Scene x2,/,Flying,,Phys,"Special, Set-Up","Charge Effect: This Effect can only be used if you have Dominance in a Grapple with an Enemy. You and the Grappled Enemy ascend 20m into the air to a limit of 100m. While you have Charge Tokens for this Attack, members of the Grapple cannot Target Combatants outside the Grapple or take an Action that would end the Grapple. If you start two consecutive Turns at the same height, the Grappler with Dominance uses the Resolution Effect as a Free Action on the other Grappler using both Grapplers’ combined Sky Drop Charge Tokens, regardless of whether it’s on their Move List.

Resolution Effect: The user reappears anywhere on the Field, placing their Target in an adjacent space before using Sky Drop on them. X is equal to triple the number of Charge Tokens expended. If at least 5 Charge Tokens were expended, this Attack instead sets the Target’s HP to 0. Sureshot, Unstoppable."
Tailwind_pte,Scene x2,/,Flying,,Status,"3, 1 Target or Self; Coat, Versatile","The Target gains a Tailwind Coat. Combatants affected by a Tailwind Coat cannot be Slowed and have bonus Evasion equal to double their Tier Level. A Tailwind Coat can be expended as a Reaction to use an Attack as if it had the Priority Keyword or cause a Ranged Attack to miss them."
Tempest,Scene x2,/,Flying,,Status,"6, Ranged Blast 3, Versatile","Tempest Hazards are created in the Range of this Attack. Whenever the user moves from their current space, the Hazards are removed. 

Tempest Hazards - When Tempest Hazards are created, note where the Attacker is on the Field, which is the direction the wind is coming from. Whenever a Combatant would move into a Tempest Hazard, if they are moving against the wind, they must make a CR 5 Athletics or Acrobatics Check. If they fail this check, they cannot enter the space and Slide to the nearest Space without a Tempest Hazard. Otherwise, they treat it as Slowed Terrain. Additionally, Ranged Attacks that would cross a Tempest Hazard have a -3 Accuracy Penalty. "
Wind Blades,EOT,3,Flying,2d6+10 ,Phys,"6, 1 Target","Wind Blades is a Critical Hit on a roll of 18+"
Wind Shift,Scene x2,/,Flying,,Status,"3, 1 Target, Trigger","Wind Shift can only be used as a Swift Action + Reaction when an Enemy uses a 1 Target, Ranged Attack on an Ally within 3m of you. Choose another Ally within 3m of you or yourself to become the new Target. "
Wind Storm,Scene x2,/,Flying,,Status,"Field, Versatile, Weather","The Field becomes Storming for the next 5 Rounds. While the Field is Storming, non Flying Type Enemies lose a Tick of Hit Points at the start of their Turn and Flying Type Pokemon gain a Tick of Temporary Hit Points at the start of their Turn. While the Field is Storming, the Weather becomes Windy."
Wind Wall,Scene x2,/,Flying,,Status,"6, Hazard, Versatile, Trigger","Choose 8 Spaces within the Range of this Attack to create Gale Hazards in such that all 8 Spaces are Adjacent to at least one other Gale Hazard. This Attack may also be Triggered as a Standard Action + Reaction when a Ranged 1 Target or Line Attack is used. If used this way and the Triggering Attack’s Line of Sight would pass through a Gale Hazard, the Attack resisted an Additional Damage Step.

Gale Hazard - Spaces with Gale Hazards are treated as Slow Terrain. Ranged Attacks that Target any Combatant in a Gale Hazard or derive from a Combatant in a Gale Hazard suffer a -3 Penalty to Accuracy."
Wing Attack_pte,At-Will,5,Flying,2d6+8 ,Phys,"Melee, 1 Target, Pass","--"
Whirlwind_pte,Scene x2,3,Flying,,Status,"Line 6 or Burst 1 or Close Blast 3; Versatile","You may destroy any Non-Blocking Hazards within the Range of this Attack. Targets hit by this Attack must perform an Acrobatics Check. You may Slide any Targets hit this way a number of meters at most equal to 6 minus their rolled successes. If they rolled less than 2 Successes, they become Tripped. Spirit Surge"
Astonish_pte,At-Will,2,Ghost,1d8+8 ,Phys,"Melee, 1 Target","If the Target is Flanked, they cannot use Reactions in response to this Attack."
Baneful Claw,Scene x2,6,Ghost,2d6+10 ,Phys,"Close Blast 2","On Even rolls, all Targets become Wounded. On Odd rolls, all Targets become Suppressed"
Confuse Ray_pte,EOT,4,Ghost,,Status,"6, 1 Target, Versatile","The Target becomes Dazed. While Dazed this way, their Damaging Attacks have the Recoil 1/2 Keyword. "
Curse_pte,Scene x2,4,Ghost,,Status,"3, 1 Target, Versatile","The Target becomes Cursed. This may also be used as a Full Action to give it the Sureshot Keyword, but you lose 2 Ticks of Hit Points after the Attack's resolution."
Dark Fog,Scene x2,/,Ghost,,Status,"Blessing, Versatile, Weather","Blessing - Any user affected by Dark Fog may activate it as a Free Action when using a Ghost Type Damaging Attack to grant it the Smite Keyword. If the Attack hits, it hits, it is also increased by one damage step. (Max 1.5x Effectiveness). Dark Fog may be Activated 3 times and then disappears. While this Blessing persists, the Weather becomes Foggy."
Deathly Wail,Scene,8,Ghost,3d8+10 ,Spec,"Burst 2, Full Action, Sonic","On Even Rolls, all Targets become Dazed. On Odd Rolls, all Targets become Cursed. Spirit Surge."
Deception,Scene,/,Ghost,,Status,"3, 1 Target or Self; Coat","The Target gains a Deception Coat. They may activate this Coat when an Enemy misses them with an Attack to cause them to become Dazed. They also may activate this Coat as a Reaction when they miss an Attack against a single Target to instead cause it to hit. This Coat is expended after it is activated twice."
Destiny Bond_pte,Scene,/,Ghost,,Status,"3, 1 Target","The Target becomes Marked with a Destiny Mark. Whenever the user takes damage or loses Hit Points from a source other than itself, their ally or another Destiny Mark, the Combatant with your Destiny Mark loses Hit Points equal to the amount lost. Sureshot."
Devious Strike,EOT,2,Ghost,2d6+8 ,Phys,"Melee, 1 Target","If the user performs a Distract or Hinder Maneuver against the Target this turn, they have a Boon to the opposed check."
Ghastly Scream,At-Will,5,Ghost,1d8+8 ,Spec,"Close Blast 2, Sonic","On a roll of 18+, the Target becomes Dazed."
Grudge_pte,Scene,/,Ghost,,Status,"3, 1 Target, Trigger ","You may only use Grudge as a Free Action when a Damaging Attack causes the user to faint. The Attacker becomes Cursed. An Enemy can only be affected by this Attack once per Scene. Sureshot"
Haunted Breeze,At-Will,3,Ghost,1d8+6 ,Spec,"6, 1 Target","All Enemies adjacent to the Target lose a Tick of Hit Points. Spirit Surge"
Haunting Aura,Scene x2,6,Ghost,,Status,"Burst 2, Versatile","All Targets have a -3 penalty to their next Save Check. If this Attack hits, they also become Suppressed. Friendly, Spirit Surge."
Haunting Visage,Scene,/,Ghost,,Spec,"6, 1 Target, Illusion","Choose a Damaging Attack that has been used by the Target this Scene. You may use the chosen Attack as if it was a Ghost Type Attack and may be used as if it were Physical or Special. Sureshot"
Hex_pte,EOT,4,Ghost,2d8+10 ,Spec,"6, 1 Target","The Target loses a Tick of Hit Points for each Status Affliction they're affected by (Max 3)."
Last Respects_pte,Scene,5,Ghost,1d8+8 ,Phys,"Melee, 1 Target","This Attack’s Damage Base is increased by +5 for each allied Combatant that fainted this Scene. If all of the user’s allies are fainted or the user is the last non-Fainted Pokemon of their corresponding Trainer’s Party, Last Respects has the Sureshot Keyword."
Lick_pte,At-Will,2,Ghost,1d8+6 ,Phys,"Melee, 1 Target","On a roll of 17+, the Target becomes Paralyzed."
Malice,At-Will,/,Ghost,,Status,"6, 1 Target, Trigger","Upon being hit by a Physical or Special Attack, the user may use Malice as a Reaction. The triggering Target loses -1 CS in Attack if it was Physical or -1 CS in Special Attack if it was Special Category. Sureshot."
Night Shade_pte,Scene x2,4,Ghost,,Status,"Burst 1 or Line 4; Versatile","The Target loses all of their Temporary Hit Points, a Tick of Hit Points, and an additional Tick for every Mental Affliction they have.  "
Nightmare_pte,Scene x2,3,Ghost,,Status,"3, 1 Target","Nightmare can only hit Targets that are Drowsy. The Target gains a Nightmare Mark while they're Drowsy. While they have the Nightmare Mark, their Allies cannot cure them of the Drowsy Affliction. While they have the Nightmare Mark, whenever they fail a Save Check, they lose 1d4 Ticks of Hit Points. "
Ominous Wind_pte,At-Will,5,Ghost,1d8+8 ,Spec,"4, Ranged Blast 2","If the Weather is Foggy, this has the Sureshot Keyword."
Phantom Force_pte,Scene x2,/,Ghost,3d8+10 ,Phys,"Melee, 1 Target, Set-Up","Charge Effect: The user vanishes, leaving the Field and becoming Untargetable. When the User starts their turn with Charge Tokens, they immediately use Phantom Force’s Resolution Effect as a Standard Action. If they are unable to do so, they lose all Phantom Force Charge Tokens, reappear within 5m of their original space, and lose Untargetable.
Resolution Effect: Unstoppable, Sureshot. "
Phantom Fright,At-Will,3,Ghost,2d6+8 ,Spec,"Melee, 1 Target","If the user performs a Terrorize Maneuver against the Target this Round, the Maneuver has the Sureshot Keyword."
Phantom Fury,Scene x2,3,Ghost,3d12+10 ,Phys,"Melee, 1 Target ","If the Target is Flanked or the Weather is Foggy, they cannot apply Evasion against Phantom Fury."
Poltergeist_pte,Scene x2,/,Ghost,,Status,"5, Ranged Blast 3, Swift Action","Create a 3x3 Zone in the Range of this Attack which persists until you Faint. After this Attack resolves and at the end of each Round, You may Slide any number of Combatants, Hazards or interactable objects within GM discretion within this Zone up to 3m. If Combatants chosen this way pass a CR 3 Acrobatics or Athletics Check, they're unaffected."
Rage Fist_pte,EOT,4,Ghost,2d8+10 ,Phys,"Melee, 1 Target","Each time the user is hit with a Damaging Attack, increase this Attack's Damage Base by +2 (Max 20) until the end of the Scene. If the user is Enraged, the Target cannot apply Physical Evasion against it."
Shadow Ball_pte,EOT,4,Ghost,2d8+10 ,Spec,"8, 1 Target","On a roll of 17+, the Target loses -1 CS in Special Defense. Smite"
Shadow Bone_pte,EOT,3,Ghost,2d10+10 ,Phys,"Melee, 1 Target","If the Target has an Affliction, they cannot apply Physical Evasion against this Attack."
Shadow Claw_pte,EOT,5,Ghost,2d6+10 ,Phys,"Melee, Pass","Shadow Claw is a Critical Hit on a roll of 18+."
Shadow Punch_pte,EOT,/,Ghost,2d6+8 ,Phys,"4, 1 Target, Punch","Sureshot."
Shadow Realm,Scene x2,/,Ghost,,Status,"Field, Versatile, Weather","The Field becomes Shadowed for the next 5 Rounds. While the Field is Shadowed, non Ghost Type Enemies lose a Tick of Hit Points at the start of their Turn and Ghost Type Pokemon gain a Tick of Temporary Hit Points at the start of their Turn. While the Field is Shadowed, the Weather becomes Foggy."
Shadow Sneak_pte,At-Will,2,Ghost,1d8+6 ,Phys,"Melee, 1 Target, Priority","--"
Soul Drain,EOT,4,Ghost,2d6+8 ,Spec,"4, 1 Target","If the Target is Cursed or Suppressed, Soul Drain may be used as a Full Action. When used this way, the user is cured of a Status Affliction, then the Target is cured of one of those Afflictions of your choice. Drain."
Spectral Flame_pte,Scene x2,4,Ghost,2d8+10 ,Spec,"6, 1 Target","On a roll of 17+, the Target becomes Burned. Spectral Flame may be used as a Full Action to be treated as if it were a Fire Type Attack."
Spectral Storm,Scene x2,6,Ghost,3d10+10 ,Spec,"8, Ranged Blast 3, Full Action","On a roll of 16+, all Targets become Suppressed. If the Weather is Foggy this has the Smite Keyword. If a Target is Cursed, they’ cannot apply Evasion against this Attack. "
Spirit Shackle_pte,EOT,6,Ghost,2d8+10 ,Phys,"3, 2 Targets, Full Action","The Target becomes Trapped. If the Weather is Foggy, Spirit Shackle loses the Full Action Keyword. Spirit Surge"
Spite_pte,Scene x2,/,Ghost,,Status,"4, 1 Target, Trigger ","Spite can only be used as a Reaction whenever the user is hit by an Attack. The Triggering Enemy becomes Suppressed after the Attack’s Resolution."
Spiteful Fury,EOT,3,Ghost,1d8+6 ,Phys,"Melee, 1 Target","Whenever the user misses an Attack or is hit by an Attack during this Scene, increase the Damage Base of Spiteful Fury by +2 for the rest of the Scene. (Max 12)."
Terrify,EOT,4,Ghost,2d10+10 ,Spec,"4, 1 Target","If the Weather is Foggy or the Target is Flanked, the user may perform a Terrorize Manuever against the target as a Free Action. If used this way, Terrorize automatically hits."
Tormenting Spirits,Scene x2,4,Ghost,2d6+8 ,Spec,"4, Ranged Blast 2","After this Attack resolves, create a Zone within the Range of the Attack. Enemies within this Zone cannot cure Mental Afflictions. Unless the Weather is Foggy, this Zone lasts until you use a Reaction, use an Attack or Faint. Spirit Surge"
Trick-or-Treat_pte,Scene x2 ,5,Ghost,,Status,"Burst 2","Choose a Trick to apply to each Enemy listed below, then choose a Treat to apply to each Ally listed below.
- The Target becomes Cursed (Trick)
- The Target sets a Stat of your choice to -1 CS (Trick)
- The Target restores 2 Ticks of Hit Points (Treat)
- The Target gains +1 CS in a Stat of your Choice (Treat)"
Vengeance,Scene x2,4,Ghost,2d6+10 ,Phys,"Melee, 1 Target","Since your last Turn, if the Target inflicted a Status Affliction on you or caused an Ally to Faint, Vengeance's Damage Base becomes 13. "
Wrathful Blitz,Scene x2,3,Ghost,4d10+10 ,Phys,"Melee, Dash, Recoil 1/3, Reckless","If the Dash Keyword is Activated or if the user has a Mental Affliction, the Target cannot apply Physical Evasion against Wrathful Blitz."
Absorb_pte,At-Will,4,Grass,1d8+6 ,Spec,"4, 1 Target ","Drain."
Apple Acid_pte,EOT,6,Grass,2d8+10 ,Spec,"Close Blast 2 ","On an Even Roll, all Targets become Poisoned. On an Odd Roll, all Targets lose -2 CS in Special Defense. Spirit Surge."
Aromatherapy_pte,Scene x2,/,Grass,,Status,"Burst 1, Healing, Versatile","The user and all allies in this Range are cured of one Status Affliction of their choice. This may also be used as a Full Action to treat its range as Burst 2 instead."
Branch Poke_pte,At-Will,2,Grass,1d8+6 ,Phys,"2, 1 Target","On a roll of 17+, the Target becomes Wounded."
Bullet Seed_pte,EOT,5,Grass,1d8+6 ,Phys,"6, 1 Target","If Bullet Seed hits at least 4 times, the Target becomes Wounded. Five Strike"
Burn Powder,Scene x2,5,Grass,,Status,"6, Ranged Blast 2, Hazard, Versatile","The Target becomes Burned. Powder Hazards may then be set on the spaces in the range of this Attack until the end of the next Round. Whenever an Enemy triggers this Hazard they become Burned or lose a Tick of Hit Points if they're already Burned. 

Powder Hazard - Whenever an Enemy passes through or ends their turn on a Powder Hazard the Effect listed is applied. Users with the Breathless Capability ignore this Hazard."
Chloroblast_pte,Scene,7,Grass,4d10+10 ,Spec,"Burst 2 or Close Blast 3, Full Action, Reckless","Unless the Weather is Sunny, the user loses a Tick of Hit Points per Combatant that took Damage from Chloroblast. Smite. Spirit Surge."
Cotton Cloak,Scene x2,3,Grass,,Status,"6, 1 Target or Self, Coat, Versatile","The Target gains a Cotton Coat. If the Target is an enemy, the coat is automatically expended upon being hit by a Flying or Fire Type Damaging Attack, the resulting Attack is increased by one damage step. If the Target is an ally or the user, the coat may be expended as a Free Action to have a Physical Attack that hits the Target deal one step resisted damage.  "
Cotton Guard_pte,Scene,/,Grass,,Status,"Self, Shield, Trigger","If the user or an Adjacent Ally is hit by an Attack, the user may use Cotton Guard as a Standard Action + Reaction. The user and all Adjacent Targets resist the Attack by an additional Damage Step. Additionally if the Attacker was Adjacent to the user, they become Blinded, which can only be cured by using a Movement Action.."
Cotton Shower,Scene x2,/,Grass,,Status,"Blessing, Versatile","Blessing – Any user affected by Cotton Shower may activate it as a Swift Action to gain +1 Combat Stage in any Stat of their Choosing. If the benefiting combatant is Grass Type, they may instead activate it once during their Turn as a Free Action. Cotton Shower may be Activated 3 times, and then disappears."
Cotton Spore_pte,EOT,7,Grass,,Status,"Burst 1, Versatile","All Targets become Blinded until the end of their next Turn. A target cannot be Blinded by Cotton Spore more than once per Scene. If this Attack Misses, they instead have a -2 Penalty to their next Accuracy Roll. Spirit Surge. "
Drum Beating_pte,EOT,6,Grass,2d8+10 ,Phys,"3, 2 Targets, Groundsource, Sonic","The user may expend a Movement Action to give this Attack the Smite Keyword."
Energy Ball_pte,EOT,4,Grass,2d10+10 ,Spec,"8, 1 Target","On a roll of 17+, the Target loses -1 CS in Special Defense. Smite"
Floral Burst,Scene x2,6,Grass,2d8+10 ,Spec,"Burst 1, Full Action, Groundsource ","If the Field is affected by an Grass Attack or the Weather is Sunny, Floral Burst may increase its Burst Range by up to +2. Smite"
Flower Trick_pte,EOT,3,Grass,2d6+10 ,Phys,"6, 1 Target","If the user hit the Target with a Maneuver this Round, this has the Sureshot Keyword. Flower Trick is a Critical Hit on a roll of 17+. "
Forest's Curse_pte,Scene x2,6,Grass,,Status,"6, 1 Target","The Target becomes Cursed. While Cursed this way, Grass Type Attacks have the Sureshot and Unstoppable Keyword when Targeting only them. If the Weather is Foggy, the Target cannot apply Stat Evasion against this Attack"
Frenzy Plant_pte,Scene,8,Grass,4d10+10 ,Spec,"5, 3 Targets, Full Action, Groundsource","All Targets of Frenzy Plant become Slowed. On a roll of 17+, they cannot use a Movement Action during their next Turn. Smite, Spirit Surge"
Giga Drain_pte,Scene x2,5,Grass,2d10+10 ,Spec,"6, 1 Target ","Drain."
Grass Knot_pte,EOT,3,Grass,,Spec,"6, 1 Target ","On a roll of 18+, the Target is Tripped. Grass Knot's Damage Base is equal to 3 plus the Target's Weight Class Value. "
Grass Pledge_pte,Scene x2,6,Grass,2d8+10 ,Spec,"Burst 1","On a roll of 15+, the Target becomes Slowed. If an Ally has used a Grass Type Attack since your last turn, this Attack’s range can become Burst 2 and has the Full Action and Friendly Keyword."
Grass Whistle_pte,Scene x2,5,Grass,,Status,"6, 1 Target, Sonic, Versatile","The Target becomes Drowsy or Entranced. On a Miss, they instead become Vulnerable until the end of the Round. Spirit Surge."
Grassy Glide_pte,EOT,4,Grass,2d6+8 ,Phys,"Melee, Dash ","If the Dash Keyword is Activated, this can gain either the Pass or Unstoppable Keyword."
Grassy Terrain_pte,Scene x2,/,Grass,,Status,"Field, Versatile","The field becomes Floral for the next 5 Rounds. While the field is Floral, Combatants restore a Tick of Hit Points at the start of their Turn, and Grass Type attacks ignore Speed Evasion."
Grav Apple_pte,EOT,4,Grass,2d8+10 ,Phys,"6, 1 Target","On an Even Roll, all Targets become Poisoned. On an Odd Roll, all Targets lose -2 CS in Defense."
Horn Leech_pte,Scene x2,3,Grass,2d8+10 ,Phys,"Melee, 1 Target","Drain."
Ingrain_pte,Scene x2,/,Grass,,Status,"Self, Coat, Versatile","The user gains an Ingrain Coat. While affected by this Coat, they recover a Tick of Hit Points at the start of each Turn. This Coat may be expended as a Standard Action to gain 5 Ticks of Hit Points and become cured of a Physical Affliction."
Ivy Leech,Scene,6,Grass,,Status,"3, 3 Targets, Coat, Versatile","All Targets gain an Seeded Coat. When a Combatant with an Seeded Coat ends their Turn, they lose two Ticks of Hit Points and the Combatant who inflicted the Coat gains a Tick of Temporary Hit Points.  "
Leaf Blade_pte,EOT,6,Grass,2d8+10 ,Phys,"Melee, Pass","Leaf Blade is a Critical Hit on a roll of 18+. If this Attack is used without activating the Pass Keyword, thiis has the Smite Keyword."
Leaf Storm_pte,Scene,6,Grass,4d10+10 ,Spec,"8, Ranged Blast 3, Full Action, Reckless","After Damage Calculations, lower the Offensive Stat used for this Attack by -2 CS. Smite"
Leaf Tornado_pte,EOT,5,Grass,2d6+8 ,Spec,"6, Ranged Blast 2","After this Attack resolves, create a Zone within the Range of the Attack. Enemies within this Zone are Vulnerable against Grass Type Attacks. This Zone lasts until you use a Reaction, use an Attack or Faint. Spirit Surge"
Leafage_pte,At-Will,5,Grass,1d8+6 ,Phys,"5, 1 Target or Close Blast 2","Smite"
Leech Seed_pte,Scene x2,3,Grass,,Status,"6, 1 Target, Coat, Versatile","The Target gains a Seeded Coat. When a Combatant with an Seeded Coat ends their Turn, they lose two Ticks of Hit Points and the Combatant who inflicted the Coat gains a Tick of Temporary Hit Points.  "
Magical Leaf_pte,EOT,5,Grass,2d6+8 ,Spec,"8, 1 Target or Close Blast 2","If this Attack only has one Target, it has the Sureshot Keyword."
Matcha Gotcha_pte,Scene x2,4,Grass,2d8+10 ,Spec,"4, 1 Target","On a roll of 15+, the Target becomes Burned. If the Target is Burned, this Attack has the Drain Keyword."
Mega Drain_pte,EOT,4,Grass,2d6+8 ,Spec,"6, 1 Target ","Drain."
Mystic Powder,Scene x2,6,Grass,,Status,"6, Ranged Blast 2, Hazard, Versatile","All Targets hit by this Attack become Dazed. Powder Hazards may then be set on the spaces in the range of this Attack until the end of the next Round. Whenever an Enemy triggers this Hazard they become Dazed or lose a Tick of Hit Points if they're already Dazed. 

Powder Hazard - Whenever an Enemy passes through or ends their turn on a Powder Hazard the Effect listed is applied. Users with the Breathless Capability ignore this Hazard."
Needle Arm_pte,At-Will,2,Grass,2d6+8 ,Phys,"Melee, 1 Target","On a roll of 15+, the Target becomes Wounded."
Petal Blizzard_pte,EOT,6,Grass,2d8+10 ,Phys,"Burst 1","When Declaring Petal Blizzard, as a Movement Action you may change this Attack's Range to Burst 2. "
Petal Dance_pte,Scene x2,6,Grass,3d12+10 ,Spec,"Melee, All Adjacent Enemies, Full Action, Reckless ","When Declaring Petal Dance, as a Movement Action you may change this Attack's Range from Melee, All Adjacent Enemies to Burst 2. After Damage Calculations the user becomes Dazed. Smite"
Pollen Storm,Scene x2,/,Grass,,Status,"Field, Versatile","The Field becomes Pollenized for the next 5 Rounds. While the Field is Pollenized, non Grass Type Enemies lose a Tick of Hit Points at the start of their Turn and Grass Type Pokemon gain a Tick of Temporary Hit Points at the start of their Turn."
Power Whip_pte,Scene x2,5,Grass,3d12+10 ,Phys,"8, 1 Target ","Power Whip is a Critical Hit on a roll of 18+. Smite. *Grants Threaded"
Razor Leaf_pte,At-Will,5,Grass,2d6+8 ,Phys,"Close Blast 2","Razor Leaf is a Critical Hit on a roll of 18+."
Seed Bomb_pte,EOT,4,Grass,2d8+10 ,Phys,"8, 1 Target","On a roll of 15+, you may choose to destroy a Coat on the Target. If they have Negative CS in Defense, this automatically triggers."
Sleep Powder_pte,Scene x2,7,Grass,,Status,"6, Ranged Blast 2, Hazard, Versatile","All Targets hit by this Attack become Drowsy. Powder Hazards may then be set on the spaces in the range of this Attack until the end of the next Round. Whenever an Enemy triggers this Hazard they become Drowsy or lose a Tick of Hit Points if they're already Drowsy. 

Powder Hazard - Whenever an Enemy passes through or ends their turn on a Powder Hazard the Effect listed is applied. Users with the Breathless Capability ignore this Hazard."
Snap Trap_pte,Scene x2,3,Grass,2d8+10 ,Phys,"Melee, 1 Target","On a 15+, the Target cannot perform a Movement Action during their next Turn. You may perform a Grapple Maneuver against the Target as a Swift Action if desired."
Solar Beam_pte,Scene,4,Grass,2d8+10 ,Spec,"Line X, Set-Up","Charge Effect: If the Weather is Foggy, you cannot use this Charge Effect. If the Weather is Sunny, you instead gain 2 Charge Tokens. 
Resolution Effect: X is equal to 4 plus the number of Charge Tokens you expend. This Attack’s Damage Base is increased by +2 for each Charge Token you expend. Smite"
Solar Blade_pte,Scene,5,Grass,3d8+10 ,Phys,"Melee, Pass, Set-Up","Charge Effect: If the Weather is Sunny, you instead gain 2 Charge Tokens. 
Resolution Effect: For each Charge Token you expend when using this Attack, extend the Pass Range by +1 Space. If you expend at least 3 Charge Tokens and Pass is used, you may change your direction once during the movement. Smite"
Spicy Extract_pte,Scene x2,/,Grass,,Status,"Melee, 1 Target, Versatile","The Target gains +2 CS in Attack or Special Attack. Their Damaging Attacks also gain a 15+ Effect Range to Burn their Targets. This Effect Range is removed after it is Triggered.  "
Spiky Shield_pte,Scene,/,Grass,,Status,"Self, Shield, Trigger","If the user is hit by an Attack, the user may use Spiky Shield as a Standard Action + Reaction. The user and all Adjacent Targets resist the Attack by an additional Damage Step. Additionally if the Attacker was Adjacent to the user, they become Wounded."
Spore_pte,Scene,/,Grass,,Status,"4, 1 Target","The Target becomes Drowsy. Sureshot."
Strength Sap_pte,Scene x2,4,Grass,,Status,"Melee, 1 Target, Versatile","On a hit, the user restores Hit Points or gains Temporary Hit Points equal to the higher of the Target's Attack or Special Attack. The Target loses -2 CS in Attack or Special Attack. Spirit Surge."
Stun Spore_pte,Scene x2,6,Grass,,Status,"6, Ranged Blast 2, Hazard, Versatile","All Targets hit by this Attack become Paralyzed. Powder Hazards may then be set on the spaces in the range of this Attack until the end of the next Round Whenever an Enemy triggers this Hazard they become Paralyzed or lose a Tick of Hit Points if they're already Paralyzed. 

Powder Hazard - Whenever an Enemy passes through or ends their turn on a Powder Hazard the Effect listed is applied. Users with the Breathless Capability ignore this Hazard."
Synthesis_pte,Scene x2,/,Grass,,Status,"Self, Healing, Versatile","The user restores 5 Ticks of Hit Points. If the Field or Space the user is standing on is affected by an Grass Attack or the Weather is Sunny, the user is also cured of a Status Affliction. This cannot be used if there is Weather other than Sunny on the Field."
Syrup Bomb_pte,EOT,5,Grass,2d6+10 ,Spec,"5, 1 Target; or Close Blast 2","On a roll of 17+, the Target becomes Slowed. If this Attack only has one Target, the AC becomes 3."
Trop Kick_pte,EOT,2,Grass,2d6+8 ,Phys,"Melee, 1 Target, Dash","If the Dash Keyword is Activated, the Target loses -2 CS in Defense."
Vine Whip_pte,At-Will,3,Grass,1d8+6 ,Phys,"4, 1 Target","Smite. Grants Threaded"
Twin Rose Beam,Scene x2,4,Grass,2d10+10 ,Spec,"8, 1 Target","On a roll of 15+, the Target gains a Status Affliction. If this effect is triggered, roll a 1d3; on a 1 the Target is Paralyzed; on a 2 the Target is Poisoned; on a 3 the Target becomes Drowsy."
Wild Growth,Scene x2,/,Grass,,Status,"Blessing, Versatile","Blessing - Any user affected by Wild Growth may activate it as a Free Action when using a Grass Type Damaging Attack to grant it the Smite Keyword. If the Attack hits, it hits, it is also increased by one damage step. (Max 1.5x Effectiveness). Wild Growth may be Activated 3 times and then disappears. "
Wood Hammer_pte,Scene x2,2,Grass,3d10+10 ,Phys,"Melee, 1 Target, Recoil 1/3, Reckless","If the Target is smaller than the user, they cannot Trigger Reactions against this Attack."
Worry Seed_pte,Scene x2,3,Grass,,Status,"8, 1 Target","The Target becomes Worried. Worried is considered a Mental Affliction that makes the user immune to becoming Drowsy. While Worried, a Combatant has all of their Abilities Disabled. "
Vine Shield,Scene,/,Grass,,Status,"Self, Shield, Trigger","If the user is hit by an attack, the user may use Vine Shield as a Standard Action + Reaction. The user is instead not hit by the Attack. The user does not take any damage nor are they affected by any of the Attack’s effects. In addition, if the Weather is Sunny, the user restores two Ticks of Hit Points.  "
Aftershock,EOT,5,Ground,2d8+10 ,Spec,"Burst 1, Groundsource","If a Groundsource Attack has been used in this round or the previous round, all Targets cannot apply Evasion against this Attack."
Bone Club_pte,At-Will,2,Ground,2d6+10 ,Phys,"Melee, 1 Target","On a roll of 18+, the Target becomes Wounded."
Bone Rush_pte,EOT,4,Ground,1d8+6 ,Phys,"Melee, 1 Target","If Bone Rush hits at least 4 times, the Target becomes Wounded. Five Strike"
Bonemerang_pte,EOT,5,Ground,1d8+8 ,Phys,"6, 1 Target or 3, 2 Targets","If this Attack only has one Target, it has the Double Strike Keyword. "
Bulldoze_pte,EOT,5,Ground,2d6+8 ,Phys,"Burst 1, Groundsource","All Cover Terrain within 3m may be destroyed. Within GM Discretion, Blocking Terrain within 3m may become Cover Terrain instead."
Drill Run_pte,EOT,3,Ground,2d8+10 ,Phys,"Melee, 1 Target, Dash","Drill Run is a Critical Hit on a roll of 18+. If the Dash Keyword is Activated, on a roll of 15+, the Target becomes Wounded."
Dual Quake,Scene x2,5,Ground,2d10+10 ,Phys,"3, 2 Targets, Full Action, Groundsource","Smite. *Grants Groundshaper"
Dust Cloud,EOT,/,Ground,,Status,"5, Ranged Blast 3, Hazard, Versatile","Dust Cloud creates Smoke Hazards within the Range of this Attack. All Non-Ground and Rock Type Combatants are Vulnerable while on Smoke Hazards created this way

Smoke Hazard - Smoke Hazards break line of sight. Combatants on a Smoke Hazards are treated as Untargetable by all other Combatants that aren't in a contiguous Smoke Hazard. Combatants on a Smoke Hazard treat all Combatants that aren't in a contigous Smoke Hazard as if they were Untargetable. These Effects are ignored by Combatants with Tremorsense or Blindsense. You can still be Untargetable this way even if you were last Round."
Dust Storm,Scene x2,/,Ground,,Status,"Field, Versatile, Weather","The Field becomes Dusty for the next 5 Rounds. While the Field is Dusty, non Ground Type Enemies lose a Tick of Hit Points at the start of their Turn and Ground Type Pokemon gain a Tick of Temporary Hit Points at the start of their Turn. While the Field is Dusty, the Weather becomes Sandstorm."
Dusty Day,Scene x2,/,Ground,,Status,"Field, Blessing, Versatile, Weather","Blessing - Any user affected by Dusty Day may activate it as a Free Action when using a Ground Type Damaging Attack to grant it the Smite Keyword. If the Attack hits, it hits, it is also increased by one damage step. (Max 1.5x Effectiveness). Dusty Day may be Activated 3 times and then disappears. While this Blessing persists, the Weather becomes Sandstorm."
Earth Power_pte,EOT,4,Ground,2d10+10 ,Spec,"6, 1 Target, Groundsource","On a roll of 17+, the Target becomes Tripped. *Grants Groundshaper"
Earth Shard,At-Will,3,Ground,1d8+6 ,Phys,"6, 1 Target, Priority","--"
Earthquake_pte,Scene x2,7,Ground,3d8+10 ,Phys,"Burst 1 or Burst 2 or Burst 3; Full Action, Groundsource","Smite. *Grants Groundshaper"
Headlong Rush_pte,Scene x2,4,Ground,3d12+10 ,Phys,"Melee, 1 Target, Dash, Reckless","If the Dash Keyword is Activated, both the user and the Target lose -3 CS in Defense. Smite. "
High Horsepower_pte,Scene x2,3,Ground,3d8+10 ,Phys,"Melee, 1 Target, Dash","If the Dash Keyword is Activated, High Horsepower has the Smite Keyword."
Landslide,EOT,5,Ground,2d8+10 ,Phys,"6, Ranged Blast 2, Full Action","You may create Blocking Terrain [Breakable - Dense], in all unoccupied spaces in the Range of this Attack. If the user is Large Size+, the Blocking Terrain created this way is Large, otherside it is Small. Spirit Surge."
Magnitude_pte,EOT,6,Ground,,Phys,"Burst 1 or Burst 2; Full Action, Groundsource","When you use Magnitude, roll a d10. Magnitude’s Damage Base is equal to 3+X, where X is the value of the d10.  *Grants: Groundshaper"
Mud Bomb_pte,EOT,4,Ground,2d6+10 ,Spec,"4, 1 Target or Burst 1","This Attack may originate from any Enemy with a Mud Coat. If it does, the Mud Coat is destroyed and they lose a Tick of Hit Points per Mud Counter they had. Spirit Surge"
Mud Hurl,At-Will,2,Ground,1d8+6 ,Spec,"4, 1 Target, Coat","All Targets gain a Mud Coat. 

Combatants with a Mud Coat start with 1 Mud Counter and gain 1 more each time they would gain a Mud Coat while already having one. They have a -1 Penalty to Accuracy for each Mud Counter they have. As a Swift+Movement Action, they may remove 2 of their Mud Counters. If they would ever result in 0 Mud Counters, the Mud Coat is expended."
Mud Shot_pte,At-Will,5,Ground,2d6+8 ,Spec,"Line 3, Coat","All Targets gain a Mud Coat. 

Combatants with a Mud Coat start with 1 Mud Counter and gain 1 more each time they would gain a Mud Coat while already having one. They have a -1 Penalty to Accuracy for each Mud Counter they have. As a Swift+Movement Action, they may remove 2 of their Mud Counters. If they would ever result in 0 Mud Counters, the Mud Coat is expended."
Mud Sport_pte,EOT,5,Ground,,Status,"Burst 1 or Burst 2; Coat, Versatile","All Targets gain a Mud Coat. If this Attack hits and they already had a Mud Coat, roll 1d4 and they gain that many Mud Counters instead.  

Combatants with a Mud Coat start with 1 Mud Counter and gain 1 more each time they would gain a Mud Coat while already having one. They have a -1 Penalty to Accuracy for each Mud Counter they have. As a Swift+Movement Action, they may remove 2 of their Mud Counters. If they would ever result in 0 Mud Counters, the Mud Coat is expended. Spirit Surge"
Mud-Slap_pte,At-Will,5,Ground,1d8+6 ,Spec,"Close Blast 2, Coat","All Targets gain a Mud Coat. 

Combatants with a Mud Coat start with 1 Mud Counter and gain 1 more each time they would gain a Mud Coat while already having one. They have a -1 Penalty to Accuracy for each Mud Counter they have. As a Swift+Movement Action, they may remove 2 of their Mud Counters. If they would ever result in 0 Mud Counters, the Mud Coat is expended."
Quicksand,EOT,4,Ground,2d8+10 ,Spec,"3, 1 Target, Groundsource","On a roll of 15+, the Target becomes Slowed. The Target's Movement Speed is halved until the end of their next Turn. Spirit Surge"
Rototiller_pte,Scene x2,/,Ground,,Status,"Burst 2, Versatile","Create a 5x5 Zone centered on the user. Whenever you or a Bug or Grass Type Ally end their Turn in this Zone, they gain +1 CS to a Stat of their Choice. Spaces in this Zone that were Slow or Rough Terrain become Normal Terrain."
Sand Attack_pte,EOT,/,Ground,,Status,"2, 1 Target, Versatile","The Target becomes Blinded until the end of their next Turn. The Target loses -1 Accuracy. Sureshot."
Sand Cannon,EOT,4,Ground,2d8+10 ,Phys,"6, 1 Target","On a roll of 17+, the Target loses -1 Accuracy. If the Weather is Sandstorm, Sand Cannon has the Smite Keyword."
Sand Pit,EOT,4,Ground,,Status,"4, 1 Target, Groundsource, Versatile","The Target becomes Slowed and is Vulnerable while Slowed this way. On a roll of 15+, they lose -3 Evasion."
Sand Tomb_pte,Scene x2,5,Ground,2d6+8 ,Phys,"4, Ranged Blast 2","After this Attack resolves, create a Zone within the Range of this Attack. All Combatants are Blinded while they’re within this Zone. Unless the Weather is Sandstorm, the Zone lasts until you use a Reaction, use an Attack or Faint. Spirit Surge"
Sandy Terrain,Scene x2,/,Ground,,Status,"Field, Versatile, Weather","The field becomes Sandy for the next 5 Rounds. While the field is Sandy, all spaces are treated as Slow Terrain for Combatants without the Naturewalk (Desert) Capability, and Ground Type attacks ignore Speed Evasion. While the Field is Sandy, the Weather may become Sandstorm."
Scorching Sands_pte,EOT,4,Ground,2d8+10 ,Spec,"4, 1 Target","On a roll of 15+, the Target becomes Burned. If the Weather is Sandstorm, this Effect Range automatically triggers."
Shifting Soil,Scene x2,4,Ground,3d8+10 ,Spec,"6, 1 Target, Groundsource","Slide 2."
Shore Up_pte,Scene x2,/,Ground,,Status,"Self, Healing, Versatile","The user restores 5 Ticks of Hit Points. If the Field or Space the user is standing on is affected by an Ground Attack or the Weather is Sandstorm, the user is also cured of a Status Affliction. This cannot be used if there is weather other than Sandstorm on the Field."
Sinkhole,EOT,/,Ground,,Status,"6, Ranged Blast 3, Hazard, Versatile","Sinkhole creates Sinking Hazards within each Space of this Attack's Range. Combatants with the Naturewalk (Desert) or Naturewalk (Wetlands) Capability are Immune to the Effects of Sinking Hazards created this way.

Sinking Hazards - Spaces with Sinking Hazards are treated as Slow Terrain. Any Combatant who ends their Turn on a Sinking Hazard becomes Slowed and cannot use Bolster Maneuvers while Slowed this way. The Slowed Affliction cannot be cured by Combatants on this Hazard. If any Combatant ends their Turn within 1m of this Hazard, they are Slid into a Space affected by this Hazard."
Spikes_pte,At-Will,/,Ground,,Status,"6, Hazard, Swift Action","Choose 8 Spaces within the Range of this Attack to create Spike Hazards in, such that all 8 Spaces are Adjacent to at least one other Spike Hazard.

Spike Hazards - Spaces with Spike Hazards are treated as Slow Terrain. Any Enemy that passes through a Spike Hazard loses one Tick of Hit Points and cannot gain Hit Points or Temporary Hit Points until the end of the Round."
Stomping Tantrum_pte,EOT,4,Ground,2d8+10 ,Phys,"Melee, 1 Target","If the user's last Attack missed or they are Enraged, Stomping Tantrum is DB 13 instead."
Tectonic Burst,Scene,7,Ground,3d8+10 ,Phys,"8, Ranged Blast 3, Full Action, Groundsource","Tectonic Burst has the Sureshot Keyword against Targets that are Vulnerable, Tripped, Trapped or Slowed. Smite"
Terraform,Scene x2,/,Ground,,Status,"6, Trigger, Groundsource, Versatile","Choose 6 Unoccupied Spaces within the Range of this Attack to create Blocking Terrain in, such that all 6 Spaces are Adjacent to at least one other Blocking Terrain. Blocking Terrain created this way is [Breakable - Fragile]. Terraform may also be used as an Standard Action + Reaction when an Enemy uses a Physical Ranged Attack, in which you must place the Terrain in a way to block the Line of Sight for that Attack. *Grants Groundshaper "
Tremor,At-Will,3,Ground,1d8+6 ,Phys,"6, 1 Target, Groundsource","On a roll of 17+, the Target becomes Tripped. *Grants Groundshaper"
Arctic Quake,Scene x2,7,Ice,3d8+10 ,Phys,"Burst 2, Full Action, Groundsource","If desired, the user may turn all spaces within the range of this Attack into rough terrain. Terrain created this way can be ignored by any combatant with the Naturewalk (Tundra) Capability. Smite. Spirit Surge."
Aurora Beam_pte,EOT,3,Ice,2d6+10 ,Spec,"4, 1 Target","The user may use their Special Defense as the Offensive Stat for this Attack instead of Special Attack."
Aurora Veil_pte,Scene x2,/,Ice,,Status,"Blessing, Versatile","Blessing – Any user affected by Aurora Veil may activate it as a Free Action when receiving Damage to gain DR against it equal to their Tier Value. Aurora Veil may be Activated 3 times, and then disappears. "
Avalanche_pte,EOT,5,Ice,2d8+10 ,Phys,"6, Ranged Blast 2, Full Action","You may create Blocking Terrain [Breakable - Dense], in all unoccupied spaces in the Range of this Attack. If the user is Large Size+, the Blocking Terrain created this way is Large, otherside it is Small. Spirit Surge."
Blizzard_pte,Scene x2,7,Ice,3d10+10 ,Spec,"5, Ranged Blast 3, Full Action","Blizzard Chills all Targets on a roll of 15+. If the Weather is Snowy, Blizzard has the Sureshot Keyword. Smite"
Cleansing Aurora,Scene x2,/,Ice,,Status,"Blessing, Versatile","Blessing - Any user affected by Cleansing Aurora may activate it as a Free Action when gaining a Status Affliction to instead not gain that affliction. Cleansing Aurora may also be Activated as a Swift Action to restore 2 Ticks of Hit Points to the activator or cure an affliction they have. Cleansing Aurora may be Activated three times before disappearing. "
Crystal Slash,EOT,6,Ice,2d8+10 ,Phys,"Melee, Pass","Crystal Slash is a Critical Hit on a roll of 18+. If this Attack is used without activating the Pass Keyword, thiis has the Smite Keyword."
Freeze-Dry_pte,EOT,3,Ice,2d6+10 ,Spec,"6, 1 Target","When calculating Weakness and Resistance for Freeze-Dry, Water Typed Targets calculate damage as if Water was weak to Ice. If the Weather is Snowy or the Target is Water Type, on a Roll of 16+, the Target becomes Chilled."
Frostbite,Scene x2,6,Ice,,Status,"Melee, 1 Target, Versatile","On a Hit, the Target becomes Chilled. On a Miss, the Target becomes Wounded. On a roll of 18+, they gain both. Spirit Surge."
Frost Blast,EOT,6,Ice,2d8+10 ,Spec,"Close Blast 2","On a roll of 16+, all Targets becomes Slowed. If the Weather is Snowy, this may also be used as if it were Close Blast 3."
Frost Breath_pte,EOT,5,Ice,2d6+8 ,Spec,"Line 4","On a roll of 18+, all Targets become Chilled. If the Weather is Snowy or as a Swift+Movement Action, this Attack gains the Smite Keyword."
Frost Typhoon,Scene,7,Ice,3d12+10 ,Spec,"8, Ranged Blast 3, Full Action","On a roll of 16+, all Targets become Chilled. If the Weather is Snowy this has the Smite Keyword. This Attack is a Critical hit on a 17+ against Chilled Targets. "
Frozen Claw,EOT,3,Ice,2d8+10 ,Phys,"Melee, 1 Target","On a roll of 17+, the Target gains the Wounded or Chilled Affliction."
Frozen Rush,EOT,3,Ice,2d8+10 ,Phys,"Melee, 1 Target, Dash","If the Weather is Snowy, or the Dash Keyword is Activated, Frozen Rush has Sureshot against Targets that are Medium or Small Sized."
Frozen Terrain,Scene x2,/,Ice,,Status,"Field, Versatile, Weather","The field becomes Frozen for the next 5 Rounds. While the field is Frozen, Melee Attacks have a 16+ Effect Range to Trip their Target, and Ice Type attacks ignore Speed Evasion. While the Field is Frozen, the Weather may become Snowy."
Glaciate_pte,EOT,6,Ice,2d10+10 ,Spec,"Burst 1 or Burst 2; Full Action","All Targets hit by this Attack have their Movement Value halved until the end of their next Turn. Spirit Surge"
Hail_pte,Scene x2,/,Ice,,Status,"Field, Versatile, Weather","The Field becomes Hailing for the next 5 Rounds. While the Field is Hailing, non Ice Type Enemies lose a Tick of Hit Points at the start of their Turn and Ice Type Pokemon gain a Tick of Temporary Hit Points at the start of their Turn. While the Field is Hailing, the Weather becomes Snowy."
Haze_pte,Scene x2,5,Ice,,Status,"Burst 5, Versatile","Enemies and any Allies of your choice within the Range of this Attack have all of their Stats increased or lowered to their Default CS Value. On a hit, the Target cannot increase their CS for the rest of the Round. Spirit Surge"
Ice Ball_pte,At-Will,5,Ice,1d8+8 ,Phys,"Melee, Pass, Dash ","The user gains 2 Rolled Counters. The user has a bonus to Damage Base for their Dash Attacks equal to their Rolled Counters. While they have Rolled Counters, they do not trigger Attacks of Opportunity when moving. The user loses all Rolled Counters if they miss a Dash Attack. Spirit Surge."
Ice Beam_pte,EOT,4,Ice,2d10+10 ,Spec,"6, 1 Target","On a roll of 19+, the Target becomes Chilled. Smite"
Ice Fang_pte,At-Will,2,Ice,2d6+10 ,Phys,"Melee, 1 Target, Bite","On a roll of 18+, Roll a d2. On a 1, the Target becomes Chilled. On a 2, the Target becomes Wounded."
Ice Hammer_pte,Scene x2,4,Ice,3d10+10 ,Phys,"Melee, 1 Target, Recoil 1/3, Reckless","If the Target is smaller than the user, this has the Sureshot Keyword. Smite"
Ice Punch_pte,At-Will,3,Ice,2d8+10 ,Phys,"Melee, 1 Target, Punch","On a roll of 18+, the Target becomes Chilled."
Ice Shard_pte,At-Will,3,Ice,1d8+6 ,Phys,"4, 1 Target, Priority ","--"
Ice Spinner_pte,EOT,5,Ice,2d6+10 ,Phys,"Burst 1, Dash","If the Dash Keyword is Activated, the user destroys any Cover or Rough Terrain or Hazards they move through or are adjacent to while moving, ignoring their Effects and turning them to Basic Terrain or destroying them."
Icicle Crash_pte,EOT,4,Ice,2d10+10 ,Phys,"6, 1 Target","This may be used as a Full Action to treat its Range as if it were 6, Ranged Blast 2."
Icicle Spear_pte,EOT,5,Ice,1d8+6 ,Phys,"6, 1 Target","If Icicle Spear hits 5 times, the Target becomes Chilled. Five Strike"
Icicle Storm,Scene,7,Ice,3d8+10 ,Phys,"8, Ranged Blast 2, Full Action","If the Weather is Snowy, this gains the Five Strike Keyword. Smite."
Icy Wind_pte,EOT,5,Ice,2d6+8 ,Spec,"Close Blast 2","On a roll of 16+, all Targets become Slowed. If the Weather is Snowy, Icy Wind has the Sureshot Keyword. "
Mist_pte,Scene x2,/,Ice,,Status,"5, Ranged Blast 3, Hazard, Versatile","Mist creates Smoke Hazards within the Range of this Attack. Whenever an Enemy passes through a Smoke Hazard created this way, all of their Stats are raised or lowered to their Default Value. Combatants within a Smoke Hazard created this way cannot have their CS increased or decreased.

Smoke Hazard - Smoke Hazards break line of sight. Combatants on a Smoke Hazards are treated as Untargetable by all other Combatants that aren't in a contiguous Smoke Hazard. Combatants on a Smoke Hazard treat all Combatants that aren't in a contigous Smoke Hazard as if they were Untargetable. These Effects are ignored by Combatants with Tremorsense or Blindsense. You can still be Untargetable this way even if you were last Round."
Powder Snow_pte,At-Will,5,Ice,1d8+6 ,Spec,"Close Blast 2","If the Weather is Snowy, all Targets have a -2 Accuracy Penalty to their next Attack this Round."
Soft Served,Scene x2,/,Ice,,Status,"Melee, 1 Target, Healing, Versatile","The Target restores 5 Ticks of Hit Points."
Snowstorm,Scene x2,/,Ice,,Status,"Blessing, Versatile, Weather","Blessing - Any user affected by Snowstorm may activate it as a Free Action when using a Ice Type Damaging Attack to grant it the Smite Keyword. If the Attack hits, it hits, it is also increased by one damage step. (Max 1.5x Effectiveness). Snowstorm may be Activated 3 times and then disappears. While this Blessing persists, the Weather becomes Snowy."
Thermodrain,EOT,3,Ice,2d6+10 ,Spec,"6, 1 Target","If this Targets a Fire Type Pokemon, they're considered to be Weak to Ice when calculating damage. If the Weather is Snowy or the Target is Fire Type, Thermodrain has the Drain Keyword."
Triple Axel_pte,EOT,5,Ice,2d6+8 ,Phys,"Melee, 1 Target","After attacking with Triple Axel, hit or miss, the user may Slide up to 2m and attack a different Target with Triple Axel. This effect may be repeated a second time, Targeting a combatant that has not been Targeted by either prior attack. Before making each attack roll, the user may choose to not trigger all remaining additional slides and attacks. Triple Axel gains +1 Accuracy and +1 DB for each Attack that is given up. Triple Axel always benefits from the Technician Ability."
Whiteout,Scene x2,/,Ice,,Status,"5, Ranged Blast 3, Versatile","Create a Zone within the Range of the Attack. Any Enemy within this Zone without the Naturewalk (Tundra) Capability must make a CR 4 Perception Check at the start of their Turn or else they become Blinded until the end of their Turn. Spaces in this Zone are treat the Weather as if it were Snowy. If the user Faints, this Zone is removed."
Acupressure_pte,EOT,4,Normal,,Status,"Melee, 1 Target","The Target becomes Vulnerable or Weakened of your choice until the end of the next Round. On a roll of 17+, they instead have both applied for the same duration. If the Target is an Ally, they instead have a Random Stat increased by +2 CS."
After You_pte,Scene x2,/,Normal,,Status,"6, 1 Target ","After You can only be used as a Reaction when you use an Attack against a Single Enemy and it must Target the Ally that is acting alongside you during this Initiative. The Target may immediately use an Attack if they have an Action to do so, resolving it before the Triggering Attack, but it must Target only the Enemy the Triggering Attack Targeted. Their Attack has the Sureshot Keyword. After their Attack resolves, you may finish resolving the Triggering Attack. If they fainted, you do not regain the Action spent to use the Triggering Attack. "
Assist_pte,Scene x2,/,Normal,,Status,"Melee, 1 Target, Swift Action","The Target may choose to perform their next Accuracy Check or Save Check this round twice. "
Attract_pte,Scene x2,/,Normal,,Status,"Burst 2, Social","The user uses a Intrigue Maneuver against all Targets as a Free Action. If the Maneuver Hits, the Target automatically fails the opposed Check. Friendly, Sureshot."
Barrage_pte,EOT,4,Normal,2d6+8 ,Phys,"6, 1 Target ","If this Attack hits, roll 5d20. For each one that resulted in a  Natural 16+, they lose -1 CS in Defense. Smite"
Battle Rage,Scene,/,Normal,,Status,"Self, Versatile","The user gains +3 CS in Attack and becomes Enraged, if not already. This Attack may be used even if the user is Enraged."
Baton Pass_pte,At-Will,/,Normal,,Status,"Self, Movement Action, Versatile","The user is replaced with another Pokémon from their trainer’s roster, performing a full switch. All CS Values and Coats on Baton Pass’ user are transferred to the replacement. The replacement’s default combat stages are ignored in any stat that has CS transferred to it."
Belly Drum_pte,Scene,/,Normal,,Status,"Self, Full Action + Movement Action, Priority","Belly Drum must be declared at the start of a Round as a Priority Free Action. The user then becomes Vulnerable until the end of the Round. At the end of the Round, if you have an Action to do so, you must use Belly Drum as a Full Action + Movement Action. You then gain +6 Attack CS."
Bestow_pte,EOT,/,Normal,,Status,"Melee, 1 Target, Movement Action","This Attack can only Target an Ally. Choose a Item you have equipped or a Stat. If you chose an Item, you unequip that Item and it is moved to the Target's Empty Inventory or Equipment Slot. If you chose a Stat, their CS is increased or decreased to match your CS for the corresponding Stat, then your CS for that Stat is set to its Default Value."
Bide_pte,Scene x2,5,Normal,,Phys,"Burst 1, Set-Up","Charge Effect: Any time you take Damage from an Enemy Attack while you have Charge Tokens for Bide, gain an additional Charge Token for Bide. If the Damage from the Attack caused you to lose at least 50% of your total Hit Points, gain two additional Charge Tokens instead of one.
Resolution Effect: All Targets hit by this Attack lose Hit Points equal to your Tier Value times the number of Charge Tokens expended or half this amount if it misses. Spirit Surge "
Bind_pte,At-Will,2,Normal,1d8+6 ,Phys,"Melee, 1 Target","You may choose to mark the Target with a Bind Mark. While an Enemy has a Bind Mark, whenever they would move, you must Slide into an Adjacent unoccupied space. If you have a higher Weight Class than the Target, they cannot move on their Turn while marked this way. If you would ever enter a space not Adjacent to them, they lose the Bind Mark. You cannot apply Evasion against Attacks derrived from Enemies with your Bind Mark."
Blinding Radiance,Scene x2,/,Normal,,Status,"Field, Versatile, Weather","The Field becomes Radiant for the next 5 Rounds. While the Field is Radiant, non Normal Type Enemies lose a Tick of Hit Points at the start of their Turn and Normal Type Pokemon gain a Tick of Temporary Hit Points at the start of their Turn. While the Field is Radiant, the Weather becomes Sunny."
Block_pte,EOT,3,Normal,,Status,"Melee, 1 Target, Versatile","The Target becomes Marked with a Blocked Mark. While a Combatant with a Blocked Mark is adjacent to the user, if they use an Attack without the Self Range, it must include the user. While a Combatant has a Blocked Mark and are within 3m of you, they are Trapped."
Blood Moon_pte,Scene,5,Normal,4d10+15 ,Spec,"8, Ranged Blast 2, Full Action, Reckless","After Damage Calculations, the user becomes Vulnerable until the end of the next Round. Smite"
Body Slam_pte,EOT,3,Normal,2d10+10 ,Phys,"Melee, 1 Target, Dash","The user may use their Total HP Stat (not Hit Points) as the Offensive Stat instead of the Attack Stat. If the Dash Keyword is Activated, on a 15+, both the user and the Target become Tripped."
Boomburst_pte,Scene,8,Normal,3d12+10 ,Spec,"Burst 2 or Close Blast 3; Full Action, Sonic","All Adjacent Targets become Dazed. Smite, Spirit Surge."
Burning Light,Scene x2,3,Normal,2d6+10 ,Spec,"5, 1 Target","On a roll of 16+, the Target becomes Blinded until the end of their next Turn or Burned. Smite"
Camouflage_pte,EOT,/,Normal,,Status,"Self, Swift + Movement Action, Coat","The user gains a Camouflage Coat. While the user has a Camouflage Coat, they cannot be Targeted by any 1 Target Attacks and have +6 Evasion against all other Attacks. The Camouflage Coat is expended whenever the user is hit with an Attack or performs a non-Movement Action. 
*Grants Blender"
Captivate_pte,EOT,4,Normal,,Status,"Close Blast 2, Social, Versatile","All Targets lose -2 CS in Attack or Special Attack of your choice. On a hit, the Target becomes Entranced or Provoked by you of your choice until the end of their next Turn. Spirit Surge. Friendly."
Chip Away_pte,EOT,3,Normal,2d6+10 ,Phys,"Melee, 1 Target ","The Target loses -1 CS in Defense. If they had Positive CS in Defense, they instead lose -2 CS in Defense. Spirit Surge."
Comet Punch_pte,At-Will,5,Normal,1d6+5 ,Phys,"Melee, 1 Target, Punch","X is equal to the number of times this Attack would hit. Five Strike. Slide X (Away)"
Confide_pte,EOT,/,Normal,,Status,"Melee, 1 Target, Social","The Target loses -2 CS in a Stat of your choice. If the Target of Confide is Targeted by a Manipulate Maneuver during your Turn, it automatically hits but must still perform the opposed Skill Check. Sureshot."
Constrict_pte,At-Will,4,Normal,1d8+8 ,Phys,"Melee, 1 Target","The Target becomes Grappled. If the user is smaller than the Target, they instead become Slowed until the end of their next Turn. "
Conversion_pte,At-Will,/,Normal,,Status,"Self, Versatile","Choose an Attack the user knows. Until the end of the Scene, the user loses all their Types and becomes the Type of the chosen Attack. You may then turn any number of Attacks on your Attack List into the new Type until the end of the Scene. "
Copycat_pte,Scene x2,/,Normal,,Spec,"4, 1 Target","Use the Attack the Target has used on their last turn. You may choose new Targets for the Attack and the Attack may be used as if it were Physical or Special. Sureshot."
Covet_pte,At-Will,2,Normal,2d6+8 ,Phys,"Melee, 1 Target","You may perform a Disarm Maneuver against the Target as a Free Action. If an Item is disarmed and the user has an empty Inventory Slot, they may equip it after Damage Calculations."
Crush Claw_pte,EOT,2,Normal,2d6+10 ,Phys,"Melee, 1 Target","If the Target has Negative Defense CS or is Vulnerable, this Attack is treated as one step more Effective but cannot surpass 1.5x Effectiveness. Its Damage Effectiveness can only be increased this way once per Scene per Target."
Cut_pte,At-Will,5,Normal,1d8+8 ,Phys,"Melee, Pass","On a roll of 15+, the Target becomes Wounded. If this hits a Target that is already Wounded, they lose two Ticks of Hit Points. "
Defense Curl_pte,EOT,/,Normal,,Status,"Self, Coat, Versatile","The user gains +2 CS in Defense and gains a Curled Coat. While the user has a Curled Coat they cannot become Tripped. The user may expend as a Reaction the Curled Coat when using a Melee Attack to treat it as if it had the Sureshot and Slide 3 (Away) Keywords."
Disable_pte,At-Will,/,Normal,,Status,"1 Target, Trigger","Disable can only be used as a Reaction whenever the user is hit by an Attack. The Triggering Attack becomes Disabled after the Attack’s Resolution. Sureshot."
Dizzy Punch_pte,At-Will,2,Normal,2d6+10 ,Phys,"Melee, 1 Target, Punch","On a roll of 16+, the Target becomes Dazed. Dizzy Punch has the Sureshot Keyword if the user is Dazed."
Doodle_pte,Scene,/,Normal,,Status,"6, 3 Targets","When using Doodle, choose 1 of the Targets and a non-Boss or Innate Ability they know. The other Targets of this Attack learn that Ability until the end of the Scene. The user may choose themselves as one Target of this Attack. Sureshot."
Double Hit_pte,EOT,3,Normal,1d8+6 ,Phys,"Melee, 1 Target ","Double Strike."
Double Team_pte,Scene x2,/,Normal,,Status,"Self, Coat, Versatile","The user gains a Double Team Coat. The user may expend an activation of the Double Team Coat as a Free Action when being Targeted by an Attack to gain +3 Evasion against it or when using an Attack to gain a +3 Modifier to their Accuracy Roll. Activations may be expended after seeing the roll result. This Coat may be activated twice, then is removed."
Double-Edge_pte,Scene x2,3,Normal,3d12+10 ,Phys,"Melee, 1 Target, Dash, Recoil 1/3","If the user is at least two Size Categories larger than the Target, this Attack is treated as one step more Effective but cannot surpass 1.5x Effectiveness. If the Dash Keyword is Activated, the Recoil Keyword is ignored."
Double Slap_pte,At-Will,4,Normal,1d6+5 ,Phys,"Melee, 1 Target","If Double Slap hits at least 4 times, the Target becomes Enraged. Five Strike"
Echoed Voice_pte,EOT,4,Normal,,Spec,"3, 1 Target, Sonic","Choose a Sonic Attack used by you or an Ally this Scene. This Attack has the same Damage Base (If any) and Effect the chosen Attack. If no Sonic Attack was used this Scene, the DB for this Attack is 6. You cannot choose the same Attack twice during a Scene."
Egg Bomb_pte,Scene x2,6,Normal,3d8+10 ,Spec,"4, Ranged Blast 2","Any allies that are hit by this Attack gain a Tick of Temporary Hit Points instead of taking damage. Smite"
Encore_pte,Scene x2,4,Normal,,Status,"3, 1 Target, Social, Versatile","This cannot Target an Ally. The Target gains an Encore Coat. While a Target has an Encore Coat, they can only use the last Attack they performed before gaining this Coat. When they use that Attack, it ignores and doesn't expend its Frequency. The Target may expend the Encore Coat as a Swift Action, but then they become Suppressed and that Attack becomes Disabled."
Endure_pte,Scene,/,Normal,,Status,"Self, Trigger","Endure can only be used as a Reaction when the user is hit by a Damaging Attack while they are at 10% Hit Points or higher. The user's hp cannot be reduced below 1 by the Triggering Attack."
Entrainment_pte,Scene x2,/,Normal,,Status,"4, 1 Target","The Target gains one of the user’s Abilities. Boss Abilities or Innate Abilites cannot be gained this way."
Extreme Speed_pte,EOT,3,Normal,2d8+10 ,Phys,"Melee, 1 Target, Dash, Priority","If the Dash or Priority Keyword is Activated, this Attack ignores Speed Evasion."
Facade_pte,EOT,3,Normal,2d6+10 ,Phys,"Melee, 1 Target","This Attack's Damage Base is increased by +3 for each Affliction the user is affected by."
Fake Out_pte,At-Will,5,Normal,1d8+8 ,Phys,"Melee, 1 Target, Priority ","If Fake Out misses the Target, you may perform a Basic Attack against them as a Free Action. Spirit Surge"
False Swipe_pte,EOT,5,Normal,2d6+8 ,Phys,"Melee, Pass","False Swipe cannot Trigger Attacks with the Shield Keyword in response to this Attack. Smite"
Feint_pte,Scene x2,/,Normal,,Status,"Self, Trigger","Feint can only be used as a Reaction when a Target of your Attack uses a Reaction or avoids your Melee Damaging Attack. If they used a Reaction, the Effect they used it for fails and no longer applies, but doesn’t expend its Frequency (Still uses their Reaction). If they avoided the Melee Attack, the Attack is treated as having the Smite Keyword."
Fillet Away_pte,EOT,/,Normal,,Status,"Self, Versatile","The user loses two Ticks of Hit Points, then gains +3 CS in Attack, Special Attack or Speed."
Final Flash,Scene,5,Normal,4d10+10 ,Spec,"Close Blast 2, Full Action, Reckless","After Damage Calculations, lower the Offensive Stat used for this Attack by -2 CS. Smite"
Flail_pte,EOT,5,Normal,2d6+10 ,Phys,"Burst 1","On a roll of 16+, this Attack may be treated as one step more Effective but cannot surpass 1.5x Effectiveness, however the user becomes Dazed after. Smite"
Flash_pte,EOT,5,Normal,,Status,"Close Blast 2, Versatile","Lower the Accuracy of all Targets by -2. On a roll of 16+, all Targets become Blinded until the end of their next Turn. *Grants Glow"
Flashbang,Scene x2,6,Normal,,Status,"Close Blast 2, Versatile","The Target becomes Blinded until the end of their next Turn. On a miss, the Target instead loses -3 Accuracy for their next attack that requires an Accuracy Roll. Spirit Surge"
Focus Energy_pte,EOT,/,Normal,,Status,"Self, Movement Action","The user’s next Attack gains +2 Critical Hit Range. If the Attack has a Melee Range, they instead gain +3 Critical Hit Range and treat the Target as Flanked. Focus Energy can also be used as a Standard Action to gain +2 Critical Hit Range for the rest of the Scene. "
Follow Me_pte,Scene x2,/,Normal,,Status,"Burst 2, Social, Versatile","All Targets become Provoked until the end of their next Turn. Friendly, Sureshot."
Foresight_pte,EOT,/,Normal,,Status,"6, 1 Target, Swift Action","The Target gains a Foresight Mark. The user's Normal and Fighting Type Attacks may deal Damage Ghost Types with the Foresight Mark as if they were Neutral Effectiveness instead of Immune. Sureshot"
Frustration_pte,At-Will,3,Normal,2d6+8 ,Phys,"Melee, 1 Target","Add +3 DB to this Attack for each time the user was hit with an Attack since their last Turn and for each Mental Affliction they're affected by (Max DB 15)"
Fury Attack_pte,At-Will,4,Normal,1d6+5 ,Phys,"Melee, 1 Target","If the user is Enraged, the Target is treated as Vulnerable against this Attack. Five Strike"
Fury Swipes_pte,EOT,4,Normal,1d8+6 ,Phys,"Melee, 1 Target","If Fury Swipes hits at least 4 times, the Target becomes Wounded. Five Strike"
Giga Impact_pte,Scene,5,Normal,4d10+20 ,Phys,"Melee, 1 Target, Full Action, Dash","If this Attack is used through the Dash Keyword and the user is larger than the Target, this Attack is also treated as one step more Effective but cannot surpass 1.5x Effectiveness. Smite"
Glare_pte,Scene x2,4,Normal,,Status,"3, 1 Target, Social, Versatile","The Target becomes Trapped. If this Attack hits, they also become Paralyzed. Spirit Surge."
Growl_pte,EOT,4,Normal,,Status,"Burst 2, Sonic, Social, Versatile","All Targets lose -2 CS in Attack or Special Attack (Choose for each). On a roll of 16+  they become Suppressed. Friendly."
Growth_pte,EOT,/,Normal,,Status,"Self, Versatile","The user gains +2 CS in a Stat of their choice and a Tick of Temporary Hit Points."
Harden_pte,EOT,/,Normal,,Status,"Self, Coat, Versatile","The user’s Defense is raised by +2 CS and the user gains a Hardened Coat. The user may expend the Hardened Coat as a Reaction when hit by a Physical Attack to gain DR against that Attack, equal to the user’s Tick Value."
Headbutt_pte,EOT,2,Normal,2d6+10 ,Phys,"Melee, 1 Target, Dash","On a roll of 16+, the Target becomes Tripped. If the Dash Keyword is Activated, this Attack has the Slide 2 (Away) Keyword."
Head Charge_pte,Scene x2,3,Normal,3d12+10 ,Phys,"Melee, 1 Target, Dash, Recoil 1/3","If the Dash Keyword is Activated, this Attack has the Slide 3 (Away) Keyword and the Recoil Keyword is ignored."
Heal Bell_pte,Scene x2,/,Normal,,Status,"Burst 3, Sonic, Healing, Versatile","Choose Physical or Mental. Allies within the Range of this Attack are cured of all their Afflictions that match your chosen Category."
Helping Hand_pte,EOT,/,Normal,,Status,"4, 1 Target, Versatile","Choose one of the following Effects to apply to the Target.
■ They are cured of a Status Affliction
■ They roll their next Accuracy Roll twice, taking either result
■ Their next Damaging Attack also adds half of your corresponding Attack Stat as a Damage Bonus."
Hidden Power_pte,EOT,5,Normal,2d6+10 ,Spec,"Burst 1","When a Pokémon first obtains the Attack Hidden Power, roll 1d20. Hidden Power’s Elemental Type will be changed from Normal to Bug on a result of 1; Dark on a 2; Dragon on a 3; Electric on a 4; Fairy on a 5; Fighting on a 6; Fire on a 7; Flying on a 8; Ghost on a 9; Grass on a 10; Ground on a 11; Ice on a 12; Normal on a 13; Poison on a 14; Psychic on a 15; Rock on a 16; Steel on a 17; Water on a 18; and on a 19 or 20, reroll until you roll another number. This effect is permanent – if Hidden Power is forgotten and relearned, the chosen Type remains the same."
Hold Hands_pte,Scene x2,/,Normal,,Status,"Melee, 1 Target, Versatile","The Target and the user each have a +4 Bonus to their next Save Check and gain three ticks of Temporary Hit Points."
Horn Attack_pte,At-Will,2,Normal,2d6+10 ,Phys,"Melee, 1 Target, Dash","On a roll of 18+, the Target becomes Wounded. If the Dash Keyword was Activated, it becomes a 15+ Effect Range and this has the Smite Keyword."
Horn Drill_pte,Scene x2,3,Normal,3d8+10 ,Phys,"Melee, 1 Target","The Target becomes Wounded. If the Target is already Wounded, this has a Critical Hit on a 16+."
Howl_pte,EOT,/,Normal,,Status,"Burst 3, Sonic, Versatile","The user and all allies in this Range gain +1 CS in Attack and are cured of one Mental Affliction. "
Hyper Beam_pte,Scene,6,Normal,3d8+10 ,Spec,"Line 4, Full Action, Set-Up","Charge Effect: While the user has Charge Tokens for Hyper Beam their Movement Value is set to 2 and cannot be raised.
Resolution Effect: For each Charge Token expended, increase the Line Range by +2 and the DB by +2. If you expended at least 2, this has the Sureshot Keyword. If you expended at least 3, this is always treated as Super Effective and cannot have its Effectiveness modified. Smite"
Hyper Drill_pte,Scene x2,3,Normal,3d8+10 ,Phys,"Melee, 1 Target","This Attack ignores Damage Reduction and positive CS in Defense and Special Defense. Unstoppable. Smite"
Hyper Fang_pte,At-Will,3,Normal,2d8+10 ,Phys,"Melee, 1 Target, Bite","On a roll of 16+, the Target becomes Wounded."
Hyper Voice_pte,Scene x2,/,Normal,2d8+10 ,Spec,"Close Blast 2, Full Action, Sonic","Slide 2 (Away), Sureshot."
Laser Focus_pte,Scene x2,/,Normal,,Status,"Self, Coat, Versatile","The user gains a Focused Coat. Whenever the user hits a Damaging Attack, this Coat may be expended to treat it as if it were a Critical Hit. "
Last Resort_pte,Scene,4,Normal,4d10+20 ,Phys,"Melee, 1 Target","After this Attack resolves, the user's Hit Points are set to 0 and they Faint. If the user is Surrounded or under 10% of their Maximum Hit Points, Last Resort is a Critical Hit on a roll of 15+. Smite"
Leer_pte,At-Will,/,Normal,,Status,"Close Blast 2, Social, Versatile","All Targets have their Attack or Defense lowered by -2 CS. Friendly, Slide 2 (Away), Sureshot."
Light Daze,Scene x2,5,Normal,,Status,"Close Blast 2 or Burst 1; Versatile","All Targets are Blinded until the end of their next turn."
Lock-On_pte,At-Will,/,Normal,,Status,"10, 1 Target, Versatile","The Target becomes Marked with a Locked Mark. The next Attack that the user uses against the Target that requires an Accuracy Check has the Sureshot Keyword. The user gains +2 to Accuracy Rolls against Combatants with the Locked Mark. Sureshot."
Lovely Kiss_pte,Scene x2,5,Normal,,Status,"6, 1 Target, Social, Versatile","The Target becomes Drowsy. If the Target is Entranced, this Attack has the Sureshot Keyword."
Lucky Chant_pte,Scene x2,/,Normal,,Status,"Blessing, Versatile","Blessing - Any user affected by Lucky Chant may activate it as a Free Action when receiving a Critical Hit or when rolling a 5 or less on a d20. If they would receive a Critical Hit, the Attack instead deals damage as if it was not a Critical Hit. If they rolled a 5 or less, they may reroll it with a +2 Modifier. Lucky Chant may be Activated 3 times and then disappears. "
Luster Shock,EOT,4,Normal,1d8+8 ,Spec,"5, 1 Target ","Double Strike."
Me First_pte,Scene x2,/,Normal,,Status,"Self, Trigger","Me First can only be used as a Reaction when an Enemy Targets the user with an Attack and the user has a higher Speed than them. You may use a Damaging Attack as a Standard Action, but only the Attacker can be a Target of this Attack. After this Attack resolves, the Triggering Attack resolves as normal unless they were to Faint. "
Mean Look_pte,Scene x2,/,Normal,,Status,"3, 1 Targe or Close Blast 3, Social, Versatile","All Targets become Trapped. Sureshot."
Mega Kick_pte,Scene x2,4,Normal,3d12+10 ,Phys,"Melee, 1 Target","If the Target is Vulnerable, Mega Kick has the Sureshot Keyword. Smite"
Mega Punch_pte,At-Will,3,Normal,2d8+10 ,Phys,"Melee, 1 Target, Punch","Smite"
Metronome_pte,At-Will,/,Normal,,Status,"Self, Versatile","Your GM rolls an Attack on the Metronome Roller. The user may then Move with a Movement Action if able, then immediately use that rolled Attack. If the Attack is Damaging, the DB (Including Modifiers) cannot exceed 10. If it were to exceed this, it is treated as being DB 10 and cannot be modified. (Ex: If you’re Tier 1 and roll Earthquake as a Ground Type, it becomes DB 10). If the user can learn Tier 3 Attacks, this restriction is ignored"
Milk Drink_pte,Scene,/,Normal,,Status,"Melee, 1 Target; or Self","The Target restores 5 Ticks of Hit Points."
Mimic_pte,Scene x2,/,Normal,,Spec,"6, 1 Target","Choose an Attack that the Target has used during the encounter. For the remainder of the encounter, that Attack is added to the user’s Move List and may be used as if it were Physical or Special, then the user may immediately use that Attack as a Free Action. Sureshot."
Mind Reader_pte,Scene x2,/,Normal,,Status,"6, 1 Target, Versatile","The Target gains the Forseen Mark. The user cannot miss Combatants with the Forseen Mark and gains +3 Evasion  against attacks from Combatants with the Forseen Mark. Mind Reader cannot Target Combatants with the Mindlock Capability. Sureshot."
Minimize_pte,Scene x2,/,Normal,,Status,"Self, Versatile","Until the end of the start of your next Turn, Enemies have a -6 Accuracy penalty against you and your size is changed to Small. While affected by this, you cannot inflict Damage on Enemies. "
Morning Sun_pte,Scene x2,/,Normal,,Status,"Self, Healing, Versatile","The user restores 5 Ticks of Hit Points. If the Weather is Sunny, the user is also cured of a Status Affliction. This cannot be used if there is weather other than Sunny on the Field."
Noble Roar_pte,EOT,4,Normal,,Status,"Burst 2, Social, Sonic, Versatile","All Targets have their Attack and Special Attack lowered by -2 CS. On a roll of 15+, all Targets may become Provoked by you until the end of their next Turn. Friendly."
Odor Sleuth_pte,EOT,/,Normal,,Status,"Melee, 1 Target, Swift Action","The Target becomes Marked with a Tracked Mark. The user gains +3 Evasion against Combatants with the Tracked Mark. Sureshot. *Grants Tracker"
Pain Split_pte,Scene,/,Normal,,Status,"Shield, Trigger","Pain Split may be used as a Standard Action+Reaction or Reaction when the user is hit by a Damaging Attack. After the Triggering Attack’s Damage Roll, instead of applying resistances and defenses, half the amount rolled. You lose Hit Points equal to the halved amount. If this is used as a Reaction, an Ally within 3m loses Hit Points equal to the halved amount as well and the Frequency of this Attack isn’t expended. If this is used as a Standard Action + Reaction, an Enemy within 3m loses Hit Points equal to the halved amount as well. Sureshot."
Pay Day_pte,EOT,5,Normal,1d8+8 ,Phys,"Close Blast 2","The user may expend $250 to apply any of the effects below. This Effect may be purchased multiple times:
■ The Attack becomes Steel Type
■ The Attack gains +2 Accuracy or Crit Range
■ The Attack's Blast Range increases by +1
■ The Attack's Damage Base increases by +3 (Max 18)"
Perish Song_pte,Scene,/,Normal,,Status,"Burst 15, Sonic","All Targets, Including the user become Marked with a Perish Mark, with a Perish Count of 3. This mark is not removed when user Faints. When a Combatant with a Perish Mark starts their Turn, their Perish Count is lowered by 1. When a Perish Marked Combatant would have a Perish Count of 0, they are set to 0 Hit Points (Or the highest Hit Point value that would cause them to Faint) and the Perish Mark is removed. This HP loss cannot be prevented. This Attack cannot gain the Friendly Keyword. Sureshot"
Play Nice_pte,EOT,3,Normal,,Status,"6, 1 Target, Social, Versatile","The Target loses -2 CS in Attack or Special Attack. If the Target is Entranced with you as the Fixation, you may instead choose to set it to its Default Value."
Population Bomb_pte,Scene x2,5,Normal,1d8+6 ,Phys,"Melee, 1 Target ","When applying the Five Strike Keyword to this Attack, the Maximum number of times it can hit is equal to double your current Mice Tokens. Whenever you would miss with Population Bomb, you may reroll the Accuracy Check. This may be done a number of times per Attack equal to half your current Mice Tokens (Rounded Up). This Attack cannot result in a Critical Hit. When calcuating DB with this Attack, the Five Strike Keyword's cap is +16DB instead of +8DB. Five Strike."
Pound_pte,At-Will,2,Normal,1d8+8 ,Phys,"Melee, 1 Target","Smite"
Present_pte,Scene x2,4,Normal,,Phys,"4, 1 Target, Healing","Roll 2d3, then multiply the added result by your Tier Level. That results becomes the DB of this Attack. If this Targets a willing Ally, this Attack instead heals the Target for 3 Ticks of Hit Points."
Prismatic Shot,EOT,5,Normal,2d8+10 ,Spec,"10, 1 Target; or 4, 2 Targets, Full Action","--"
Protect_pte,Scene x2,/,Normal,,Status,"Self, Trigger, Shield","This Attack can only be used when the user is hit by a Damaging Attack. As a Reaction, they resist it by an additional Damage Step. As a Standard Action + Reaction, the user is instead not hit by the Attack, does not take any damage nor are they affected by any of the Attack’s effects."
Psych Up_pte,Scene x2,/,Normal,,Status,"6, 1 Target, Versatile","The user's Combat Stage Values are replaced with the Values of the Target. Sureshot."
Quick Attack_pte,At-Will,2,Normal,1d8+6 ,Phys,"Melee, 1 Target, Dash, Priority","If the Dash Keyword is Activated, this Attack ignores Speed Evasion."
Radiant Beam,EOT,4,Normal,2d10+10 ,Spec,"6, 1 Target","On a roll of 18+, the Target becomes Dazed. Smite"
Rage_pte,At-Will,2,Normal,1d8+8 ,Phys,"Melee, 1 Target","The user becomes Enraged. Until the end of the next Round, if the user is Enraged, the user gains +1 Attack or Special Attack CS whenever they are damaged by an Attack. Spirit Surge."
Rapid Spin_pte,EOT,5,Normal,1d8+6 ,Phys,"Burst 1","Rapid Spin destroys all non-Blocking Hazards within 3m and removes all Coats the user is affected by. Spirit Surge."
Recover_pte,Scene x2,/,Normal,,Status,"Self, Healing, Versatile","The user chooses to either restore 5 Ticks of Hit Points or become cured of all Physical Afflictions."
Recycle_pte,Scene x2,/,Normal,,Status,"Self, Versatile","The user gains Temporary Hit Points equal to their Maximum Hit Points minus their Current Hit Point Value. Temporary Hit Points gained this way are removed at the start of your next Turn."
Reflect Type_pte,Scene x2,/,Normal,,Status,"5, 1 Target, Swift Action","The user loses all of their Types. Choose a Type that the Target has, then the user becomes that Type. All changes made this way revert at the end of the Scene. Sureshot."
Refresh_pte,Scene x2,/,Normal,,Status,"Melee, 1 Target or Self, Healing, Versatile","Choose one to apply to the Target:
■ Their Negative CS is reset to their Default Value
■ They are cured of a Physical Affliction
■ They remove all Coats they're affected by"
Retaliate_pte,Scene x2,3,Normal,2d6+8 ,Phys,"Melee, 1 Target","This Attack's Damage Base is increased by +3 for each time the user was targeted with an Attack this Round. If an Ally fainted this Round, this has the Sureshot Keyword."
Return_pte,At-Will,3,Normal,,Phys,"Melee, 1 Target","Return's Damage Base is equal to 4 plus two times the number of allies that have hit the Target since the end of this Pokemon's last turn (to a maximum of DB 12)."
Revelation Dance_pte,EOT,4,Normal,2d10+10 ,Spec,"6, 1 Target","Revelation Dance is the same Type as the user’s primary Type (aka the first one in its Pokedex listing)."
Roar_pte,Scene x2,/,Normal,,Status,"Burst 1, Sonic, Social","All Targets lose -1 CS in Attack and Special Attack. X is equal to the Target's Movement Value. Slide X (Away), Sureshot."
Rock Climb_pte,At-Will,3,Normal,2d8+10 ,Phys,"Melee, 1 Target ","At the start of the user's Turn they may declare the usage of Rock Climb. During this Turn when moving, you ignore all Movement Penalties. *Grants Climber"
Round_pte,EOT,5,Normal,2d6+8 ,Spec,"Burst 1, Sonic","If an Attack with the Sonic Keyword was used against the Target this Round, they cannot apply Evasion against this Attack. "
Safeguard_pte,Scene x2,/,Normal,,Status,"Blessing, Versatile","Blessing – Any user affected by Safeguard may activate it as a Free Action when receiving a Status Affliction from an Enemy to instead not gain that Affliction. The user or Allies additionally may use a Swift Action to expend an Activation and become cured of a Status Affliction. Safeguard may be Activated 3 times, and then disappears."
Scary Face_pte,EOT,6,Normal,,Status,"Close Blast 2, Versatile","All Targets become Suppressed. On a 15+, they cannot activate Reactions until the start of your next Turn. "
Scratch_pte,At-Will,5,Normal,1d8+6 ,Phys,"Melee, Pass","On a roll of 18+, the Target becomes Wounded. Smite"
Screech_pte,EOT,5,Normal,,Status,"Burst 1, Sonic, Versatile","All Targets have their Defense lowered by -3 CS. When this Attack hits, all Targets also become Dazed. Friendly, Spirit Surge."
Sharpen_pte,EOT,/,Normal,,Status,"Self, Coat, Versatile","The user’s Attack or Special Attack are raised by +2 CS and the user gains a Sharp Coat. The user may expend the Sharp Coat as a Reaction when your Melee Attack is Resisted by a Target (By Type or Effect). When Expended this way, the Attack becomes one step more Effective against the Target who Resisted it."
Shell Smash_pte,Scene x2,/,Normal,,Status,"Self, Versatile","The user gains +3 CS in Attack, Special Attack, and Speed, then becomes Vulnerable until the end of the next Round."
Shed Tail_pte,Scene ,/,Normal,,Status,"Self, Shield, Trigger","If the user is hit by a Melee Attack, the user may use Shed Tail as a Reaction. The user Resists the Attack by an additional damage step. You may then Disengage as a Free Action. "
Shining Shroud,EOT,/,Normal,,Status,"5, Ranged Blast 3","Create a Zone within the Range of the Attack. Any Enemy without the Blindsense Capability is Blinded while they're in this Zone. This Zone is removed when you Faint or at the end of the next Round, whichever comes first."
Simple Beam_pte,Scene x2,5,Normal,,Status,"Line 5, Versatile","Choose one effect to apply to each Target. A random ability becomes Disabled. Their Attacks become Normal Type until the end of their next Turn. A Stat of the Target is reset to its Default Value."
Sing_pte,Scene x2,7,Normal,,Status,"Burst 1, Sonic, Versatile","All Targets hit by Sing become Drowsy. On a Miss, they instead become Vulnerable against the next Attack that targets them until the end of the next Round. Friendly, Spirit Surge."
Sketch_pte,Scene,/,Normal,,Status,"15, 1 Target","Once Sketch has been used, remove Sketch from the user's Attack List. The last Attack that the Target used is added to the user's Attack List permanently. Sketch cannot be Reacted to or Intercepted. Once used, Sketch is replaced for the user with the added Attack for the purposes of things such as relearning. Sketch cannot be used to gain an Attack unique to a Boss Pokemon or a Legendary Signature Attack. Sureshot."
Skull Bash_pte,Scene x2,4,Normal,3d12+10 ,Phys,"Melee, 1 Target, Set-Up","Charge Effect: The user gains DR equal to their Tier Value until the start of their next Turn. While you have Charge Tokens from this Attack, your Movement Value is halved.
Resolution Effect: This Attack is one step more effective for every 3 Charge Tokens expended (max 1.5x). The user may use their Defense as if it were the Offensive Stat for this Attack. Smite"
Slack Off_pte,Scene x2,/,Normal,,Status,"Self, Healing, Versatile","The user restores 5 Ticks of Hit Points and is cured of a Mental Affliction."
Slam_pte,At-Will,3,Normal,2d8+10 ,Phys,"Melee, 1 Target, Dash","If the Dash Keyword is Activated, this has the Smite Keyword. If the user is larger than the Target, this is a Critical Hit on a roll of 17+. "
Slash_pte,EOT,5,Normal,2d8+10 ,Phys,"Melee, Pass","Slash is a Critical Hit on a roll of 18+. If Slash is used without the Pass Keyword, on a roll of 16+, the Target becomes Wounded."
Sleep Talk_pte,Scene x2,/,Normal,,Status,"Self, Full Action","Sleep Talk may only be used if the user is Drowsy. Choose a different Attack to use as a Free Action, following Frequency as normal. The chosen Attack ignores the effects of Drowsy and isn't resisted."
Smelling Salts_pte,Scene x2,2,Normal,2d6+10 ,Phys,"Melee, 1 Target","If the Target is Paralyzed or Drowsy, Smelling Salts is automatically a Critical Hit. After Damage Calculations the Target is cured of those Afflictions."
Smokescreen_pte,EOT,/,Normal,,Status,"5, Ranged Blast 3, Versatile","Smokescreen creates Smoke Hazards within the Range of this Attack

Smoke Hazard - Smoke Hazards break line of sight. Combatants on a Smoke Hazards are treated as Untargetable by all other Combatants that aren't in a contiguous Smoke Hazard. Combatants on a Smoke Hazard treat all Combatants that aren't in a contigous Smoke Hazard as if they were Untargetable. These Effects are ignored by Combatants with Tremorsense or Blindsense. You can still be Untargetable this way even if you were last Round."
Snore_pte,At-Will,/,Normal,2d8+10 ,Spec,"Burst 1, Sonic, Movement Action","Snore can only be used if the user is Drowsy and is not changed to a Full Action. This cannot be used twice in a Round. Each Turn this is used in succession, you may add +1 to the Burst Range. Sureshot."
Soft-Boiled_pte,Scene,/,Normal,,Status,"Melee, 1 Target; or Self","The Target is cured of all Status Afflictions or restores 3 Ticks of Hit Points"
Solar Eclipse,Scene,/,Normal,,Status,"Field, Weather","Solar Eclipse may only be used if the Weather is Foggy, Mystical or Sunny. For the rest of the Scene while the Weather persists, once per Round, the user and allies may use a Blessing on the Field without expending an Activation. "
Solar Flare_pte,EOT,6,Normal,2d8+10 ,Spec,"Burst 1","If the Weather is Sunny, this Attack may be used as if it were 10, Ranged Blast 3."
Solstice Dance,Scene x2,/,Normal,,Status,"Blessing, Versatile, Weather","Blessing - Any user affected by Solstice Dance may activate it as a Free Action when using a Normal Type Damaging Attack to grant it the Smite Keyword. If the Attack hits, it hits, it is also increased by one damage step. (Max 1.5x Effectiveness). Solstice Dance may be Activated 3 times and then disappears. While this Blessing persists, the Weather becomes Sunny."
Sonic Boom_pte,Scene x2,5,Normal,,Status,"Close Blast 3, Sonic, Versatile","All Targets of this Attack lose 3 Ticks of Hit Points. On a roll of 15+ the Target also becomes Vulnerable until the end of the Round."
Spike Cannon_pte,EOT,5,Normal,1d8+6 ,Phys,"6, 1 Target","If Spike Cannon hits at least 4 times, the Target becomes Wounded. Five Strike"
Spit Up_pte,Scene x2,5,Normal,1d8+8 ,Spec,"4, 1 Target ; or Close Blast 2","The user may expend any number of Stockpile Counters upon declaration of this Attack. For each Counter Expended, increase this Attacks' Damage base by +5. (Refer: Stockpile)"
Splash_pte,EOT,/,Normal,,Status,"Self, Movement Action","The user may perform a Jump Maneuver as a Free Action and cannot Trigger Attacks of Opportunity this way. The user gains +3 Evasion until the start of their next Turn."
Spotlight_pte,Scene,/,Normal,,Status,"3, 1 Target or Self, Versatile","If the Target was an Enemy, they become Vulnerable until the end of the Round. If the Target was the user or an Ally, all Enemies within 2m of the Target become Provoked by them until the end of their next Turn. Sureshot"
Starbeam,At-Will,3,Normal,2d6+8 ,Spec,"6, 1 Target","On a roll of 18+, the Target becomes Dazed. Smite"
Stockpile_pte,At-Will  ,/,Normal,,Status,"Self, Versatile","After this Attack's Resolution, gain +1 Stockpile Counter (Max 3), Choose two different Effects to apply from the following list (You may expend Stockpile Counters to increase any of the Effects by +1 per Counter Expended). The user gains +1 Cs in Defense. The user gains +1 CS in Special Defense. The user gains 2 Ticks of Temporary Hit Points. The user gains 2 Ticks of Hit Points. "
Stomp_pte,EOT,2,Normal,2d6+10 ,Phys,"Melee, 1 Target","Stomp has the Sureshot Keyword against Targets that are smaller than the user. If they're two Size Categories smaller, it is a Critical Hit on a roll of 15+."
Strength_pte,EOT,3,Normal,2d8+10 ,Phys,"Melee, 1 Target","You may immediately initiate a Push Maneuver as a Free Action. The Maneuver automatically hits, but you must still make the Opposed Roll.  "
Stuff Cheeks_pte,Scene,/,Normal,,Status,"Self","Choose two different Effects to apply.
■ The user gains +2 CS in Defense
■ The user gains +2 CS in Special Defense
■ The user gains 3 Ticks of Temporary Hit Points"
Substitute_pte,Scene,/,Normal,,Status,"Self, Coat","The user loses 1/4 of their maximum Hit Points, which cannot be prevented in any way, then creates a Substitute Coat. A substitute coat has HP equal to the amount lost in using this Attack. While affected by a Substitute Coat, you are immune to Status Afflictions and Status Attacks. When hit by an Attack, you subtract from the Substitute coat instead. If the substitute coat runs out of HP, it is expended. Damage does not carry over to the user. This cannot be used if the user has less than 1/4 of their Full Hit Points. "
Sunburst,EOT,/,Normal,,Status,"Burst 1","The user and all Targets gain +1 CS in Attack and Special Attack. If the Weather is Sunny, they gain +2 instead or are also cured of a Status Affliction."
Sunspot,EOT,4,Normal,,Status,"Burst 1; or 5, Ranged Blast 3","All Targets lose -2 CS in Attack and Special Attack. If the Weather is Sunny, they instead lose it in any two different Stats of your choosing."
Super Fang_pte,Scene x2,4,Normal,,Phys,"Melee, 1 Target","Roll 2d3. The Target loses that many Ticks of Hit Points."
Supernova,Scene,7,Normal,3d12+10 ,Spec,"Burst 2, Full Action, Recoil 1/2, Reckless","If the Weather is Sunny, this Attack ignores the Recoil Keyword. Smite"
Supersonic_pte,Scene x2,4,Normal,,Status,"4, 1 Target, Sonic, Versatile","The Target suffers a -3 Penalty to Accuracy Rolls until the end of their next Turn. When this Attack hits, the Target also becomes Dazed. Spirit Surge."
Swagger_pte,EOT,/,Normal,,Status,"Self, Social, Versatile","The user gains +2 CS in Attack or Special Attack and is cured of one Mental Affliction."
Swallow_pte,Scene x2,/,Normal,,Status,"Self","The user restores three Ticks of Hit Points. The user may expend any number of Stockpile Counters to increase this by one Ticks per Counter expended. (Refer: Stockpile)"
Sweet Scent_pte,Scene x2,/,Normal,,Status,"Burst 1, Versatile","All Targets become Entranced. Friendly, Sureshot. *Grants Alluring"
Swift_pte,EOT,/,Normal,1d8+8 ,Spec,"8, Ranged Blast 2","Friendly, Sureshot."
Swords Dance_pte,EOT,/,Normal,,Status,"Self, Versatile","The user gains +2 CS in Attack. Their next Physical Attack gains the Smite Keyword."
Synchronoise_pte,Scene x2,6,Normal,3d12+10 ,Spec,"Burst 3, Full Action","Any Target who does not share a Type with the user resists this Attack by an additional Damage Step. If they're an Ally, they are instead are not damaged."
Tackle_pte,At-Will,2,Normal,1d8+8 ,Phys,"Melee, 1 Target, Dash","When the Dash Keyword is Activated, Tackle has the Smite Keyword. Slide 3 (Away)."
Tail Slap_pte,EOT,2,Normal,2d6+10 ,Phys,"Melee, 1 Target ","If the user is Flanked, this Attack has the Sureshot Keyword."
Tail Whip_pte,EOT,5,Normal,,Status,"Burst 1","You may immediately initiate a Trip Maneuver against all Targets hit by this Attack as a Free Action. The Maneuver automatically hits, but you must still make the Opposed Roll. All Targets who become Tripped this way also lose -3 CS in Defense. Friendly."
Take Down_pte,EOT,2,Normal,2d10+10 ,Phys,"Melee, 1 Target, Dash, Recoil 1/3, Reckless","When the Dash Keyword is Activated and you're larger than the Target, both the user and the Target become Tripped after the Attack's resolution."
Tearful Look_pte,EOT,5,Normal,,Status,"Close Blast 2, Social","For each Target, choose Attack or Special Attack. The Target loses -2 CS in the chosen Stat. When this Attack hits, the user resists the next Damaging Attack the Target makes against them by an additional Step. Friendly, Spirit Surge."
Teatime_pte,Scene,7,Normal,,Status,"Burst 2, Versatile","All Enemies hit by this Attack become Cursed. The user and all Allies within this Range gain two Ticks of Temporary Hit Points. Spirit Surge."
Teeter Dance_pte,Scene x2,6,Normal,,Status,"Burst 1, Dance, Movement Action","All Targets become Dazed. If the user is Dazed, Teeter Dance has the Sureshot Keyword."
Terrain Pulse_pte,EOT,5,Normal,2d8+10 ,Spec,"Close Blast 3 or Burst 1; Full Action","When declaring Terrain Pulse, you may choose a Blessing, Field or Weather Attack that is currently affecting the Field. Terrain Pulse deals damage as if it were the Type of the chosen Attack."
Thrash_pte,Scene x2,5,Normal,3d8+10 ,Phys,"Melee, All Adjacent Enemies, Full Action, Reckless","After Damage Calculations the user becomes Enraged. If the user is already Enraged, this Attack is also treated as one step more Effective but cannot surpass 1.5x Effectiveness. Smite"
Tickle_pte,EOT,4,Normal,,Status,"Melee, 1 Target, Versatile","The Target becomes Weakened until the end of the next Round. This can only affect a target once per scene."
Tidy Up_pte,Scene x2,/,Normal,,Status,"Burst 3, Swift Action","All non-Blocking Hazards within this range destroyed. You may choose to remove any Coat that is applied to the user or an Ally within this range. "
Transform_pte,Scene x2,/,Normal,,Status,"10, 1 Target","The user Targets a Pokemon within 10 meters and assumes the form of the Target. It replaces its Attacks with the Target's, gains the Target's Abilities, and copies the Target's Weight, Height, Size, Type and Capabilities. Transform lasts until the user is switched out, KO'd or until the end of the Scene. The user may choose to end the Transformation on its turn as a Free Action, losing everything it gained and reverting. The user's Stats do not change from using Transform. Transform fails if the GM would determine the Target untransformable such as a Legendary. This Attack cannot be added to anyone's Attack List other than the User by any means. Sureshot."
Tri Attack_pte,Scene x2,7,Normal,2d8+10 ,Spec,"6, 1 Target or 3, 3 Targets","If this Attack only has one Target, as a Full Action, this Attack's Type can either be Electric, Fire or Ice. Smite"
Trump Card_pte,EOT,5,Normal,1d8+6 ,Spec,"Close Blast 2","For each Tick of Hit Point the user is missiing, the DB of this Attack is increased by +1. If the user is Surrounded, this has the Sureshot Keyword."
Uproar_pte,Scene x2,6,Normal,2d10+10 ,Spec,"Burst 1, Sonic","All Combatants within 5 meters of the user are cured of the Drowsy Affliction. Spirit Surge."
Vice Grip_pte,At-Will,3,Normal,1d8+6 ,Phys,"Melee, 1 Target, Full Action","The Target becomes Wounded. "
Weather Ball_pte,EOT,4,Normal,2d10+10 ,Spec,"8, 1 Target","If there is Weather on the Field, you may deal Damage with Weather Ball as if it was a different Type, from the options listed below.
■ Foggy - Dark or Ghost
■ Mystical - Fairy or Psychic
■ Rainy - Ice or Water
■ Snowy - Ice or Water
■ Sandstorm - Ground or Rock
■ Sunny - Fire
■ Thunderstorm - Electric
■ Windy - Flying"
Work Up_pte,EOT,/,Normal,,Status,"Self, Versatile","The user gains +2 CS to a Stat of their Choice and has a +2 Modifier to Accuracy or Save Checks until the end of their turn. "
Wrap_pte,At-Will,3,Normal,1d8+6 ,Phys,"Melee, 1 Target","You may choose to mark the Target with a Wrap Mark. While an Enemy has a Wrap Mark, whenever they use a Movement Action they lose a Tick of Hit Points and whenever they would move, you must Slide into an Adjacent unoccupied space. If you would ever move into a space not Adjacent to them, they lose the Wrap Mark. You cannot apply Evasion against Attacks derrived from Enemies with your Wrap Mark."
Wring Out_pte,Scene x2,3,Normal,3d8+10 ,Spec,"Melee, 1 Target","This has the Sureshot Keyword against Targets that are Trapped or Grappled."
Yawn_pte,Scene x2,/,Normal,,Status,"2, 1 Target, Sonic, Coat, Versatile","The Target becomes Drowsy at the end of their next Turn. Sureshot."
Acid_pte,At-Will,5,Poison,1d8+6 ,Spec,"Close Blast 2","The Target loses -1 CS in Defense or Special Defense, of your choice. Spirit Surge"
Acid Armor_pte,Scene x2,/,Poison,,Status,"Self, Coat, Versatile","The user gains a Toxic Coat. While the user is affected by a Toxic Coat, whenever a Melee Attack hits them, the Attacker become Poisoned. The Toxic Coat can be expended as a Reaction to resist a Physical Attack by an additional Damage step. It also can be expended when the user hits a Special Poison Type Attack to cause all Targets to become Poisoned. "
Acid Breath,EOT,5,Poison,2d6+10 ,Spec,"6, 1 Target; or Line 3","On a Roll of 17+, all Targets become Poisoned. When calculating Weakness and Resistance for Acid Breath, Steel Typed Targets calculate damage as if Steel was weak to Poison and are hit despite normally being Immune."
Acid Rain,Scene x2,/,Poison,,Status,"Field, Versatile","The Field becomes Acidic for the next 5 Rounds. While the Field is Acidic, non Poison Type Enemies lose a Tick of Hit Points at the start of their Turn and Poison Type Pokemon gain a Tick of Temporary Hit Points at the start of their Turn."
Acid Spray_pte,EOT,3,Poison,1d8+6 ,Spec,"4, 1 Target","The Target loses -2 CS in Defense or Special Defense, of your choice. "
Acidic Impact,Scene x2,3,Poison,3d12+10 ,Phys,"Melee, Dash, Recoil 1/3","If the Dash Keyword is Activated or the Target is Poisoned, this has the Smite Keyword."
Assassinate,Scene x2,3,Poison,2d6+10 ,Phys,"Melee, 1 Target","If the Target’s Hit Points are under 50% or they are Poisoned, Assassinate is automatically a Critical Hit"
Baneful Bunker_pte,Scene,/,Poison,,Status,"Self, Shield, Trigger","If the user is hit by an attack, the user may use Baneful Bunker as a Standard Action + Reaction. The user is instead not hit by the Attack. You do not take any damage nor are you affected by any of the Attack’s effects. In addition, if the triggering attack was Melee, the attacker is Poisoned. "
Barb Barrage_pte,Scene x2,6,Poison,1d8+6 ,Phys,"6, 1 Target or Burst 1","If Barb Barrage hits at least 3 times, the Target becomes Poisoned. Five Strike"
Belch_pte,Scene x2,6,Poison,3d8+10 ,Spec,"Close Blast 2, Full Action","If the user was affected by a Consumable Item this Scene, Belch has the Sureshot Keyword. Smite"
Blighted Touch,Scene x2,3,Poison,,Status,"Melee, 1 Target, Versatile","The Target becomes Poisoned. If the Target is already Poisoned you may instead inflict Cursed, Paralyzed or Weakened. If Weakened is chosen it lasts until the end of the Round."
Clear Smog_pte,Scene x2,5,Poison,1d8+6 ,Spec,"Close Blast 2","All Targets have one of their Coats removed of your choice. On a 15+, if this hits, the Target has the CS for all of their Stats set to their Default Value. Spirit Surge"
Coil_pte,Scene x2,/,Poison,,Status,"Self, Coat, Versatile","The user gains the Coiled Coat. While a Combatant has a Coiled Coat, they are Slowed and resist Physical Attacks by an additional Damage Step. The user may expend the Coiled Coat when using a Melee Attack to give it the Sureshot Keyword. Each time the user is hit by an Attack, they must make a TN 8 Save Check or else the Coiled Coat becomes expended."
Corrosive Gas_pte,Scene x2,4,Poison,,Status,"Burst 2 or Close Blast 2; Coat, Versatile","All Targets gain a Corrosion Coat. If a Combatant with the Corrosion Coat would be Immune or Resist Poison Type Attacks, it is treated as Neutral Effectiveness again. Combatants with the Corrosion Coat are no longer Immune to the Poisoned Affliction if they would be. When a Combatant with a Corrosion Coat ends their Turn, they lose -2 CS in Defense."
Cross Poison_pte,EOT,5,Poison,2d6+10 ,Phys,"Melee, Pass","Cross Poison Inflicts Wounded on a roll of 17+. If they're already Wounded they instead become Poisoned."
Dire Claw_pte,EOT,6,Poison,2d8+10 ,Phys,"Melee, Pass","Dire Claw gives the Target a Status Affliction on a roll of 17+. If this effect is triggered, roll 1d3; on a 1 the Target is Paralyzed; on a 2 the Target is Poisoned; on a 3 the Target becomes Wounded."
Gastro Acid_pte,Scene x2,/,Poison,,Status,"4. 1 Target","Choose an Ability on the Target to become Disabled. (The GM reveals the options) Sureshot."
Gunk Shot_pte,Scene x2,6,Poison,3d8+10 ,Phys,"6, Ranged Blast 2","On a roll of 15+, the Target becomes Poisoned. Smite"
Noxious Gas,EOT,5,Poison,1d8+8 ,Spec,"Close Blast 2","All Target have a -2 Accuracy Penalty until the end of their next Turn. Spirit Surge."
Numbing Venom,EOT,4,Poison,2d8+10 ,Spec,"6, 1 Target","You may cure the Target of the Poisoned Affliction. If you do, they become Paralyzed."
Petal Burst,Scene x2,7,Poison,3d8+10 ,Spec,"Burst 1, Full Action","Petal Burst Poisons all Targets hit with this Attack. On all non-Occupied Spaces in the Range of this Attack, Spike Hazards are created. Enemies that Trigger Spike Hazards created this way become Poisoned. Poison Type Pokemon  are Immune to Spike Hazards created this way and may destroy it when Moving over a Space with this Hazard. Smite. Spirit Surge.

Spike Hazards - Spaces with Spike Hazards are treated as Slow Terrain. Any Grounded Enemy that passes through a Spike Hazard loses one Tick of Hit Points and cannot gain Hit Points or Temporary Hit Points until the end of the next Round."
Plague Breath,Scene x2,6,Poison,2d6+10 ,Spec,"Close Blast 3, Full Action","All Targets hit by Plague Breath become Poisoned. If the Target is already Poisoned they instead lose -2 CS to all Stats with Positive CS. Smite"
Poison Dart,EOT,3,Poison,1d8+6 ,Phys,"6, 1 Target, Priority ","--"
Poison Fang_pte,At-Will,2,Poison,2d6+10 ,Phys,"Melee, 1 Target, Bite","On a roll of 17+, Roll a d2. On a 1, the Target becomes Poisoned. On a 2, the Target becomes Wounded."
Poison Gas_pte,EOT,/,Poison,,Status,"5, Ranged Blast 3, Hazard, Versatile","Poison Gas creates Gas Hazards within the Range of this Attack. Gas Hazards created this way also Poison Enemies that are affected by them. The Poisoned Affliction cannot be cured by Combatants standing in Gas Hazards created this way.

Gas Hazards - Any Enemy who ends their Turn on or moves through a Gas Hazard loses one Tick of Hit Points and suffers any additional effects derived from the source. This Effect is ignored by Combatants  with the Breathless Capability. "
Poison Jab_pte,EOT,3,Poison,2d8+10 ,Phys,"Melee, 1 Target","On a roll of 15+, the Target becomes Poisoned."
Poison Powder_pte,Scene x2,4,Poison,,Status,"6, Ranged Blast 2, Hazard, Versatile","All Targets hit by this Attack become Poisoned. Powder Hazards may then be set on the spaces in the range of this Attack until the end of the next Round. Whenever an Enemy triggers this Hazard they become Poisoned or lose a Tick of Hit Points if they're already Poisoned. 

Powder Hazard - Whenever an Enemy passes through or ends their turn on a Powder Hazard the Effect listed is applied. Users with the Breathless Capability ignore this Hazard."
Poison Sting_pte,At-Will,3,Poison,1d8+6 ,Phys,"6, 1 Target","On a roll of 17+, the Target becomes Poisoned."
Poison Tail_pte,EOT,3,Poison,2d6+8 ,Phys,"Melee, 1 Target","On an Even Roll, the Target becomes Poisoned. On an Odd Roll, they become Tripped."
Poisonous Wind,Scene x2,5,Poison,2d8+10 ,Spec,"8, 1 Target","On Even Rolls, all Targets become Poisoned. On Odd Rolls, all Targets become Paralyzed. Spirit Surge"
Purify_pte,Scene x2,/,Poison,,Status,"Melee, 1 Target or Self; Healing","The Target is cured of all their Physical Afflictions. For every Affliction removed, the user restores a Tick of Hit Points."
Shell Side Arm_pte,EOT,4,Poison,2d10+10 ,Spec,"6, 1 Target","On a roll of 17+, the Target becomes Poisoned. You may use either Attack or Special Attack as the Offensive Stat for this Attack. When calculating Damage, you may choose for the Target to apply either their Defense or Special Defense against this Attack, ignoring its Category. "
Sludge_pte,EOT,3,Poison,2d6+8 ,Spec,"6, 1 Target","On a roll of 16+, the Target becomes Poisoned or Slowed."
Sludge Bomb_pte,EOT,4,Poison,2d10+10 ,Spec,"8, 1 Target","On a roll of 16+, the Target becomes Poisoned. Smite"
Sludge Wave_pte,Scene x2,6,Poison,3d8+10 ,Spec,"Burst 1 or Close Blast 2, Full Action","On a roll of 18+, all Targets become Poisoned or Slowed. Smite"
Smog_pte,EOT,5,Poison,1d8+6 ,Spec,"Close Blast 2, Hazard","Smog may create Smoke Hazards within the Range of this Attack. If a Combatant begins or ends their turn in a Smoke Hazard created this way they become Poisoned. Spirit Surge

Smoke Hazard - Smoke Hazards break line of sight. Combatants on a Smoke Hazards are treated as Untargetable by all other Combatants that aren't in a contiguous Smoke Hazard. Combatants on a Smoke Hazard treat all Combatants that aren't in a contigous Smoke Hazard as if they were Untargetable. These Effects are ignored by Combatants with Tremorsense or Blindsense. You can still be Untargetable this way even if you were last Round."
Smog Cloud,Scene x2,/,Poison,,Status,"5, Ranged Blast 3, Hazard","Smog Cloud creates Smoke Hazards within the Range of this Attack. If a Combatant begins or ends their turn in a Smoke Hazard created this way they become Poisoned. 

Smoke Hazard - Smoke Hazards break line of sight. Combatants on a Smoke Hazards are treated as Untargetable by all other Combatants that aren't in a contiguous Smoke Hazard. Combatants on a Smoke Hazard treat all Combatants that aren't in a contigous Smoke Hazard as if they were Untargetable. These Effects are ignored by Combatants with Tremorsense or Blindsense. You can still be Untargetable this way even if you were last Round."
Sulfur Plume,EOT,6,Poison,2d8+10 ,Spec,"Burst 1 ","On a roll of 16+, all Targets become Poisoned. This Attack may also be used as a Full Action to treat its Range as Burst 2."
Toxic_pte,Scene x2,/,Poison,,Status,"4, 1 Target, Versatile","The Target becomes Poisoned and it cannot be cured during their next Turn. Sureshot."
Toxic Mist,Scene x2,/,Poison,,Status,"Blessing, Versatile","Blessing - Any user affected by Toxic Mist may activate it as a Free Action when using a Poison Type Damaging Attack to grant it the Smite Keyword. If the Attack hits, it is also increased by one damage step. (Max 1.5x Effectiveness). Toxic Mist may be Activated 3 times and then disappears. "
Toxic Spikes_pte,EOT,/,Poison,,Status,"6, Hazard, Swift Action","Choose 8 Spaces within the Range of this Attack to create Spike Hazards in, such that all 8 Spaces are Adjacent to at least one other Spike Hazard. Enemies that Trigger Spike Hazards created this way also become Poisoned. Poison Type Pokemon are Immune to Spike Hazards created this way and may destroy it when Moving over a Space with this Hazard.

Spike Hazards - Spaces with Spike Hazards are treated as Slow Terrain. Any Grounded Enemy that passes through a Spike Hazard loses one Tick of Hit Points and cannot gain Hit Points or Temporary Hit Points until the end of the next Round."
Toxic Threads,Scene x2,4,Poison,,Status,"6, 1 Target, Versatile","The Target becomes Slowed and Poisoned. *Grants Threaded"
Toxin Drain,Scene x2,/,Poison,,Status,"Self, Versatile","The user restores 5 Ticks of Hit Points. Additionally, the user may remove the Poisoned Affliction from any Combatant(s) within 3m of them. If they do, they gain two Ticks of Temporary Hit Points per Combatant cured this way."
Toxin Rain,Scene x2,5,Poison,,Status,"6, Ranged Blast 3, Versatile","On a hit, all Targets become Poisoned. After this Attack resolves, create a Zone within the range of this Attack. Whenever a Combatant ends their Turn in this Zone, they become Poisoned. This Zone lasts until you Faint. "
Toxin Splash,At-Will,3,Poison,1d8+6 ,Spec,"6, 1 Target","On a roll of 17+, the Target becomes Poisoned."
Venom Claw,Scene x2,4,Poison,2d6+8 ,Phys,"Melee, 1 Target","On an Even Roll, the Target becomes Poisoned. On an Odd Roll, they become Wounded."
Venom Drench_pte,EOT,/,Poison,,Status,"Close Blast 2, Versatile","All Targets lose -2 CS in a Stat of your Choice. If they're Poisoned, they instead lose -2 CS in two stats of your choice and become Vulnerable until the end of the Round. Sureshot."
Venoshock_pte,Scene x2,3,Poison,2d8+10 ,Spec,"6, 1 Target","If a Target hit by this Attack is Poisoned, you may cure them of the Affliction. If they are cured this way, they lose three Ticks of Hit Points."
Agility_pte,EOT,/,Psychic,,Status,"Self, Versatile","The user gains +2 CS in Speed. Their next Dash Attack gains the Smite Keyword."
Ally Switch_pte,Scene x2,/,Psychic,,Status,"3, 1 Target, Trigger","Ally Switch may be declared when an Enemy hits an Attack as a Standard Action + Reaction. The user chooses one willing ally within 3 meters; the Target and the user switch places. If the ally was a Target of an Attack, the user is now the Target; If the user was a Target of an Attack, the ally is now the Target. "
Amnesia_pte,EOT,/,Psychic,,Status,"Self, Versatile","The user gains +2 CS in Special Defense and is cured of a Mental Affliction"
Barrier_pte,Scene x2,/,Psychic,,Status,"6, Trigger, Versatile","Choose 6 Unoccupied Spaces within the Range of this Attack to create Blocking Terrain in, such that all 6 Spaces are Adjacent to at least one other Blocking Terrain. Blocking Terrain created this way is [Breakable - Fragile]. Barrier may also be used as a Standard Action + Reaction when an Enemy uses a Ranged 1-Target or Line Attack, in which you must place the Terrain in a way to block the Line of Sight for that Attack."
Calm Mind_pte,EOT,/,Psychic,,Status,"Self, Versatile","Choose two different Effects to apply to the user: The user gains +2 CS in Special Attack. The user gains +2 CS in Special Defense. The user is cured of a Mental Affliction"
Cognition Strike,EOT,5,Psychic,1d8+8 ,Phys,"6, 1 Target","Double Strike."
Confusion_pte,At-Will,3,Psychic,1d8+8 ,Spec,"6, 1 Target","On a roll of 19+, the Target becomes Dazed. If the Target has a Mental Affliction this has the Sureshot Keyword."
Cosmic Power_pte,EOT,/,Psychic,,Status,"Self, Versatile","The user gains +2 CS to a Stat of their choice. If the user is in Space Terrain or Mystical Weather, they may instead choose two different Stats to gain +2 CS in."
Dream Eater_pte,Scene x2,/,Psychic,3d8+10 ,Spec,"3, 1 Target","Dream Eater can only Target a Combatant that is Drowsy.  Drain, Sureshot."
Dream Illusion,Scene x2,/,Psychic,,Status,"4, 1 Target","Dream Illusion may only Target a Drowsy Combatant. Choose an Attack from the Target’s Attack List. The Target Pokemon then immediately uses that Attack on Target(s) of your choosing without expending frequency or their Actions. Sureshot."
Eerie Spell_pte,EOT,4,Psychic,2d8+10 ,Spec,"6, 1 Target","If the Target has a Mental Affliction other than Disabled, they have a random Attack Disabled."
Esper Wing_pte,EOT,5,Psychic,2d6+10 ,Spec,"Melee, Pass","The Critical Hit Range for this Attack is extended for each Positive CS in the user’s Special Attack and Special Defense Stat."
Expanding Force_pte,Scene x2,5,Psychic,2d8+10 ,Spec,"Burst 1, Full Action, Groundsource ","If the Field is affected by an Psychic Attack or the Weather is Mystical, Expanding Force may increase its Burst Range by up to +2. Smite"
Extrasensory_pte,EOT,/,Psychic,2d8+10 ,Spec,"3, 1 Target","Sureshot."
Force Dash,EOT,2,Psychic,2d6+8 ,Phys,"Melee, 1 Target, Dash","On a roll of 17+, the Target becomes Dazed. If the Dash Keyword is Activated, Force Dash has the Pass Keyword."
Force Punch,At-Will,3,Psychic,2d8+10 ,Phys,"Melee, 1 Target, Punch","On a roll of 17+, the Target becomes Dazed."
Future Sight_pte,Scene x2,/,Psychic,3d12+10 ,Spec,"10, 1 Target, Priority","Future Sight must be declared as a Priority Action at the start of a Round, choosing the Target but not resolving the Attack. At the end of the Round, the Attack is resolved, even if the user is Fainted. If the Target would faint between then, this Attack does not resolve. Sureshot "
Gravity_pte,Scene x2,5,Psychic,,Status,"Burst 3, Versatile","All Targets become Slowed. While Slowed this way, they cannot use the Flier Capability and Ground Type Immunity as a result of the Flying Type is ignored, being treated as Neutral Effectiveness instead. Friendly."
Guard Split_pte,Scene x2,/,Psychic,,Status,"3, 1 Target","The Target's Defense and Special Defense CS are set to half their current CS Value (Rounded Down). Sureshot"
Guard Swap_pte,Scene x2,/,Psychic,,Status,"5, 1 Target, Swift Action","The user and the Target trade CS values for the Defense Stat, and then for the Special Defense Stat. Sureshot."
Heal Block_pte,EOT,4,Psychic,,Status,"6, 1 Target, Versatile","The Target gains a Heal Mark. Combatants with a Heal Mark cannot restore Hit Points or Temporary Hit Points from any source."
Heal Pulse_pte,Scene x2,/,Psychic,,Status,"6m, 1 Target, Aura, Healing, Versatile","The Target restores 5 Ticks of Hit Points. If the Weather is Mystical, this may also be used as if it were Burst 1."
Heart Stamp_pte,EOT,2,Psychic,2d6+8 ,Phys,"Melee, 1 Target","On a roll of 17+, the Target becomes Entranced. If the Target is Entranced, this has the Sureshot Keyword."
Hypnosis_pte,Scene x2,5,Psychic,,Status,"4, 1 Target, Versatile","On a Hit, the Target becomes Drowsy. If the Target is Adjacent to the user, instead of an Accuracy Check you may perform an opposed Focus Check and if you succeed, they're hit by this Attack."
Imprison_pte,Scene x2,/,Psychic,,Status,"3, 1 Target, Versatile","The Target becomes Trapped and Suppressed. Sureshot."
Instruct_pte,Scene x2,/,Psychic,,Status,"Melee, 1 Target, Full Action","The Target immediately reuses the attack it performed last, ignoring frequency, as a Reaction. They may choose new Targets for the Attack. Instruct may not be used if the Target's last Attack was a Set-Up Attack, a Trigger Attack, or Instruct."
Kinesis_pte,Scene x2,/,Psychic,,Status,"3, 1 Target, Trigger","Kinesis can only be used as a Swift Action + Reaction if the user or an Ally within 3m is about to be hit by a 1-Target Ranged Attack. The Triggering Attack receives an Accuracy Penalty equal to double your Tier Level. This may cause the Attack to miss instead. Sureshot."
Light Screen_pte,Scene x2,/,Psychic,,Status,"Blessing, Versatile","Blessing – Any user affected by Light Screen may activate it as a Free Action when receiving Special Damage to resist the Damage one step. Light Screen may be Activated 2 times, and then disappears."
Lumina Crash_pte,EOT,6,Psychic,2d8+10 ,Spec,"Close Blast 2","Lower the Targets’ Special Defense by -2 CS. On a hit and roll of 18+, Targets become Blinded until the end of their next Turn. Spirit Surge"
Magic Coat_pte,Scene x2,/,Psychic,,Status,"Melee, 1 Target or Self; Coat","The Target gains a Magic Coat. Status Attacks that target Combatants with a Magic Coat suffer a -6 Penalty to Accuracy. The Magic Coat can be expended as a Reaction when hit with a Special Attack to reduce it by one damage step."
Magic Powder_pte,Scene x2,4,Psychic,,Status,"6, Ranged Blast 2, Hazard, Versatile","All Targets hit by this Attack become have a -2 Penalty to their next Save Check.Powder Hazards may then be set on the spaces in the range of this Attack until the end of the next Round. Whenever an Enemy triggers this Hazard they get a -2 Penalty to their next Save Check. 

Powder Hazard - Whenever an Enemy passes through or ends their turn on a Powder Hazard the Effect listed is applied. Users with the Breathless Capability ignore this Hazard."
Magic Room_pte,Scene,/,Psychic,,Status,"Field, Versatile","The area becomes Magical until you Faint. While Magical, all Save Checks suffer a -2 Modifier and whenever a Mental Affliction is gained it cannot be cured by the afflicted combatant's next Save Check."
Meditate_pte,Scene x2,/,Psychic,,Status,"Self, Full Action, Healing; or Self, Movement Action, Healing","The user is cured of all Mental Afflictions if used as a Full Action. If used as a Movement Action the user is cured of a single Mental Affliction."
Mental Boost,Scene x2,/,Psychic,,Status,"Self, Full Action","The user gains +3 CS in Special Attack or Special Defense. This cannot be used if the user has a Mental Affliction"
Migraine,Scene,5,Psychic,3d8+10 ,Spec,"6, 1 Target","On a roll of 15+, the Target becomes Dazed. If the Target has a Mental Affliction, this Effect Range automatically Triggers. Spirit Surge."
Mind Crush,Scene x2,5,Psychic,2d8+10 ,Phys,"10, 1 Target","For every Mental Affliction the Target has, add +4 to Mind Crush's Damage Base (Max DB 20)"
Mind Flay,Scene x2,5,Psychic,3d12+10 ,Phys,"8, 1 Target","Mind Flay is a Critical Hit on a roll of 18+. This is extended by +2 if the Target has a Mental Affliction. Smite"
Miracle Eye_pte,Scene x2,/,Psychic,,Status,"Self, Movement Action","Until the end of the user's Turn, they ignore Special Evasion and whenever they use a Psychic Attack against a Dark Type Pokemon, it is treated as Neutral Effectiveness instead of Immune."
Mirror Coat_pte,Scene x2,/,Psychic,,Status,"6, 1 Target, Trigger","Mirror Coat can only be used as a Standard Action + Reaction whenever you’re hit with a Damaging Special Attack from an Enemy in Range. After the Triggering Attack is resolved, if the user isn’t Fainted, perform this Attack against the Triggering Enemy. The Damage Base is equal to the Triggering Attack’s DB plus double your Tier Level. Sureshot"
Mystical Overload,Scene,5,Psychic,2d6+8 ,Spec,"Burst 1, Recoil 1/2, Set-Up","Charge Effect: If the user is below 50% Hit Points or has a Mental Affliction, they gain an additional Charge Token
Resolution Effect: For each Charge Token Expended, add +1 to the Burst Range or +2 to the DB. Smite"
Power Link,EOT,/,Psychic,,Status,"2, 1 Target","Power Link can only be used as a Reaction whenever an Ally within 2m hits a Damaging Attack. You may choose to either apply your corresponding Offensive Stat towards the Damage Calculations of that Attack instead of its user or grant it a Damage Bonus equal to your Tier Value. "
Power Split_pte,Scene x2,/,Psychic,,Status,"3, 1 Target","The Target's Attack and Special Attack CS are set to half their current CS Value (Rounded Down). Sureshot"
Power Swap_pte,Scene x2,/,Psychic,,Status,"5, 1 Target, Swift Action","The user and the Target trade CS values for the Attack Stat, and then for the Special Attack Stat. Sureshot."
Power Trick_pte,Scene x2,/,Psychic,,Status,"Self, Swift Action","The user's Attack stat and Defense stat or Special Attack and Special Defense are switched for the remainder of the encounter, or until the user is switched out or Fainted."
Psionic Boost,EOT,/,Psychic,,Status,"Self, Versatile","The user gains a Psionic Coat. The user may expend a Psionic Coat when successfully hitting an Psychic Damaging Attack to add its Damage Dice an extra time to the Damage Roll. This applies after any other Damage Base Modifiers such as a Critical Hit. 
Note: If the Damage Base would have the Attack be 2d6+8, this expended Coat turns it into 4d6+16. "
Psionic Bash,EOT,3,Psychic,2d10+10 ,Phys,"Melee, 1 Target, Dash","Psionic Bash may use either Attack or Special Attack as the Offensive Stat. If the Dash Keyword is Activated, this may also choose to use the higher of the the user's Defense or Special Defense as if it were the Offensive Stat. "
Psionic Surge,Scene x2,/,Psychic,,Status,"Blessing, Versatile, Weather","Blessing - Any user affected by Psionic Surge may activate it as a Free Action when using a Psychic Type Damaging Attack to grant it the Smite Keyword. If the Attack hits, it hits, it is also increased by one damage step. (Max 1.5x Effectiveness). Psionic Surge may be Activated 3 times and then disappears. While this Blessing persists, the Weather becomes Mystical."
Psybeam_pte,At-Will,3,Psychic,2d6+10 ,Spec,"6, 1 Target","On a roll of 18+, the Target becomes Dazed. Smite"
Psy Bolt,At-Will,3,Psychic,1d8+6 ,Phys,"6, 1 Target","On a roll of 18+, the Target becomes Dazed. Smite"
Psychic_pte,EOT,4,Psychic,2d10+10 ,Spec,"5, 1 Target","On a roll of 15+, the Target loses -2 CS in Special Defense. Slide 2. Spirit Surge. *Grants Telekinetic. "
Psychic Fangs_pte,EOT,3,Psychic,2d10+10 ,Phys,"Melee, 1 Target, Bite","The Target cannot activate any Reactions or Blessings against this Attack."
Psychic Noise_pte,EOT,5,Psychic,2d6+10 ,Spec,"5, 1 Target or Close Blast 2; Sonic","Until the end of their next Turn, Targets hit by this Attack cannot gain Combat Stages."
Psychic Storm,Scene x2,/,Psychic,,Status,"Field, Versatile, Weather","The Field becomes Psionic for the next 5 Rounds. While the Field is Psionic, non Psychic Type Enemies lose a Tick of Hit Points at the start of their Turn and Psychic Type Pokemon gain a Tick of Temporary Hit Points at the start of their Turn. While the Field is Psionic, the Weather becomes Mystical."
Psychic Terrain_pte,Scene x2,/,Psychic,,Status,"Field, Versatile, Weather","The field becomes Weird for the next 5 Rounds. While the field is Weird, Priority Attacks and Reaction Attacks cannot be Triggered, and Psychic Type attacks ignore Speed Evasion. While the Field is Weird, the Weather may become Mystical."
Psycho Boost_pte,Scene,6,Psychic,4d10+10 ,Spec,"8, Ranged Blast 3, Full Action, Reckless","After Damage Calculations, lower the Offensive Stat used for this Attack by -2 CS. Smite"
Psycho Cut_pte,EOT,3,Psychic,2d6+10 ,Phys,"6, 1 Target","Psycho Cut is a Critical Hit on a roll of 18+."
Psycho Shift_pte,Scene x2,/,Psychic,,Status,"6, 1 Target, Healing","The user is cured of a Status Affliction and the Target is given that Status Affliction. Psycho Shift can only be used if the Target does not have the bestowed Affliction and is not Immune to it. Sureshot."
Psycho Slash,Scene x2,6,Psychic,3d10+10 ,Phys,"Melee, Pass, Dash","Psycho Slash is a Critical Hit on a roll of 18+. If the Dash Keyword is Activated, this has the Sureshot Keyword."
Psyshock_pte,At-Will,4,Psychic,2d8+10 ,Spec,"4, 1 Target","During Damage Calculations, Targets hit by this Attack use their Defense instead of Special Defense when subtracting from the Damage Roll. "
Psywave_pte,EOT,5,Psychic,,Spec,"Close Blast 2 or Burst 1","X is equal to 3 + double your Tier Level. Slide 1 (Away)"
Reflect_pte,Scene x2,/,Psychic,,Status,"Blessing, Versatile","Blessing – Any user affected by Reflect may activate it as a Free Action when receiving Physical Damage to resist the Damage one step. Reflect may be Activated 2 times, and then disappears."
Rest_pte,Scene x2,/,Psychic,,Status,"Self, Healing","The user becomes Drowsy and is cured of all of their other Afflictions. When the Drowsy Affliction is cured, the user restores 5 Ticks of Hit Points. If the user was Drowsy for at least two of their Turns, they instead are reset to Full HP. This cannot be used if the user is Immune to the Drowsy Affliction. "
Role Play_pte,Scene,/,Psychic,,Status,"Melee, 1 Target, Swift Action","The user loses one of their Abilities, then gains one Ability that the Target knows. Both Abilities are chosen at Random and revert when the user is recalled or faints. Boss Abilities or Innate Abilities cannot be gained or lost this way, nor can this be used if the user does not have a legal Ability to lose. Sureshot."
Skill Swap_pte,Scene x2,5,Psychic,,Status,"Melee, 1 Target, Swift Action","When this Attack hits, choose one of your Abilities to lose, then the controller of the Target chooses an Ability for them to lose. Both Targets gain Ability that the other lost for the remainder of the Scene. Boss Abilities cannot be chosen via Skill Swap."
Speed Swap_pte,Scene x2,/,Psychic,,Status,"Melee, 1 Target, Swift Action","The user and the Target trade Speed CS Values. Sureshot"
Stored Power_pte,Scene x2,3,Psychic,1d8+6 ,Spec,"10, 1 Target, Set-Up","Charge Effect: You may lose any number of Positive CS to gain one more Charge Token per 2 CS lost this way. 
Resolution Effect: For each Charge Token expended, increase the DB of this Attack by +2 and the Crit Range by +1. Smite"
Telekinesis_pte,Scene x2,3,Psychic,,Status,"4, 1 Target, Versatile","The AC of this Attack is increased by 3 if the Target is Weight Class 5+. The Target gains a Lifted Mark. While Lifted, they are Vulnerable and cannot move through their own Actions. As a Movement Action, Lifted Combatants can perform a Focus Check opposed by your Focus and if they win, they have the Lifted Mark removed. Each time they would fail this Check, they gain +2d6 to their next Focus Check to cure this (+2d6 then +4d6...)
*Grants Telekinetic"
Teleport_pte,Scene x2,/,Psychic,,Status,"Self, Shield, Trigger","If the user is hit by a non Adjacent Attack, the user may use Teleport as a Standard Action + Reaction. The Triggering Attack misses the user. After this resolves, the user must Teleport to any unoccupied space within 3m. *Grants Teleporter"
Trick_pte,Scene x2,/,Psychic,,Status,"5, 1 Target, Versatile","You may perform a Disarm, Distract, Hinder, Push or Trip Maneuver against the Target, ignoring Range, as a Free Action. The Maneuver Automatically hits and you automatically pass the Opposed Check. This cannot Target the same Enemy more than once per Scene. Sureshot."
Trick Room_pte,Scene,/,Psychic,,Status,"Field, Versatile","For the next 3 Rounds, whenever a Combatant would gain a positive Modifier or increase CS, it becomes a Penalty instead or they lose the same amount of CS instead. If they would lose CS or gain a Penalty, it becomes a bonus instead or they gain the same amount of CS instead. "
Twin Beam_pte,EOT,6,Psychic,1d8+8 ,Spec,"6, 2 Targets; or 6, 1 Target","Twin Beam may deal Normal Type Damage if the user wishes. If Twin Beam has 1 Target, it has the Double Strike Keyword."
Wonder Room_pte,Scene,/,Psychic,,Status,"Field, Versatile","for the next 5 Rounds, the area is considered Wondered. While Wondered, when a combatant deals damage with an attack they may choose if that damage is Physical or Special."
Zen Headbutt_pte,EOT,3,Psychic,2d8+10 ,Phys,"Melee, 1 Target, Dash","If the Dash Keyword is Activated, you may choose which Stat the Target applies towards calculating Damage for this Attack, between Defense or Special Defense."
Accelerock_pte,At-Will,2,Rock,1d8+6 ,Phys,"Melee, 1 Target, Priority ","--"
Ancient Power_pte,EOT,3,Rock,2d6+8 ,Spec,"6, 1 Target","This Attack has a +1 bonus to Accuracy for each Stat the user has Positive CS in. If the user has 3+ CS in any Stat, this may be used as if its Range were 6, Ranged Blast 2, instead."
Ancient Strike,EOT,3,Rock,2d10+10 ,Phys,"Melee, Dash, Recoil 1/3","On a roll of 19+, the user gains +1 CS in all Stats. When the Dash Keyword is Activated, this Effect Range is increased by +3. Smite"
Crystal Cyclone,Scene x2,6,Rock,3d8+10 ,Spec,"8, Ranged Blast 3, Full Action","After this Attack resolves, create a Zone within the Range of this Attack. Enemies are Vulnerable against Rock Type Attacks while they’re within this Zone. Unless the Weather is Sandstorm, the Zone lasts until you use a Reaction, use an Attack or Faint. Spirit Surge"
Crystal Daggers,EOT,6,Rock,1d8+8 ,Spec,"6, 1 Target; or 6, 2 Targets","If this Attack only has one Target, it has the Double Strike Keyword. "
Crystal Prison,Scene x2,4,Rock,3d8+10 ,Spec,"3, 1 Target","The Target becomes Trapped. You may destroy two Stealth Rock Hazards within 5m of the Target to make this Attack gain the Spirit Surge Keyword. Smite"
Crystal Rupture,EOT,5,Rock,2d6+8 ,Spec,"Burst 1, Groundsource","If the Target is on a Hazard or Rough Terrain, Crystal Rupture has the Sureshot Keyword."
Crystalize,EOT,/,Rock,,Status,"Self or Melee, 1 Target; Versatile","The Target gains +2 CS in Defense. The Target also gains DR equal to your Tick Value until the end of your next Turn."
Diamond Dust,Scene x2,/,Rock,,Status,"Blessing, Versatile, Weather","Blessing - Any user affected by Diamond Dust may activate it as a Free Action when using a Rock Type Damaging Attack to grant it the Smite Keyword. If the Attack hits, it hits, it is also increased by one damage step. (Max 1.5x Effectiveness). Diamond Dust may be Activated 3 times and then disappears. While this Blessing persists, the Weather becomes Sandstorm."
Fossilize,Scene x2,/,Rock,,Status,"Melee, 1 Target, Versatile, Coat","The Target gains a Fossilized Coat. While affected by a Fossilzed Coat, the affected Ally may use the user's Defense Stat when calculating Damage or Evasion against Physical Attacks. As a Reaction, you may reduce the damage effectiveness of a Physical Attack by one step, then after the Attack resolves, the Fossilized Coat is expended. "
Geode Beam,EOT,4,Rock,2d10+10 ,Spec,"6, 1 Target","On a roll of 18+, the Target becomes Wounded. Smite"
Gleaming Ore,EOT,6,Rock,2d8+10 ,Spec,"Close Blast 2","If the Weather is Sandstorm or on a Miss, the Target has a -2 Penalty to Accuracy until the end of their next Turn. Spirit Surge"
Head Smash_pte,Scene,5,Rock,4d10+20 ,Phys,"Melee, 1 Target, Full Action, Dash, Recoil 1/3","If the Dash Keyword is Activated, the Target cannot apply Physical Evasion against this Attack. Slide 3 (Away)."
Meteor Beam_pte,Scene,5,Rock,3d8+10 ,Spec,"8, Ranged Blast X, Set-Up","Charge Effect: If the Weather is Rainy, you cannot use this Charge Effect. If the Weather is Sandstorm, you instead gain 2 Charge Tokens. 
Resolution Effect: X is equal to 1 plus the number of Charge Tokens you expend. Smite"
Meteor Shower,Scene x2,6,Rock,3d8+10 ,Spec,"8, Ranged Blast 3, Full Action","After the Attack's Resolution, you may create a 3x3 Zone in the Range of the Attack. At the end of each subsequent Round, you must use Meteor Shower against all Combatants in this Zone as a Free Action, but they resist it an additional damage step. You may remove the Zone as a Swift Action. Spirit Surge. Smite"
Power Gem_pte,At-Will,4,Rock,2d8+10 ,Spec,"6, 1 Target","If the Weather is Sandstorm, this ignores Special Evasion."
Rock Blast_pte,EOT,5,Rock,1d8+6 ,Phys,"6, 1 Target","If Rock Blast hits at least 4 times, the Target becomes Wounded. Five Strike"
Rock Polish_pte,EOT,/,Rock,,Status,"Self, Versatile","Choose two different Effects to apply to the user: The user gains +2 CS in Defense. The user gains +2 CS in Speed. The user is cured of a Physical Affliction."
Rock Slide_pte,Scene x2,6,Rock,2d8+10 ,Phys,"6, Ranged Blast 3, Full Action","If the user is in Mountain or Cave Terrain, Rock Slide has the Sureshot Keyword. Smite"
Rock Throw_pte,At-Will,3,Rock,1d8+8 ,Phys,"6, 1 Target","Smite"
Rock Tomb_pte,EOT,3,Rock,2d6+10 ,Phys,"6, 1 Target","The user may choose up to 3 unoccupied spaces adjacent to the Target to create [Breakable - Fragile] Blocking Terrain in. Spirit Surge"
Rock Wrecker_pte,Scene,5,Rock,4d10+20 ,Phys,"4, 1 Target, Full Action","Rock Wrecker cannot be resisted outside of the Smite Keyword. If the Target is Small, this has the Sureshot Keyword. Unstoppable. Smite"
Rollout_pte,At-Will,5,Rock,1d8+8 ,Phys,"Melee, Pass, Dash","The user gains 2 Rolled Counters. The user has a bonus to Damage Base for their Dash Attacks equal to their Rolled Counters. While they have Rolled Counters, they do not trigger Attacks of Opportunity when moving. The user loses all Rolled Counters if they miss a Dash Attack. Spirit Surge."
Sandstorm_pte,Scene x2,/,Rock,,Status,"Field, Versatile, Weather","The Field becomes Sandstorming for the next 5 Rounds. While the Field is Sandstorming, non Ground or Rock Type Enemies lose a Tick of Hit Points at the start of their Turn and Ground and Rock Type Pokemon gain a Tick of Temporary Hit Points at the start of their Turn. While the Field is Sandstorming, the Weather becomes Sandstorm."
Salt Cure_pte,Scene x2,3,Rock,2d6+10 ,Phys,"3, 1 Target","On a roll of 17+, the Target becomes Wounded. If the Target is Steel or Water Type, this Effect Range automatically triggers."
Smack Down_pte,Scene x2,3,Rock,2d6+10 ,Phys,"8, 1 Target","The Target loses the Flier Capability until the end of the Scene and is no longer Immune to Ground Type Attacks if applicable (Becoming Neutral Effectiveness). These Effects can be removed by the Target if they use both a Swift and Movement Action. On a roll of 16+, the Target becomes Tripped. Spirit Surge"
Stealth Rock_pte,Scene x2,/,Rock,,Status,"6, Hazard, Swift Action","Choose 6 Spaces within the Range of this Attack to create Stealth Rock Hazards in, such that all 6 Spaces are Adjacent to at least one other Stealth Rock Hazard.

Stealth Rock Hazard - Spaces with Stealth Rock Hazards are treated as Rough Terrain. Any Enemy that would move through a space this Hazard occupies or is adjacent to loses a Tick of Hit Points, then this Hazard is destroyed. If the Triggering Enemy would be Weak to Rock Type Attacks, they lose Two Ticks."
Stone Axe_pte,Scene x2,6,Rock,2d8+10 ,Phys,"Line 4 ","On an Even Roll, all Targets become Vulnerable until the end of the next Round. On an Odd Roll, all Targets become Wounded. Smite"
Stone Edge_pte,EOT,4,Rock,3d8+10 ,Phys,"8, 1 Target ","Stone Edge is a Critical Hit on a roll of 17+. Smite"
Stone Pillar,Scene x2,6,Rock,2d10+10 ,Phys,"4, Ranged Blast 2, Groundsource","After this Attack resolves, as a Swift Action, the user may create a [Fragile - Breakable] Blocking Terrain any number of spaces within this Range. Slide 2, Smite. Spirit Surge. *Grants Groundshaper"
Stygian Stone,At-Will,3,Rock,1d8+6 ,Spec,"4, 1 Target","On a roll of 18+, the Target becomes Wounded. Smite"
Subterranean Strike,EOT,6,Rock,2d8+10 ,Phys,"3, 2 Targets, Full Action, Groundsource ","When using this Attack, you may use a Movement Action to treat this as having the Sureshot Keyword. *Grants Burrower"
Tar Blast,Scene,6,Rock,3d8+10 ,Spec,"8, 1 Target or Close Blast 2","All Targets gain a Tar Coat. A Tar Coat is automatically expended upon being hit with a Fire Type attack in order to increase it by one damage step. (Max 1.5x Effectiveness) Spirit Surge."
Tar Shot_pte,Scene x2,5,Rock,,Status,"Close Blast 3, Versatile","All Targets gain a Tar Coat. While a Combatant has a Tar Coat, they are Slowed. A Tar Coat is automatically expended upon being hit with a Fire Type attack in order to increase it by one damage step. (Max 1.5x Effectiveness)"
Terra Burst,Scene x2,6,Rock,2d6+10 ,Phys,"Burst 2, Full Action, Groundsource","After Terra Burst is resolved, you may place 4 Stealth Rock Hazards on any unoccupied space within the range of this Attack. This effect can only occur once per Scene. Spirit Surge.

Stealth Rock Hazard - Spaces with Stealth Rock Hazards are treated as Rough Terrain. Any Enemy that would move through or move within 1m of this Hazard loses a Tick of Hit Points, then this Hazard is destroyed. If the Triggering Enemy would be Weak to Rock Type Attacks, they lose Two Ticks."
Terra Charge,At-Will,2,Rock,1d8+6 ,Phys,"Melee, 1 Target, Dash","If the Dash Keyword is Activated, this Attack has the Smite Keyword. Slide 2 (Away)."
Wide Guard_pte,Scene x2,/,Rock,,Status,"Burst 1, Shield, Trigger","If an Ally adjacent to the user is hit by a Physical Attack, you may use Wide Guard as a Reaction. All Targets adjacent to Wide Guard’s user, may use the user's Defense when resolving Damage Calculations."
Anchor Shot_pte,EOT,3,Steel,2d8+10 ,Phys,"Melee, 1 Target","The Target becomes Trapped. Spirit Surge"
Alloy Beam,At-Will,3,Steel,1d8+6 ,Spec,"4, 1 Target","The user may also use their Attack Stat as if it were the Offensive Stat when resolving this Attack."
Autotomize_pte,EOT,/,Steel,,Status,"Self, Swift Action","Choose two Stats other than HP. One of the chosen Stats is lowered to +0 CS, then the other chosen Stat gains CS equal to the amount of CS lowered this way. The user’s Weight Class is lowered to 1 for the rest of the Scene."
Bullet Punch_pte,At-Will,2,Steel,1d8+6 ,Phys,"Melee, 1 Target, Priority, Punch","--"
Execution,Scene x2,3,Steel,2d6+10 ,Phys,"Melee, 1 Target","If the Target’s Hit Points are under 50% or are Wounded, Execution is automatically a Critical Hit"
Ferrous Flash,Scene x2,6,Steel,3d12+10 ,Spec,"Close Blast 2, Full Action","Ferrous Flash lowers the Accuracy of all Targets by -1."
Flash Cannon_pte,EOT,4,Steel,2d8+10 ,Spec,"6, 1 Target, Set-Up","Charge Effect: The user may use a Movement Action as well as a Swift Action to gain 2 Charge Tokens instead. 
Resolution Effect: This Attack may ignore the Set-Up Keyword if desired and be used without expending Charge Tokens. If you expend a Charge Token when using Flash Cannon, the Range becomes Line X, where X is the number of Charge Tokens expended multiplied by 3. Smite"
Gear Grind_pte,EOT,4,Steel,1d8+8 ,Phys,"Melee, 1 Target","Double Strike."
Gear Up_pte,Scene x2,/,Steel,,Status,"Self, Versatile","The user may swap as many of their Stat Combat Stage Values as they wish. Then, any Stats with Negative CS are raised to its Default Value."
Gigaton Strike,EOT,7,Steel,4d10+15 ,Phys,"Close Blast 3, Full Action, Reckless","Until the end of the next Round, all Attacks against the user automatically hit and cannot be resisted by any means. Smite"
Gyro Ball_pte,Scene x2,3,Steel,2d8+10 ,Phys,"Melee, 1 Target, Dash","If the Dash Keyword is Activated, this Attack ignores Speed Evasion."
Heavy Slam_pte,EOT,3,Steel,1d8+6 ,Phys,"Melee, 1 Target ","For each weight class the user is above the Target, increase Heavy Slam's Damage Base by +2."
Inertial Throw,EOT,3,Steel,2d6+8 ,Spec,"6, 1 Target","The user may Slide the Target a number of Meters equal to 6 minus their Weight Class."
Iron Blade,EOT,6,Steel,2d10+10 ,Phys,"Melee, Pass, Dash","Iron Blade is a Critical Hit on a roll of 18+, or a 16+ if the Dash Keyword is Activated."
Iron Coating,Scene x2,/,Steel,,Status,"Melee, 1 Target or Self; Coat, Versatile","The Target gains an Iron Coat. While a Combatant has an Iron Coat, they gain Damage Reduction equal to your Tick Value. Whenever the Target takes damage they reduce the DR gained this way -5 after Damage Calculations. The Coat is expended when the DR gained this way goes to 0 or lower."
Iron Defense_pte,EOT,/,Steel,,Status,"Self, Versatile","Raise the user's Defense by +2 CS and is cured of a Physical Affliction."
Iron Head_pte,EOT,3,Steel,2d8+10 ,Phys,"Melee, 1 Target, Dash","If the Dash Keyword is Activated, they cannot apply Physical Evasion against this Attack. Smite"
Iron Jaw,EOT,3,Steel,2d8+10 ,Phys,"Melee, 1 Target, Bite","The Target loses -2 CS in Defense. On a roll of 17+, the Target becomes Wounded. Spirit Surge."
Iron Spikes,EOT,/,Steel,,Status,"6, Hazard, Swift Action","Choose 8 Spaces within the Range of this Attack to create Spike Hazards in, such that all 8 Spaces are Adjacent to at least one other Spike Hazard. Enemies that Trigger Spike Hazards created this way also become Wounded.

Spike Hazards - Spaces with Spike Hazards are treated as Slow Terrain. Any Enemy that passes through a Spike Hazard loses One Tick of Hit Points and cannot gain Hit Points or Temporary Hit Points until the end of the next Round."
Iron Tail_pte,Scene x2,3,Steel,3d8+10 ,Phys,"Melee, 1 Target, Dash","If the Dash Keyword is Activated, the user may use their Defense as if it were the Offensive Stat for this Attack. If the user is Huge Sized, this Attack may also be used as if it were Close Blast 2. Smite"
Kinetic Strike,Scene x2,3,Steel,3d8+10 ,Phys,"Melee, 1 Target","Calculate the difference in Weight Class between the user and the Target. If the user is heavier by less than 3 WC, this has the Smite Keyword. If they're heavier by 3 or more WC, this has Sureshot and is a Critical Hit on 17+."
King's Shield_pte,Scene,/,Steel,,Status," Self, Shield, Trigger","If the user is hit by an attack, the user may use King’s Shield as a Standard Action + Reaction. The user is instead not hit by the Attack. You do not take any damage nor are you affected by any of the Attack’s effects. In addition, if the triggering attack was Melee ranged, the attacker’s Attack is lowered by -2 CS.  "
Magnet Bomb_pte,EOT,/,Steel,2d6+8 ,Spec,"8, 1 Target","Sureshot. *Grants Magnetic"
Magnetic Grip,Scene x2,4,Steel,2d8+10 ,Spec,"3, 1 Target","The Target becomes Trapped. On a roll of 17+, the Target becomes Slowed. If the Target has the Magnetic Capability this Effect Range is automatically triggered."
Magnetic Pulse,EOT,5,Steel,2d6+10 ,Spec,"8, 1 Target or Burst 1; Aura","All Steel Type Enemies within 3m of the Target become Slowed or Trapped. Spirit Surge. *Grants Magnetic"
Magnetic Storm,Scene x2,/,Steel,,Status,"Field, Versatile","The Field becomes Magnetic for the next 5 Rounds. While the Field is Magnetic, non Steel Type Enemies lose a Tick of Hit Points at the start of their Turn and Steel Type Pokemon gain a Tick of Temporary Hit Points at the start of their Turn."
Magnetic Surge,Scene x2,/,Steel,,Status,"Blessing, Versatile","Blessing - Any user affected by Magnetic Surge may activate it as a Free Action when using a Steel Type Damaging Attack to grant it the Smite Keyword. If the Attack hits, it hits, it is also increased by one damage step. (Max 1.5x Effectiveness). Magnetic Surge may be Activated 3 times and then disappears. "
Make It Rain_pte,Scene,7,Steel,2d6+10 ,Spec,"7, Ranged Blast 5","Upon Declaration of this Attack, roll 3d10. For each result that is 7 or above, apply the following. 
1+ - This has the Smite Keyword
2+ - This has the Friendly Keyword
3+ - This has the Sureshot Keyword"
Metal Burst_pte,Scene x2,/,Steel,,Phys,"Burst 1,Trigger","Metal Burst can only be used as a Standard Action + Reaction when the user is hit by a Damaging Attack. The Damage Base of this Attack is equal to the Triggering Attack. The user may use their Defense as if it were the Offensive Stat for this Attack. Sureshot"
Metal Claw_pte,At-Will,5,Steel,1d8+6 ,Phys,"Melee, Pass","On a Roll of 18+, the Target becomes Wounded. If the Pass Keyword wasn't Activated, this has the Smite Keyword."
Metal Sound_pte,EOT,5,Steel,,Status,"Burst 1, Sonic, Versatile","All Targets have their Special Defense lowered by -3 CS. When this Attack hits, all Targets also become Dazed. Friendly."
Metal Swipe,EOT,3,Steel,2d6+8 ,Phys,"Melee, 1 Target","If the user's Weight Class is 3 or lower, Metal Swipe has the Priority and Pass Keyword. If the user's Weight Class is 4 or higher, Metal Swipe gains the Smite Keyword and may be used as if it were Close Blast 2. "
Metallurgy,Scene x2,/,Steel,,Status,"Self, Coat, Versatile","The user gains a Metallic Coat. While the user has a Metallic Coat, they gain a Temporary Tick of Hit Points at the end of each of their turns. The Metallic Coat can be expended as a Reaction when the user is hit by a Physical Attack to resist that attack two steps further."
Meteor Mash_pte,EOT,4,Steel,2d10+10 ,Phys,"Melee, 1 Target, Full Action, Punch","The user gains +1 CS in Attack. Spirit Surge"
Mirror Shot_pte,EOT,5,Steel,2d6+10 ,Spec,"6, Ranged Blast 2","On a roll of 17+, all Targets lose -1 Accuracy."
Overclock,Scene x2,/,Steel,,Status,"Self, Versatile","The user becomes Suppressed. If they do, they gain +3 CS to two stats of their choice."
Plasma Beam,EOT,4,Steel,2d10+10 ,Spec,"8, 1 Target","On a roll of 18+, the Target becomes Burned or Paralyzed. Smite"
Scrap Shield,Scene x2,/,Steel,,Status,"Self, Swift Action","All Hazards within 1m of the user are destroyed, then the user gains a Scrap Coat. Whenever the user is hit by an Adjacent Enemy they may expend the Scrap Coat, then apply the effects of one of the destroyed Hazards to the Triggering Enemy. "
Shell Shelter,Scene,/,Steel,,Status,"Melee, 1 Target, Free Action","Shell Shelter must be used as a Free Action using the Intercept Maneuver on an Ally that was Adjacent to you. After the Triggering Attack Resolves, the Ally you intercepted for becomes Untargetable until you use another Action or either of you are no longer Adjacent to one another."
Shift Gear_pte,Scene,/,Steel,,Status,"Self, Movement Action","Choose two Stats and swap their CS Value. The user becomes Slowed."
Shrapnel Shot,EOT,3,Steel,2d6+10 ,Phys,"6, 1 Target","On a roll of 15+, choose an Enemy within 2m of the Target. The chosen Enemy becomes Wounded."
Slice,At-Will,3,Steel,1d8+6 ,Phys,"Melee, 1 Target","On a roll of 18+, all Targets become Wounded. This Attack may be used as a Full Action to treat the Range as if it were Close Blast 2."
Smart Strike_pte,EOT,/,Steel,2d6+8 ,Phys,"Melee, 1 Target","Sureshot."
Spin Out_pte,Scene,6,Steel,4d10+10 ,Phys,"Line 8, Dash, Reckless","After this Attack resolves, the user Slides to the further unoccupied space in the Range of this Attack. If Spin Out is used through the Dash Keyword, this has the Smite Keyword. After Damage Calculations, the user becomes Slowed."
Steel Beam_pte,Scene,6,Steel,4d10+10 ,Spec,"Close Blast 3, Full Action","After Damage Calculations, lower the Offensive Stat used for this Attack by -2 CS. Smite"
Steel Roller_pte,Scene,7,Steel,3d12+10 ,Phys,"Melee, Pass, Dash","Steel Roller may be declared at the start of the user's Turn, but must activate the Dash Keyword to do so. If you do, any spaces you move through and all spaces adjacent to them have Hazards and Cover Terrain destroyed. Smite. Spirit Surge."
Steel Wing_pte,EOT,6,Steel,2d8+10 ,Phys,"Melee, Pass ","The user may use their Defense as if it were the Offensive Stat for this Attack."
Aqua Cutter_pte,EOT,3,Water,2d6+10 ,Phys,"6, 1 Target","Aqua Cutter is a Critical Hit on a roll of 18+"
Aqua Fist,Scene x2,3,Water,2d8+10 ,Phys,"Melee, 1 Target","If the Weather is Rainy, the Target cannot apply Physical Evasion against this Attack."
Aqua Infusion,Scene x2,/,Water,,Status,"6, 1 Target, Coat, Versatile","The Target gains 2 activations of a Aqua Infusion Coat. The Target can activate Aqua Infusion once per Round to cure one of their Status Afflictions, gain two Ticks of Temporary Hit Points, or reset a Stat to its Default CS Value."
Aqua Jet_pte,At-Will,2,Water,1d8+6 ,Phys,"Melee, 1 Target, Priority","--"
Aqua Ring_pte,Scene x2,/,Water,,Status,"4, 1 Target or Self; Coat","The Target gains an Aqua Ring Coat. Combatants affected by an Aqua Ring Coat gain a Tick of Hit Points at the start of their Turn. Aqua Ring Coats may be expended as a Swift Action to cure themselves of a Physical Affliction. "
Aqua Slap,At-Will,5,Water,1d8+6 ,Phys,"Close Blast 2","On a roll of 18+, the Target becomes Blinded until the end of their next Turn."
Aqua Step_pte,EOT,3,Water,2d8+10 ,Phys,"Melee, 1 Target","The user may use a Disengage Maneuver as a Free Action  after resolving the Attack. If they do so, the user's Speed is increased by +1 CS"
Aqua Tail_pte,EOT,6,Water,2d10+10 ,Phys,"Melee, Pass or Close Blast 2","If the Weather is Rainy or this Attack has one Target, this has the Smite Keyword."
Brine_pte,EOT,4,Water,2d8+10 ,Spec,"6, 1 Target","If the Target has a Physical Affliction, they’re Vulnerable against this Attack and cannot use Reactions in response to it. "
Bubble_pte,At-Will,3,Water,1d8+6 ,Spec,"6, 1 Target","On a roll of 16+, the Target have a -2 Accuracy Penalty to their next Attack. Smite"
Bubblebeam,At-Will,5,Water,2d6+10 ,Spec,"4, 1 Target or Line 3","On a roll of 16+, the Target have a -2 Accuracy Penalty to their next Attack. Smite"
Chilling Water_pte,EOT,3,Water,2d6+10 ,Spec,"6, 1 Target","When calculating Weakness and Resistance for Chilling Water, Water Typed Targets calculate damage as if Water was weak to Water. On a roll of 18+, the Target becomes Chilled."
Clamp_pte,Scene x2,2,Water,,Static,"Melee, 1 Target","The Target becomes Slowed and it cannot be cured other than thorugh this Effect. While Slowed this way, the user is Provoked by the Target and whenever the Target moves, the user Slides into an adjacent space. If the user is in a space that isn't adjacent to the Target, the Target becomes cured of the Slowed Affliction. "
Crabhammer_pte,Scene x2,3,Water,3d10+10 ,Phys,"Melee, 1 Target, Recoil 1/3, Reckless","If the Target is smaller than the user, this has the Sureshot Keyword."
Fishious Rend_pte,Scene x2,3,Water,2d10+10 ,Phys,"Melee, 1 Target, Bite","Unstoppable"
Fin Swipe,EOT,5,Water,2d6+8 ,Phys,"Melee, Pass, Dash","If the Dash or Pass Keyword are Activated, this Attack ignores Speed Evasion."
Flip Turn_pte,At-Will,2,Water,2d6+10 ,Phys,"Melee, 1 Target, Dash","After Damage Calculations, the user may Disengage as a Free Action or they may perform a Full Switch as a Free Action."
Geyser Surge,Scene x2,4,Water,3d8+10 ,Phys,"2, 1 Target","Geyser Surge Burns on a roll of 15+. This has the Sureshot Keyword against any Targets with the Flier Capability."
Hydro Cannon_pte,Scene,7,Water,4d10+20 ,Spec,"Line 9, Full Action ","All Hazards or Cover Terrain in the Range of this Attack are destroyed. Slide 6 (Away). Smite. Spirit Surge."
Hydro Cleanse,Scene x2,/,Water,,Status,"6, 1 Target, Healing, Versatile","The Target gains Three Ticks of Hit Points and is cured of one Physical Affliction. If the Weather is Rainy, the cured Affliction may also be Mental.  "
Hydro Pump_pte,Scene x2,6,Water,3d10+10 ,Spec,"Line 6, Full Action","Any Hazards or Cover Terrain in the range of Hydro Pump are destroyed. Slide 4 (Away). Smite. Spirit Surge"
Jet Punch_pte,EOT,2,Water,2d6+10 ,Phys,"Melee, 1 Target, Dash, Priority  ","If the Target Attacked an Ally with a Damaging Attack since your last Turn, they cannot apply Physical Evasion against this Attack"
Life Dew_pte,Scene x2,/,Water,,Status,"Burst 1, Healing, Versatile","The user and all allies within this Range restore Hit Points equal to your Tick Value multiplied by 3."
Liquidation_pte,EOT,3,Water,2d10+10 ,Phys,"Melee, 1 Target","If the Weather is Rainy, the Target cannot activate any Blessings or Reactions against this Attack."
Muddy Water_pte,EOT,6,Water,2d10+10 ,Spec,"Close Blast 2","All Hazards in the Range of this Attack are destroyed. On a roll of 16+, all Targets lose -1 Accuracy. Spirit Surge."
Octazooka_pte,EOT,3,Water,2d6+10 ,Spec,"6, 1 Target","On a roll of 17+, the Target gains an Ink Coat. Enemies with an Ink Coat have a penalty to Accuracy equal to your Tier Level. Ink Coats may be removed as a Swift+Movement Action."
Rain Dance_pte,Scene x2,/,Water,,Status,"Blessing, Versatile, Weather","Blessing - Any user affected by Rain Dance may activate it as a Free Action when using a Water Type Damaging Attack to grant it the Smite Keyword. If the Attack hits, it hits, it is also increased by one damage step. (Max 1.5x Effectiveness). Rain Dance may be Activated 3 times and then disappears. While this Blessing persists, the Weather becomes Rainy."
Razor Shell_pte,EOT,3,Water,2d8+10 ,Phys,"Melee, 1 Target, Dash","On a roll of 18+, the Target becomes Wounded. If the Dash Keyword is Activated, this Effect Range is increased by +2."
Riptide,Scene,4,Water,3d10+10 ,Phys,"3, 1 Target","On a 15+ or if the Weather is Rainy, the Target becomes Slowed. Smite"
Scald_pte,EOT,4,Water,2d8+10 ,Spec,"5, 1 Target","On a roll of 15+, the Target becomes Burned. If applicable, the user and Target are cured of the Chilled Affliction."
Slipstream,EOT,2,Water,2d6+10 ,Phys,"Melee, 1 Target, Priority  ","If the Weather is Rainy, Slipstream can be declared at the start of the user’s turn. If done this way the user does not provoke Attacks of Opportunity this round when moving to use Slipstream. "
Snipe Shot_pte,EOT,4,Water,2d8+10 ,Spec,"10, 1 Target","Snipe Shot is a Critical Hit on a roll of 18+. If the Target is at least 6m away from you and you expend a Movement Action, this gains the Sureshot Keyword."
Soak_pte,Scene x2,/,Water,,Status,"Close Blast 3, Coat, Versatile","All Targets gain a Saturated Coat. While Saturated, all Electric and Ice Attacks are one step more effective against them and all attacks gain a +2 to Effect Ranges for Paralyzing or Chilling the Saturated Combatant. The Coat is removed when they become Chilled, become Paralyzed or are hit by an Electric or Ice Type Damaging Attack. Sureshot."
Sparkling Aria_pte,EOT,6,Water,2d8+10 ,Spec,"Burst 1, Sonic","Allies within the Range of this Attack do not take damage and may become cured of Burned or a Mental Affliction."
Spiral Drain,EOT,4,Water,2d6+8 ,Spec,"6, 1 Target","Drain."
Steam Blast,EOT,6,Water,2d8+10 ,Phys,"Close Blast 2","Steam Blast cannot Miss against Targets that are Burned"
Steam Cloud,EOT,/,Water,,Status,"5, Ranged Blast 3, Hazard, Versatile","Steam Cloud creates Smoke Hazards within the Range of this Attack. Smoke Hazards created this way also Burn Combatants that begin or end their Turns on them. The Burned Affliction cannot be cured by Combatants standing in Smoke Hazards created this way.

Smoke Hazard - Smoke Hazards break line of sight. Combatants on a Smoke Hazards are treated as Untargetable by all other Combatants that aren't in a contiguous Smoke Hazard. Combatants on a Smoke Hazard treat all Combatants that aren't in a contigous Smoke Hazard as if they were Untargetable. These Effects are ignored by Combatants with Tremorsense or Blindsense. You can still be Untargetable this way even if you were last Round."
Surf_pte,EOT,6,Water,2d10+10 ,Spec,"Line 6, Full Action ","The user may Slide to any open square in Surf ’s area of effect. Spirit Surge."
Torpedo Smash,Scene x2,3,Water,2d6+8 ,Phys,"Melee, 1 Target, Dash","If the Dash Keyword is Activated, the user may add half of their Attack or Speed (Whichever isn't the Offensive Stat) as a Damage Bonus. If this is performed, the Target may add their Speed Stat to their Defense when calculating damage."
Torrential Typhoon,Scene x2,/,Water,,Status,"Field, Versatile, Weather","The Field becomes Typhooning for the next 5 Rounds. While the Field is Typhooning, non Water Type Enemies lose a Tick of Hit Points at the start of their Turn and Water Type Pokemon gain a Tick of Temporary Hit Points at the start of their Turn. While the Field is Typhooning, the Weather becomes Rainy."
Triple Dive_pte,Scene x2,7,Water,2d8+10 ,Phys,"8, 3 Targets, Full Action, Groundsource","If you only choose 2 Targets for Triple Dive, neither Target can apply Stat Evasion against this Attack. If you only choose one Target for Triple Dive, it has the Sureshot Keyword."
Water Gun_pte,At-Will,3,Water,1d8+6 ,Spec,"4, 1 Target; or Line 3","If this is used as a Line Attack, its AC is increased by +2"
Water Pledge_pte,Scene x2,6,Water,2d8+10 ,Spec,"Line 3","Water Pledge heals the user a Tick of Hit Points for each Target it hit. If an Ally has used a Water Type Attack since your last turn, this Attack's range can become Close Blast 3, has the Friendly Keyword and heals all allies in its range as well."
Water Pulse_pte,At-Will,3,Water,2d6+8 ,Spec,"8, 1 Target, Aura","On a roll of 17+, the Target becomes Dazed. If the Weather is Rainy, this may also be used as if it were Burst 1."
Water Shuriken_pte,EOT,4,Water,1d8+6 ,Spec," 6, 1 Target, Priority ","If Water Shuriken hits at least 4 times, the Target becomes Wounded. Five Strike"
Water Sport_pte,EOT,5,Water,,Status,"Burst 2, Coat, Versatile","All Targets in the burst gain a Saturated Coat. While Saturated, all Electric and Ice Attacks are one step more effective against them and all attacks gain a +2 to Effect Ranges for Paralyzing or Chilling the Target. The Coat is removed when they become Chilled, become Paralyzed or are hit by an Electric or Ice Type Damaging Attack. "
Water Spout_pte,Scene,6,Water,4d10+10 ,Spec,"Burst 1","After this Attack resolves, create a 3x3 Zone centered on the user. At the end of the next Round, you must use Water Spout as a Free Action against all Combatants within this Zone. This subsequent Attack is resisted by an additional Damage Step. Spirit Surge. Smite"
Waterfall_pte,EOT,3,Water,2d8+10 ,Phys,"Melee, 1 Target","At the start of the user's Turn they may declare the usage of Waterfall. During this Turn when moving, you ignore all Movement Penalties.  "
Wave Crash_pte,At-Will,6,Water,2d10+10 ,Phys,"Close Blast 2, Recoil 1/4","If the Weather is Rainy, this ignores the Recoil Keyword."
Whirlpool_pte,Scene x2,5,Water,2d6+8 ,Spec,"3, 1 Target","If the Weather is Rainy, the Target cannot use a Movement Action during their next Turn. On a 16+, the Target becomes Slowed. "
Withdraw_pte,EOT,/,Water,,Status,"Self, Coat, Versatile","The user gains a Withdrawn Coat. While Withdrawn, they resist all Damage by an additional step. This Coat is expended when the user uses a Standard Action. In addition, each time they're hit by an Attack, they must pass a TN 10 Save Check or else the Coat is expended."
Hidden Power Bug,EOT,5,Bug,2d6+10 ,Spec,"Burst 1","--"
Hidden Power Dark,EOT,5,Dark,2d6+10 ,Spec,"Burst 1","--"
Hidden Power Dragon,EOT,5,Dragon,2d6+10 ,Spec,"Burst 1","--"
Hidden Power Electric,EOT,5,Electric,2d6+10 ,Spec,"Burst 1","--"
Hidden Power Fairy,EOT,5,Fairy,2d6+10 ,Spec,"Burst 1","--"
Hidden Power Fighting,EOT,5,Fighting,2d6+10 ,Spec,"Burst 1","--"
Hidden Power Fire,EOT,5,Fire,2d6+10 ,Spec,"Burst 1","--"
Hidden Power Flying,EOT,5,Flying,2d6+10 ,Spec,"Burst 1","--"
Hidden Power Ghost,EOT,5,Ghost,2d6+10 ,Spec,"Burst 1","--"
Hidden Power Grass,EOT,5,Grass,2d6+10 ,Spec,"Burst 1","--"
Hidden Power Ground,EOT,5,Ground,2d6+10 ,Spec,"Burst 1","--"
Hidden Power Ice,EOT,5,Ice,2d6+10 ,Spec,"Burst 1","--"
Hidden Power Normal,EOT,5,Normal,2d6+10 ,Spec,"Burst 1","--"
Hidden Power Poison,EOT,5,Poison,2d6+10 ,Spec,"Burst 1","--"
Hidden Power Psychic,EOT,5,Psychic,2d6+10 ,Spec,"Burst 1","--"
Hidden Power Rock,EOT,5,Rock,2d6+10 ,Spec,"Burst 1","--"
Hidden Power Steel,EOT,5,Steel,2d6+10 ,Spec,"Burst 1","--"
Hidden Power Water,EOT,5,Water,2d6+10 ,Spec,"Burst 1","--"