Move,Freq,AC,Type,Roll,Dmg. Type,Range,Special Effect
Attack Order,EOT,3,Bug,2d8+10 ,Phys,"6, 1 Target, Full Action","If Attack Order misses, an Ally that is Adjacent to the Target triggers an Attack of Opportunity against the Target. Spirit Surge."
Bug Bite,At-Will,2,Bug,2d6+8 ,Phys,"Melee, 1 Target, Bite","On a roll of 17+, the Target becomes Wounded."
Bug Buzz,Scene x2,6,Bug,2d10+10 ,Spec,"Close Blast 2 or Burst 1; Sonic","On a roll of 18+, all Targets become Dazed. If a Target has negative Special Defense CS, the Effect Range automatically Triggers against them. Smite"
Defend Order,EOT,/,Bug,,Status,"Close Blast 2, Sonic","All Targets gain DR equal to double your Tier Value until the start of your next Turn or gains +2 CS in Defense. Sureshot"
Dull Drone,At-Will,3,Bug,1d8+6 ,Spec,"4, 1 Target, Sonic","On a roll of 18+, all Targets become Dazed."
Fell Stinger,At-Will,2,Bug,1d8+8 ,Phys,"Melee, 1 Target","If the Target faints as a result of being hit by Fell Stinger, the user gains +2 CS in Attack. "
First Impression,EOT,3,Bug,2d8+10 ,Phys,"Melee, 1 Target","If the user entered the Scene this round, this has the Sureshot Keyword. After this Attack resolves, the user may perform a Full Switch as a Free Action. Spirit Surge"
Fury Cutter,At-Will,3,Bug,1d8+6 ,Phys,"Melee, 1 Target","If the user is Provoked, Enraged, or as a Full Action, Fury Cutter may be used as if it was Close Blast 2 or Pass. "
Giga Leech,Scene x2,5,Bug,3d8+10 ,Phys,"Melee, 1 Target","On a roll of 15+, choose a Stat. The Target is lowered by -1 CS in that Stat and the user gains +1 CS to that Stat. Drain."
Heal Order,Scene x2,/,Bug,,Status,"6m, 1 Target, Healing, Versatile","The Target restores 5 Ticks of Hit Points."
Infestation,Scene x2,4,Bug,1d8+6 ,Status,"8, Ranged Blast 3, Hazard, Versatile","All Spaces within the Range of this Attack have Infestation Hazards created in them. 

Infestation Hazards - Any Enemy who starts their Turn or moves through an Infestation Hazard has a penalty to Accuracy and Save Checks equal to your Tier Level until the end of their Turn"
Insect Cleave,EOT,5,Bug,2d6+8 ,Phys,"Melee, Pass or Close Blast 2","As a Full Action, or if the Target is Wounded, this Attack has the Smite Keyword."
Lance Stinger,Scene x2,6,Bug,4d10+10 ,Phys,"Melee, Full Action, Pass","Lance Stinger ignores any positive Defense Combat Stages of its Targets and cannot trigger Reactions."
Leech Life,Scene x2,5,Bug,2d8+10 ,Phys,"4, 1 Target","Drain. "
Locust Swarm,Scene x2,/,Bug,,Status,"Field, Versatile","The Field becomes Swarmed for the next 5 Rounds. While the Field is Swarmed, non Bug Type Enemies lose a Tick of Hit Points at the start of their Turn and Bug Type Pokemon gain a Tick of Temporary Hit Points at the start of their Turn."
Lunge,EOT,3,Bug,2d8+10 ,Phys,"Melee, 1 Target, Dash","Lunge gains the Sureshot Keyword if the Target is Slowed, Trapped or Vulnerable or if the Dash Keyword is Activated."
Megahorn,Scene x2,4,Bug,3d12+10 ,Phys,"Melee, 1 Target","The Target loses -1 CS in Defense. If they already have negative CS in Defense, they also become Vulnerable against Melee Attacks until the end of the next Round."
Pheromone Haze,Scene x2,/,Bug,,Status,"Blessing, Versatile","Blessing - Any user affected by Pheromone Haze may activate it as a Free Action when using a Bug Type Damaging Attack to grant it the Smite Keyword. If the Attack hits, it hits, it is also increased by one damage step. (Max 1.5x Effectiveness). Pheromone Haze may be Activated 3 times and then disappears. "
Pheromone Spray,EOT,5,Bug,1d8+6 ,Spec,"Close Blast 2","One Target becomes Marked with a Haze Mark. Attacks against Enemies with a Haze Mark have a bonus to Effect Ranges equal to your Tier Level. When an Effect Range Triggers against an Enemy with a Haze Mark, the Haze Mark is removed. Spirit Surge"
Pin Missile,EOT,5,Bug,1d8+6 ,Phys,"6, 1 Target","If Pin Missile hits at least 4 times, the Target becomes Wounded. Five Strike"
Pollen Puff,EOT,4,Bug,2d8+10 ,Spec,"6, 1 Target","If Pollen Puff targets an Ally instead of dealing damage, they restore 2 Ticks of Hit Points or Temporary Hit Points."
Powder,Scene x2,4,Bug,,Status,"6, Ranged Blast 3, Versatile","The Target gains a Flammable Coat. Whenever a Combatant with a Flammable Coat is hit with a 1 Target Ranged Damaging Attack, the Attacker may expend the Coat. Once expended, a Burst 2 explosion occurs originating from the Enemy with the Coat and all Combatants within this Range are also hit with the Triggering Attack. "
Powder Storm,Scene,6,Bug,4d10+10 ,Spec,"Close Blast 3, Full Action, Reckless","After Damage Calculations, lower the Offensive Stat used for this Attack by -2 CS. Smite"
Quiver Dance,Scene x2,/,Bug,,Status,"Self, Versatile","The user gains +2 CS in Special Attack, Special Defense and Speed."
Rage Powder,Scene x2,5,Bug,,Status,"Burst 1 or Close Blast 2; Versatile","All Targets hit by Rage Powder become Provoked by the user until the end of their next Turn. On a roll of 15+, they also become Enraged. Friendly."
Skitter Dance,At-Will,/,Bug,,Status,"Self, Movement Action","The user’s next Melee Attack this Turn ignores Speed Evasion or they gain +1 Evasion."
Skitter Smack,EOT,2,Bug,2d6+10 ,Phys,"Melee, 1 Target","The user may declare the usage of Skitter Smack at the start of their Turn. When Moving this turn, they do not provoke Attacks of Opportunity and do not trigger Reactions."
Silk Trap,Scene,5,Bug,,Status,"4, 1 Target, Versatile","The Target becomes Slowed. While Slowed this way, their Melee Attacks are resisted an additional Damage step. If this Attack misses, they instead are Slowed without any additional effects. Spirit Surge"
Silk Weave,Scene x2,/,Bug,,Status,"4m, 1 Target or Self; Coat","The Target gains a Silk Coat. The Target may expend a Silk Coat to become cured of a Physical Affliction or to reset a Stat to its Default Value"
Silver Cyclone,Scene x2,5,Bug,3d10+10 ,Spec,"6, Ranged Blast 3, Full Action","If the Weather is Windy, Silver Cyclone has the Friendly Keyword. Smite"
Signal Beam,EOT,4,Bug,2d8+10 ,Spec,"6, 1 Target","On a roll of 18+ or if the Target is Dazed, they lose -2 CS in Special Attack or Special Defense. Smite"
Silver Gale,EOT,3,Bug,2d6+10 ,Spec,"8, 1 Target, Priority","If Silver Gale is used with Priority, it may use the user's Speed Stat as an Offensive Stat instead of their Special Attack."
Silver Wind,At-Will,5,Bug,1d8+8 ,Spec,"4, Ranged Blast 2","If the Weather is Windy, this has the Sureshot Keyword."
Spider Fang,EOT,3,Bug,2d8+10 ,Phys,"Melee, 1 Target, Bite","On a roll of 17+, roll a 1d3. The Target gains that Status Affliction. On a roll of 1, the Target is Paralyzed. On a 2, the Target is Poisoned. On a 3, the Target is Weakened until the end of the next Round."
Spider Web,Scene x2,/,Bug,,Status,"3, 1 Target or Close Blast 2, Versatile","The Target becomes Slowed and is Trapped while Slowed and within 3m of the user. Sureshot."
Steamroller,EOT,5,Bug,2d6+10 ,Phys,"Melee, Pass","If the Target is smaller than the User, they cannot apply Physical Evasion or use Reactions against this Attack. "
Sticky Web,EOT,/,Bug,,Status,"6, Hazard, Swift Action","Choose 8 Spaces within the Range of this Attack to create Web Hazards in, such that all 8 Spaces are Adjacent to at least one other Web Hazard. Enemies that Trigger this Web Hazard become Slowed at the end of their Turn. 

Web Hazard - Spaces with Web Hazards are treated as Slow Terrain. Whenever an Enemy passes through or ends their turn on a Web Hazard, they have their Speed lowered by -3 CS. "
String Shot,EOT,6,Bug,,Status,"Close Blast 2 or 6m, 1 Target; Versatile","All Targets become Slowed. While Slowed this way, they have a -3 Accuracy Penalty. *Grants Threaded"
Struggle Bug,At-Will,5,Bug,1d8+6 ,Spec,"Close Blast 2","On a roll of 17+, the user gains +1 CS in Special Attack."
Swift Sting,At-Will,2,Bug,1d8+6 ,Phys,"Melee, 1 Target, Priority","--"
Tail Glow,Scene,/,Bug,,Status,"Self, Versatile","The user gains +3 CS in Special Attack. Attacks have a -3 Penalty to Accuracy when Targeting the user until the start of their next Turn.*Grants Glow"
Twineedle,At-Will,3,Bug,1d6+5 ,Phys,"Melee, 1 Target ","On a roll of 16+, roll a d2. On a 1, they become Poisoned. On a 2, they become Wounded. Double Strike"
U-Turn,At-Will,2,Bug,2d6+10 ,Phys,"Melee, 1 Target, Dash","After Damage Calculations, the user may Disengage or perform a Full Switch as a Free Action."
Web Shot,EOT,5,Bug,2d6+8 ,Spec,"6, Ranged Blast 2","If this Attack misses all Targets, you may place Web Hazards in all spaces within the Range of this Attack. Enemies that Trigger this Web Hazard become Slowed at the end of their Turn. 

Web Hazard - Spaces with Web Hazards are treated as Slow Terrain. Whenever an Enemy passes through or ends their turn on a Web Hazard, they have their Speed lowered by -3 CS."
X-Scissor,EOT,6,Bug,2d8+10 ,Phys,"Melee, Pass ","X-Scissor Inflicts Wounded on a roll of 18+. If this Attack is used without activating the Pass Keyword, this Effect Range automatically Triggers on a hit. Smite"
Ambush,EOT,3,Dark,2d8+10 ,Phys,"Melee, 1 Target, Priority","If the Target is Flanked, they're treated as Vulnerable against this Attack instead and cannot use Reactions against it. "
Assurance,EOT,3,Dark,2d6+8 ,Phys,"Melee, 1 Target","This Attack's Damage Base is increased by +2 for each time the Target was targeted by an Attack this Round (Max 12). If the Target hit the user with an Attack this Round, this has the Sureshot Keyword."
Backlash,EOT,2,Dark,2d6+10 ,Spec,"Melee, 1 Target","When calculating Weakness and Resistance for Backlash, Fairy Typed Targets calculate damage as if Fairy was weak to Dark. If the Target of this Attack hit the user with an Attack this round, Backlash has the Sureshot Keyword."
Beat Up,Scene x2,/,Dark,,Phys,"Melee, 1 Target","The user and an ally adjacent to the Target may each make a Basic Attack as a Free Action against the Target. These Basic Attacks hit for Dark Type Damage instead of their usual Type."
Bite,At-Will,2,Dark,1d8+8 ,Phys,"Melee, 1 Target, Bite","On a roll of 16+, the Target becomes Wounded."
Blindside,EOT,3,Dark,2d6+8 ,Phys,"Melee, 1 Target","Until the end of your Turn, if you use a Manipulate or Tactics Maneuver against the Target, it has the Sureshot Keyword and you have a Boon to any Opposed Checks. If the Target is Vulnerable or Flanked, they lose -2 CS to Defense or Special Defense."
Brutal Swing,EOT,5,Dark,2d6+10 ,Phys,"Burst 1 ","If a Target hit by this Attack Slides into a Space that is Adjacent to Blocking Terrain, they become Vulnerable against the next Attack that Targets them this Round. Slide 1 (Away)."
Carrion Feast,Scene x2,4,Dark,2d10+10 ,Phys,"Melee, 1 Target, Trigger","If an Adjacent Enemy is hit with an Attack, Carrion Feast can be used against that Enemy as a Standard Action + Reaction after the Attack's resolution. Excess HP from the Drain Keyword is converted into Temporary HP. Drain"
Cackle,Scene x2,3,Dark,,Status,"Burst 1, Sonic, Versatile","Choose a Stat on each Target to lower by -2 CS. If the chosen Stat had a positive CS Value or they're Provoked by the user, they lose -4 CS instead. Friendly."
Chaos Strike,Scene x2,3,Dark,3d12+10 ,Spec,"Melee, 1 Target, Recoil 1/3","On a roll of 16+, the Target gains a Mental Affliction the user is affected by or becomes Suppressed if the user doesn't have any."
Crunch,EOT,3,Dark,2d8+10 ,Phys,"Melee, 1 Target, Bite","On a roll of 17+, the Target either becomes Wounded or loses -2 CS in Defense"
Dark Blade,Scene x2,6,Dark,2d6+10 ,Phys,"Melee, Pass","Dark Blade is a Critical Hit on a roll of 17+. If this Attack misses all Targets, the user becomes Enraged and gains +1 CS in Attack. Spirit Surge"
Dark Pulse,EOT,4,Dark,2d8+10 ,Spec,"8, 1 Target, Aura","On a roll of 18+, the Target becomes Suppressed. If the Weather is Foggy or the user has a Mental Affliction, this may be used as if its Range was Burst 1."
Dark Waves,At-Will,5,Dark,1d8+6 ,Spec,"Burst 1 or 3, 2 Targets","--"
Darkest Lariat,EOT,3,Dark,2d8+10 ,Phys,"Melee, 1 Target","This Attack ignores the Target’s positive Defense CS, Damage Reduction, Blessings, Items, Physical Evasion and Abilities. Smite"
Embargo,EOT,6,Dark,,Status,"5, 1 Target, Swift Action","The Target becomes Marked with an Embargo Mark. While a Combatant is affected by an Embargo Mark, they cannot use or benefit from Equipment Items or Consumable Items and cannot be recalled. "
Fake Tears,EOT,4,Dark,,Status,"Burst 1, Social, Versatile","For each Target, choose Attack or Special Attack. The chosen Stat is lowered by -3 CS. If a Target is Entranced, this cannot miss them. "
False Surrender,EOT,4,Dark,2d8+10 ,Phys,"Melee, 1 Target","If the user is Flanked, False Surrender has the Sureshot Keyword. If the user is Surrounded, False Surrender may be used as if its Range were Burst 1."
Feint Attack,EOT,/,Dark,2d6+8 ,Phys,"Melee, 1 Target ","Sureshot."
Flatter,EOT,2,Dark,,Status,"2, 1 Target, Social, Versatile","The Targeted Enemy becomes Entranced. If this Targets an Ally that has hit an Attack this Round, the Ally gains +2 CS in a Stat of your choice. Sureshot"
Fling,Scene x2,4,Dark,2d8+10 ,Phys,"8, 1 Target ","The user may use the environment or expend an Item in their Inventory to change the Type of Fling, within the GMs Discretion. If an Item is expended, Fling's Effect becomes the Item's Effect as if they used the Throw Maneuver. "
Foul Play,Scene x2,3,Dark,3d8+10 ,Phys,"Melee, 1 Target","The Target reveals its Attack stat. When calculating damage, your Offensive Stat is treated as the Target's Attack value."
Gash,Scene x2,5,Dark,,Status,"Melee, Pass, Versatile","Any Coats of the user’s choice currently affecting the Target are removed. When this Attack hits, the Target becomes Wounded. Spirit Surge"
Hone Claws,EOT,/,Dark,,Status,"Self, Versatile","Choose one of the following to gain a +2 to. Attack CS, Accuracy, Critical Hit Range."
Jaw Lock,Scene x2,4,Dark,2d8+10 ,Phys,"Melee, 1 Target, Bite","On a 15+, the Target cannot use a Movement Action during their next Turn. This Turn, you may perform a Grapple Maneuver against the Target as a Swift Action if desired."
Knock Off,Scene x2,3,Dark,2d6+10 ,Phys,"Melee, 1 Target","When this Attack hits, you may use a Disarm Maneuver as a Free Action against the Target. Perform the Opposed Check with a Boon."
Kowtow Cleave,Scene x2,/,Dark,2d8+10 ,Phys,"Close Blast 2 ","On a roll of 17+, all Targets become Wounded. Sureshot"
Lash Out,EOT,4,Dark,2d8+10 ,Phys,"Melee, 1 Target","If the user is Enraged or has an Affliction, Lash Out is instead DB 12"
Lunar Beam,Scene,4,Dark,2d8+10 ,Spec,"Line X, Set-Up","Charge Effect: If the Weather is Sunny, you cannot use this Charge Effect. If the Weather is Foggy, you instead gain 2 Charge Tokens. 
Resolution Effect: X is equal to 4 plus the number of Charge Tokens you expend. This Attack’s Damage Base is increased by +2 for each Charge Token you expend. Smite"
Marked Prey,Scene x2,3,Dark,,Status,"Melee, 1 Target, Swift Action","The Target becomes Marked with a Scent Mark. The user gains +2 Accuracy and Effect Range against Combatants with a Scent Mark.
*Grants Tracker"
Memento,Scene,/,Dark,,Status,"8, 1 Target, Trigger, Free Action","Memento may be used as a Free Action when the user becomes Fainted, targeting the Combatant who caused it to Faint. Lower each of the Target's stats by -2 CS. Sureshot"
Nasty Plot,EOT,/,Dark,,Status,"Self, Versatile","The user gains +2 CS in Special Attack. Their next Special Attack gains the Smite Keyword."
New Moon,Scene x2,/,Dark,,Status,"Blessing, Versatile, Weather","Blessing - Any user affected by New Moon may activate it as a Free Action when using a Dark Type Damaging Attack to grant it the Smite Keyword. If the Attack hits, it hits, it is also increased by one damage step. (Max 1.5x Effectiveness). New Moon may be Activated 3 times and then disappears. While this Blessing persists, the Weather becomes Foggy."
Night Daze,EOT,6,Dark,2d10+10 ,Spec,"Burst 1","Targets become Dazed on a 16+. If the Weather is Foggy, Night Daze has the Friendly Keyword. "
Night Slash,EOT,5,Dark,2d6+10 ,Phys,"Melee, Pass","Night Slash is a Critical Hit on a roll of 18+."
Obstruct,Scene,/,Dark,,Status,"Self, Coat","The user gains an Obstructed Coat until the start of their next Turn. While they have this Coat, Adjacent Allies cannot be Targeted by 1-Target Attacks, Adjacent Allies resist damage by an additional step and the Enemies cannot move through the space the user occupies. "
Parting Shot,EOT,2,Dark,,Status,"6, 1 Target, Social, Movement Action","The user may perform a Provoke Maneuver against the Target as a Free Action as if it had the Sureshot Keyword. The user then either Disengages or performs a Full Switch, both as a Free Action. If they were Switched out and the Maneuver was successful, they are Provoked by the replacing Pokemon until the end of their next Turn. Sureshot"
Payback,EOT,4,Dark,2d6+8 ,Phys,"Melee, 1 Target","If the Target hit the user with an Attack since the user's last turn, Payback instead has a Damage Base of 12."
Power Trip,Scene x2,4,Dark,1d6+3 ,Phys,"Melee, 1 Target","This Attack gains +2 to its Damage Base for every positive CS held by the user, to a maximum of DB 20. Smite"
Punishment,EOT,4,Dark,1d6+3 ,Phys,"Melee, 1 Target","This Attack gains +2 to its Damage Base for every positive CS held by the Target, to a maximum of DB 20. Smite"
Pursuit,At-Will,2,Dark,1d8+8 ,Phys,"Melee, 1 Target ","The Target becomes Marked with a Pursuit Mark. Whenever an Enemy with a Pursuit Mark moves, you may Slide into an Adjacent Space as a Reaction. If they would exceed a number of spaces more than your Movement Value, you cannot use this Effect. "
Quash,At-Will,5,Dark,,Status,"10, 1 Target, Social, Versatile","If the user has witnessed the Target use an Attack or Ability this Scene, you may choose one of them to become Disabled. When this Attack hits, the Target becomes Suppressed. Spirit Surge."
Ripping Abyss,Scene x2,/,Dark,,Status,"Field, Versatile, Weather","The Field becomes Abyssal for the next 5 Rounds. While the Field is Abyssal, non Dark Type Enemies lose a Tick of Hit Points at the start of their Turn and Dark Type Pokemon gain a Tick of Temporary Hit Points at the start of their Turn. While the Field is Abyssal, the Weather becomes Foggy."
Sabotage,At-Will,3,Dark,1d8+6 ,Spec,"Melee, 1 Target","When this Attack hits, choose a Stat the Target has Positive CS in. They lose -1 CS in that Stat."
Savage Roar,Scene x2,/,Dark,,Status,"Burst 2, Sonic, Social, Versatile","Perform a Command or Intimidate Check. If you get at least 3 Successes, all Targets become Suppressed. Additionally they suffer a penalty to their next Accuracy or Save Check (of your choice) equal to half the number of Successes (Rounded Up). Friendly, Sureshot."
Scornful Vortex,Scene,6,Dark,4d10+10 ,Phys,"Burst 2, Full Action, Reckless","The user loses a Tick of Hit Points for each combatant that takes damage from this Attack. Smite"
Shadow Bolt,Scene,5,Dark,3d8+10 ,Spec,"10, 1 Target ","On a roll of 18+ or if Shadow Bolt misses, roll a 1d3. On a roll of 1, the Target becomes Suppressed. On a 2, the Target becomes Dazed. On a 3, the Target becomes Enraged. If the Weather is Foggy, you may choose instead of rolling a 1d3. Spirit Surge."
Shadow Snare,EOT,5,Dark,2d8+10 ,Spec,"3, 1 Target","The Target becomes Trapped. If the Weather is Foggy, Shadow Snare has the Sureshot Keyword."
Shadow Strike,EOT,3,Dark,2d6+8 ,Spec,"Melee, 1 Target","If the Weather is Foggy, Shadow Strike has a damage base of 10 and the Target cannot apply Speed Evasion against this Attack."
Shadow Veil,Scene x2,/,Dark,,Status,"Blessing, Versatile","Blessing – Any user affected by Shadow Veil may activate it as a Free Action when they’re Targeted by an Attack. The Attacker suffers a -3 Penalty to its Accuracy Roll. If the Weather is Foggy, this instead becomes a -6 Penalty. Shadow Veil may be Activated 2 times, and then disappears."
Siphon Life,Scene x2,5,Dark,2d8+10 ,Spec,"4, 1 Target ","Drain. "
Snarl,At-Will,5,Dark,1d8+8 ,Spec,"Close Blast 2, Sonic","This Attack may also be used as a Full Action to perform a Command or Intimidate Check. For each success, Targets apply -1 less Evasion against this Attack. "
Snatch,Scene x2,/,Dark,,Status,"Self, Trigger","Snatch can only be used as a Reaction whenever an Enemy within 2m uses an Attack with the Self Range. You also gain the benefits of the Triggering Attack. If used as a Standard Action + Reaction, the Enemy does not gain the benefits of the Triggering Attack as well."
Sucker Punch,At-Will,3,Dark,2d6+10 ,Phys,"Melee, 1 Target, Priority, Trigger, Punch","Whenever you’re targeted with an Attack by an Adjacent Enemy, you may use a Standard Action + Reaction to use this Attack. This Attack resolves before the Triggering Attack. If the Triggering Enemy were to faint, their Attack does not resolve. "
Switcheroo,EOT,2,Dark,,Status,"Melee, 1 Target, Versatile","You and the Target are cured of all Status Affliction. Then, the Target is inflicted with all Status Afflictions you were cured of. You are then inflicted with all Status Afflictions that the Target was cured of, if any."
Taunt,EOT,3,Dark,,Status,"4, 1 Target, Social, Versatile","The Target becomes Provoked by you until the end of their next Turn. If they’re already Provoked by you or have been in this Scene, you may instead cause them to become Enraged. Sureshot."
Thief,At-Will,3,Dark,2d6+8 ,Phys,"Melee, 1 Target","You may perform a Disarm Maneuver against the Target as a Free Action. If an Item is disarmed and the user has an empty Inventory Slot, they may add it to their Inventory after Damage Calculations."
Throat Chop,EOT,3,Dark,2d8+10 ,Phys,"Melee, 1 Target","The Target cannot use Attacks with the Sonic keyword until the end of their next Turn."
Topsy-Turvy,Scene x2,6,Dark,,Status,"Burst 2","The user and all Combatants hit by this Attack lose -4 CS in Stats that they have Positive CS in and gain +4 CS in Stats that they have Negative CS in. Any Combatants that this Attack misses instead lose -2 CS in Stats they have Positive CS in. Spirit Surge."
Torment,Scene x2,5,Dark,,Status,"8, 1 Target, Social, Versatile","The Target becomes Suppressed. If this Attack hits, while Suppressed this way, the user cannot cure Mental Afflictions while they're within 3m of the user. Spirit Surge."
Umbral Assault,At-Will,3,Dark,1d8+6 ,Spec,"Melee, 1 Target","Double Strike."
Ancestral Fury,EOT,6,Dragon,2d8+10 ,Phys,"Close Blast 2 ","Ancestral Fury is a Critical Hit on a roll of 18+. This Crit Range is increased by +2 if the user is Enraged or Provoked. After Damage Calculations the user may become Enraged. Spirit Surge."
Breaking Swipe,EOT,5,Dragon,2d6+8 ,Phys,"Close Blast 2","On a roll of 18+, all Targets become Wounded. Smite"
Breath Blast,EOT,5,Dragon,2d6+8 ,Spec,"6, Ranged Blast 2","On a roll of 18+, all Targets become Paralyzed. Smite"
Clanging Scales,Scene x2,6,Dragon,3d10+10 ,Spec,"6, 1 Target or Burst 1, Sonic","The user may add half their Defense Stat to Clanging Scale's Damage Roll. After Damage Calculations, if they do, the user loses -2 CS in Defense."
Clangorous Soul,Scene,/,Dragon,,Status,"Burst 3, Full Action; or Burst 3","The user gains +2 CS in each Stat and all Allies within the range of this Attack gain +1 CS to a Stat of their Choice. This Attack can only be used as a Full Action or as a Standard Action + Reaction upon falling below 50% of their Max Hit Points. If used as a Reaction, the user also gains 2 Ticks of Temporary Hit Points. "
Draco Meteor,Scene,6,Dragon,3d8+10 ,Spec,"10, Ranged Bast 2, Set-Up","Charge Effect: No Effect 
Resolution Effect: You may select a Range for this Attack a number of times equal to the expended Charge Tokens and it Targets all Combatants in these Ranges. These Ranges cannot overlap and an Enemy cannot be Targeted more than once this way. Smite"
Draconic Aura,Scene x2,/,Dragon,,Status,"Blessing, Versatile","Blessing - Any user affected by Draconic Aura may activate it as a Free Action when using a Dragon Type Damaging Attack to grant it the Smite Keyword. If the Attack hits, it hits, it is also increased by one damage step. (Max 1.5x Effectiveness). Draconic Aura may be Activated 3 times and then disappears. "
Draconic Roar,EOT,6,Dragon,,Status,"Burst 2, Sonic, Versatile","Choose a Stat the Target has Positive CS in. They lose -3 CS in that Stat. On a 15+, all you may choose any number of Targets hit to become Provoked by you until the end of their next Turn. Friendly"
Dragon Axe,Scene x2,4,Dragon,3d8+10 ,Phys,"Melee, 1 Target","On Even rolls, the Target becomes Wounded. On Odd rolls, the Target becomes Vulnerable until the end of the Round. Spirit Surge."
Dragon Breath,At-Will,3,Dragon,1d8+6 ,Spec,"6, 1 Target or Line 3","On a roll of 18+, the Target becomes Paralyzed. If this is used as a Line 3 Range, the AC becomes 5."
Dragon Claw,At-Will,3,Dragon,2d8+10 ,Phys,"Melee, 1 Target","If the Target is suffering from a Physical Affliction or has negative Defense Combat Stages, this Attack is treated as one step more Effective but cannot surpass 1.5x Effectiveness. Its Damage Effectiveness can only be increased this way once per Scene per Target."
Dragon Dance,At-Will,/,Dragon,,Status,"Self, Versatile","The user gains +2 CS in Attack. The user is cured of one Physical Affliction."
Dragon Darts,EOT,6,Dragon,1d8+8 ,Phys,"6, 1 Target; or 6, 2 Targets","If this Attack is used as a 1 Target, it has the Double Strike Keyword and has an AC of 4."
Dragon Dash,At-Will,2,Dragon,1d8+6 ,Phys,"Melee, 1 Target, Dash","If the Dash Keyword is Activated, increase the Slide by +2. Slide 2 (Away)"
Dragon Force,Scene x2,5,Dragon,,Status,"Melee, 1 Target, Versatile","The Target loses -3 CS in Defense and Special Defense and you may remove any Coats applied to them. If this Attack hits, they also become Weakened until the end of their next Turn. Spirit Surge."
Dragon Hammer,EOT,6,Dragon,2d10+10 ,Phys,"Melee, 1 Target; or Line 3","If the Target's size is Small, this Attack is treated as one step more Effective but cannot surpass 1.5x Effectiveness. Its Damage Effectiveness can only be increased this way once per Scene per Target. If this is used as a Melee Attack it has the Smite Keyword."
Dragon Pulse,EOT,4,Dragon,2d10+10 ,Spec,"8, 1 Target, Aura","If the Target has negative CS in Special Defense this Attack is treated as one step more Effective but cannot surpass 1.5x Effectiveness. Its Damage Effectiveness can only be increased this way once per Scene per Target."
Dragon Rage,EOT,2,Dragon,,Status,"Self, Swift Action","The user becomes Enraged. If the user is already Enraged, their next Damaging Attack gains the Smite Keyword. This may be used even if the user is Enraged, ignoring its effects. "
Dragon Rush,Scene x2,3,Dragon,3d8+10 ,Phys,"Melee, 1 Target, Dash","If the Dash Keyword is Activated, this Attack ignores Positive CS in Defense. Slide 3 (Away), Smite."
Dragon Spirit,At-Will,/,Dragon,,Status,"Self, Versatile","The user gains +2 CS in Special Attack. The user is cured of one Mental Affliction."
Dragon Tail,EOT,3,Dragon,2d6+10 ,Phys,"Melee, 1 Target","You may perform a Trip Maneuver against the Target as a Free Action. The Maneuver automatically hits but you still need to perform the Opposed Check. "
Dual Chop,EOT,3,Dragon,1d8+8 ,Phys,"Melee, 1 Target","Double Strike. "
Fickle Beam,Scene x2,7,Dragon,2d6+8 ,Spec,"6, 1 Target or 6, 3 Targets","If this Attack has only one Target, it has the Five Strike Keyword and an AC of 4."
Glaive Rush,Scene x2,5,Dragon,3d12+10 ,Phys,"Melee, Pass, Dash, Reckless","On a roll of 15+, the Target becomes Wounded. After Damage Resolution, if the Dash Keyword wasn't Activated, the user is Vulnerable against the next Attack to target them."
Imposing Stare,Scene x2,/,Dragon,,Status,"Close Blast 3, Social, Versatile","The user may perform a Terrorize Maneuver against all Targets as a Free Action. When used this way, the AC becomes 2. All Targets who fail the Opposed Check also become Trapped and during their next Turn their Damaging Attacks are resisted by an additional damage step. Friendly, Sureshot."
Mystic Aura,Scene x2,5,Dragon,2d10+10 ,Spec,"Burst 1, Aura","This Attack does not damage allies. All allies within a Burst 3 of the user gain a +3 bonus to their next Save Check. If the Weather is Mystical, this has the Sureshot Keyword."
Outrage,Scene x2,6,Dragon,3d12+10 ,Phys,"Melee, All Adjacent Enemies, Full Action, Reckless","After Damage Calculations the user becomes Enraged. If the user was Provoked by one of the Targets, this Attack is one more step Effective against them. Smite"
Primal Storm,Scene x2,/,Dragon,,Status,"Field, Versatile","The Field becomes Primal for the next 5 Rounds. While the Field is Primal, non Dragon Type Enemies lose a Tick of Hit Points at the start of their Turn and Dargon Type Pokemon gain a Tick of Temporary Hit Points at the start of their Turn."
Primal Energy,Scene x2,/,Dragon,,Status,"Burst 1 or Self; Set-Up","Charge Effect: At the end of your Turn if you didn’t use a Damaging Attack, gain an additional Charge Token
Resolution Effect: For each Charge Token expended, choose a Target to gain +1 CS in a Stat of your choice. You cannot choose the same Target more than twice unless the only Target is the user. "
Rending Swipe,Scene x2,4,Dragon,2d8+10 ,Phys,"Melee, 1 Target","On Even rolls, the Target becomes Wounded. On Odd rolls, the Target’s Defense is set to -2 CS. If the user is Enraged, this has the Spirit Surge Keyword."
Scale Shield,Scene,/,Dragon,,Status,"Self, Shield, Trigger","If the user is hit by an Attack, the user may use Scale Shield as a Standard Action + Reaction. The user and all Adjacent Targets resist the Attack by an additional Damage Step. Additionally the Triggering Attack is treated as having the Recoil 1/2 Keyword. "
Scale Shot,EOT,4,Dragon,1d8+6 ,Phys,"6, 1 Target","If Scale Shot hits at least 4 times, the Target becomes Wounded. Five Strike"
Scorched Earth,Scene,7,Dragon,3d10+10 ,Spec,"Close Blast 3 or Line 6; Full Action, Hazard","On a roll of 17+, all Targets become Burned. Scorched Earth creates Fire Hazards in all Spaces within the Range of this Attack. Smite, Spirit Surge.

Fire Hazards - Any Combatant who ends their turn on or moves through a Fire Hazard becomes Burned. Ground and Rock Type Pokemon  are immune to Fire Hazards and destroy them when Moving through them. Ground, Rock, and Water Type Attacks that affect these Spaces also destroy these Hazards. "
Scorching Breath,EOT,4,Dragon,2d10+10 ,Spec,"6, 1 Target","On a roll of 18+, the Target becomes Burned. This Attack may be used as a Full Action to use it as if it were a Fire Type Attack instead or treat its Range as if it were Close Blast 2."
Spitfire,At-Will,3,Dragon,1d8+6 ,Spec,"4, 1 Target","On a roll of 18+, the Target becomes Burned. This Attack may be used as a Full Action to use it as if it were a Fire Type Attack instead."
Twister,EOT,5,Dragon,2d6+8 ,Spec,"6, Ranged Blast 2","You may choose to destroy all Hazards within the range of this Attack. This Attack is treated as one step more Effective against Targets with the Flier Capability, but cannot surpass 1.5x Effectiveness. "
Aura Wheel,Scene x2,5,Electric,3d8+10 ,Phys,"Melee, Pass, Dash","If the Dash Keyword is Activated, a Coat may be removed from each Target hit by this Attack. If the user is in Hangry Mode, Aura Wheel is Dark Typed."
Bolt Beak,EOT,3,Electric,2d10+10 ,Phys,"Melee, 1 Target","If the Target is Paralyzed or the Weather is Thunderstorm, the Target cannot apply Physical Evasion against this Attack."
Charge,EOT,/,Electric,,Status,"Self, Versatile","The user gains a Charged Coat. The user may expend a Charge Coat when successfully hitting an Electric Damaging Attack to add its Damage Dice an extra time to the Damage Roll. This applies after any other Damage Base Modifiers such as a Critical Hit. 
Note: If the Damage Base would have the Attack be 2d6+8, this expended Coat turns it into 4d6+16. "
Charge Beam,EOT,5,Electric,1d8+6 ,Spec,"Line 3, Full Action","The user gains +1 CS in Special Attack. Spirit Surge"
Charged Spikes,Scene x2,/,Electric,,Status,"Self, Trigger","Charged Spikes can only be used as a Reaction whenever you’re hit with a Melee Attack. The Triggering Attack gains the Recoil ⅓ Keyword. If the Triggering Attack was a Super Effective, they also become Paralyzed."
Charged Velocity,Scene x2,/,Electric,,Status,"Self, Versatile","The user gains +2 CS in Attack, Special Attack or Speed. They then may use a Sprint or Disengage Maneuver as a Free Action."
Discharge,EOT,6,Electric,2d8+10 ,Spec,"Burst X, Set-Up","Charge Effect: You may use the Resolution Effect this Turn if desired, ignoring the Set-Up Keyword. 
Resolution Effect: X is equal to 1 plus the number of Charge Tokens expended (Or any lesser value). Targets become Paralyzed on a 18+. This gains the Smite Keyword if at least 2 Charge Counters are expended this way. "
Eerie Impulse,EOT,5,Electric,,Status,"Burst 1, Versatile","All Targets have their Special Attack lowered by -3 CS. When this Attack hits, all Targets also become Dazed. Friendly, Spirit Surge. *Grants Glow"
Electric Terrain,Scene x2,/,Electric,,Status,"Field, Versatile, Weather","The field becomes Electrified for the next 5 Rounds. While the field is Electrified, grounded Combatants are immune to Drowsy, and Electric Type attacks ignore Speed Evasion. While the Field is Electrified, the Weather may become Thunderstorm. "
Electrify,Scene x2,6,Electric,,Status,"Burst 2, Coat, Versatile","The Target gains an Electrified Coat. While the combatant is Electrified, all Electric Type Damaging Attacks that would miss the combatant instead deal Smite Damage or hit if the Attack has the Smite Keyword already. Whenever the combatant would be hit by an Electric Type Damaging Attack with an Effect Range that causes Paralysis, the Attacker may expend this Coat to trigger that Effect Range. Friendly."
Electro Ball,EOT,3,Electric,2d6+8 ,Spec,"10, 1 Target","Electro Ball may use the user's Speed Stat as an Offensive Stat instead of their Special Attack."
Electro Burst,Scene x2,6,Electric,,Status,"Burst 2, Versatile","All Targets become Paralyzed. If they're already Paralyzed, they instead become Dazed. If this Attack misses, their Movement Value is halved during their next Turn. Spirit Surge"
Electro Shot,Scene,4,Electric,2d8+10 ,Spec,"Line X, Set-Up","Charge Effect: If the Weather is Sandstorm, you cannot use this Charge Effect. If the Weather is Thunderstorm, you instead gain 2 Charge Tokens. 
Resolution Effect: X is equal to 4 plus the number of Charge Tokens you expend. This Attack’s Damage Base is increased by +2 for each Charge Token you expend. Smite"
Electroweb,EOT,5,Electric,2d6+8 ,Spec,"6, Ranged Blast 2","If this Attack misses all Targets, you may place Web Hazards in all spaces within the Range of this Attack. Enemies that Trigger this Web Hazard become Paralyzed. 

Web Hazard - Spaces with Web Hazards are treated as Slow Terrain. Whenever an Enemy passes through or ends their turn on a Web Hazard, they have their Speed lowered by -3 CS."
Energy Bomb,Scene,5,Electric,,Spec,"Burst 2, Recoil 1/2, Set-Up","Charge Effect: No Effect. Whenever you end your Turn with a Charge Counter from this Attack, you lose a Tick of Hit Points.
Resolution Effect: X is equal to your expended Charge Tokens multiplied by 5, then add +5. Smite"
Gigavolt,Scene x2,5,Electric,3d8+10 ,Phys,"Close Blast 3, Full Action, Recoil 1/3, Reckless","Gigavolt cannot miss Paralyzed Targets. If the Weather is Thunderstorm, the Recoil Keyword is ignored. Smite"
Ion Capture,Scene x2,/,Electric,,Status,"Self, Healing, Versatile","The user restores 5 Ticks of Hit Points. If the Field or Space the user is standing on is affected by an Electric Attack or the Weather is Thunderstorm, the user is also cured of a Status Affliction. This cannot be used if there is weather other than Thunderstorm on the Field."
Ion Deluge,Scene x2,/,Electric,,Status,"5, Ranged Blast 3 or Burst 2, Hazard, Versatile","Gas Hazards are created in all Spaces within the Range of this Attack. Enemies that Trigger this Hazard become Paralyzed and cannot increase their Combat Stages until the end of their next Turn.

Gas Hazards - Any Enemy who ends their Turn on or moves through a Gas Hazard loses one Tick of Hit Points and suffers any additional effects derived from the source. This Effect is ignored by Combatants with the Breathless Capability. "
Lightning Lance,Scene x2,6,Electric,4d10+10 ,Spec,"Line 6, Full Action, Recoil 1/3","On a roll of 17+, all Legal Targets become Paralyzed. If the Weather is Thunderstorm, Lighting Lance ignores Special Evasion. Smite. "
Magnet Rise,Scene,2,Electric,,Status,"Self, Trigger, Shield, Versatile","If the user is hit by an Groundsource or Burst Attack, the user may use Magnet Rise as a Standard Action + Reaction. The user is instead not hit by the Attack. The user does not take any damage nor is affected by any of the Attack's effects."
Magnetic Flux,Scene x2,/,Electric,,Status,"Field, Versatile","The Field becomes Fluxed for the next 5 Rounds. At the start of each Round, all Combatants that are Electric Type or have the Magnetic Capability gain +1 CS to a Stat of their Choice. If the Weather is Thunderstorm, they also gain a Tick of Temporary Hit Points."
Nuzzle,Scene x2,4,Electric,1d6+3 ,Phys,"Melee, 1 Target","The Target becomes Entranced or Paralyzed of your choice."
Overdrive,EOT,6,Electric,1d8+6 ,Spec,"Close Blast 2, Sonic, Set-Up","Charge Effect: While you have a Charge Token gained through this Attack, whenever your CS increases, gain a Charge Token. You cannot gain more than 3 Charge Tokens per Round for this Attack. 
Resolution Effect: After this Attack resolves, if all Targets were hit, all of the user's Stats with Positive CS are set to their Default Value. The Damage Base of this Attack is increased by +2 for each Charge Token expended. (Max 20). Smite"
Parabolic Charge,Scene x2,5,Electric,2d6+10 ,Spec,"Close Blast 2, Full Action ","The user restores Hit Points equal to half of the total damage taken by all Targets. This Attack cannot be affected by the Drain Keyword. "
Plasma Bolt,Scene,6,Electric,3d12+10 ,Phys,"Line 6, Full Action","On a roll of 15+, all Targets become Burned. If any Targets are Paralyzed, this Effect Range automatically Triggers. Smite"
Plasma Fists,Scene x2,3,Electric,3d8+10 ,Phys,"Melee, 1 Target, Punch","If the Target of this Attack has a lower Speed than the user they are treated as Vulnerable against this Attack. If the Target of this Attack was already Vulnerable, they lose -2 CS in Defense after Damage Calculations."
Plasma Storm,Scene x2,/,Electric,,Status,"Field, Versatile, Weather","The Field becomes Plasmic for the next 5 Rounds. While the Field is Plasmic, non Electric Type Enemies lose a Tick of Hit Points at the start of their Turn and Electric Type Pokemon gain a Tick of Temporary Hit Points at the start of their Turn. While the Field is Plasmic, the Weather becomes Thunderstorm."
Plasma Tail,Scene x2,5,Electric,3d10+10 ,Phys,"Melee, 1 Target","On  an Even Roll, the Target becomes Tripped. On an Odd Roll, the Target becomes Paralyzed. Smite"
Rising Voltage,Scene x2,5,Electric,2d8+10 ,Spec,"Burst 1, Full Action, Groundsource ","If the Field is affected by an Electric Attack or the Weather is Thunderstorm, Rising Voltage may increase its Burst Range by up to +2. Smite"
Shock Wave,EOT,4,Electric,1d8+8 ,Spec,"6, 1 Target or Close Blast 2 ","If this Attack only has one Target, it has the Sureshot Keyword."
Spark,EOT,2,Electric,2d6+10 ,Phys,"Melee, 1 Target","On a roll of 15+, the Target becomes Paralyzed. "
Static Jolt,At-Will,2,Electric,1d8+8 ,Phys,"Melee, 1 Target","On a roll of 18+, the Target becomes Paralyzed. Smite"
Thunder,Scene x2,5,Electric,3d12+10 ,Spec,"12, 1 Target","On a roll of 15+, the Target becomes Paralyzed. If the Weather is Thunderstorm, Windy or Rainy, Thunder has the Sureshot Keyword. Smite"
Thunder Cage,Scene,8,Electric,2d8+10 ,Spec,"Close Blast 3, Full Action","After this Attack resolves, create a Zone within the Range of the Attack. If any Combatant enters the Zone or leaves the Zone, they become Paralyzed. Unless the Weather is Thunderstorm, this Zone lasts until you use a Reaction, use an Attack or Faint. Spirit Surge. Smite. "
Thunder Fang,At-Will,2,Electric,2d6+10 ,Phys,"Melee, 1 Target, Bite","On a roll of 17+, Roll a d2. On a roll of 1, the Target becomes Paralyzed. On a 2, the Target becomes Wounded."
Thunder Punch,At-Will,3,Electric,2d8+10 ,Phys,"Melee, 1 Target, Punch","Thunder Punch Paralyzes the Target on a roll of 18+."
Thunder Shock,At-Will,3,Electric,1d8+6 ,Spec,"4, 1 Target","Thunder Shock Paralyzes the Target on a roll of 17+. Smite"
Thunder Spear,EOT,4,Electric,2d6+8 ,Phys,"8, 1 Target","If there is an Enemy within 2m of the Target that is Paralyzed, this Attack also Targets them but is resisted an additional step."
Thunder Wave,EOT,6,Electric,,Status,"6, 1 Target or Close Blast 2, Versatile","The Target becomes Paralyzed. "
Thunderbolt,EOT,4,Electric,2d10+10 ,Spec,"6, 1 Target","On a roll of 19+, the Target becomes Paralyzed. Smite"
Thunderstorm,Scene x2,/,Electric,,Status,"Blessing, Versatile, Weather","Blessing - Any user affected by Thunderstorm may activate it as a Free Action when using an Electric Type Damaging Attack to grant it the Smite Keyword. If the Attack hits, it hits, it is also increased by one damage step. (Max 1.5x Effectiveness). Thunderstorm may be Activated 3 times and then disappears. While this Blessing persists, the Weather becomes Thunderstorm."
Volt Crush,Scene x2,3,Electric,2d8+10 ,Phys,"6, 1 Target","If a Target hit by this Attack is Paralyzed, you may cure them of the Affliction. If they are cured this way, they lose three Ticks of Hit Points."
Volt Switch,At-Will,3,Electric,2d6+10 ,Spec,"5, 1 Target","After Damage Calculations, the user may Disengage as a Free Action or they may perform a Full Switch as a Free Action."
Volt Tackle,Scene x2,3,Electric,3d12+10 ,Phys,"Melee, 1 Target, Dash, Recoil 1/3","Volt Tackle Paralyzes the Target on a roll of 19+. If the Dash Keyword is Activated, Volt Tackle instead Paralyzes the Target on a roll of 15+ and it has the Smite Keyword."
Wild Charge,At-Will,2,Electric,2d10+10 ,Phys,"Melee, 1 Target, Dash, Recoil 1/4","Wild Charge Paralyzes the Target on a roll of 18+. If the Dash Keyword is Activated, the Recoil Keyword is ignored."
Zap Cannon,EOT,5,Electric,3d8+10 ,Spec,"10, 1 Target","Zap Cannon Paralyzes the Target. Zap Cannon treats the Target as Vulnerable if there are no Combatants or Blocking Terrain adjacent to them or if the Weather is Thunderstorm."
Zing Zap,EOT,3,Electric,2d8+10 ,Phys,"Melee, 1 Target","On a roll of 17+, the Target becomes Vulnerable until the end of the Round."
Alluring Voice,Scene x2,4,Fairy,2d6+10 ,Spec,"6, 1 Target, Sonic","On a roll of 17+, the Target becomes Entranced. All Entranced Enemies within 3m that have the User as their Fixation become Provoked until the end of their next Turn, ignoring the Entranced Limitations. Spirit Surge"
Aromatic Mist,EOT,7,Fairy,,Status,"Burst 2, Healing, Versatile","All Allies within the range of this Attack are cured of a Mental Affliction and may reset Negative CS to their default CS. All Enemies hit by this Attack become Suppressed.  "
Baby-Doll Eyes,EOT,5,Fairy,,Status,"Close Blast 2, Social","All Targets hit by this Attack become Entranced. Each Target loses -1 CS in Attack or Special Attack of your choice. Spirit Surge. "
Charm,EOT,5,Fairy,,Status,"6, 1 Target, Social, Versatile","All Legal Targets lose -2 CS in Attack. On a Hit, the Target also becomes Entranced. Spirit Surge."
Cosmic Curse,EOT,4,Fairy,,Status,"4, 1 Target, Versatile","The Target loses -2 CS in a Stat of your choice. If the Target is Cursed, instead set it to -2 CS. On a roll of 17+, they also become Cursed. "
Crafty Shield,Scene x2,/,Fairy,,Status,"Melee, 1 Target, Coat, Versatile","The Target gains a Crafty Coat. This Coat may be activated as a Free Action to resist a Special Attack by an additional Damage step or ignore a Triggered Effect Range of an Attack they're hit by. This Coat may be activated twice before being expended."
Dazzling Gleam,EOT,6,Fairy,2d8+10 ,Spec,"Close Blast 2","If the Weather is Mystical or on a Miss, the Target has a -2 Penalty to Accuracy until the end of their next Turn. Spirit Surge"
Decorate,Scene x2,/,Fairy,,Status,"Melee, 1 Target, Versatile","The Target gains +2 CS in both Attack and Special Attack, then gains a Tick of Temporary Hit Points."
Disarming Voice,At-Will,3,Fairy,1d8+6 ,Spec,"Burst 1, Sonic","Until the end of their turn, if the user performs the Terrorize Maneuver against a Target hit by this Attack, it gains the Sureshot Keyword and the user may use Charm instead of Command or Intimidate for the Skill Check."
Draining Kiss,EOT,5,Fairy,1d8+8 ,Spec,"Melee, 1 Target ","If the Target is Entranced with the User as their Fixation, any excess Hit Points recovered from the Drain Keyword instead becomes Temporary Hit Points. Drain."
Enchanting Aria,EOT,6,Fairy,2d6+8 ,Spec,"Burst 1, Sonic","Each Ally within 3m of the user may roll their next Save Check this round twice, taking the higher result. Spirit Surge."
Fae Blessing,EOT,/,Fairy,,Status,"4, 1 Target, Coat, Versatile","The Target gains a Blessed Coat. A Blessed Coat may be Activated as a Free Action when missing an Attack in order to reroll the Accuracy Roll or when failing a Save Check to reroll it. Each Blessed Coat may be Activated thrice, then it is expended afterwards."
Fairy Lock,Scene,/,Fairy,,Status,"3, 1 Target, Versatile","The Target becomes Marked with a Lock Mark. While a Target has a Lock Mark they are Trapped. Whenever a Combatant with the Lock Mark misses an Attack, they become Dazed. If they were already Dazed this way, they instead cannot cure it on their next Save Check. Sureshot."
Fairy Wind,At-Will,3,Fairy,1d8+6 ,Spec,"6, 1 Target","All Allies adjacent to the Target gain a Tick of Temporary Hit Points. Spirit Surge."
Fey Storm,Scene x2,/,Fairy,,Status,"Field, Versatile, Weather","The Field becomes Mystical for the next 5 Rounds. While the Field is Mystical, non Fairy Type Enemies lose a Tick of Hit Points at the start of their Turn and Fairy Type Pokemon gain a Tick of Temporary Hit Points at the start of their Turn. While the Field is Mystical, the Weather becomes Mystical."
Floral Healing,Scene x2,/,Fairy,,Status,"8, Ranged Blast 2, Healing, Versatile","The Targets restore 3 Ticks of Hit Points. If the Field or Space the user is standing on is affected by an Fairy or Grass Attack or the Weather is Mystical, the Target is also cured of a Status Affliction. "
Flower Shield,Scene x2,/,Fairy,,Status,"Burst 2, Coat, Versatile","The user and all Allies within the Range of this Attack gain a Flower Coat. Whenever a Combatant with a Flower Coat gains a Status Affliction, they may expend the Flower Coat as a Reaction to cure it. Additionally as a Swift Action, Combatants with a Flower Coat may expend it to cure one Affliction currently affecting them. "
Glitter Bomb,Scene x2,5,Fairy,3d8+10 ,Phys,"6, Ranged Blast 2, Full Action","All Targets lose Accuracy equal to double the number of Mental Afflictions they’re affected by until the end of their next Turn. Smite"
Glitter Darts,At-Will,6,Fairy,1d8+6 ,Phys,"4, 2 Targets","If a Target is Dazed, this Attack has the Sureshot Keyword against them."
Glittering Mist,Scene x2,/,Fairy,,Status,"Blessing, Versatile, Weather","Blessing - Any user affected by Glittering Mist may activate it as a Free Action when using a Fairy Type Damaging Attack to grant it the Smite Keyword. If the Attack hits, it hits, it is also increased by one damage step. (Max 1.5x Effectiveness). Glittering Mist may be Activated 3 times and then disappears. While this Blessing persists, the Weather becomes Mystical."
Healing Wish,Scene,/,Fairy,,Status,"5, 1 Target or Self; Set-Up","Charge Effect: The user gains a Tick of Temporary Hit Points.
Resolution Effect: If the Target is fainted, they’re revived and set to 1 HP. The Target then restores two Ticks of Hit Points for each Charge Token expended. This may also Target Pokemon inside a Pokeball if the Trainer is within Range. "
Light of Ruin,Scene,8,Fairy,4d10+15 ,Spec,"8, Ranged Blast 3, Full Action, Recoil 1/2","If the Weather is Mystical or Sunny, Light of Ruin ignores the Recoil Keyword and Special Evasion. Smite"
Love Bite,At-Will,2,Fairy,2d6+10 ,Phys,"Melee, 1 Target, Bite","On a roll of 18+, Roll a 1d2. On a roll of 1, the Target becomes Entranced. On a 2, the Target becomes Wounded."
Magical Bomb,Scene,8,Fairy,3d12+10 ,Spec,"8, Ranged Blast 3","Targets who are affected by a Mental Affliction are treated as Vulnerable against this Attack. Smite, Friendly"
Misty Eruption,Scene x2,5,Fairy,2d8+10 ,Spec,"Burst 1, Full Action, Groundsource ","If the Field is affected by an Fairy Attack or the Weather is Mystical, Misty Eruption may increase its Burst Range by up to +2. Smite"
Misty Guard,Scene x2,/,Fairy,,Status,"Melee, 1 Target, Coat, Versatile","The Target gains a Misty Coat. A Misty Coat may be expended as a Reaction when the Target is hit with an Attack to instead not be hit by it. The Target does not take any Damage nor is affected by any of the Attack's Effects."
Misty Terrain,Scene x2,/,Fairy,,Status,"Field, Versatile","The field becomes Misty for the next 5 Rounds. While the field is Misty, grounded Combatants gain +2 to Save Checks, and Fairy Type attacks ignore Speed Evasion. While the Field is Misty, the Weather may become Mystical."
Moonblast,EOT,4,Fairy,3d8+10 ,Spec,"6, 1 Target","If the Weather is Foggy or Mystical, Moonblast has the Sureshot Keyword."
Moonlight,Scene x2,/,Fairy,,Status,"Self, Healing, Versatile","The user restores 5 Ticks of Hit Points. If the Weather is Foggy or Mystical, the user is also cured of a Status Affliction. This cannot be used if there is Weather other than Foggy or Mystical affecting the Field."
Moral Support,Scene x2,/,Fairy,,Status,"Burst 5, Priority, Sonic, Versatile","For each Ally within Range of this Attack, choose a Combat Value below for them to gain +4 Modifier in until the end of the Round. 
■ Accuracy, Evasion or Save Checks"
Mystic Circle,Scene x2,/,Fairy,,Status,"Burst 2, Healing, Versatile","Create up to a 5x5 Zone centered on the user. Spaces in this Zone are treated as Blessed Terrain and being affected by the Mystical Weather. The user and Allies that start their Turn in this Zone restore a Tick of Hit Points. The user and Allies in this Zone have a +3 Modifier to Save Checks. If the user Faints, this Zone is removed. "
Play Rough,EOT,3,Fairy,2d10+10 ,Phys,"Melee, 1 Target, Reckless","When using Play Rough, the user may choose to become Vulnerable against the next Attack to Target them. If they do, the Target is Vulnerable against this Attack."
Pixie Dust,Scene x2,/,Fairy,,Status,"5, Ranged Blast 3","Choose a Mental Affliction. Powder Hazards are set on the spaces in the range of this Attack until the end of the next Round. Whenever an Enemy triggers this Hazard they gain the chosen Affliction.  

Powder Hazard - Whenever an Enemy passes through or ends their turn on a Powder Hazard the Effect listed is applied. Users with the Breathless Capability ignore this Hazard."
Pungent Aroma,Scene x2,5,Fairy,,Status,"Burst 1, Versatile","Choose Dazed, Enraged, Entranced or Suppressed. All Targets of this Attack gain that Status Affliction."
Snuggle,At-Will,3,Fairy,1d8+6 ,Phys,"Melee, 1 Target","If the Target is Grappled by the user, they become Entranced while Grappled."
Sweet Kiss,Scene x2,5,Fairy,,Status,"6, 1 Target, Social, Versatile","The Target becomes Dazed or Entranced of your choice. On a Miss, the Target becomes Vulnerable until the end of the Round. Spirit Surge. "
Sparkling Slam,Scene x2,4,Fairy,3d12+10 ,Phys,"Melee, 1 Target, Dash, Recoil 1/3","If the Dash Keyword is Activated, the Target loses -2 CS in Defense before Damage Calculations."
Spellbind,EOT,5,Fairy,2d8+10 ,Spec,"3, 1 Target","On a roll of 17+ or on a Miss, choose one of the following for the Target to be unable to do until the end of the Round. Spirit Surge
■ Restore Hit Points
■ Gain Combat Stages
■ Use Reactions"
Spirit Break,EOT,3,Fairy,2d8+10 ,Phys,"Melee, 1 Target","If the Target has a negative CS in any Stat, this has the Sureshot Keyword."
Stardust,Scene x2,/,Fairy,,Status,"Field, Versatile, Weather","The Field becomes Stardusted until you Faint. While Stardusted, whenever a Combatant would gain CS, they gain 1 less. Enemies also suffer a -2 to Save Checks. While the Field is Stardusted, you may have the Weather become Mystical. "
Starfall,Scene x2,5,Fairy,3d8+10 ,Spec,"8, Ranged Blast 2, Full Action","On a roll of 15+, the Target lose -2 CS in Special Defense. If the Weather is Mystical, Starfall has the Smite Keyword."
Starlight Spark,Scene,6,Fairy,4d10+20 ,Spec,"Line 6, Full Action, Reckless","If there is no Mystical Weather on the Field, the user becomes Suppressed after Damage Calculations. Smite, Spirit Surge"
Star Slash,EOT,4,Fairy,1d8+8 ,Phys,"Melee, Pass","If this Attack only has one Target, it has the Sureshot Keyword."
Star Strike,EOT,3,Fairy,2d6+8 ,Spec,"6, 1 Target ","If the Weather is Mystical, Star Strike becomes a Ranged Blast 2 Attack and gains the Friendly Keyword."
Strange Steam,Scene x2,5,Fairy,2d8+10 ,Spec,"Burst 1 or Line 4","On a roll of 17+, the Target becomes Burned or Dazed."
Sweet Splash,EOT,4,Fairy,2d8+10 ,Spec,"8, 1 Target","If the Target is Entranced or Poisoned, Sweet Splash ignores Damage Reduction and cannot be Resisted. Smite"
Wish,Scene x2,/,Fairy,,Status,"10, 1 Target or Self; Coat, Healing","The Target gains a Wish Coat. The Coat may be expended as a Full Action by them to have the user restore 5 Ticks of Hit Points and become cured of all Status Afflictions. If a Combatant with a Wish Coat would faint while they have at least 10% Max HP, the Coat is expended and they are set to 1 Hit Point."
Adrenaline Boost,Scene x2,/,Fighting,,Status,"Self, Versatile","This Attack may be used even if the user is Enraged. Choose 2 different Effects to apply. The user gains +2 CS in Attack. The user gains +2 CS in Speed. The user gains +2 Crit Range. The user gains 2 Ticks of Temporary Hit Points."
Arm Thrust,EOT,4,Fighting,1d8+6 ,Phys,"Melee, 1 Target","If Arm Thrust hits at least 4 times, the Target becomes Vulnerable for the rest of the Round. Five Strike"
Aura Blast,EOT,5,Fighting,1d8+8 ,Spec,"6, Ranged Blast 2, Aura","This Attack may also be used as a Full Action to treat the Range as if it were Close Blast 3 or as if it had the Smite Keyword."
Aura Burst,Scene,6,Fighting,3d8+10 ,Spec,"Burst 1, Set-Up, Aura","Charge Effect: If you used an Aura or Self Attack this Round, gain 2 Charge Tokens instead. 
Resolution Effect: For every Charge Token expended you may either increase the Burst by +1, the DB by +2 or the AC by -1. If the Burst is 3 or higher, this has the Recoil 1/2  Keyword. "
Aura Sphere,EOT,4,Fighting,2d8+10 ,Spec,"8, 1 Target, Set-Up, Aura","Charge Effect: If you used an Aura or Self Attack this Round, gain 2 Charge Tokens instead. 
Resolution Effect: This Attack may ignore the Set-Up Keyword if desired and be used without expending Charge Tokens. This Attack has a +1 bonus to Crit Range for each Charge Token expended. If you expend at least 3 Charge Tokens, this has the Sureshot Keyword."
Aura Tempest,Scene x2,4,Fighting,4d10+10 ,Status,"Field, Versatile","The Field becomes Aurized for the next 5 Rounds. While the Field is Aurized, non Fighting Type Enemies lose a Tick of Hit Points at the start of their Turn and Fighting Type Pokemon gain a Tick of Temporary Hit Points at the start of their Turn."
Axe Kick,Scene x2,3,Fighting,3d12+10 ,Phys,"Melee, 1 Target, Reckless","If Axe Kick misses, the user loses Hit Points equal to 1/4th of their Max Hit Points. On a roll of 15+, the Target becomes Dazed. A failure to hit due to an Attack with the Shield keyword does not count as a miss. "
Body Press,EOT,3,Fighting,2d8+10 ,Phys,"Melee, 1 Target","The user may use their Defense as the Offensive Stat for this Attack instead of Attack."
Brick Break,EOT,3,Fighting,2d8+10 ,Phys,"Melee, 1 Target","Blessings cannot be Activated in response to Brick Break. On a roll of 15+, destroy a Coat the Target has applied to them."
Bulk Up,EOT,/,Fighting,,Status,"Self, Versatile","Choose two different Effects to apply to the user: The user gains +2 CS in Attack. The user gains +2 CS in Defense. The user is cured of a Physical Affliction"
Chakra Block,Scene x2,6,Fighting,,Status,"Melee, Trigger, Aura","Chakra Block may be used as an Reaction when an Adjacent Enemy would gain CS. They don't gain the triggering CS. If the Attack would hit, they also become Suppressed. Spirit Surge"
Circle Throw,At-Will,2,Fighting,2d6+8 ,Phys,"Melee, 1 Target","If the user's Power Value is higher than the Target's Weight Class, they may Slide the Target a number of meters equal to or less than the difference. "
Close Combat,Scene x2,4,Fighting,3d12+10 ,Phys,"Melee, 1 Target","The Target cannot apply Speed Evasion against Close Combat."
Coaching,EOT,/,Fighting,,Status,"Melee, 1 Target, Full Action, Versatile","The Target gains +2 CS in a Stat of your Choice and +2 to their next Accuracy or Save Check of your choice."
Concentration,EOT,/,Fighting,,Status,"Self, Versatile","Choose one of the following Effects. You pass your next Save Check, then gain +2 to Save Checks for the rest of the Scene. Your next Damaging Attack has the Sureshot Keyword, then gain +2 Accuracy."
Counter,Scene x2,/,Fighting,,Phys,"Melee, 1 Target, Trigger","Counter can only be used as a Standard Action + Reaction whenever you’re hit with a Damaging Physical Attack from an Enemy in Range. After the Triggering Attack is resolved, if the user isn’t Fainted, perform this Attack against the Triggering Enemy. The Damage Base is equal to the Triggering Attack’s DB plus double your Tier Level. Sureshot"
Cross Chop,Scene x2,3,Fighting,3d8+10 ,Phys,"Melee, 1 Target","Cross Chop is a Critical Hit on a roll of 17+. Smite."
Detect,Scene x2,/,Fighting,,Status,"4, 1 Target, Priority, Swift Action, Aura","Detect must be used at the start of the Round. The Target is Marked with a Detect Mark until the start of the next Round. You are Provoked by any Enemy with your Detect Mark. You resist Attacks derrived from enemies with your Detect Mark by an additional Damage step and you have a Boon to any Skill Checks opposed by them. Sureshot"
Double Kick,At-Will,3,Fighting,1d6+5 ,Phys,"Melee, 1 Target","Double Strike."
Drain Punch,Scene x2,4,Fighting,2d8+10 ,Phys,"Melee, 1 Target, Punch","Drain."
Dynamic Punch,EOT,4,Fighting,3d8+10 ,Phys,"Melee, 1 Target, Punch, Reckless","Targets hit by this Attack becomes Dazed. If the user misses this Attack, they become Dazed. Smite. Spirit Surge"
Flying Press,EOT,4,Fighting,2d10+10 ,Phys,"Melee, Dash, 1 Target","When the Dash Keyword is Activated, Flying Press has the Smite Keyword and may deal Flying Type damage if the user wishes. "
Focus Blast,Scene x2,5,Fighting,3d12+10 ,Spec,"6, 1 Target, Aura","If the Target has Negative CS in Special Defense, they cannot apply Evasion against this Attack. Smite"
Focus Punch,Scene x2,2,Fighting,4d10+10 ,Phys,"Melee, 1 Target, Set-Up, Aura, Punch","Charge Effect: This can only be used as a Swift Action, Priority at the start of the Round. If you use this effect, you can only take your Turn at the end of the Round unless you lose this Charge Token. If you’re hit by a Damaging Attack, you lose this Charge Token unless you pass a CR 4 Focus Check.
Resolution Effect: Focus Punch is a Critical Hit on a 17+. Sureshot."
Force Bullet,At-Will,3,Fighting,1d8+6 ,Spec,"6, 1 Target, Aura","If the Target has no Combatants that are Adjacent to them, they cannot apply Evasion against this Attack. "
Force Palm,At-Will,2,Fighting,2d6+8 ,Phys,"Melee, 1 Target","On a roll of 18+, the Target becomes Paralyzed. This may also be used as if it were a Special Category Attack. "
Hammer Arm,EOT,4,Fighting,3d10+10 ,Phys,"Melee, 1 Target, Recoil 1/3, Reckless, Punch","If the Target is smaller than the user, this has the Sureshot Keyword."
High Jump Kick,EOT,4,Fighting,3d12+10 ,Phys,"Melee, Dash, 1 Target, Recoil 1/3, Reckless","If the Dash Keyword is Activated, the Recoil Keyword is ignored. If this Attack misses, the user loses a Tick of Hit Points. Smite"
Intense Aura,Scene x2,/,Fighting,,Status,"Blessing, Aura, Versatile","Blessing - Any user affected by Intense Aura may activate it as a Free Action when using a Fighting Type Damaging Attack to grant it the Smite Keyword. If the Attack hits, it hits, it is also increased by one damage step. (Max 1.5x Effectiveness). Intense Aura may be Activated 3 times and then disappears. "
Jump Kick,At-Will,3,Fighting,3d8+10 ,Phys,"Melee, 1 Target, Dash","If the Dash Keyword is not Activated, this Attack's DB is 6 instead. "
Karate Chop,At-Will,2,Fighting,1d8+8 ,Phys,"Melee, 1 Target","Karate Chop is a Critical Hit on a roll of 17+."
Lotus Palm,EOT,2,Fighting,2d6+8 ,Phys,"Melee, 1 Target","If the Target has a Physical Affliction, they have a -2 Penalty to Save Checks until the end of their next Turn."
Low Kick,EOT,3,Fighting,,Phys,"Melee, 1 Target ","On a roll of 17+, the Target is Tripped. Low Kick's Damage Base is equal to 3 plus the Target's Weight Class Value. "
Low Sweep,EOT,2,Fighting,2d6+8 ,Phys,"Melee, 1 Target","On a roll of 17+, the Target is Tripped. If the Target is Slowed or has Negative Speed CS, this Effect Range automatically triggers."
Mach Punch,At-Will,2,Fighting,1d8+6 ,Phys,"Melee, 1 Target, Priority, Punch","--"
Mat Block,Scene x2,/,Fighting,,Status,"Self, Trigger, Shield","If the user or an adjacent ally is hit by a damaging attack, the user may use Mat Block as a Standard Action + Reaction. The attack instead does not hit any Targets, and it deals no damage and has no effects. The user must be adjacent to Cover or Blocking Terrain in order to use this Attack. "
Megaton Shove,EOT,3,Fighting,2d8+10 ,Phys,"Melee, 1 Target","The Target is Tripped on a roll of 18+. When declaring Megaton Shove you may increase the AC by up to +5. If the Target is hit, they Slide X (Away), where X is the amount of AC increased. Smite. Spirit Surge"
Meteor Assault,Scene,2,Fighting,4d10+10 ,Phys,"Melee, Pass, Set-Up, Reckless","Charge Effect: No Effect.
Resolution Effect: Unless at least 3 Charge Tokens were expended, the user becomes Vulnerable for the rest of the Scene and Slowed. Sureshot."
No Retreat,Scene,/,Fighting,,Status,"Self, Coat","The user gains a Bravery Coat. While the user has a Bravery Coat, at the end of their Turn they gain +1 CS in a Stat of their choice, they gain a Tick of Temporary Hit Points and they restore a Tick of Hit Points. While the user has a Bravery Coat they cannot be recalled."
Octolock,Scene,3,Fighting,,Status,"Melee, 1 Target","The user initiates a Grapple Maneuver with the Target, which automatically hits. If successful, until the user no longer has Dominance in the grapple, the Target is Trapped and loses -1 CS in Defense and Special Defense at the end of each of their turns."
Power-Up Punch,EOT,3,Fighting,1d8+8 ,Phys,"Melee, 1 Target, Full Action, Punch","The user gains +1 CS in Attack. Spirit Surge"
Pressure Point,EOT,3,Fighting,2d8+10 ,Spec,"Melee, 1 Target","On a roll of 17+, the Target becomes Weakened until the end of their next Turn. A Combatant can only be Weakened this way once per Scene."
Quick Guard,Scene x2,/,Fighting,,Status,"Self, Shield, Trigger","If an adjacent ally is hit by a 1-Target Attack, Quick Guard may be declared as a Swift Action + Reaction, causing the triggering attack to hit you instead. You may use your Speed Stat instead of the relevant Defense Stat when calculating damage."
Raging Bull,EOT,5,Fighting,2d10+10 ,Phys,"Melee, Pass or all Adjacent Enemies","The Target cannot use Attacks with the Shield Keyword as a response to this Attack. If the user is Enraged, Raging Bull has the Smite Keyword."
Revenge,EOT,4,Fighting,2d6+8 ,Phys,"Melee, 1 Target","If the Target hit the user with an Attack since the user's last turn, Revenge instead has a Damage Base of 12."
Reversal,EOT,3,Fighting,2d6+10 ,Phys,"Melee, 1 Target","If the user has less than 50% of their Maximum Hit Points, Reversal has the Sureshot Keyword and is a Critical Hit on a roll of 17+. "
Rock Smash,At-Will,2,Fighting,1d8+6 ,Phys,"Melee, 1 Target","On a roll of 15+ the Target loses -1 CS in Defense. If the Target’s highest stat is Defense, they instead lose -2 CS in Defense. "
Rolling Kick,At-Will,2,Fighting,2d6+8 ,Phys,"Melee, 1 Target, Dash","If the Dash Keyword is Activated, this has the Smite Keyword and ignores Physical Evasion."
Sacred Sword,EOT,/,Fighting,2d8+10 ,Phys,"Melee, 1 Target","Sureshot."
Seismic Toss,Scene x2,3,Fighting,,Status,"Melee, 1 Target, Versatile","The Target becomes Tripped. For each Size Category you are larger than the Target, add +2 to the Slide Keyword. Slide 4 (Away)"
Sky Uppercut,EOT,3,Fighting,2d10+10 ,Phys,"Melee, 1 Target, Punch","Sky Uppercut has the Sureshot Keyword against any Target with the Flier Capability."
Storm Throw,EOT,5,Fighting,2d6+8 ,Phys,"Melee, 1 Target","If Storm Throw hits, it is a Critical Hit. Smite"
Submission,EOT,4,Fighting,2d8+10 ,Phys,"Melee, 1 Target, Recoil 1/3","If Submission hits a Target smaller than the user, they may initiate a Grapple Maneuver against the Target as a Free Action."
Superpower,Scene x2,3,Fighting,4d10+10 ,Phys,"Melee, 1 Target, Reckless","After Damage Calculations, lower the Offensive Stat used for this Attack by -2 CS. Smite"
Triple Arrow,Scene x2,7,Fighting,1d8+6 ,Phys,"4, 1 Target; or 6, 2 Targets; or 8, 3 Targets","On a roll of 15+, the Target(s) lose -1 CS in Defense.If Triple Arrow has 1 Target, it has the Five Strike Keyword. If it has 2 Targets, it has the Double Strike and Full Action Keyword. If it has 3 Targets, it has the Full Action Keyword."
Triple Kick,EOT,5,Fighting,2d6+8 ,Phys,"Melee, 1 Target","After attacking with Triple Kick, hit or miss, the user may Disengage 2m and attack a different Target with Triple Kick. This effect may be repeated a second time, Targeting a combatant that has not been Targeted by either prior attack. Before making each attack roll, the user may choose to not trigger all remaining additional shifts and attacks. Triple Kick gains +1 Accuracy and +1 DB for each Attack that is given up. Triple Kick always benefits from the Technician Ability."
Vacuum Wave,At-Will,3,Fighting,1d8+6 ,Spec,"4, 1 Target, Priority, Aura","--"
Victory Dance,Scene,/,Fighting,,Status,"Self, Trigger","Upon an Enemy fainting, Victory Dance may be used as a Standard Action + Reaction. The user gains a Victory Coat and +1 CS in a Stat of their choice. The user may expend a Victory Coat when successfully hitting a Fighting Damaging Attack to add its Damage Dice an extra time to the Damage Roll. This applies after any other Damage Base Modifiers such as a Critical Hit. 
Note: If the Damage Base would have the Attack be 2d6+8, this expended Coat turns it into 4d6+16."
Vital Throw,EOT,/,Fighting,2d6+10 ,Phys,"Melee, 1 Target, Trigger","Vital Throw can only be used as a Standard Action + Reaction when the user is hit with a Melee Attack. This resolves after the Triggering Attack. Slide 2 (Away), Sureshot."
Wake-Up Slap,At-Will,3,Fighting,2d6+8 ,Phys,"Melee, 1 Target","If the Target is Drowsy, the Damage Base for this Attack becomes 12, then it becomes a Critical Hit. After Damage Calculations the Target is cured of the Drowsy Affliction."
Armor Cannon,Scene x2,5,Fire,3d12+10 ,Spec,"8, 1 Target","On a roll of 18+, the Target becomes Burned. If the Target has no Adjacent Allies, this Effect Range is extended by +2"
Bitter Blade,Scene x2,6,Fire,2d10+10 ,Phys,"Melee, Pass ","This has the Drain Keyword against Targets who are Suppressed or Cursed. Smite"
Blast Burn,Scene,8,Fire,4d10+20 ,Spec,"Close Blast 3, Full Action ","All Targets hit by Blast Burn become Burned. Blast Burn created Fire Hazards in all Spaces within the Range of this Attack. Smite, Spirit Surge

Fire Hazards - Any Combatant who ends their turn on or moves through a Fire Hazard becomes Burned. Ground and Rock Type Pokemon  are immune to Fire Hazards and destroy them when Moving through them. Ground, Rock, and Water Type Attacks that affect these Spaces also destroy these Hazards. "
Blaze Kick,EOT,3,Fire,2d10+10 ,Phys,"Melee, 1 Target, Dash","Blaze Kick is a Critical Hit on a roll of 18+. If the Dash Keyword is Activated, the Target is Burned."
Blazing Sun,Scene x2,/,Fire,,Status,"Field, Versatile, Weather","The Field becomes Blazing for the next 5 Rounds. While the Field is Blazing, non Fire Type Enemies lose a Tick of Hit Points at the start of their Turn and Fire Type Pokemon gain a Tick of Temporary Hit Points at the start of their Turn. While the Field is Blazing, the Weather becomes Sunny."
Burning Jealousy,Scene x2,6,Fire,2d8+10 ,Spec,"Burst 1","If a Target of this Attack had their Combat Stages raised since the user's last turn, they become Burned. Spirit Surge."
Burn Up,Scene x2,7,Fire,4d10+10 ,Spec,"Burst 1, Full Action ","Until the end of the encounter, the user loses its Fire Type (Pure Fire Types become Normal Type). The user may cure themselves of the Burned Affliction and if they do, Burn Up is a Critical Hit and the user regains its Fire Type. Smite. Spirit Surge."
Cleansing Flames,Scene x2,5,Fire,2d6+10 ,Spec,"6, Ranged Blast 2","All Targets have all Physical Afflictions removed except for Burn. Any Targets that have an Affliction removed this way take one step more damage from Cleansing Flames. Allies within the range of Cleansing Flames take no damage from this Attack. "
Ember,At-Will,3,Fire,1d8+6 ,Spec,"4, 1 Target or Close Blast 2","On a roll of 18+, the Target becomes Burned. If this is used with the Close Blast Range, the AC is increased by +2."
Eruption,Scene,5,Fire,2d8+10 ,Spec,"10, Ranged Blast 3, Set-Up","Charge Effect: While the user has Eruption Charge Tokens, Combatants Adjacent to the user are Burned whenever the user is hit by an Attack.
Resolution Effect: All Targets become Burned on an 18+. For each Charge Token expended, increase the DB by +2 and this Effect Range by +1. Smite"
Explosive Punch,Scene,6,Fire,3d12+10 ,Phys,"Melee, 1 Target, Punch, Recoil 1/3","Explosive Punch is a Critical Hit on a roll of 17+. Explosive Punch also Targets all Enemies that are Adjacent to the Target. Smite"
Fiery Dance,Scene x2,7,Fire,2d6+10 ,Spec,"3, 3 Targets, Full Action + Movement Action","On a roll of 17+, the Target becomes Burned. If you only choose two Targets, all hit Targets become Burned. If you only choose one, all Targets become Burned and this has the Sureshot Keyword."
Fire Blast,Scene x2,6,Fire,3d10+10 ,Spec,"6, 1 Target; or Close Blast 2, Full Action","On a roll of 17+, the Target becomes Burned. If the Weather is Sunny, Targets cannot apply Special Defense Evasion against this Attack. Smite"
Fire Claw,At-Will,4,Fire,1d8+6 ,Phys,"Melee, Pass","On a roll of 17+, the Target becomes Burned.  "
Fire Fang,At-Will,2,Fire,2d6+10 ,Phys,"Melee, 1 Target, Bite","On a roll of 17+, Roll a 1d2. On a 1, the Target becomes Burned. On a 2, the Target becomes Wounded."
Fire Lash,EOT,3,Fire,2d8+10 ,Phys,"2, 1 Target","The Target loses -1 CS in Defense. If the Target is Burned or the Weather is Sunny, they instead lose -2 CS in Defense."
Fire Pledge,Scene x2,4,Fire,2d8+10 ,Spec,"6, 1 Target","If an Ally has used a Fire Type Attack since your last turn, this Attack can instead used as a 6, Ranged Blast 3, Full Action, Smite Range, burns on a roll of 15+ and creates Fire Hazards in all Spaces within the Range of this Attack.

Fire Hazards - Any Combatant who ends their turn on or moves through a Fire Hazard becomes Burned. Ground and Rock Type Pokemon  are immune to Fire Hazards and destroy them when Moving through them. Ground, Rock, and Water Type Attacks that affect these Spaces also destroy these Hazards."
Fire Punch,At-Will,3,Fire,2d8+10 ,Phys,"Melee, 1 Target, Punch","On a roll of 17+, the Target becomes Burned.  "
Fire Spin,Scene x2,5,Fire,2d6+8 ,Spec,"4, Ranged Blast 2","After this Attack resolves, create a Zone within the Range of the Attack. If any Combatant enters the Zone or leaves the Zone, they become Burned. Unless the Weather is Sunny, this Zone lasts until you use a Reaction, use an Attack or Faint. Spirit Surge"
Firestorm,Scene x2,6,Fire,3d10+10 ,Phys,"8, Ranged Blast 3, Full Action","On a roll of 16+, all Targets become Burned. If the Weather is Sunny this has the Smite Keyword. If a Target is Burned, they cannot apply Evasion against this Attack. "
Fire Wall,Scene x2,/,Fire,,Status,"6, Hazard, Versatile","Choose 8 Spaces within the Range of this Attack to create Fire Hazards in, such that all 8 Spaces are Adjacent to at least one other Fire Hazard.

Fire Hazards - Any Combatant who ends their turn on or moves through a Fire Hazard becomes Burned. Ground and Rock Type Pokemon  are immune to Fire Hazards and destroy them when Moving through them. Ground, Rock, and Water Type Attacks that affect these Spaces also destroy these Hazards."
Flame Barrage,Scene x2,6,Fire,2d6+8 ,Spec,"8, 1 Target; or 8, 2 Targets","On a roll of 17+, all Targets become Burned. If Flame Barrage has 1 Target, it has the Double Strike Keyword. Smite"
Flame Burst,EOT,4,Fire,2d6+10 ,Spec,"6, 1 Target; or Burst 1, Full Action","You may originate this Attack from a Burned Combatant within 5m instead of the user. If Flame Burst is performed this way, all Targets are considered Vulnerable against it. "
Flame Charge,At-Will,2,Fire,1d8+8 ,Phys,"Melee, 1 Target, Dash","On a roll of 17+, the Target becomes Burned. If the Dash Keyword is Activated, this Effect Range automatically triggers."
Flame Rush,At-Will,2,Fire,2d10+10 ,Phys,"Melee, 1 Target, Dash, Recoil 1/3","Flame Rush Burns the Target on a roll of 18+. If the Dash Keyword is Activated, the Recoil Keyword is ignored."
Flame Wheel,At-Will,2,Fire,2d6+8 ,Phys,"Melee, 1 Target, Dash","On a roll of 17+, the Target becomes Burned. If the Dash Keyword is Activated, Flame Wheel has the Pass Keyword."
Flamethrower,EOT,5,Fire,2d10+10 ,Spec,"6, 1 Target or Line 3, Full Action","On a roll of 18+, the Target becomes Burned. If this Attack only has one Target, this has the Smite Keyword."
Flaming Dash,EOT,3,Fire,2d8+10 ,Phys,"Melee, 1 Target, Dash","If the Dash Keyword is Activated, all spaces the user moves through have Fire Hazards created on them.

Fire Hazards - Any Combatant who ends their turn on or moves through a Fire Hazard becomes Burned. Ground and Rock Type Pokemon  are immune to Fire Hazards and destroy them when Moving through them. Ground, Rock, and Water Type Attacks that affect these Spaces also destroy these Hazards. "
Flare Blitz,Scene x2,3,Fire,3d12+10 ,Phys,"Melee, 1 Target, Dash, Reckless, Recoil 1/3","Flare Blitz Burns the Target on a roll of 17+. If the Dash Keyword is Activated, both the user and the Target become Burned on a hit. This bypasses Fire Type Immunity to the Burned Affliction."
Heat Crash,EOT,3,Fire,1d8+6 ,Phys,"Melee, 1 Target, Dash","For each Weight Class the user is above the Target, increase Heat Crash’s Damage Base by +2, or +3 if the Dash Keyword was Activated. "
Heat Wave,Scene x2,7,Fire,3d8+10 ,Spec,"Close Blast 3 or Burst 1; Full Action","On a roll of 18+, all Targets become Burned. If the Weather is Sunny, this Effect Range automatically triggers. Smite"
Heat Veil,Scene x2,/,Fire,,Status,"4, 1 Target or Self; Coat, Versatile","The Target gains a Heated Coat. While affected by a Heated Coat, the Combatant treats Water and Ice Type Attacks as if they were resisted, ignoring their Type Effectiveness. In addition, while affected by a Heated Coat, the Weather is considered to be Sunny for any of their Attacks, Features or Abilities that would Reference it. After the user is hit by a Water or Ice Type Attack, this Coat is expended."
Hellfire,Scene x2,6,Fire,3d8+10 ,Spec,"8, 1 Target ","When this Attack hits, Hellfire burns the Target. On a miss, the Target is Suppressed. Hellfire may be used as a Full Action to be treated as if it were a Dark Type Attack. Spirit Surge."
Ignition,Scene x2,3,Fire,2d8+10 ,Spec,"6, 1 Target","If a Target hit by this Attack is Burned, you may cure them of the Affliction. If they are cured this way, they lose three Ticks of Hit Points."
Incinerate,At-Will,5,Fire,1d8+8 ,Spec,"Line 3","On a Roll of 17+ or if the Target is Burned, you may destroy a Coat they're affected by."
Inferno,At-Will,5,Fire,3d8+10 ,Spec,"10, 1 Target","Inferno Burns the Target. Inferno treats the Target as Vulnerable if there are no Combatants or Blocking Terrain adjacent to them or if the Weather is Sunny."
Kindle,EOT,/,Fire,,Status,"Self, Versatile","The user gains a Kindled Coat. The user may expend a Kindled Coat when successfully hitting an Fire Damaging Attack to add its Damage Dice an extra time to the Damage Roll. This applies after any other Damage Base Modifiers such as a Critical Hit. 
Note: If the Damage Base would have the Attack be 2d6+8, this expended Coat turns it into 4d6+16. "
Lava Armor,Scene,/,Fire,,Status,"Self, Coat, Versatile","The user gains a Molten Coat. While the user is affected by a Molten Coat, whenever a Melee Attack hits them, the Attacker become Burned. The Molten Coat can be expended as a Reaction to resist a Physical Attack by an additional Damage step. It also can be expended when the user hits a Physical Fire Type Attack to cause all Targets to become Burned. "
Lava Plume,EOT,6,Fire,2d8+10 ,Spec,"Burst 1 ","On a roll of 18+, all Targets become Burned. This Attack may also be used as a Full Action to treat its Range as Burst 2. Smite"
Mind Blown,Scene,8,Fire,4d10+20 ,Spec,"6, Ranged Blast 5, Full Action","The Target in the center of Mind Blown's Range resists this Attack one less Step. The user loses a Tick of Hit Points per Target hit by this Attack. Smite"
Molten Rupture,EOT,6,Fire,2d8+10 ,Phys,"4, Ranged Blast 2, Groundsource","Molten Rupture may be used as a Full Action to treat it as if it were Ground Type instead. "
Mystical Fire,EOT,5,Fire,2d8+10 ,Spec,"6, 1 Target","If the Target is suffering from a Mental Affliction, they become Burned. "
Overheat,Scene,6,Fire,4d10+10 ,Spec,"Close Blast 3, Full Action, Reckless","After Damage Calculations, lower the Offensive Stat used for this Attack by -2 CS. Smite"
Pyro Ball,Scene x2,4,Fire,3d8+10 ,Phys,"5, 1 Target","If the user has at least +3 CS in Speed, this has the Sureshot Keyword. The user may perform this Attack as a Standard + Movement Action to cause the Target to become Burned on a hit. Smite"
Raging Fire,EOT,6,Fire,2d8+10 ,Phys,"6, Ranged Blast 2","If the user is Enraged this is changed to 8, Ranged Blast 3, Full Action and Targets cannot apply Physical Evasion  against this Attack."
Shell Trap,Scene,4,Fire,4d10+10 ,Spec,"Melee, 1 Target, Trigger","Shell Trap can only be used as a Standard Action + Reaction when the user is hit by an Adjacent Enemy and it must only Target them. Shell Trap is a Critical Hit on a 17+. Smite."
Sunny Day,Scene x2,/,Fire,,Status,"Blessing, Versatile, Weather","Blessing - Any user affected by Sunny Day may activate it as a Free Action when using a Fire Type Damaging Attack to grant it the Smite Keyword. If the Attack hits, it hits, it is also increased by one damage step. (Max 1.5x Effectiveness). Sunny Day may be Activated 3 times and then disappears. While this Blessing persists, the Weather becomes Sunny."
Temper Flare,EOT,4,Fire,2d8+10 ,Phys,"Melee, 1 Target","If the user's last Attack missed or they are Enraged, Temper Flare is DB 13 instead."
Torch Song,Scene x2,6,Fire,2d6+8 ,Spec,"Close Blast 2, Sonic","The user's Special Attack is raise by +1 CS on a Miss or 16+. Spirit Surge."
Twin Flames,EOT,6,Fire,1d8+8 ,Spec,"6, 2 Targets","Twin Flames Burns all Targets on a roll of 18+"
Wildfire,EOT,5,Fire,,Status,"Close Blast 3, Versatile","All Targets become Burned. All Targets that were already Burned lose two Ticks of Hit Points and cannot cure Burn during their next Save Check. Any Fire Typed Allies within the Range of this Attack instead gain 2 Ticks of Temporary Hit Points."
Will-O-Wisp,EOT,3,Fire,,Status,"6, 1 Target, Versatile","The Target becomes Burned. If the Target is already Burned, they become Cursed or Suppressed instead. "
Acrobatics,EOT,3,Flying,2d6+8 ,Phys,"Melee, Dash, 1 Target","At the start of your Turn you may declare the usage of Acrobatics. During this Turn you do not Provoke Attacks of Opportunity. You must then use this Attack while activating the Dash Keyword. if you do so, the Damage Base becomes 10 instead. "
Aerial Ace,EOT,/,Flying,2d6+8 ,Phys,"Melee, 1 Target, Dash","If the Dash Keyword is Activated, Aerial Ace is a Critical hit on a roll of 18+. Sureshot."
Aerial Combat,Scene x2,4,Flying,3d12+10 ,Phys,"Melee, 1 Target","If the Target has the Flier Capability or the Weather is Windy, they cannot apply Evasion against this Attack. "
Air Cutter,At-Will,5,Flying,1d8+8 ,Spec,"Close Blast 2","Air Cutter is a Critical Hit on a roll of 18+ or 16+ if the Weather is Windy."
Air Slash,EOT,4,Flying,2d8+10 ,Spec,"6, 1 Target","On a roll of 17+, the Target becomes Wounded. If the Weather is Windy, the Target cannot apply Speed Evasion  against Air Slash."
Beak Blast,Scene x2,6,Flying,3d8+10 ,Phys,"Close Blast 2, Full Action, Priority","Beak Blast must be declared at the start of the round as a Priority Action. If the user is hit by a Melee attack this round, the triggering attacker is Burned. At the end of the round, the user may use a Movement Action, then attacks with Beak Blast."
Bounce,EOT,3,Flying,2d8+10 ,Phys,"Melee, 1 Target","The user may declare the usage of Bounce at the start of their Turn and must use this Attack after their Movement Action is used. When Moving this turn, they use the Jump Capability as a Free Action, going up to 4m in the air and ignoring Attacks of Opportunity. "
Brave Bird,Scene x2,3,Flying,3d12+10 ,Phys,"Melee, 1 Target, Dash, Recoil 1/3","If the Dash Keyword is Activated, Brave Bird has Sureshot against Targets with lower Speed than them. "
Chatter,EOT,4,Flying,2d6+10 ,Spec,"4, 1 Target, Sonic","On a roll of 16+, the Target becomes Enraged. "
Concussive Burst,EOT,4,Flying,2d6+8 ,Spec,"4, 1 Target","Targets hit by this Attack Slide up to X Meters (Away), where X is 6 minus their Weight Class."
Cyclone,EOT,6,Flying,2d8+10 ,Spec,"6, Ranged Blast 3, Full Action","If the Weather is Windy, this has the Smite Keyword. After this Attack’s Resolution, you may choose to destroy all Hazards within this Range or Slide them up to 3m. Spirit Surge. "
Defog,Scene x2,/,Flying,,Status,"Field, Versatile","You may Destroy/Remove any amount of the following:
» Weather on the Field
» Blessings on the Field
» Coats on the Field
» Hazards on the Field "
Drill Peck,At-Will,3,Flying,2d8+10 ,Phys,"Melee, 1 Target","On a roll of 17+, the Target becomes Wounded."
Dual Wingbeat,EOT,4,Flying,1d8+6 ,Phys,"4, 1 Target","Double Strike."
Feather Dance,EOT,4,Flying,,Status,"Burst 1, Versatile","All Enemies have their Attack lowered by -3 CS and have all Coats removed. You may choose to remove any Coats affecting Allies within this range as well. "
Feather Storm,Scene x2,5,Flying,3d8+10 ,Spec,"8, Ranged Blast 2, Full Action","If the Weather is Windy, you may also use this Attack as if it’s Range was 6, 3 Targets, Full Action."
Gale Force,EOT,3,Flying,2d6+8 ,Spec,"6, 1 Target","The Target is Tripped on a roll of 16+. If the Weather is Windy, this Effect Range automatically Triggers if they fail a CR 4 Acrobatics Check. Slide 4 (Away)."
Gust,At-Will,3,Flying,1d8+6 ,Spec,"4, 1 Target","If the Weather is Windy, this Attack may be used as if it were 4, Ranged Blast 2."
Heavy Winds,Scene x2,/,Flying,,Status,"Blessing, Versatile, Weather","Blessing - Any user affected by Heavy Winds may activate it as a Free Action when using a Flying Type Damaging Attack to grant it the Smite Keyword. If the Attack hits, it hits, it is also increased by one damage step. (Max 1.5x Effectiveness). Heavy Winds may be Activated 3 times and then disappears. While this Blessing persists, the Weather becomes Windy."
Hurricane,Scene x2,5,Flying,3d12+10 ,Spec,"6, 1 Target","After this Attack’s Resolution, You may Slide any number of Targets or Hazards within this Range or Adjacent to Targets up to 3m. If the Weather is Windy, the Range may be used as if it were 6, Ranged Blast 3. Spirit Surge. Smite"
Mach Speed,EOT,3,Flying,2d8+10 ,Phys,"Melee, 1 Target, Dash, Priority","If the Weather is Windy or the Dash Keyword is Activated, the Target cannot apply Speed Evasion against this Attack."
Molt Feathers,Scene ,/,Flying,,Status,"Self, Movement Action","The user may cure as many Physical Afflictions as they wish that affect them, then they become Vulnerable until the end of the next Round."
Mirror Move,Scene x2,/,Flying,,Spec,"6, 1 Target","Use the Attack the Target has used on their last turn. You may choose new Targets for the Attack. The Attack may deal Damage as if it were Physical or Special. Sureshot"
Peck,At-Will,2,Flying,1d8+6 ,Phys,"Melee, 1 Target","On a roll of 16+, the Target becomes Wounded."
Pluck,At-Will,3,Flying,2d6+8 ,Phys,"Melee, 1 Target","The user may perform a Disarm Manuever as a Free Action against the Target. If used this way, Disarm automatically hits."
Quick Strike,EOT,3,Flying,2d6+10 ,Phys,"Melee, 1 Target, Dash","After damage Calculations the user may disengage as a Free Action. If you activate the Dash Keyword or attack a Flanked Target, this Attack has the Sureshot Keyword."
Raven Claw,Scene x2,3,Flying,2d10+10 ,Phys,"Melee, 1 Target","Raven Claw is a Critical Hit on a roll of 18+. If the Target has any Mental Afflictions, this Crit Range is extended by +1 per Mental Affliction they have."
Razor Wind,Scene x2,7,Flying,2d8+10 ,Spec,"10, X Targets, Set-Up","Charge Effect: You instead gain 2 Charge Tokens if the Weather is Windy. If you have at least 3 Charge Tokens, you treat the Weather as if it were Windy for any other Attack or Ability.
Resolution Effect: X is equal to 1+ the number of Charge Tokens expended. Smite"
Roost,Scene x3,/,Flying,,Status,"Self, Versatile","The user restores 5 Ticks of Hit points. The user loses the Flier Capability and Ground Immunity (Treated as Neutral) until the end of the next Round if they have it."
Sky Attack,Scene x2,4,Flying,3d8+10 ,Phys,"Melee, Pass, Set-Up","Charge Effect: The user flies up, leaving the Field and becoming Untargetable. When the User starts their turn with Sky Attack Charge Tokens, they immediately use Sky Attack’s Resolution Effect as a Standard Action. If the User is unable to do so they lose all Sky Attack Charge Tokens, reappear anywhere on the Field, and lose Untargetable.
Resolution Effect: The user reappears anywhere on the Field. The user may then activate Sky Attack’s Pass keyword, ignoring the usual requirements, then use Sky Attack. Sureshot."
Sky Bomb,Scene x2,6,Flying,3d8+10 ,Phys,"Burst 2, Set-Up","Charge Effect: The user flies up, leaving the Field and becoming Untargetable. When the User starts their turn with Sky Bomb Charge Tokens, they immediately use Sky Bomb’s Resolution Effect as a Standard Action. If the User is unable to do so they lose all Sky Bomb Charge Tokens, reappear anywhere on the Field, and lose Untargetable. 
Resolution Effect: The user reappears anywhere on the Field and uses Sky Bomb. The user then loses Untargetable. Smite."
Sky Drop,Scene x2,3,Flying,2d6+8 ,Phys,"Special, Set-Up","Charge Effect: This Effect can only be used if you have Dominance in a Grapple with an Enemy. You and the Grappled Enemy ascend 20m into the air to a limit of 100m. While you have Charge Tokens for this Attack, members of the Grapple cannot Target Combatants outside the Grapple or take an Action that would end the Grapple. If you start two consecutive Turns at the same height, the Grappler with Dominance uses the Resolution Effect as a Free Action on the other Grappler using both Grapplers’ combined Sky Drop Charge Tokens, regardless of whether it’s on their Move List.

Resolution Effect: The user reappears anywhere on the Field, placing their Target in an adjacent space before using Sky Drop on them. X is equal to triple the number of Charge Tokens expended. If at least 5 Charge Tokens were expended, this Attack instead sets the Target’s HP to 0. Sureshot, Unstoppable."
Tailwind,Scene x2,/,Flying,,Status,"3, 1 Target or Self; Coat, Versatile","The Target gains a Tailwind Coat. Combatants affected by a Tailwind Coat cannot be Slowed and have bonus Evasion equal to double their Tier Level. A Tailwind Coat can be expended as a Reaction to use an Attack as if it had the Priority Keyword or cause a Ranged Attack to miss them."
Tempest,Scene x2,/,Flying,,Status,"6, Ranged Blast 3, Versatile","Tempest Hazards are created in the Range of this Attack. Whenever the user moves from their current space, the Hazards are removed. 

Tempest Hazards - When Tempest Hazards are created, note where the Attacker is on the Field, which is the direction the wind is coming from. Whenever a Combatant would move into a Tempest Hazard, if they are moving against the wind, they must make a CR 5 Athletics or Acrobatics Check. If they fail this check, they cannot enter the space and Slide to the nearest Space without a Tempest Hazard. Otherwise, they treat it as Slowed Terrain. Additionally, Ranged Attacks that would cross a Tempest Hazard have a -3 Accuracy Penalty. "
Wind Blades,EOT,3,Flying,2d6+10 ,Phys,"6, 1 Target","Wind Blades is a Critical Hit on a roll of 18+"
Wind Shift,Scene x2,/,Flying,,Status,"3, 1 Target, Trigger","Wind Shift can only be used as a Swift Action + Reaction when an Enemy uses a 1 Target, Ranged Attack on an Ally within 3m of you. Choose another Ally within 3m of you or yourself to become the new Target. "
Wind Storm,Scene x2,/,Flying,,Status,"Field, Versatile, Weather","The Field becomes Storming for the next 5 Rounds. While the Field is Storming, non Flying Type Enemies lose a Tick of Hit Points at the start of their Turn and Flying Type Pokemon gain a Tick of Temporary Hit Points at the start of their Turn. While the Field is Storming, the Weather becomes Windy."
Wind Wall,Scene x2,/,Flying,,Status,"6, Hazard, Versatile, Trigger","Choose 8 Spaces within the Range of this Attack to create Gale Hazards in such that all 8 Spaces are Adjacent to at least one other Gale Hazard. This Attack may also be Triggered as a Standard Action + Reaction when a Ranged 1 Target or Line Attack is used. If used this way and the Triggering Attack’s Line of Sight would pass through a Gale Hazard, the Attack resisted an Additional Damage Step.

Gale Hazard - Spaces with Gale Hazards are treated as Slow Terrain. Ranged Attacks that Target any Combatant in a Gale Hazard or derive from a Combatant in a Gale Hazard suffer a -3 Penalty to Accuracy."
Wing Attack,At-Will,5,Flying,2d6+8 ,Phys,"Melee, 1 Target, Pass","--"
Whirlwind,Scene x2,3,Flying,,Status,"Line 6 or Burst 1 or Close Blast 3; Versatile","You may destroy any Non-Blocking Hazards within the Range of this Attack. Targets hit by this Attack must perform an Acrobatics Check. You may Slide any Targets hit this way a number of meters at most equal to 6 minus their rolled successes. If they rolled less than 2 Successes, they become Tripped. Spirit Surge"
Astonish,At-Will,2,Ghost,1d8+8 ,Phys,"Melee, 1 Target","If the Target is Flanked, they cannot use Reactions in response to this Attack."
Baneful Claw,Scene x2,6,Ghost,2d6+10 ,Phys,"Close Blast 2","On Even rolls, all Targets become Wounded. On Odd rolls, all Targets become Suppressed"
Confuse Ray,EOT,4,Ghost,,Status,"6, 1 Target, Versatile","The Target becomes Dazed. While Dazed this way, their Damaging Attacks have the Recoil 1/2 Keyword. "
Curse,Scene x2,4,Ghost,,Status,"3, 1 Target, Versatile","The Target becomes Cursed. This may also be used as a Full Action to give it the Sureshot Keyword, but you lose 2 Ticks of Hit Points after the Attack's resolution."
Dark Fog,Scene x2,/,Ghost,,Status,"Blessing, Versatile, Weather","Blessing - Any user affected by Dark Fog may activate it as a Free Action when using a Ghost Type Damaging Attack to grant it the Smite Keyword. If the Attack hits, it hits, it is also increased by one damage step. (Max 1.5x Effectiveness). Dark Fog may be Activated 3 times and then disappears. While this Blessing persists, the Weather becomes Foggy."
Deathly Wail,Scene,8,Ghost,3d8+10 ,Spec,"Burst 2, Full Action, Sonic","On Even Rolls, all Targets become Dazed. On Odd Rolls, all Targets become Cursed. Spirit Surge."
Deception,Scene,/,Ghost,,Status,"3, 1 Target or Self; Coat","The Target gains a Deception Coat. They may activate this Coat when an Enemy misses them with an Attack to cause them to become Dazed. They also may activate this Coat as a Reaction when they miss an Attack against a single Target to instead cause it to hit. This Coat is expended after it is activated twice."
Destiny Bond,Scene,/,Ghost,,Status,"3, 1 Target","The Target becomes Marked with a Destiny Mark. Whenever the user takes damage or loses Hit Points from a source other than itself, their ally or another Destiny Mark, the Combatant with your Destiny Mark loses Hit Points equal to the amount lost. Sureshot."
Devious Strike,EOT,2,Ghost,2d6+8 ,Phys,"Melee, 1 Target","If the user performs a Distract or Hinder Maneuver against the Target this turn, they have a Boon to the opposed check."
Ghastly Scream,At-Will,5,Ghost,1d8+8 ,Spec,"Close Blast 2, Sonic","On a roll of 18+, the Target becomes Dazed."
Grudge,Scene,/,Ghost,,Status,"3, 1 Target, Trigger ","You may only use Grudge as a Free Action when a Damaging Attack causes the user to faint. The Attacker becomes Cursed. An Enemy can only be affected by this Attack once per Scene. Sureshot"
Haunted Breeze,At-Will,3,Ghost,1d8+6 ,Spec,"6, 1 Target","All Enemies adjacent to the Target lose a Tick of Hit Points. Spirit Surge"
Haunting Aura,Scene x2,6,Ghost,,Status,"Burst 2, Versatile","All Targets have a -3 penalty to their next Save Check. If this Attack hits, they also become Suppressed. Friendly, Spirit Surge."
Haunting Visage,Scene,/,Ghost,,Spec,"6, 1 Target, Illusion","Choose a Damaging Attack that has been used by the Target this Scene. You may use the chosen Attack as if it was a Ghost Type Attack and may be used as if it were Physical or Special. Sureshot"
Hex,EOT,4,Ghost,2d8+10 ,Spec,"6, 1 Target","The Target loses a Tick of Hit Points for each Status Affliction they're affected by (Max 3)."
Last Respects,Scene,5,Ghost,1d8+8 ,Phys,"Melee, 1 Target","This Attack’s Damage Base is increased by +5 for each allied Combatant that fainted this Scene. If all of the user’s allies are fainted or the user is the last non-Fainted Pokemon of their corresponding Trainer’s Party, Last Respects has the Sureshot Keyword."
Lick,At-Will,2,Ghost,1d8+6 ,Phys,"Melee, 1 Target","On a roll of 17+, the Target becomes Paralyzed."
Malice,At-Will,/,Ghost,,Status,"6, 1 Target, Trigger","Upon being hit by a Physical or Special Attack, the user may use Malice as a Reaction. The triggering Target loses -1 CS in Attack if it was Physical or -1 CS in Special Attack if it was Special Category. Sureshot."
Night Shade,Scene x2,4,Ghost,,Status,"Burst 1 or Line 4; Versatile","The Target loses all of their Temporary Hit Points, a Tick of Hit Points, and an additional Tick for every Mental Affliction they have.  "
Nightmare,Scene x2,3,Ghost,,Status,"3, 1 Target","Nightmare can only hit Targets that are Drowsy. The Target gains a Nightmare Mark while they're Drowsy. While they have the Nightmare Mark, their Allies cannot cure them of the Drowsy Affliction. While they have the Nightmare Mark, whenever they fail a Save Check, they lose 1d4 Ticks of Hit Points. "
Ominous Wind,At-Will,5,Ghost,1d8+8 ,Spec,"4, Ranged Blast 2","If the Weather is Foggy, this has the Sureshot Keyword."
Phantom Force,Scene x2,2,Ghost,3d8+10 ,Phys,"Melee, 1 Target, Set-Up","Charge Effect: The user vanishes, leaving the Field and becoming Untargetable. When the User starts their turn with Charge Tokens, they immediately use Phantom Force’s Resolution Effect as a Standard Action. If they are unable to do so, they lose all Phantom Force Charge Tokens, reappear within 5m of their original space, and lose Untargetable.
Resolution Effect: Unstoppable, Sureshot. "
Phantom Fright,At-Will,3,Ghost,2d6+8 ,Spec,"Melee, 1 Target","If the user performs a Terrorize Maneuver against the Target this Round, the Maneuver has the Sureshot Keyword."
Phantom Fury,Scene x2,3,Ghost,3d12+10 ,Phys,"Melee, 1 Target ","If the Target is Flanked or the Weather is Foggy, they cannot apply Evasion against Phantom Fury."
Poltergeist,Scene x2,4,Ghost,2d6+10 ,Status,"5, Ranged Blast 3, Swift Action","Create a 3x3 Zone in the Range of this Attack which persists until you Faint. After this Attack resolves and at the end of each Round, You may Slide any number of Combatants, Hazards or interactable objects within GM discretion within this Zone up to 3m. If Combatants chosen this way pass a CR 3 Acrobatics or Athletics Check, they're unaffected."
Rage Fist,EOT,4,Ghost,2d8+10 ,Phys,"Melee, 1 Target","Each time the user is hit with a Damaging Attack, increase this Attack's Damage Base by +2 (Max 20) until the end of the Scene. If the user is Enraged, the Target cannot apply Physical Evasion against it."
Shadow Ball,EOT,4,Ghost,2d8+10 ,Spec,"8, 1 Target","On a roll of 17+, the Target loses -1 CS in Special Defense. Smite"
Shadow Bone,EOT,3,Ghost,2d10+10 ,Phys,"Melee, 1 Target","If the Target has an Affliction, they cannot apply Physical Evasion against this Attack."
Shadow Claw,EOT,5,Ghost,2d6+10 ,Phys,"Melee, Pass","Shadow Claw is a Critical Hit on a roll of 18+."
Shadow Punch,EOT,/,Ghost,2d6+8 ,Phys,"4, 1 Target, Punch","Sureshot."
Shadow Realm,Scene x2,/,Ghost,,Status,"Field, Versatile, Weather","The Field becomes Shadowed for the next 5 Rounds. While the Field is Shadowed, non Ghost Type Enemies lose a Tick of Hit Points at the start of their Turn and Ghost Type Pokemon gain a Tick of Temporary Hit Points at the start of their Turn. While the Field is Shadowed, the Weather becomes Foggy."
Shadow Sneak,At-Will,2,Ghost,1d8+6 ,Phys,"Melee, 1 Target, Priority","--"
Soul Drain,EOT,4,Ghost,2d6+8 ,Spec,"4, 1 Target","If the Target is Cursed or Suppressed, Soul Drain may be used as a Full Action. When used this way, the user is cured of a Status Affliction, then the Target is cured of one of those Afflictions of your choice. Drain."
Spectral Flame,Scene x2,4,Ghost,2d8+10 ,Spec,"6, 1 Target","On a roll of 17+, the Target becomes Burned. Spectral Flame may be used as a Full Action to be treated as if it were a Fire Type Attack."
Spectral Storm,Scene x2,6,Ghost,3d10+10 ,Spec,"8, Ranged Blast 3, Full Action","On a roll of 16+, all Targets become Suppressed. If the Weather is Foggy this has the Smite Keyword. If a Target is Cursed, they’ cannot apply Evasion against this Attack. "
Spirit Shackle,EOT,6,Ghost,2d8+10 ,Phys,"3, 2 Targets, Full Action","The Target becomes Trapped. If the Weather is Foggy, Spirit Shackle loses the Full Action Keyword. Spirit Surge"
Spite,Scene x2,/,Ghost,,Status,"4, 1 Target, Trigger ","Spite can only be used as a Reaction whenever the user is hit by an Attack. The Triggering Enemy becomes Suppressed after the Attack’s Resolution."
Spiteful Fury,EOT,3,Ghost,1d8+6 ,Phys,"Melee, 1 Target","Whenever the user misses an Attack or is hit by an Attack during this Scene, increase the Damage Base of Spiteful Fury by +2 for the rest of the Scene. (Max 12)."
Terrify,EOT,4,Ghost,2d10+10 ,Spec,"4, 1 Target","If the Weather is Foggy or the Target is Flanked, the user may perform a Terrorize Manuever against the target as a Free Action. If used this way, Terrorize automatically hits."
Tormenting Spirits,Scene x2,4,Ghost,2d6+8 ,Spec,"4, Ranged Blast 2","After this Attack resolves, create a Zone within the Range of the Attack. Enemies within this Zone cannot cure Mental Afflictions. Unless the Weather is Foggy, this Zone lasts until you use a Reaction, use an Attack or Faint. Spirit Surge"
Trick-or-Treat,Scene x2 ,5,Ghost,,Status,"Burst 2","Choose a Trick to apply to each Enemy listed below, then choose a Treat to apply to each Ally listed below.
- The Target becomes Cursed (Trick)
- The Target sets a Stat of your choice to -1 CS (Trick)
- The Target restores 2 Ticks of Hit Points (Treat)
- The Target gains +1 CS in a Stat of your Choice (Treat)"
Vengeance,Scene x2,4,Ghost,2d6+10 ,Phys,"Melee, 1 Target","Since your last Turn, if the Target inflicted a Status Affliction on you or caused an Ally to Faint, Vengeance's Damage Base becomes 13. "
Wrathful Blitz,Scene x2,3,Ghost,4d10+10 ,Phys,"Melee, Dash, Recoil 1/3, Reckless","If the Dash Keyword is Activated or if the user has a Mental Affliction, the Target cannot apply Physical Evasion against Wrathful Blitz."
Absorb,At-Will,4,Grass,1d8+6 ,Spec,"4, 1 Target ","Drain."
Apple Acid,EOT,6,Grass,2d8+10 ,Spec,"Close Blast 2 ","On an Even Roll, all Targets become Poisoned. On an Odd Roll, all Targets lose -2 CS in Special Defense. Spirit Surge."
Aromatherapy,Scene x2,/,Grass,,Status,"Burst 1, Healing, Versatile","The user and all allies in this Range are cured of one Status Affliction of their choice. This may also be used as a Full Action to treat its range as Burst 2 instead."
Branch Poke,At-Will,2,Grass,1d8+6 ,Phys,"2, 1 Target","On a roll of 17+, the Target becomes Wounded."
Bullet Seed,EOT,5,Grass,1d8+6 ,Phys,"6, 1 Target","If Bullet Seed hits at least 4 times, the Target becomes Wounded. Five Strike"
Burn Powder,Scene x2,5,Grass,,Status,"6, Ranged Blast 2, Hazard, Versatile","The Target becomes Burned. Powder Hazards may then be set on the spaces in the range of this Attack until the end of the next Round. Whenever an Enemy triggers this Hazard they become Burned or lose a Tick of Hit Points if they're already Burned. 

Powder Hazard - Whenever an Enemy passes through or ends their turn on a Powder Hazard the Effect listed is applied. Users with the Breathless Capability ignore this Hazard."
Chloroblast,Scene,7,Grass,4d10+10 ,Spec,"Burst 2 or Close Blast 3, Full Action, Reckless","Unless the Weather is Sunny, the user loses a Tick of Hit Points per Combatant that took Damage from Chloroblast. Smite. Spirit Surge."
Cotton Cloak,Scene x2,3,Grass,,Status,"6, 1 Target or Self, Coat, Versatile","The Target gains a Cotton Coat. If the Target is an enemy, the coat is automatically expended upon being hit by a Flying or Fire Type Damaging Attack, the resulting Attack is increased by one damage step. If the Target is an ally or the user, the coat may be expended as a Free Action to have a Physical Attack that hits the Target deal one step resisted damage.  "
Cotton Guard,Scene,/,Grass,,Status,"Self, Shield, Trigger","If the user or an Adjacent Ally is hit by an Attack, the user may use Cotton Guard as a Standard Action + Reaction. The user and all Adjacent Targets resist the Attack by an additional Damage Step. Additionally if the Attacker was Adjacent to the user, they become Blinded, which can only be cured by using a Movement Action.."
Cotton Shower,Scene x2,/,Grass,,Status,"Blessing, Versatile","Blessing – Any user affected by Cotton Shower may activate it as a Swift Action to gain +1 Combat Stage in any Stat of their Choosing. If the benefiting combatant is Grass Type, they may instead activate it once during their Turn as a Free Action. Cotton Shower may be Activated 3 times, and then disappears."
Cotton Spore,EOT,7,Grass,,Status,"Burst 1, Versatile","All Targets become Blinded until the end of their next Turn. A target cannot be Blinded by Cotton Spore more than once per Scene. If this Attack Misses, they instead have a -2 Penalty to their next Accuracy Roll. Spirit Surge. "
Drum Beating,EOT,6,Grass,2d8+10 ,Phys,"3, 2 Targets, Groundsource, Sonic","The user may expend a Movement Action to give this Attack the Smite Keyword."
Energy Ball,EOT,4,Grass,2d10+10 ,Spec,"8, 1 Target","On a roll of 17+, the Target loses -1 CS in Special Defense. Smite"
Floral Burst,Scene x2,6,Grass,2d8+10 ,Spec,"Burst 1, Full Action, Groundsource ","If the Field is affected by an Grass Attack or the Weather is Sunny, Floral Burst may increase its Burst Range by up to +2. Smite"
Flower Trick,EOT,3,Grass,2d6+10 ,Phys,"6, 1 Target","If the user hit the Target with a Maneuver this Round, this has the Sureshot Keyword. Flower Trick is a Critical Hit on a roll of 17+. "
Forest's Curse,Scene x2,6,Grass,,Status,"6, 1 Target","The Target becomes Cursed. While Cursed this way, Grass Type Attacks have the Sureshot and Unstoppable Keyword when Targeting only them. If the Weather is Foggy, the Target cannot apply Stat Evasion against this Attack"
Frenzy Plant,Scene,8,Grass,4d10+10 ,Spec,"5, 3 Targets, Full Action, Groundsource","All Targets of Frenzy Plant become Slowed. On a roll of 17+, they cannot use a Movement Action during their next Turn. Smite, Spirit Surge"
Giga Drain,Scene x2,5,Grass,2d10+10 ,Spec,"6, 1 Target ","Drain."
Grass Knot,EOT,3,Grass,,Spec,"6, 1 Target ","On a roll of 18+, the Target is Tripped. Grass Knot's Damage Base is equal to 3 plus the Target's Weight Class Value. "
Grass Pledge,Scene x2,6,Grass,2d8+10 ,Spec,"Burst 1","On a roll of 15+, the Target becomes Slowed. If an Ally has used a Grass Type Attack since your last turn, this Attack’s range can become Burst 2 and has the Full Action and Friendly Keyword."
Grass Whistle,Scene x2,5,Grass,,Status,"6, 1 Target, Sonic, Versatile","The Target becomes Drowsy or Entranced. On a Miss, they instead become Vulnerable until the end of the Round. Spirit Surge."
Grassy Glide,EOT,4,Grass,2d6+8 ,Phys,"Melee, Dash ","If the Dash Keyword is Activated, this can gain either the Pass or Unstoppable Keyword."
Grassy Terrain,Scene x2,/,Grass,,Status,"Field, Versatile","The field becomes Floral for the next 5 Rounds. While the field is Floral, Combatants restore a Tick of Hit Points at the start of their Turn, and Grass Type attacks ignore Speed Evasion."
Grav Apple,EOT,4,Grass,2d8+10 ,Phys,"6, 1 Target","On an Even Roll, all Targets become Poisoned. On an Odd Roll, all Targets lose -2 CS in Defense."
Horn Leech,Scene x2,3,Grass,2d8+10 ,Phys,"Melee, 1 Target","Drain."
Ingrain,Scene x2,/,Grass,,Status,"Self, Coat, Versatile","The user gains an Ingrain Coat. While affected by this Coat, they recover a Tick of Hit Points at the start of each Turn. This Coat may be expended as a Standard Action to gain 5 Ticks of Hit Points and become cured of a Physical Affliction."
Ivy Leech,Scene,6,Grass,,Status,"3, 3 Targets, Coat, Versatile","All Targets gain an Seeded Coat. When a Combatant with an Seeded Coat ends their Turn, they lose two Ticks of Hit Points and the Combatant who inflicted the Coat gains a Tick of Temporary Hit Points.  "
Leaf Blade,EOT,6,Grass,2d8+10 ,Phys,"Melee, Pass","Leaf Blade is a Critical Hit on a roll of 18+. If this Attack is used without activating the Pass Keyword, thiis has the Smite Keyword."
Leaf Storm,Scene,6,Grass,4d10+10 ,Spec,"8, Ranged Blast 3, Full Action, Reckless","After Damage Calculations, lower the Offensive Stat used for this Attack by -2 CS. Smite"
Leaf Tornado,EOT,5,Grass,2d6+8 ,Spec,"6, Ranged Blast 2","After this Attack resolves, create a Zone within the Range of the Attack. Enemies within this Zone are Vulnerable against Grass Type Attacks. This Zone lasts until you use a Reaction, use an Attack or Faint. Spirit Surge"
Leafage,At-Will,5,Grass,1d8+6 ,Phys,"5, 1 Target or Close Blast 2","Smite"
Leech Seed,Scene x2,3,Grass,,Status,"6, 1 Target, Coat, Versatile","The Target gains a Seeded Coat. When a Combatant with an Seeded Coat ends their Turn, they lose two Ticks of Hit Points and the Combatant who inflicted the Coat gains a Tick of Temporary Hit Points.  "
Magical Leaf,EOT,5,Grass,2d6+8 ,Spec,"8, 1 Target or Close Blast 2","If this Attack only has one Target, it has the Sureshot Keyword."
Matcha Gotcha,Scene x2,4,Grass,2d8+10 ,Spec,"4, 1 Target","On a roll of 15+, the Target becomes Burned. If the Target is Burned, this Attack has the Drain Keyword."
Mega Drain,EOT,4,Grass,2d6+8 ,Spec,"6, 1 Target ","Drain."
Mystic Powder,Scene x2,6,Grass,,Status,"6, Ranged Blast 2, Hazard, Versatile","All Targets hit by this Attack become Dazed. Powder Hazards may then be set on the spaces in the range of this Attack until the end of the next Round. Whenever an Enemy triggers this Hazard they become Dazed or lose a Tick of Hit Points if they're already Dazed. 

Powder Hazard - Whenever an Enemy passes through or ends their turn on a Powder Hazard the Effect listed is applied. Users with the Breathless Capability ignore this Hazard."
Needle Arm,At-Will,2,Grass,2d6+8 ,Phys,"Melee, 1 Target","On a roll of 15+, the Target becomes Wounded."
Petal Blizzard,EOT,6,Grass,2d8+10 ,Phys,"Burst 1","When Declaring Petal Blizzard, as a Movement Action you may change this Attack's Range to Burst 2. "
Petal Dance,Scene x2,6,Grass,3d12+10 ,Spec,"Melee, All Adjacent Enemies, Full Action, Reckless ","When Declaring Petal Dance, as a Movement Action you may change this Attack's Range from Melee, All Adjacent Enemies to Burst 2. After Damage Calculations the user becomes Dazed. Smite"
Pollen Storm,Scene x2,/,Grass,,Status,"Field, Versatile","The Field becomes Pollenized for the next 5 Rounds. While the Field is Pollenized, non Grass Type Enemies lose a Tick of Hit Points at the start of their Turn and Grass Type Pokemon gain a Tick of Temporary Hit Points at the start of their Turn."
Power Whip,Scene x2,5,Grass,3d12+10 ,Phys,"8, 1 Target ","Power Whip is a Critical Hit on a roll of 18+. Smite. *Grants Threaded"
Razor Leaf,At-Will,5,Grass,2d6+8 ,Phys,"Close Blast 2","Razor Leaf is a Critical Hit on a roll of 18+."
Seed Bomb,EOT,4,Grass,2d8+10 ,Phys,"8, 1 Target","On a roll of 15+, you may choose to destroy a Coat on the Target. If they have Negative CS in Defense, this automatically triggers."
Sleep Powder,Scene x2,7,Grass,,Status,"6, Ranged Blast 2, Hazard, Versatile","All Targets hit by this Attack become Drowsy. Powder Hazards may then be set on the spaces in the range of this Attack until the end of the next Round. Whenever an Enemy triggers this Hazard they become Drowsy or lose a Tick of Hit Points if they're already Drowsy. 

Powder Hazard - Whenever an Enemy passes through or ends their turn on a Powder Hazard the Effect listed is applied. Users with the Breathless Capability ignore this Hazard."
Snap Trap,Scene x2,3,Grass,2d8+10 ,Phys,"Melee, 1 Target","On a 15+, the Target cannot perform a Movement Action during their next Turn. You may perform a Grapple Maneuver against the Target as a Swift Action if desired."
Solar Beam,Scene,4,Grass,2d8+10 ,Spec,"Line X, Set-Up","Charge Effect: If the Weather is Foggy, you cannot use this Charge Effect. If the Weather is Sunny, you instead gain 2 Charge Tokens. 
Resolution Effect: X is equal to 4 plus the number of Charge Tokens you expend. This Attack’s Damage Base is increased by +2 for each Charge Token you expend. Smite"
Solar Blade,Scene,5,Grass,3d8+10 ,Phys,"Melee, Pass, Set-Up","Charge Effect: If the Weather is Sunny, you instead gain 2 Charge Tokens. 
Resolution Effect: For each Charge Token you expend when using this Attack, extend the Pass Range by +1 Space. If you expend at least 3 Charge Tokens and Pass is used, you may change your direction once during the movement. Smite"
Spicy Extract,Scene x2,/,Grass,,Status,"Melee, 1 Target, Versatile","The Target gains +2 CS in Attack or Special Attack. Their Damaging Attacks also gain a 15+ Effect Range to Burn their Targets. This Effect Range is removed after it is Triggered.  "
Spiky Shield,Scene,/,Grass,,Status,"Self, Shield, Trigger","If the user is hit by an Attack, the user may use Spiky Shield as a Standard Action + Reaction. The user and all Adjacent Targets resist the Attack by an additional Damage Step. Additionally if the Attacker was Adjacent to the user, they become Wounded."
Spore,Scene,/,Grass,,Status,"4, 1 Target","The Target becomes Drowsy. Sureshot."
Strength Sap,Scene x2,4,Grass,,Status,"Melee, 1 Target, Versatile","On a hit, the user restores Hit Points or gains Temporary Hit Points equal to the higher of the Target's Attack or Special Attack. The Target loses -2 CS in Attack or Special Attack. Spirit Surge."
Stun Spore,Scene x2,6,Grass,,Status,"6, Ranged Blast 2, Hazard, Versatile","All Targets hit by this Attack become Paralyzed. Powder Hazards may then be set on the spaces in the range of this Attack until the end of the next Round Whenever an Enemy triggers this Hazard they become Paralyzed or lose a Tick of Hit Points if they're already Paralyzed. 

Powder Hazard - Whenever an Enemy passes through or ends their turn on a Powder Hazard the Effect listed is applied. Users with the Breathless Capability ignore this Hazard."
Synthesis,Scene x2,/,Grass,,Status,"Self, Healing, Versatile","The user restores 5 Ticks of Hit Points. If the Field or Space the user is standing on is affected by an Grass Attack or the Weather is Sunny, the user is also cured of a Status Affliction. This cannot be used if there is Weather other than Sunny on the Field."
Syrup Bomb,EOT,5,Grass,2d6+10 ,Spec,"5, 1 Target; or Close Blast 2","On a roll of 17+, the Target becomes Slowed. If this Attack only has one Target, the AC becomes 3."
Trop Kick,EOT,2,Grass,2d6+8 ,Phys,"Melee, 1 Target, Dash","If the Dash Keyword is Activated, the Target loses -2 CS in Defense."
Vine Whip,At-Will,3,Grass,1d8+6 ,Phys,"4, 1 Target","Smite. Grants Threaded"
Twin Rose Beam,Scene x2,4,Grass,2d10+10 ,Spec,"8, 1 Target","On a roll of 15+, the Target gains a Status Affliction. If this effect is triggered, roll a 1d3; on a 1 the Target is Paralyzed; on a 2 the Target is Poisoned; on a 3 the Target becomes Drowsy."
Wild Growth,Scene x2,/,Grass,,Status,"Blessing, Versatile","Blessing - Any user affected by Wild Growth may activate it as a Free Action when using a Grass Type Damaging Attack to grant it the Smite Keyword. If the Attack hits, it hits, it is also increased by one damage step. (Max 1.5x Effectiveness). Wild Growth may be Activated 3 times and then disappears. "
Wood Hammer,Scene x2,2,Grass,3d10+10 ,Phys,"Melee, 1 Target, Recoil 1/3, Reckless","If the Target is smaller than the user, they cannot Trigger Reactions against this Attack."
Worry Seed,Scene x2,3,Grass,,Status,"8, 1 Target","The Target becomes Worried. Worried is considered a Mental Affliction that makes the user immune to becoming Drowsy. While Worried, a Combatant has all of their Abilities Disabled. "
Vine Shield,Scene,/,Grass,,Status,"Self, Shield, Trigger","If the user is hit by an attack, the user may use Vine Shield as a Standard Action + Reaction. The user is instead not hit by the Attack. The user does not take any damage nor are they affected by any of the Attack’s effects. In addition, if the Weather is Sunny, the user restores two Ticks of Hit Points.  "
Aftershock,EOT,5,Ground,2d8+10 ,Spec,"Burst 1, Groundsource","If a Groundsource Attack has been used in this round or the previous round, all Targets cannot apply Evasion against this Attack."
Bone Club,At-Will,2,Ground,2d6+10 ,Phys,"Melee, 1 Target","On a roll of 18+, the Target becomes Wounded."
Bone Rush,EOT,4,Ground,1d8+6 ,Phys,"Melee, 1 Target","If Bone Rush hits at least 4 times, the Target becomes Wounded. Five Strike"
Bonemerang,EOT,5,Ground,1d8+8 ,Phys,"6, 1 Target or 3, 2 Targets","If this Attack only has one Target, it has the Double Strike Keyword. "
Bulldoze,EOT,5,Ground,2d6+8 ,Phys,"Burst 1, Groundsource","All Cover Terrain within 3m may be destroyed. Within GM Discretion, Blocking Terrain within 3m may become Cover Terrain instead."
Drill Run,EOT,3,Ground,2d8+10 ,Phys,"Melee, 1 Target, Dash","Drill Run is a Critical Hit on a roll of 18+. If the Dash Keyword is Activated, on a roll of 15+, the Target becomes Wounded."
Dual Quake,Scene x2,5,Ground,2d10+10 ,Phys,"3, 2 Targets, Full Action, Groundsource","Smite. *Grants Groundshaper"
Dust Cloud,EOT,/,Ground,,Status,"5, Ranged Blast 3, Hazard, Versatile","Dust Cloud creates Smoke Hazards within the Range of this Attack. All Non-Ground and Rock Type Combatants are Vulnerable while on Smoke Hazards created this way

Smoke Hazard - Smoke Hazards break line of sight. Combatants on a Smoke Hazards are treated as Untargetable by all other Combatants that aren't in a contiguous Smoke Hazard. Combatants on a Smoke Hazard treat all Combatants that aren't in a contigous Smoke Hazard as if they were Untargetable. These Effects are ignored by Combatants with Tremorsense or Blindsense. You can still be Untargetable this way even if you were last Round."
Dust Storm,Scene x2,/,Ground,,Status,"Field, Versatile, Weather","The Field becomes Dusty for the next 5 Rounds. While the Field is Dusty, non Ground Type Enemies lose a Tick of Hit Points at the start of their Turn and Ground Type Pokemon gain a Tick of Temporary Hit Points at the start of their Turn. While the Field is Dusty, the Weather becomes Sandstorm."
Dusty Day,Scene x2,/,Ground,,Status,"Field, Blessing, Versatile, Weather","Blessing - Any user affected by Dusty Day may activate it as a Free Action when using a Ground Type Damaging Attack to grant it the Smite Keyword. If the Attack hits, it hits, it is also increased by one damage step. (Max 1.5x Effectiveness). Dusty Day may be Activated 3 times and then disappears. While this Blessing persists, the Weather becomes Sandstorm."
Earth Power,EOT,4,Ground,2d10+10 ,Spec,"6, 1 Target, Groundsource","On a roll of 17+, the Target becomes Tripped. *Grants Groundshaper"
Earth Shard,At-Will,3,Ground,1d8+6 ,Phys,"6, 1 Target, Priority","--"
Earthquake,Scene x2,7,Ground,3d8+10 ,Phys,"Burst 1 or Burst 2 or Burst 3; Full Action, Groundsource","Smite. *Grants Groundshaper"
Headlong Rush,Scene x2,4,Ground,3d12+10 ,Phys,"Melee, 1 Target, Dash, Reckless","If the Dash Keyword is Activated, both the user and the Target lose -3 CS in Defense. Smite. "
High Horsepower,Scene x2,3,Ground,3d8+10 ,Phys,"Melee, 1 Target, Dash","If the Dash Keyword is Activated, High Horsepower has the Smite Keyword."
Landslide,EOT,5,Ground,2d8+10 ,Phys,"6, Ranged Blast 2, Full Action","You may create Blocking Terrain [Breakable - Dense], in all unoccupied spaces in the Range of this Attack. If the user is Large Size+, the Blocking Terrain created this way is Large, otherside it is Small. Spirit Surge."
Magnitude,EOT,6,Ground,,Phys,"Burst 1 or Burst 2; Full Action, Groundsource","When you use Magnitude, roll a d10. Magnitude’s Damage Base is equal to 3+X, where X is the value of the d10.  *Grants: Groundshaper"
Mud Bomb,EOT,4,Ground,2d6+10 ,Spec,"4, 1 Target or Burst 1","This Attack may originate from any Enemy with a Mud Coat. If it does, the Mud Coat is destroyed and they lose a Tick of Hit Points per Mud Counter they had. Spirit Surge"
Mud Hurl,At-Will,2,Ground,1d8+6 ,Spec,"4, 1 Target, Coat","All Targets gain a Mud Coat. 

Combatants with a Mud Coat start with 1 Mud Counter and gain 1 more each time they would gain a Mud Coat while already having one. They have a -1 Penalty to Accuracy for each Mud Counter they have. As a Swift+Movement Action, they may remove 2 of their Mud Counters. If they would ever result in 0 Mud Counters, the Mud Coat is expended."
Mud Shot,At-Will,5,Ground,2d6+8 ,Spec,"Line 3, Coat","All Targets gain a Mud Coat. 

Combatants with a Mud Coat start with 1 Mud Counter and gain 1 more each time they would gain a Mud Coat while already having one. They have a -1 Penalty to Accuracy for each Mud Counter they have. As a Swift+Movement Action, they may remove 2 of their Mud Counters. If they would ever result in 0 Mud Counters, the Mud Coat is expended."
Mud Sport,EOT,5,Ground,,Status,"Burst 1 or Burst 2; Coat, Versatile","All Targets gain a Mud Coat. If this Attack hits and they already had a Mud Coat, roll 1d4 and they gain that many Mud Counters instead.  

Combatants with a Mud Coat start with 1 Mud Counter and gain 1 more each time they would gain a Mud Coat while already having one. They have a -1 Penalty to Accuracy for each Mud Counter they have. As a Swift+Movement Action, they may remove 2 of their Mud Counters. If they would ever result in 0 Mud Counters, the Mud Coat is expended. Spirit Surge"
Mud-Slap,At-Will,5,Ground,1d8+6 ,Spec,"Close Blast 2, Coat","All Targets gain a Mud Coat. 

Combatants with a Mud Coat start with 1 Mud Counter and gain 1 more each time they would gain a Mud Coat while already having one. They have a -1 Penalty to Accuracy for each Mud Counter they have. As a Swift+Movement Action, they may remove 2 of their Mud Counters. If they would ever result in 0 Mud Counters, the Mud Coat is expended."
Quicksand,EOT,4,Ground,2d8+10 ,Spec,"3, 1 Target, Groundsource","On a roll of 15+, the Target becomes Slowed. The Target's Movement Speed is halved until the end of their next Turn. Spirit Surge"
Rototiller,Scene x2,/,Ground,,Status,"Burst 2, Versatile","Create a 5x5 Zone centered on the user. Whenever you or a Bug or Grass Type Ally end their Turn in this Zone, they gain +1 CS to a Stat of their Choice. Spaces in this Zone that were Slow or Rough Terrain become Normal Terrain."
Sand Attack,EOT,2,Ground,,Status,"2, 1 Target, Versatile","The Target becomes Blinded until the end of their next Turn. The Target loses -1 Accuracy. Sureshot."
Sand Cannon,EOT,4,Ground,2d8+10 ,Phys,"6, 1 Target","On a roll of 17+, the Target loses -1 Accuracy. If the Weather is Sandstorm, Sand Cannon has the Smite Keyword."
Sand Pit,EOT,4,Ground,,Status,"4, 1 Target, Groundsource, Versatile","The Target becomes Slowed and is Vulnerable while Slowed this way. On a roll of 15+, they lose -3 Evasion."
Sand Tomb,Scene x2,5,Ground,2d6+8 ,Phys,"4, Ranged Blast 2","After this Attack resolves, create a Zone within the Range of this Attack. All Combatants are Blinded while they’re within this Zone. Unless the Weather is Sandstorm, the Zone lasts until you use a Reaction, use an Attack or Faint. Spirit Surge"
Sandy Terrain,Scene x2,/,Ground,,Status,"Field, Versatile, Weather","The field becomes Sandy for the next 5 Rounds. While the field is Sandy, all spaces are treated as Slow Terrain for Combatants without the Naturewalk (Desert) Capability, and Ground Type attacks ignore Speed Evasion. While the Field is Sandy, the Weather may become Sandstorm."
Scorching Sands,EOT,4,Ground,2d8+10 ,Spec,"4, 1 Target","On a roll of 15+, the Target becomes Burned. If the Weather is Sandstorm, this Effect Range automatically triggers."
Shifting Soil,Scene x2,4,Ground,3d8+10 ,Spec,"6, 1 Target, Groundsource","Slide 2."
Shore Up,Scene x2,/,Ground,,Status,"Self, Healing, Versatile","The user restores 5 Ticks of Hit Points. If the Field or Space the user is standing on is affected by an Ground Attack or the Weather is Sandstorm, the user is also cured of a Status Affliction. This cannot be used if there is weather other than Sandstorm on the Field."
Sinkhole,EOT,/,Ground,,Status,"6, Ranged Blast 3, Hazard, Versatile","Sinkhole creates Sinking Hazards within each Space of this Attack's Range. Combatants with the Naturewalk (Desert) or Naturewalk (Wetlands) Capability are Immune to the Effects of Sinking Hazards created this way.

Sinking Hazards - Spaces with Sinking Hazards are treated as Slow Terrain. Any Combatant who ends their Turn on a Sinking Hazard becomes Slowed and cannot use Bolster Maneuvers while Slowed this way. The Slowed Affliction cannot be cured by Combatants on this Hazard. If any Combatant ends their Turn within 1m of this Hazard, they are Slid into a Space affected by this Hazard."
Spikes,At-Will,/,Ground,,Status,"6, Hazard, Swift Action","Choose 8 Spaces within the Range of this Attack to create Spike Hazards in, such that all 8 Spaces are Adjacent to at least one other Spike Hazard.

Spike Hazards - Spaces with Spike Hazards are treated as Slow Terrain. Any Enemy that passes through a Spike Hazard loses one Tick of Hit Points and cannot gain Hit Points or Temporary Hit Points until the end of the Round."
Stomping Tantrum,EOT,4,Ground,2d8+10 ,Phys,"Melee, 1 Target","If the user's last Attack missed or they are Enraged, Stomping Tantrum is DB 13 instead."
Tectonic Burst,Scene,7,Ground,3d8+10 ,Phys,"8, Ranged Blast 3, Full Action, Groundsource","Tectonic Burst has the Sureshot Keyword against Targets that are Vulnerable, Tripped, Trapped or Slowed. Smite"
Terraform,Scene x2,/,Ground,,Status,"6, Trigger, Groundsource, Versatile","Choose 6 Unoccupied Spaces within the Range of this Attack to create Blocking Terrain in, such that all 6 Spaces are Adjacent to at least one other Blocking Terrain. Blocking Terrain created this way is [Breakable - Fragile]. Terraform may also be used as an Standard Action + Reaction when an Enemy uses a Physical Ranged Attack, in which you must place the Terrain in a way to block the Line of Sight for that Attack. *Grants Groundshaper "
Tremor,At-Will,3,Ground,1d8+6 ,Phys,"6, 1 Target, Groundsource","On a roll of 17+, the Target becomes Tripped. *Grants Groundshaper"
Arctic Quake,Scene x2,7,Ice,3d8+10 ,Phys,"Burst 2, Full Action, Groundsource","If desired, the user may turn all spaces within the range of this Attack into rough terrain. Terrain created this way can be ignored by any combatant with the Naturewalk (Tundra) Capability. Smite. Spirit Surge."
Aurora Beam,EOT,3,Ice,2d6+10 ,Spec,"4, 1 Target","The user may use their Special Defense as the Offensive Stat for this Attack instead of Special Attack."
Aurora Veil,Scene x2,/,Ice,,Status,"Blessing, Versatile","Blessing – Any user affected by Aurora Veil may activate it as a Free Action when receiving Damage to gain DR against it equal to their Tier Value. Aurora Veil may be Activated 3 times, and then disappears. "
Avalanche,EOT,5,Ice,2d8+10 ,Phys,"6, Ranged Blast 2, Full Action","You may create Blocking Terrain [Breakable - Dense], in all unoccupied spaces in the Range of this Attack. If the user is Large Size+, the Blocking Terrain created this way is Large, otherside it is Small. Spirit Surge."
Blizzard,Scene x2,7,Ice,3d10+10 ,Spec,"5, Ranged Blast 3, Full Action","Blizzard Chills all Targets on a roll of 15+. If the Weather is Snowy, Blizzard has the Sureshot Keyword. Smite"
Cleansing Aurora,Scene x2,/,Ice,,Status,"Blessing, Versatile","Blessing - Any user affected by Cleansing Aurora may activate it as a Free Action when gaining a Status Affliction to instead not gain that affliction. Cleansing Aurora may also be Activated as a Swift Action to restore 2 Ticks of Hit Points to the activator or cure an affliction they have. Cleansing Aurora may be Activated three times before disappearing. "
Crystal Slash,EOT,6,Ice,2d8+10 ,Phys,"Melee, Pass","Crystal Slash is a Critical Hit on a roll of 18+. If this Attack is used without activating the Pass Keyword, thiis has the Smite Keyword."
Freeze-Dry,EOT,3,Ice,2d6+10 ,Spec,"6, 1 Target","When calculating Weakness and Resistance for Freeze-Dry, Water Typed Targets calculate damage as if Water was weak to Ice. If the Weather is Snowy or the Target is Water Type, on a Roll of 16+, the Target becomes Chilled."
Frostbite,Scene x2,6,Ice,,Status,"Melee, 1 Target, Versatile","On a Hit, the Target becomes Chilled. On a Miss, the Target becomes Wounded. On a roll of 18+, they gain both. Spirit Surge."
Frost Blast,EOT,6,Ice,2d8+10 ,Spec,"Close Blast 2","On a roll of 16+, all Targets becomes Slowed. If the Weather is Snowy, this may also be used as if it were Close Blast 3."
Frost Breath,EOT,5,Ice,2d6+8 ,Spec,"Line 4","On a roll of 18+, all Targets become Chilled. If the Weather is Snowy or as a Swift+Movement Action, this Attack gains the Smite Keyword."
Frost Typhoon,Scene,7,Ice,3d12+10 ,Spec,"8, Ranged Blast 3, Full Action","On a roll of 16+, all Targets become Chilled. If the Weather is Snowy this has the Smite Keyword. This Attack is a Critical hit on a 17+ against Chilled Targets. "
Frozen Claw,EOT,3,Ice,2d8+10 ,Phys,"Melee, 1 Target","On a roll of 17+, the Target gains the Wounded or Chilled Affliction."
Frozen Rush,EOT,3,Ice,2d8+10 ,Phys,"Melee, 1 Target, Dash","If the Weather is Snowy, or the Dash Keyword is Activated, Frozen Rush has Sureshot against Targets that are Medium or Small Sized."
Frozen Terrain,Scene x2,/,Ice,,Status,"Field, Versatile, Weather","The field becomes Frozen for the next 5 Rounds. While the field is Frozen, Melee Attacks have a 16+ Effect Range to Trip their Target, and Ice Type attacks ignore Speed Evasion. While the Field is Frozen, the Weather may become Snowy."
Glaciate,EOT,6,Ice,2d10+10 ,Spec,"Burst 1 or Burst 2; Full Action","All Targets hit by this Attack have their Movement Value halved until the end of their next Turn. Spirit Surge"
Hail,Scene x2,/,Ice,,Status,"Field, Versatile, Weather","The Field becomes Hailing for the next 5 Rounds. While the Field is Hailing, non Ice Type Enemies lose a Tick of Hit Points at the start of their Turn and Ice Type Pokemon gain a Tick of Temporary Hit Points at the start of their Turn. While the Field is Hailing, the Weather becomes Snowy."
Haze,Scene x2,5,Ice,,Status,"Burst 5, Versatile","Enemies and any Allies of your choice within the Range of this Attack have all of their Stats increased or lowered to their Default CS Value. On a hit, the Target cannot increase their CS for the rest of the Round. Spirit Surge"
Ice Ball,At-Will,5,Ice,1d8+8 ,Phys,"Melee, Pass, Dash ","The user gains 2 Rolled Counters. The user has a bonus to Damage Base for their Dash Attacks equal to their Rolled Counters. While they have Rolled Counters, they do not trigger Attacks of Opportunity when moving. The user loses all Rolled Counters if they miss a Dash Attack. Spirit Surge."
Ice Beam,EOT,4,Ice,2d10+10 ,Spec,"6, 1 Target","On a roll of 19+, the Target becomes Chilled. Smite"
Ice Fang,At-Will,2,Ice,2d6+10 ,Phys,"Melee, 1 Target, Bite","On a roll of 18+, Roll a d2. On a 1, the Target becomes Chilled. On a 2, the Target becomes Wounded."
Ice Hammer,Scene x2,4,Ice,3d10+10 ,Phys,"Melee, 1 Target, Recoil 1/3, Reckless","If the Target is smaller than the user, this has the Sureshot Keyword. Smite"
Ice Punch,At-Will,3,Ice,2d8+10 ,Phys,"Melee, 1 Target, Punch","On a roll of 18+, the Target becomes Chilled."
Ice Shard,At-Will,3,Ice,1d8+6 ,Phys,"4, 1 Target, Priority ","--"
Ice Spinner,EOT,5,Ice,2d6+10 ,Phys,"Burst 1, Dash","If the Dash Keyword is Activated, the user destroys any Cover or Rough Terrain or Hazards they move through or are adjacent to while moving, ignoring their Effects and turning them to Basic Terrain or destroying them."
Icicle Crash,EOT,4,Ice,2d10+10 ,Phys,"6, 1 Target","This may be used as a Full Action to treat its Range as if it were 6, Ranged Blast 2."
Icicle Spear,EOT,5,Ice,1d8+6 ,Phys,"6, 1 Target","If Icicle Spear hits 5 times, the Target becomes Chilled. Five Strike"
Icicle Storm,Scene,7,Ice,3d8+10 ,Phys,"8, Ranged Blast 2, Full Action","If the Weather is Snowy, this gains the Five Strike Keyword. Smite."
Icy Wind,EOT,5,Ice,2d6+8 ,Spec,"Close Blast 2","On a roll of 16+, all Targets become Slowed. If the Weather is Snowy, Icy Wind has the Sureshot Keyword. "
Mist,Scene x2,/,Ice,,Status,"5, Ranged Blast 3, Hazard, Versatile","Mist creates Smoke Hazards within the Range of this Attack. Whenever an Enemy passes through a Smoke Hazard created this way, all of their Stats are raised or lowered to their Default Value. Combatants within a Smoke Hazard created this way cannot have their CS increased or decreased.

Smoke Hazard - Smoke Hazards break line of sight. Combatants on a Smoke Hazards are treated as Untargetable by all other Combatants that aren't in a contiguous Smoke Hazard. Combatants on a Smoke Hazard treat all Combatants that aren't in a contigous Smoke Hazard as if they were Untargetable. These Effects are ignored by Combatants with Tremorsense or Blindsense. You can still be Untargetable this way even if you were last Round."
Powder Snow,At-Will,5,Ice,1d8+6 ,Spec,"Close Blast 2","If the Weather is Snowy, all Targets have a -2 Accuracy Penalty to their next Attack this Round."
Soft Served,Scene x2,/,Ice,,Status,"Melee, 1 Target, Healing, Versatile","The Target restores 5 Ticks of Hit Points."
Snowstorm,Scene x2,/,Ice,,Status,"Blessing, Versatile, Weather","Blessing - Any user affected by Snowstorm may activate it as a Free Action when using a Ice Type Damaging Attack to grant it the Smite Keyword. If the Attack hits, it hits, it is also increased by one damage step. (Max 1.5x Effectiveness). Snowstorm may be Activated 3 times and then disappears. While this Blessing persists, the Weather becomes Snowy."
Thermodrain,EOT,3,Ice,2d6+10 ,Spec,"6, 1 Target","If this Targets a Fire Type Pokemon, they're considered to be Weak to Ice when calculating damage. If the Weather is Snowy or the Target is Fire Type, Thermodrain has the Drain Keyword."
Triple Axel,EOT,5,Ice,2d6+8 ,Phys,"Melee, 1 Target","After attacking with Triple Axel, hit or miss, the user may Slide up to 2m and attack a different Target with Triple Axel. This effect may be repeated a second time, Targeting a combatant that has not been Targeted by either prior attack. Before making each attack roll, the user may choose to not trigger all remaining additional slides and attacks. Triple Axel gains +1 Accuracy and +1 DB for each Attack that is given up. Triple Axel always benefits from the Technician Ability."
Whiteout,Scene x2,/,Ice,,Status,"5, Ranged Blast 3, Versatile","Create a Zone within the Range of the Attack. Any Enemy within this Zone without the Naturewalk (Tundra) Capability must make a CR 4 Perception Check at the start of their Turn or else they become Blinded until the end of their Turn. Spaces in this Zone are treat the Weather as if it were Snowy. If the user Faints, this Zone is removed."
Acupressure,EOT,4,Normal,,Status,"Melee, 1 Target","The Target becomes Vulnerable or Weakened of your choice until the end of the next Round. On a roll of 17+, they instead have both applied for the same duration. If the Target is an Ally, they instead have a Random Stat increased by +2 CS."
After You,Scene x2,/,Normal,,Status,"6, 1 Target ","After You can only be used as a Reaction when you use an Attack against a Single Enemy and it must Target the Ally that is acting alongside you during this Initiative. The Target may immediately use an Attack if they have an Action to do so, resolving it before the Triggering Attack, but it must Target only the Enemy the Triggering Attack Targeted. Their Attack has the Sureshot Keyword. After their Attack resolves, you may finish resolving the Triggering Attack. If they fainted, you do not regain the Action spent to use the Triggering Attack. "
Assist,Scene x2,/,Normal,,Status,"Melee, 1 Target, Swift Action","The Target may choose to perform their next Accuracy Check or Save Check this round twice. "
Attract,Scene x2,2,Normal,,Status,"Burst 2, Social","The user uses a Intrigue Maneuver against all Targets as a Free Action. If the Maneuver Hits, the Target automatically fails the opposed Check. Friendly, Sureshot."
Barrage,EOT,4,Normal,2d6+8 ,Phys,"6, 1 Target ","If this Attack hits, roll 5d20. For each one that resulted in a  Natural 16+, they lose -1 CS in Defense. Smite"
Battle Rage,Scene,/,Normal,,Status,"Self, Versatile","The user gains +3 CS in Attack and becomes Enraged, if not already. This Attack may be used even if the user is Enraged."
Baton Pass,At-Will,/,Normal,,Status,"Self, Movement Action, Versatile","The user is replaced with another Pokémon from their trainer’s roster, performing a full switch. All CS Values and Coats on Baton Pass’ user are transferred to the replacement. The replacement’s default combat stages are ignored in any stat that has CS transferred to it."
Belly Drum,Scene,/,Normal,,Status,"Self, Full Action + Movement Action, Priority","Belly Drum must be declared at the start of a Round as a Priority Free Action. The user then becomes Vulnerable until the end of the Round. At the end of the Round, if you have an Action to do so, you must use Belly Drum as a Full Action + Movement Action. You then gain +6 Attack CS."
Bestow,EOT,--,Normal,,Status,"Melee, 1 Target, Movement Action","This Attack can only Target an Ally. Choose a Item you have equipped or a Stat. If you chose an Item, you unequip that Item and it is moved to the Target's Empty Inventory or Equipment Slot. If you chose a Stat, their CS is increased or decreased to match your CS for the corresponding Stat, then your CS for that Stat is set to its Default Value."
Bide,Scene x2,5,Normal,,Phys,"Burst 1, Set-Up","Charge Effect: Any time you take Damage from an Enemy Attack while you have Charge Tokens for Bide, gain an additional Charge Token for Bide. If the Damage from the Attack caused you to lose at least 50% of your total Hit Points, gain two additional Charge Tokens instead of one.
Resolution Effect: All Targets hit by this Attack lose Hit Points equal to your Tier Value times the number of Charge Tokens expended or half this amount if it misses. Spirit Surge "
Bind,At-Will,2,Normal,1d8+6 ,Phys,"Melee, 1 Target","You may choose to mark the Target with a Bind Mark. While an Enemy has a Bind Mark, whenever they would move, you must Slide into an Adjacent unoccupied space. If you have a higher Weight Class than the Target, they cannot move on their Turn while marked this way. If you would ever enter a space not Adjacent to them, they lose the Bind Mark. You cannot apply Evasion against Attacks derrived from Enemies with your Bind Mark."
Blinding Radiance,Scene x2,/,Normal,,Status,"Field, Versatile, Weather","The Field becomes Radiant for the next 5 Rounds. While the Field is Radiant, non Normal Type Enemies lose a Tick of Hit Points at the start of their Turn and Normal Type Pokemon gain a Tick of Temporary Hit Points at the start of their Turn. While the Field is Radiant, the Weather becomes Sunny."
Block,EOT,3,Normal,,Status,"Melee, 1 Target, Versatile","The Target becomes Marked with a Blocked Mark. While a Combatant with a Blocked Mark is adjacent to the user, if they use an Attack without the Self Range, it must include the user. While a Combatant has a Blocked Mark and are within 3m of you, they are Trapped."
Blood Moon,Scene,5,Normal,4d10+15 ,Spec,"8, Ranged Blast 2, Full Action, Reckless","After Damage Calculations, the user becomes Vulnerable until the end of the next Round. Smite"
Body Slam,EOT,3,Normal,2d10+10 ,Phys,"Melee, 1 Target, Dash","The user may use their Total HP Stat (not Hit Points) as the Offensive Stat instead of the Attack Stat. If the Dash Keyword is Activated, on a 15+, both the user and the Target become Tripped."
Boomburst,Scene,8,Normal,3d12+10 ,Spec,"Burst 2 or Close Blast 3; Full Action, Sonic","All Adjacent Targets become Dazed. Smite, Spirit Surge."
Burning Light,Scene x2,3,Normal,2d6+10 ,Spec,"5, 1 Target","On a roll of 16+, the Target becomes Blinded until the end of their next Turn or Burned. Smite"
Camouflage,EOT,/,Normal,,Status,"Self, Swift + Movement Action, Coat","The user gains a Camouflage Coat. While the user has a Camouflage Coat, they cannot be Targeted by any 1 Target Attacks and have +6 Evasion against all other Attacks. The Camouflage Coat is expended whenever the user is hit with an Attack or performs a non-Movement Action. 
*Grants Blender"
Captivate,EOT,4,Normal,,Status,"Close Blast 2, Social, Versatile","All Targets lose -2 CS in Attack or Special Attack of your choice. On a hit, the Target becomes Entranced or Provoked by you of your choice until the end of their next Turn. Spirit Surge. Friendly."
Chip Away,EOT,3,Normal,2d6+10 ,Phys,"Melee, 1 Target ","The Target loses -1 CS in Defense. If they had Positive CS in Defense, they instead lose -2 CS in Defense. Spirit Surge."
Comet Punch,At-Will,5,Normal,1d6+5 ,Phys,"Melee, 1 Target, Punch","X is equal to the number of times this Attack would hit. Five Strike. Slide X (Away)"
Confide,EOT,2,Normal,,Status,"Melee, 1 Target, Social","The Target loses -2 CS in a Stat of your choice. If the Target of Confide is Targeted by a Manipulate Maneuver during your Turn, it automatically hits but must still perform the opposed Skill Check. Sureshot."
Constrict,At-Will,4,Normal,1d8+8 ,Phys,"Melee, 1 Target","The Target becomes Grappled. If the user is smaller than the Target, they instead become Slowed until the end of their next Turn. "
Conversion,At-Will,/,Normal,,Status,"Self, Versatile","Choose an Attack the user knows. Until the end of the Scene, the user loses all their Types and becomes the Type of the chosen Attack. You may then turn any number of Attacks on your Attack List into the new Type until the end of the Scene. "
Copycat,Scene x2,/,Normal,,Spec,"4, 1 Target","Use the Attack the Target has used on their last turn. You may choose new Targets for the Attack and the Attack may be used as if it were Physical or Special. Sureshot."
Covet,At-Will,2,Normal,2d6+8 ,Phys,"Melee, 1 Target","You may perform a Disarm Maneuver against the Target as a Free Action. If an Item is disarmed and the user has an empty Inventory Slot, they may equip it after Damage Calculations."
Crush Claw,EOT,2,Normal,2d6+10 ,Phys,"Melee, 1 Target","If the Target has Negative Defense CS or is Vulnerable, this Attack is treated as one step more Effective but cannot surpass 1.5x Effectiveness. Its Damage Effectiveness can only be increased this way once per Scene per Target."
Cut,At-Will,5,Normal,1d8+8 ,Phys,"Melee, Pass","On a roll of 15+, the Target becomes Wounded. If this hits a Target that is already Wounded, they lose two Ticks of Hit Points. "
Defense Curl,EOT,/,Normal,,Status,"Self, Coat, Versatile","The user gains +2 CS in Defense and gains a Curled Coat. While the user has a Curled Coat they cannot become Tripped. The user may expend as a Reaction the Curled Coat when using a Melee Attack to treat it as if it had the Sureshot and Slide 3 (Away) Keywords."
Disable,At-Will,/,Normal,,Status,"1 Target, Trigger","Disable can only be used as a Reaction whenever the user is hit by an Attack. The Triggering Attack becomes Disabled after the Attack’s Resolution. Sureshot."
Dizzy Punch,At-Will,2,Normal,2d6+10 ,Phys,"Melee, 1 Target, Punch","On a roll of 16+, the Target becomes Dazed. Dizzy Punch has the Sureshot Keyword if the user is Dazed."
Doodle,Scene,/,Normal,,Status,"6, 3 Targets","When using Doodle, choose 1 of the Targets and a non-Boss or Innate Ability they know. The other Targets of this Attack learn that Ability until the end of the Scene. The user may choose themselves as one Target of this Attack. Sureshot."
Double Hit,EOT,3,Normal,1d8+6 ,Phys,"Melee, 1 Target ","Double Strike."
Double Team,Scene x2,/,Normal,,Status,"Self, Coat, Versatile","The user gains a Double Team Coat. The user may expend an activation of the Double Team Coat as a Free Action when being Targeted by an Attack to gain +3 Evasion against it or when using an Attack to gain a +3 Modifier to their Accuracy Roll. Activations may be expended after seeing the roll result. This Coat may be activated twice, then is removed."
Double-Edge,Scene x2,3,Normal,3d12+10 ,Phys,"Melee, 1 Target, Dash, Recoil 1/3","If the user is at least two Size Categories larger than the Target, this Attack is treated as one step more Effective but cannot surpass 1.5x Effectiveness. If the Dash Keyword is Activated, the Recoil Keyword is ignored."
Double Slap,At-Will,4,Normal,1d6+5 ,Phys,"Melee, 1 Target","If Double Slap hits at least 4 times, the Target becomes Enraged. Five Strike"
Echoed Voice,EOT,4,Normal,1d8+6 ,Spec,"3, 1 Target, Sonic","Choose a Sonic Attack used by you or an Ally this Scene. This Attack has the same Damage Base (If any) and Effect the chosen Attack. If no Sonic Attack was used this Scene, the DB for this Attack is 6. You cannot choose the same Attack twice during a Scene."
Egg Bomb,Scene x2,6,Normal,3d8+10 ,Spec,"4, Ranged Blast 2","Any allies that are hit by this Attack gain a Tick of Temporary Hit Points instead of taking damage. Smite"
Encore,Scene x2,4,Normal,,Status,"3, 1 Target, Social, Versatile","This cannot Target an Ally. The Target gains an Encore Coat. While a Target has an Encore Coat, they can only use the last Attack they performed before gaining this Coat. When they use that Attack, it ignores and doesn't expend its Frequency. The Target may expend the Encore Coat as a Swift Action, but then they become Suppressed and that Attack becomes Disabled."
Endure,Scene,/,Normal,,Status,"Self, Trigger","Endure can only be used as a Reaction when the user is hit by a Damaging Attack while they are at 10% Hit Points or higher. The user's hp cannot be reduced below 1 by the Triggering Attack."
Entrainment,Scene x2,2,Normal,,Status,"4, 1 Target","The Target gains one of the user’s Abilities. Boss Abilities or Innate Abilites cannot be gained this way."
Extreme Speed,EOT,3,Normal,2d8+10 ,Phys,"Melee, 1 Target, Dash, Priority","If the Dash or Priority Keyword is Activated, this Attack ignores Speed Evasion."
Facade,EOT,3,Normal,2d6+10 ,Phys,"Melee, 1 Target","This Attack's Damage Base is increased by +3 for each Affliction the user is affected by."
Fake Out,At-Will,5,Normal,1d8+8 ,Phys,"Melee, 1 Target, Priority ","If Fake Out misses the Target, you may perform a Basic Attack against them as a Free Action. Spirit Surge"
False Swipe,EOT,5,Normal,2d6+8 ,Phys,"Melee, Pass","False Swipe cannot Trigger Attacks with the Shield Keyword in response to this Attack. Smite"
Feint,Scene x2,/,Normal,,Status,"Self, Trigger","Feint can only be used as a Reaction when a Target of your Attack uses a Reaction or avoids your Melee Damaging Attack. If they used a Reaction, the Effect they used it for fails and no longer applies, but doesn’t expend its Frequency (Still uses their Reaction). If they avoided the Melee Attack, the Attack is treated as having the Smite Keyword."
Fillet Away,EOT,/,Normal,,Status,"Self, Versatile","The user loses two Ticks of Hit Points, then gains +3 CS in Attack, Special Attack or Speed."
Final Flash,Scene,5,Normal,4d10+10 ,Spec,"Close Blast 2, Full Action, Reckless","After Damage Calculations, lower the Offensive Stat used for this Attack by -2 CS. Smite"
Flail,EOT,5,Normal,2d6+10 ,Phys,"Burst 1","On a roll of 16+, this Attack may be treated as one step more Effective but cannot surpass 1.5x Effectiveness, however the user becomes Dazed after. Smite"
Flash,EOT,5,Normal,,Status,"Close Blast 2, Versatile","Lower the Accuracy of all Targets by -2. On a roll of 16+, all Targets become Blinded until the end of their next Turn. *Grants Glow"
Flashbang,Scene x2,6,Normal,,Status,"Close Blast 2, Versatile","The Target becomes Blinded until the end of their next Turn. On a miss, the Target instead loses -3 Accuracy for their next attack that requires an Accuracy Roll. Spirit Surge"
Focus Energy,EOT,/,Normal,,Status,"Self, Movement Action","The user’s next Attack gains +2 Critical Hit Range. If the Attack has a Melee Range, they instead gain +3 Critical Hit Range and treat the Target as Flanked. Focus Energy can also be used as a Standard Action to gain +2 Critical Hit Range for the rest of the Scene. "
Follow Me,Scene x2,/,Normal,,Status,"Burst 2, Social, Versatile","All Targets become Provoked until the end of their next Turn. Friendly, Sureshot."
Foresight,EOT,/,Normal,,Status,"6, 1 Target, Swift Action","The Target gains a Foresight Mark. The user's Normal and Fighting Type Attacks may deal Damage Ghost Types with the Foresight Mark as if they were Neutral Effectiveness instead of Immune. Sureshot"
Frustration,At-Will,3,Normal,2d6+8 ,Phys,"Melee, 1 Target","Add +3 DB to this Attack for each time the user was hit with an Attack since their last Turn and for each Mental Affliction they're affected by (Max DB 15)"
Fury Attack,At-Will,4,Normal,1d6+5 ,Phys,"Melee, 1 Target","If the user is Enraged, the Target is treated as Vulnerable against this Attack. Five Strike"
Fury Swipes,EOT,4,Normal,1d8+6 ,Phys,"Melee, 1 Target","If Fury Swipes hits at least 4 times, the Target becomes Wounded. Five Strike"
Giga Impact,Scene,5,Normal,4d10+20 ,Phys,"Melee, 1 Target, Full Action, Dash","If this Attack is used through the Dash Keyword and the user is larger than the Target, this Attack is also treated as one step more Effective but cannot surpass 1.5x Effectiveness. Smite"
Glare,Scene x2,4,Normal,,Status,"3, 1 Target, Social, Versatile","The Target becomes Trapped. If this Attack hits, they also become Paralyzed. Spirit Surge."
Growl,EOT,4,Normal,,Status,"Burst 2, Sonic, Social, Versatile","All Targets lose -2 CS in Attack or Special Attack (Choose for each). On a roll of 16+  they become Suppressed. Friendly."
Growth,EOT,/,Normal,,Status,"Self, Versatile","The user gains +2 CS in a Stat of their choice and a Tick of Temporary Hit Points."
Harden,EOT,/,Normal,,Status,"Self, Coat, Versatile","The user’s Defense is raised by +2 CS and the user gains a Hardened Coat. The user may expend the Hardened Coat as a Reaction when hit by a Physical Attack to gain DR against that Attack, equal to the user’s Tick Value."
Headbutt,EOT,2,Normal,2d6+10 ,Phys,"Melee, 1 Target, Dash","On a roll of 16+, the Target becomes Tripped. If the Dash Keyword is Activated, this Attack has the Slide 2 (Away) Keyword."
Head Charge,Scene x2,3,Normal,3d12+10 ,Phys,"Melee, 1 Target, Dash, Recoil 1/3","If the Dash Keyword is Activated, this Attack has the Slide 3 (Away) Keyword and the Recoil Keyword is ignored."
Heal Bell,Scene x2,/,Normal,,Status,"Burst 3, Sonic, Healing, Versatile","Choose Physical or Mental. Allies within the Range of this Attack are cured of all their Afflictions that match your chosen Category."
Helping Hand,EOT,/,Normal,,Status,"4, 1 Target, Versatile","Choose one of the following Effects to apply to the Target.
■ They are cured of a Status Affliction
■ They roll their next Accuracy Roll twice, taking either result
■ Their next Damaging Attack also adds half of your corresponding Attack Stat as a Damage Bonus."
Hidden Power,EOT,5,Normal,2d6+10 ,Spec,"Burst 1","When a Pokémon first obtains the Attack Hidden Power, roll 1d20. Hidden Power’s Elemental Type will be changed from Normal to Bug on a result of 1; Dark on a 2; Dragon on a 3; Electric on a 4; Fairy on a 5; Fighting on a 6; Fire on a 7; Flying on a 8; Ghost on a 9; Grass on a 10; Ground on a 11; Ice on a 12; Normal on a 13; Poison on a 14; Psychic on a 15; Rock on a 16; Steel on a 17; Water on a 18; and on a 19 or 20, reroll until you roll another number. This effect is permanent – if Hidden Power is forgotten and relearned, the chosen Type remains the same."
Hold Hands,Scene x2,/,Normal,,Status,"Melee, 1 Target, Versatile","The Target and the user each have a +4 Bonus to their next Save Check and gain three ticks of Temporary Hit Points."
Horn Attack,At-Will,2,Normal,2d6+10 ,Phys,"Melee, 1 Target, Dash","On a roll of 18+, the Target becomes Wounded. If the Dash Keyword was Activated, it becomes a 15+ Effect Range and this has the Smite Keyword."
Horn Drill,Scene x2,3,Normal,3d8+10 ,Phys,"Melee, 1 Target","The Target becomes Wounded. If the Target is already Wounded, this has a Critical Hit on a 16+."
Howl,EOT,/,Normal,,Status,"Burst 3, Sonic, Versatile","The user and all allies in this Range gain +1 CS in Attack and are cured of one Mental Affliction. "
Hyper Beam,Scene,6,Normal,3d8+10 ,Spec,"Line 4, Full Action, Set-Up","Charge Effect: While the user has Charge Tokens for Hyper Beam their Movement Value is set to 2 and cannot be raised.
Resolution Effect: For each Charge Token expended, increase the Line Range by +2 and the DB by +2. If you expended at least 2, this has the Sureshot Keyword. If you expended at least 3, this is always treated as Super Effective and cannot have its Effectiveness modified. Smite"
Hyper Drill,Scene x2,3,Normal,3d8+10 ,Phys,"Melee, 1 Target","This Attack ignores Damage Reduction and positive CS in Defense and Special Defense. Unstoppable. Smite"
Hyper Fang,At-Will,3,Normal,2d8+10 ,Phys,"Melee, 1 Target, Bite","On a roll of 16+, the Target becomes Wounded."
Hyper Voice,Scene x2,2,Normal,2d8+10 ,Spec,"Close Blast 2, Full Action, Sonic","Slide 2 (Away), Sureshot."
Laser Focus,Scene x2,/,Normal,,Status,"Self, Coat, Versatile","The user gains a Focused Coat. Whenever the user hits a Damaging Attack, this Coat may be expended to treat it as if it were a Critical Hit. "
Last Resort,Scene,4,Normal,4d10+20 ,Phys,"Melee, 1 Target","After this Attack resolves, the user's Hit Points are set to 0 and they Faint. If the user is Surrounded or under 10% of their Maximum Hit Points, Last Resort is a Critical Hit on a roll of 15+. Smite"
Leer,At-Will,2,Normal,,Status,"Close Blast 2, Social, Versatile","All Targets have their Attack or Defense lowered by -2 CS. Friendly, Slide 2 (Away), Sureshot."
Light Daze,Scene x2,5,Normal,,Status,"Close Blast 2 or Burst 1; Versatile","All Targets are Blinded until the end of their next turn."
Lock-On,At-Will,/,Normal,,Status,"10, 1 Target, Versatile","The Target becomes Marked with a Locked Mark. The next Attack that the user uses against the Target that requires an Accuracy Check has the Sureshot Keyword. The user gains +2 to Accuracy Rolls against Combatants with the Locked Mark. Sureshot."
Lovely Kiss,Scene x2,5,Normal,,Status,"6, 1 Target, Social, Versatile","The Target becomes Drowsy. If the Target is Entranced, this Attack has the Sureshot Keyword."
Lucky Chant,Scene x2,/,Normal,,Status,"Blessing, Versatile","Blessing - Any user affected by Lucky Chant may activate it as a Free Action when receiving a Critical Hit or when rolling a 5 or less on a d20. If they would receive a Critical Hit, the Attack instead deals damage as if it was not a Critical Hit. If they rolled a 5 or less, they may reroll it with a +2 Modifier. Lucky Chant may be Activated 3 times and then disappears. "
Luster Shock,EOT,4,Normal,1d8+8 ,Spec,"5, 1 Target ","Double Strike."
Me First,Scene x2,/,Normal,,Status,"Self, Trigger","Me First can only be used as a Reaction when an Enemy Targets the user with an Attack and the user has a higher Speed than them. You may use a Damaging Attack as a Standard Action, but only the Attacker can be a Target of this Attack. After this Attack resolves, the Triggering Attack resolves as normal unless they were to Faint. "
Mean Look,Scene x2,/,Normal,,Status,"3, 1 Targe or Close Blast 3, Social, Versatile","All Targets become Trapped. Sureshot."
Mega Kick,Scene x2,4,Normal,3d12+10 ,Phys,"Melee, 1 Target","If the Target is Vulnerable, Mega Kick has the Sureshot Keyword. Smite"
Mega Punch,At-Will,3,Normal,2d8+10 ,Phys,"Melee, 1 Target, Punch","Smite"
Metronome,At-Will,/,Normal,,Status,"Self, Versatile","Your GM rolls an Attack on the Metronome Roller. The user may then Move with a Movement Action if able, then immediately use that rolled Attack. If the Attack is Damaging, the DB (Including Modifiers) cannot exceed 10. If it were to exceed this, it is treated as being DB 10 and cannot be modified. (Ex: If you’re Tier 1 and roll Earthquake as a Ground Type, it becomes DB 10). If the user can learn Tier 3 Attacks, this restriction is ignored"
Milk Drink,Scene,/,Normal,,Status,"Melee, 1 Target; or Self","The Target restores 5 Ticks of Hit Points."
Mimic,Scene x2,/,Normal,,Spec,"6, 1 Target","Choose an Attack that the Target has used during the encounter. For the remainder of the encounter, that Attack is added to the user’s Move List and may be used as if it were Physical or Special, then the user may immediately use that Attack as a Free Action. Sureshot."
Mind Reader,Scene x2,/,Normal,,Status,"6, 1 Target, Versatile","The Target gains the Forseen Mark. The user cannot miss Combatants with the Forseen Mark and gains +3 Evasion  against attacks from Combatants with the Forseen Mark. Mind Reader cannot Target Combatants with the Mindlock Capability. Sureshot."
Minimize,Scene x2,/,Normal,,Status,"Self, Versatile","Until the end of the start of your next Turn, Enemies have a -6 Accuracy penalty against you and your size is changed to Small. While affected by this, you cannot inflict Damage on Enemies. "
Morning Sun,Scene x2,/,Normal,,Status,"Self, Healing, Versatile","The user restores 5 Ticks of Hit Points. If the Weather is Sunny, the user is also cured of a Status Affliction. This cannot be used if there is weather other than Sunny on the Field."
Noble Roar,EOT,4,Normal,,Status,"Burst 2, Social, Sonic, Versatile","All Targets have their Attack and Special Attack lowered by -2 CS. On a roll of 15+, all Targets may become Provoked by you until the end of their next Turn. Friendly."
Odor Sleuth,EOT,/,Normal,,Status,"Melee, 1 Target, Swift Action","The Target becomes Marked with a Tracked Mark. The user gains +3 Evasion against Combatants with the Tracked Mark. Sureshot. *Grants Tracker"
Pain Split,Scene,/,Normal,,Status,"Shield, Trigger","Pain Split may be used as a Standard Action+Reaction or Reaction when the user is hit by a Damaging Attack. After the Triggering Attack’s Damage Roll, instead of applying resistances and defenses, half the amount rolled. You lose Hit Points equal to the halved amount. If this is used as a Reaction, an Ally within 3m loses Hit Points equal to the halved amount as well and the Frequency of this Attack isn’t expended. If this is used as a Standard Action + Reaction, an Enemy within 3m loses Hit Points equal to the halved amount as well. Sureshot."
Pay Day,EOT,5,Normal,1d8+8 ,Phys,"Close Blast 2","The user may expend $250 to apply any of the effects below. This Effect may be purchased multiple times:
■ The Attack becomes Steel Type
■ The Attack gains +2 Accuracy or Crit Range
■ The Attack's Blast Range increases by +1
■ The Attack's Damage Base increases by +3 (Max 18)"
Perish Song,Scene,/,Normal,,Status,"Burst 15, Sonic","All Targets, Including the user become Marked with a Perish Mark, with a Perish Count of 3. This mark is not removed when user Faints. When a Combatant with a Perish Mark starts their Turn, their Perish Count is lowered by 1. When a Perish Marked Combatant would have a Perish Count of 0, they are set to 0 Hit Points (Or the highest Hit Point value that would cause them to Faint) and the Perish Mark is removed. This HP loss cannot be prevented. This Attack cannot gain the Friendly Keyword. Sureshot"
Play Nice,EOT,3,Normal,,Status,"6, 1 Target, Social, Versatile","The Target loses -2 CS in Attack or Special Attack. If the Target is Entranced with you as the Fixation, you may instead choose to set it to its Default Value."
Population Bomb,Scene x2,5,Normal,1d8+6 ,Phys,"Melee, 1 Target ","When applying the Five Strike Keyword to this Attack, the Maximum number of times it can hit is equal to double your current Mice Tokens. Whenever you would miss with Population Bomb, you may reroll the Accuracy Check. This may be done a number of times per Attack equal to half your current Mice Tokens (Rounded Up). This Attack cannot result in a Critical Hit. When calcuating DB with this Attack, the Five Strike Keyword's cap is +16DB instead of +8DB. Five Strike."
Pound,At-Will,2,Normal,1d8+8 ,Phys,"Melee, 1 Target","Smite"
Present,Scene x2,4,Normal,,Phys,"4, 1 Target, Healing","Roll 2d3, then multiply the added result by your Tier Level. That results becomes the DB of this Attack. If this Targets a willing Ally, this Attack instead heals the Target for 3 Ticks of Hit Points."
Prismatic Shot,EOT,5,Normal,2d8+10 ,Spec,"10, 1 Target; or 4, 2 Targets, Full Action","--"
Protect,Scene x2,/,Normal,,Status,"Self, Trigger, Shield","This Attack can only be used when the user is hit by a Damaging Attack. As a Reaction, they resist it by an additional Damage Step. As a Standard Action + Reaction, the user is instead not hit by the Attack, does not take any damage nor are they affected by any of the Attack’s effects."
Psych Up,Scene x2,/,Normal,,Status,"6, 1 Target, Versatile","The user's Combat Stage Values are replaced with the Values of the Target. Sureshot."
Quick Attack,At-Will,2,Normal,1d8+6 ,Phys,"Melee, 1 Target, Dash, Priority","If the Dash Keyword is Activated, this Attack ignores Speed Evasion."
Radiant Beam,EOT,4,Normal,2d10+10 ,Spec,"6, 1 Target","On a roll of 18+, the Target becomes Dazed. Smite"
Rage,At-Will,2,Normal,1d8+8 ,Phys,"Melee, 1 Target","The user becomes Enraged. Until the end of the next Round, if the user is Enraged, the user gains +1 Attack or Special Attack CS whenever they are damaged by an Attack. Spirit Surge."
Rapid Spin,EOT,5,Normal,1d8+6 ,Phys,"Burst 1","Rapid Spin destroys all non-Blocking Hazards within 3m and removes all Coats the user is affected by. Spirit Surge."
Recover,Scene x2,/,Normal,,Status,"Self, Healing, Versatile","The user chooses to either restore 5 Ticks of Hit Points or become cured of all Physical Afflictions."
Recycle,Scene x2,/,Normal,,Status,"Self, Versatile","The user gains Temporary Hit Points equal to their Maximum Hit Points minus their Current Hit Point Value. Temporary Hit Points gained this way are removed at the start of your next Turn."
Reflect Type,Scene x2,2,Normal,,Status,"5, 1 Target, Swift Action","The user loses all of their Types. Choose a Type that the Target has, then the user becomes that Type. All changes made this way revert at the end of the Scene. Sureshot."
Refresh,Scene x2,/,Normal,,Status,"Melee, 1 Target or Self, Healing, Versatile","Choose one to apply to the Target:
■ Their Negative CS is reset to their Default Value
■ They are cured of a Physical Affliction
■ They remove all Coats they're affected by"
Retaliate,Scene x2,3,Normal,2d6+8 ,Phys,"Melee, 1 Target","This Attack's Damage Base is increased by +3 for each time the user was targeted with an Attack this Round. If an Ally fainted this Round, this has the Sureshot Keyword."
Return,At-Will,3,Normal,,Phys,"Melee, 1 Target","Return's Damage Base is equal to 4 plus two times the number of allies that have hit the Target since the end of this Pokemon's last turn (to a maximum of DB 12)."
Revelation Dance,EOT,4,Normal,2d10+10 ,Spec,"6, 1 Target","Revelation Dance is the same Type as the user’s primary Type (aka the first one in its Pokedex listing)."
Roar,Scene x2,2,Normal,,Status,"Burst 1, Sonic, Social","All Targets lose -1 CS in Attack and Special Attack. X is equal to the Target's Movement Value. Slide X (Away), Sureshot."
Rock Climb,At-Will,3,Normal,2d8+10 ,Phys,"Melee, 1 Target ","At the start of the user's Turn they may declare the usage of Rock Climb. During this Turn when moving, you ignore all Movement Penalties. *Grants Climber"
Round,EOT,5,Normal,2d6+8 ,Spec,"Burst 1, Sonic","If an Attack with the Sonic Keyword was used against the Target this Round, they cannot apply Evasion against this Attack. "
Safeguard,Scene x2,/,Normal,,Status,"Blessing, Versatile","Blessing – Any user affected by Safeguard may activate it as a Free Action when receiving a Status Affliction from an Enemy to instead not gain that Affliction. The user or Allies additionally may use a Swift Action to expend an Activation and become cured of a Status Affliction. Safeguard may be Activated 3 times, and then disappears."
Scary Face,EOT,6,Normal,,Status,"Close Blast 2, Versatile","All Targets become Suppressed. On a 15+, they cannot activate Reactions until the start of your next Turn. "
Scratch,At-Will,5,Normal,1d8+6 ,Phys,"Melee, Pass","On a roll of 18+, the Target becomes Wounded. Smite"
Screech,EOT,5,Normal,,Status,"Burst 1, Sonic, Versatile","All Targets have their Defense lowered by -3 CS. When this Attack hits, all Targets also become Dazed. Friendly, Spirit Surge."
Sharpen,EOT,/,Normal,,Status,"Self, Coat, Versatile","The user’s Attack or Special Attack are raised by +2 CS and the user gains a Sharp Coat. The user may expend the Sharp Coat as a Reaction when your Melee Attack is Resisted by a Target (By Type or Effect). When Expended this way, the Attack becomes one step more Effective against the Target who Resisted it."
Shell Smash,Scene x2,/,Normal,,Status,"Self, Versatile","The user gains +3 CS in Attack, Special Attack, and Speed, then becomes Vulnerable until the end of the next Round."
Shed Tail,Scene ,/,Normal,,Status,"Self, Shield, Trigger","If the user is hit by a Melee Attack, the user may use Shed Tail as a Reaction. The user Resists the Attack by an additional damage step. You may then Disengage as a Free Action. "
Shining Shroud,EOT,/,Normal,,Status,"5, Ranged Blast 3","Create a Zone within the Range of the Attack. Any Enemy without the Blindsense Capability is Blinded while they're in this Zone. This Zone is removed when you Faint or at the end of the next Round, whichever comes first."
Simple Beam,Scene x2,5,Normal,,Status,"Line 5, Versatile","Choose one effect to apply to each Target. A random ability becomes Disabled. Their Attacks become Normal Type until the end of their next Turn. A Stat of the Target is reset to its Default Value."
Sing,Scene x2,7,Normal,,Status,"Burst 1, Sonic, Versatile","All Targets hit by Sing become Drowsy. On a Miss, they instead become Vulnerable against the next Attack that targets them until the end of the next Round. Friendly, Spirit Surge."
Sketch,Scene,/,Normal,,Status,"15, 1 Target","Once Sketch has been used, remove Sketch from the user's Attack List. The last Attack that the Target used is added to the user's Attack List permanently. Sketch cannot be Reacted to or Intercepted. Once used, Sketch is replaced for the user with the added Attack for the purposes of things such as relearning. Sketch cannot be used to gain an Attack unique to a Boss Pokemon or a Legendary Signature Attack. Sureshot."
Skull Bash,Scene x2,4,Normal,3d12+10 ,Phys,"Melee, 1 Target, Set-Up","Charge Effect: The user gains DR equal to their Tier Value until the start of their next Turn. While you have Charge Tokens from this Attack, your Movement Value is halved.
Resolution Effect: This Attack is one step more effective for every 3 Charge Tokens expended (max 1.5x). The user may use their Defense as if it were the Offensive Stat for this Attack. Smite"
Slack Off,Scene x2,/,Normal,,Status,"Self, Healing, Versatile","The user restores 5 Ticks of Hit Points and is cured of a Mental Affliction."
Slam,At-Will,3,Normal,2d8+10 ,Phys,"Melee, 1 Target, Dash","If the Dash Keyword is Activated, this has the Smite Keyword. If the user is larger than the Target, this is a Critical Hit on a roll of 17+. "
Slash,EOT,5,Normal,2d8+10 ,Phys,"Melee, Pass","Slash is a Critical Hit on a roll of 18+. If Slash is used without the Pass Keyword, on a roll of 16+, the Target becomes Wounded."
Sleep Talk,Scene x2,/,Normal,,Status,"Self, Full Action","Sleep Talk may only be used if the user is Drowsy. Choose a different Attack to use as a Free Action, following Frequency as normal. The chosen Attack ignores the effects of Drowsy and isn't resisted."
Smelling Salts,Scene x2,2,Normal,2d6+10 ,Phys,"Melee, 1 Target","If the Target is Paralyzed or Drowsy, Smelling Salts is automatically a Critical Hit. After Damage Calculations the Target is cured of those Afflictions."
Smokescreen,EOT,/,Normal,,Status,"5, Ranged Blast 3, Versatile","Smokescreen creates Smoke Hazards within the Range of this Attack

Smoke Hazard - Smoke Hazards break line of sight. Combatants on a Smoke Hazards are treated as Untargetable by all other Combatants that aren't in a contiguous Smoke Hazard. Combatants on a Smoke Hazard treat all Combatants that aren't in a contigous Smoke Hazard as if they were Untargetable. These Effects are ignored by Combatants with Tremorsense or Blindsense. You can still be Untargetable this way even if you were last Round."
Snore,At-Will,2,Normal,2d8+10 ,Spec,"Burst 1, Sonic, Movement Action","Snore can only be used if the user is Drowsy and is not changed to a Full Action. This cannot be used twice in a Round. Each Turn this is used in succession, you may add +1 to the Burst Range. Sureshot."
Soft-Boiled,Scene,/,Normal,,Status,"Melee, 1 Target; or Self","The Target is cured of all Status Afflictions or restores 3 Ticks of Hit Points"
Solar Eclipse,Scene,/,Normal,,Status,"Field, Weather","Solar Eclipse may only be used if the Weather is Foggy, Mystical or Sunny. For the rest of the Scene while the Weather persists, once per Round, the user and allies may use a Blessing on the Field without expending an Activation. "
Solar Flare,EOT,6,Normal,2d8+10 ,Spec,"Burst 1","If the Weather is Sunny, this Attack may be used as if it were 10, Ranged Blast 3."
Solstice Dance,Scene x2,/,Normal,,Status,"Blessing, Versatile, Weather","Blessing - Any user affected by Solstice Dance may activate it as a Free Action when using a Normal Type Damaging Attack to grant it the Smite Keyword. If the Attack hits, it hits, it is also increased by one damage step. (Max 1.5x Effectiveness). Solstice Dance may be Activated 3 times and then disappears. While this Blessing persists, the Weather becomes Sunny."
Sonic Boom,Scene x2,5,Normal,,Status,"Close Blast 3, Sonic, Versatile","All Targets of this Attack lose 3 Ticks of Hit Points. On a roll of 15+ the Target also becomes Vulnerable until the end of the Round."
Spike Cannon,EOT,5,Normal,1d8+6 ,Phys,"6, 1 Target","If Spike Cannon hits at least 4 times, the Target becomes Wounded. Five Strike"
Spit Up,Scene x2,5,Normal,1d8+8 ,Spec,"4, 1 Target ; or Close Blast 2","The user may expend any number of Stockpile Counters upon declaration of this Attack. For each Counter Expended, increase this Attacks' Damage base by +5. (Refer: Stockpile)"
Splash,EOT,/,Normal,,Status,"Self, Movement Action","The user may perform a Jump Maneuver as a Free Action and cannot Trigger Attacks of Opportunity this way. The user gains +3 Evasion until the start of their next Turn."
Spotlight,Scene,/,Normal,,Status,"3, 1 Target or Self, Versatile","If the Target was an Enemy, they become Vulnerable until the end of the Round. If the Target was the user or an Ally, all Enemies within 2m of the Target become Provoked by them until the end of their next Turn. Sureshot"
Starbeam,At-Will,3,Normal,2d6+8 ,Spec,"6, 1 Target","On a roll of 18+, the Target becomes Dazed. Smite"
Stockpile,At-Will  ,/,Normal,,Status,"Self, Versatile","After this Attack's Resolution, gain +1 Stockpile Counter (Max 3), Choose two different Effects to apply from the following list (You may expend Stockpile Counters to increase any of the Effects by +1 per Counter Expended). The user gains +1 Cs in Defense. The user gains +1 CS in Special Defense. The user gains 2 Ticks of Temporary Hit Points. The user gains 2 Ticks of Hit Points. "
Stomp,EOT,2,Normal,2d6+10 ,Phys,"Melee, 1 Target","Stomp has the Sureshot Keyword against Targets that are smaller than the user. If they're two Size Categories smaller, it is a Critical Hit on a roll of 15+."
Strength,EOT,3,Normal,2d8+10 ,Phys,"Melee, 1 Target","You may immediately initiate a Push Maneuver as a Free Action. The Maneuver automatically hits, but you must still make the Opposed Roll.  "
Stuff Cheeks,Scene,/,Normal,,Status,"Self","Choose two different Effects to apply.
■ The user gains +2 CS in Defense
■ The user gains +2 CS in Special Defense
■ The user gains 3 Ticks of Temporary Hit Points"
Substitute,Scene,/,Normal,,Status,"Self, Coat","The user loses 1/4 of their maximum Hit Points, which cannot be prevented in any way, then creates a Substitute Coat. A substitute coat has HP equal to the amount lost in using this Attack. While affected by a Substitute Coat, you are immune to Status Afflictions and Status Attacks. When hit by an Attack, you subtract from the Substitute coat instead. If the substitute coat runs out of HP, it is expended. Damage does not carry over to the user. This cannot be used if the user has less than 1/4 of their Full Hit Points. "
Sunburst,EOT,/,Normal,,Status,"Burst 1","The user and all Targets gain +1 CS in Attack and Special Attack. If the Weather is Sunny, they gain +2 instead or are also cured of a Status Affliction."
Sunspot,EOT,4,Normal,,Status,"Burst 1; or 5, Ranged Blast 3","All Targets lose -2 CS in Attack and Special Attack. If the Weather is Sunny, they instead lose it in any two different Stats of your choosing."
Super Fang,Scene x2,4,Normal,,Phys,"Melee, 1 Target","Roll 2d3. The Target loses that many Ticks of Hit Points."
Supernova,Scene,7,Normal,3d12+10 ,Spec,"Burst 2, Full Action, Recoil 1/2, Reckless","If the Weather is Sunny, this Attack ignores the Recoil Keyword. Smite"
Supersonic,Scene x2,4,Normal,,Status,"4, 1 Target, Sonic, Versatile","The Target suffers a -3 Penalty to Accuracy Rolls until the end of their next Turn. When this Attack hits, the Target also becomes Dazed. Spirit Surge."
Swagger,EOT,4,Normal,,Status,"Self, Social, Versatile","The user gains +2 CS in Attack or Special Attack and is cured of one Mental Affliction."
Swallow,Scene x2,/,Normal,,Status,"Self","The user restores three Ticks of Hit Points. The user may expend any number of Stockpile Counters to increase this by one Ticks per Counter expended. (Refer: Stockpile)"
Sweet Scent,Scene x2,2,Normal,,Status,"Burst 1, Versatile","All Targets become Entranced. Friendly, Sureshot. *Grants Alluring"
Swift,EOT,/,Normal,1d8+8 ,Spec,"8, Ranged Blast 2","Friendly, Sureshot."
Swords Dance,EOT,/,Normal,,Status,"Self, Versatile","The user gains +2 CS in Attack. Their next Physical Attack gains the Smite Keyword."
Synchronoise,Scene x2,6,Normal,3d12+10 ,Spec,"Burst 3, Full Action","Any Target who does not share a Type with the user resists this Attack by an additional Damage Step. If they're an Ally, they are instead are not damaged."
Tackle,At-Will,2,Normal,1d8+8 ,Phys,"Melee, 1 Target, Dash","When the Dash Keyword is Activated, Tackle has the Smite Keyword. Slide 3 (Away)."
Tail Slap,EOT,2,Normal,2d6+10 ,Phys,"Melee, 1 Target ","If the user is Flanked, this Attack has the Sureshot Keyword."
Tail Whip,EOT,5,Normal,,Status,"Burst 1","You may immediately initiate a Trip Maneuver against all Targets hit by this Attack as a Free Action. The Maneuver automatically hits, but you must still make the Opposed Roll. All Targets who become Tripped this way also lose -3 CS in Defense. Friendly."
Take Down,EOT,2,Normal,2d10+10 ,Phys,"Melee, 1 Target, Dash, Recoil 1/3, Reckless","When the Dash Keyword is Activated and you're larger than the Target, both the user and the Target become Tripped after the Attack's resolution."
Tearful Look,EOT,5,Normal,,Status,"Close Blast 2, Social","For each Target, choose Attack or Special Attack. The Target loses -2 CS in the chosen Stat. When this Attack hits, the user resists the next Damaging Attack the Target makes against them by an additional Step. Friendly, Spirit Surge."
Teatime,Scene,7,Normal,,Status,"Burst 2, Versatile","All Enemies hit by this Attack become Cursed. The user and all Allies within this Range gain two Ticks of Temporary Hit Points. Spirit Surge."
Teeter Dance,Scene x2,6,Normal,,Status,"Burst 1, Dance, Movement Action","All Targets become Dazed. If the user is Dazed, Teeter Dance has the Sureshot Keyword."
Terrain Pulse,EOT,5,Normal,2d8+10 ,Spec,"Close Blast 3 or Burst 1; Full Action","When declaring Terrain Pulse, you may choose a Blessing, Field or Weather Attack that is currently affecting the Field. Terrain Pulse deals damage as if it were the Type of the chosen Attack."
Thrash,Scene x2,5,Normal,3d8+10 ,Phys,"Melee, All Adjacent Enemies, Full Action, Reckless","After Damage Calculations the user becomes Enraged. If the user is already Enraged, this Attack is also treated as one step more Effective but cannot surpass 1.5x Effectiveness. Smite"
Tickle,EOT,4,Normal,,Status,"Melee, 1 Target, Versatile","The Target becomes Weakened until the end of the next Round. This can only affect a target once per scene."
Tidy Up,Scene x2,/,Normal,,Status,"Burst 3, Swift Action","All non-Blocking Hazards within this range destroyed. You may choose to remove any Coat that is applied to the user or an Ally within this range. "
Transform,Scene x2,/,Normal,,Status,"10, 1 Target","The user Targets a Pokemon within 10 meters and assumes the form of the Target. It replaces its Attacks with the Target's, gains the Target's Abilities, and copies the Target's Weight, Height, Size, Type and Capabilities. Transform lasts until the user is switched out, KO'd or until the end of the Scene. The user may choose to end the Transformation on its turn as a Free Action, losing everything it gained and reverting. The user's Stats do not change from using Transform. Transform fails if the GM would determine the Target untransformable such as a Legendary. This Attack cannot be added to anyone's Attack List other than the User by any means. Sureshot."
Tri Attack,Scene x2,7,Normal,2d8+10 ,Spec,"6, 1 Target or 3, 3 Targets","If this Attack only has one Target, as a Full Action, this Attack's Type can either be Electric, Fire or Ice. Smite"
Trump Card,EOT,5,Normal,1d8+6 ,Spec,"Close Blast 2","For each Tick of Hit Point the user is missiing, the DB of this Attack is increased by +1. If the user is Surrounded, this has the Sureshot Keyword."
Uproar,Scene x2,6,Normal,2d10+10 ,Spec,"Burst 1, Sonic","All Combatants within 5 meters of the user are cured of the Drowsy Affliction. Spirit Surge."
Vice Grip,At-Will,3,Normal,1d8+6 ,Phys,"Melee, 1 Target, Full Action","The Target becomes Wounded. "
Weather Ball,EOT,4,Normal,2d10+10 ,Spec,"8, 1 Target","If there is Weather on the Field, you may deal Damage with Weather Ball as if it was a different Type, from the options listed below.
■ Foggy - Dark or Ghost
■ Mystical - Fairy or Psychic
■ Rainy - Ice or Water
■ Snowy - Ice or Water
■ Sandstorm - Ground or Rock
■ Sunny - Fire
■ Thunderstorm - Electric
■ Windy - Flying"
Work Up,EOT,/,Normal,,Status,"Self, Versatile","The user gains +2 CS to a Stat of their Choice and has a +2 Modifier to Accuracy or Save Checks until the end of their turn. "
Wrap,At-Will,3,Normal,1d8+6 ,Phys,"Melee, 1 Target","You may choose to mark the Target with a Wrap Mark. While an Enemy has a Wrap Mark, whenever they use a Movement Action they lose a Tick of Hit Points and whenever they would move, you must Slide into an Adjacent unoccupied space. If you would ever move into a space not Adjacent to them, they lose the Wrap Mark. You cannot apply Evasion against Attacks derrived from Enemies with your Wrap Mark."
Wring Out,Scene x2,3,Normal,3d8+10 ,Spec,"Melee, 1 Target","This has the Sureshot Keyword against Targets that are Trapped or Grappled."
Yawn,Scene x2,/,Normal,,Status,"2, 1 Target, Sonic, Coat, Versatile","The Target becomes Drowsy at the end of their next Turn. Sureshot."
Acid,At-Will,5,Poison,1d8+6 ,Spec,"Close Blast 2","The Target loses -1 CS in Defense or Special Defense, of your choice. Spirit Surge"
Acid Armor,Scene x2,/,Poison,,Status,"Self, Coat, Versatile","The user gains a Toxic Coat. While the user is affected by a Toxic Coat, whenever a Melee Attack hits them, the Attacker become Poisoned. The Toxic Coat can be expended as a Reaction to resist a Physical Attack by an additional Damage step. It also can be expended when the user hits a Special Poison Type Attack to cause all Targets to become Poisoned. "
Acid Breath,EOT,5,Poison,2d6+10 ,Spec,"6, 1 Target; or Line 3","On a Roll of 17+, all Targets become Poisoned. When calculating Weakness and Resistance for Acid Breath, Steel Typed Targets calculate damage as if Steel was weak to Poison and are hit despite normally being Immune."
Acid Rain,Scene x2,/,Poison,,Status,"Field, Versatile","The Field becomes Acidic for the next 5 Rounds. While the Field is Acidic, non Poison Type Enemies lose a Tick of Hit Points at the start of their Turn and Poison Type Pokemon gain a Tick of Temporary Hit Points at the start of their Turn."
Acid Spray,EOT,3,Poison,1d8+6 ,Spec,"4, 1 Target","The Target loses -2 CS in Defense or Special Defense, of your choice. "
Acidic Impact,Scene x2,3,Poison,3d12+10 ,Phys,"Melee, Dash, Recoil 1/3","If the Dash Keyword is Activated or the Target is Poisoned, this has the Smite Keyword."
Assassinate,Scene x2,3,Poison,2d6+10 ,Phys,"Melee, 1 Target","If the Target’s Hit Points are under 50% or they are Poisoned, Assassinate is automatically a Critical Hit"
Baneful Bunker,Scene,/,Poison,,Status,"Self, Shield, Trigger","If the user is hit by an attack, the user may use Baneful Bunker as a Standard Action + Reaction. The user is instead not hit by the Attack. You do not take any damage nor are you affected by any of the Attack’s effects. In addition, if the triggering attack was Melee, the attacker is Poisoned. "
Barb Barrage,Scene x2,6,Poison,1d8+6 ,Phys,"6, 1 Target or Burst 1","If Barb Barrage hits at least 3 times, the Target becomes Poisoned. Five Strike"
Belch,Scene x2,6,Poison,3d8+10 ,Spec,"Close Blast 2, Full Action","If the user was affected by a Consumable Item this Scene, Belch has the Sureshot Keyword. Smite"
Blighted Touch,Scene x2,3,Poison,,Status,"Melee, 1 Target, Versatile","The Target becomes Poisoned. If the Target is already Poisoned you may instead inflict Cursed, Paralyzed or Weakened. If Weakened is chosen it lasts until the end of the Round."
Clear Smog,Scene x2,5,Poison,1d8+6 ,Spec,"Close Blast 2","All Targets have one of their Coats removed of your choice. On a 15+, if this hits, the Target has the CS for all of their Stats set to their Default Value. Spirit Surge"
Coil,Scene x2,/,Poison,,Status,"Self, Coat, Versatile","The user gains the Coiled Coat. While a Combatant has a Coiled Coat, they are Slowed and resist Physical Attacks by an additional Damage Step. The user may expend the Coiled Coat when using a Melee Attack to give it the Sureshot Keyword. Each time the user is hit by an Attack, they must make a TN 8 Save Check or else the Coiled Coat becomes expended."
Corrosive Gas,Scene x2,4,Poison,,Status,"Burst 2 or Close Blast 2; Coat, Versatile","All Targets gain a Corrosion Coat. If a Combatant with the Corrosion Coat would be Immune or Resist Poison Type Attacks, it is treated as Neutral Effectiveness again. Combatants with the Corrosion Coat are no longer Immune to the Poisoned Affliction if they would be. When a Combatant with a Corrosion Coat ends their Turn, they lose -2 CS in Defense."
Cross Poison,EOT,5,Poison,2d6+10 ,Phys,"Melee, Pass","Cross Poison Inflicts Wounded on a roll of 17+. If they're already Wounded they instead become Poisoned."
Dire Claw,EOT,6,Poison,2d8+10 ,Phys,"Melee, Pass","Dire Claw gives the Target a Status Affliction on a roll of 17+. If this effect is triggered, roll 1d3; on a 1 the Target is Paralyzed; on a 2 the Target is Poisoned; on a 3 the Target becomes Wounded."
Gastro Acid,Scene x2,2,Poison,,Status,"4. 1 Target","Choose an Ability on the Target to become Disabled. (The GM reveals the options) Sureshot."
Gunk Shot,Scene x2,6,Poison,3d8+10 ,Phys,"6, Ranged Blast 2","On a roll of 15+, the Target becomes Poisoned. Smite"
Noxious Gas,EOT,5,Poison,1d8+8 ,Spec,"Close Blast 2","All Target have a -2 Accuracy Penalty until the end of their next Turn. Spirit Surge."
Numbing Venom,EOT,4,Poison,2d8+10 ,Spec,"6, 1 Target","You may cure the Target of the Poisoned Affliction. If you do, they become Paralyzed."
Petal Burst,Scene x2,7,Poison,3d8+10 ,Spec,"Burst 1, Full Action","Petal Burst Poisons all Targets hit with this Attack. On all non-Occupied Spaces in the Range of this Attack, Spike Hazards are created. Enemies that Trigger Spike Hazards created this way become Poisoned. Poison Type Pokemon  are Immune to Spike Hazards created this way and may destroy it when Moving over a Space with this Hazard. Smite. Spirit Surge.

Spike Hazards - Spaces with Spike Hazards are treated as Slow Terrain. Any Grounded Enemy that passes through a Spike Hazard loses one Tick of Hit Points and cannot gain Hit Points or Temporary Hit Points until the end of the next Round."
Plague Breath,Scene x2,6,Poison,2d6+10 ,Spec,"Close Blast 3, Full Action","All Targets hit by Plague Breath become Poisoned. If the Target is already Poisoned they instead lose -2 CS to all Stats with Positive CS. Smite"
Poison Dart,EOT,3,Poison,1d8+6 ,Phys,"6, 1 Target, Priority ","--"
Poison Fang,At-Will,2,Poison,2d6+10 ,Phys,"Melee, 1 Target, Bite","On a roll of 17+, Roll a d2. On a 1, the Target becomes Poisoned. On a 2, the Target becomes Wounded."
Poison Gas,EOT,6,Poison,,Status,"5, Ranged Blast 3, Hazard, Versatile","Poison Gas creates Gas Hazards within the Range of this Attack. Gas Hazards created this way also Poison Enemies that are affected by them. The Poisoned Affliction cannot be cured by Combatants standing in Gas Hazards created this way.

Gas Hazards - Any Enemy who ends their Turn on or moves through a Gas Hazard loses one Tick of Hit Points and suffers any additional effects derived from the source. This Effect is ignored by Combatants  with the Breathless Capability. "
Poison Jab,EOT,3,Poison,2d8+10 ,Phys,"Melee, 1 Target","On a roll of 15+, the Target becomes Poisoned."
Poison Powder,Scene x2,4,Poison,,Status,"6, Ranged Blast 2, Hazard, Versatile","All Targets hit by this Attack become Poisoned. Powder Hazards may then be set on the spaces in the range of this Attack until the end of the next Round. Whenever an Enemy triggers this Hazard they become Poisoned or lose a Tick of Hit Points if they're already Poisoned. 

Powder Hazard - Whenever an Enemy passes through or ends their turn on a Powder Hazard the Effect listed is applied. Users with the Breathless Capability ignore this Hazard."
Poison Sting,At-Will,3,Poison,1d8+6 ,Phys,"6, 1 Target","On a roll of 17+, the Target becomes Poisoned."
Poison Tail,EOT,3,Poison,2d6+8 ,Phys,"Melee, 1 Target","On an Even Roll, the Target becomes Poisoned. On an Odd Roll, they become Tripped."
Poisonous Wind,Scene x2,5,Poison,2d8+10 ,Spec,"8, 1 Target","On Even Rolls, all Targets become Poisoned. On Odd Rolls, all Targets become Paralyzed. Spirit Surge"
Purify,Scene x2,/,Poison,,Status,"Melee, 1 Target or Self; Healing","The Target is cured of all their Physical Afflictions. For every Affliction removed, the user restores a Tick of Hit Points."
Shell Side Arm,EOT,4,Poison,2d10+10 ,Spec,"6, 1 Target","On a roll of 17+, the Target becomes Poisoned. You may use either Attack or Special Attack as the Offensive Stat for this Attack. When calculating Damage, you may choose for the Target to apply either their Defense or Special Defense against this Attack, ignoring its Category. "
Sludge,EOT,3,Poison,2d6+8 ,Spec,"6, 1 Target","On a roll of 16+, the Target becomes Poisoned or Slowed."
Sludge Bomb,EOT,4,Poison,2d10+10 ,Spec,"8, 1 Target","On a roll of 16+, the Target becomes Poisoned. Smite"
Sludge Wave,Scene x2,6,Poison,3d8+10 ,Spec,"Burst 1 or Close Blast 2, Full Action","On a roll of 18+, all Targets become Poisoned or Slowed. Smite"
Smog,EOT,5,Poison,1d8+6 ,Spec,"Close Blast 2, Hazard","Smog may create Smoke Hazards within the Range of this Attack. If a Combatant begins or ends their turn in a Smoke Hazard created this way they become Poisoned. Spirit Surge

Smoke Hazard - Smoke Hazards break line of sight. Combatants on a Smoke Hazards are treated as Untargetable by all other Combatants that aren't in a contiguous Smoke Hazard. Combatants on a Smoke Hazard treat all Combatants that aren't in a contigous Smoke Hazard as if they were Untargetable. These Effects are ignored by Combatants with Tremorsense or Blindsense. You can still be Untargetable this way even if you were last Round."
Smog Cloud,Scene x2,/,Poison,,Status,"5, Ranged Blast 3, Hazard","Smog Cloud creates Smoke Hazards within the Range of this Attack. If a Combatant begins or ends their turn in a Smoke Hazard created this way they become Poisoned. 

Smoke Hazard - Smoke Hazards break line of sight. Combatants on a Smoke Hazards are treated as Untargetable by all other Combatants that aren't in a contiguous Smoke Hazard. Combatants on a Smoke Hazard treat all Combatants that aren't in a contigous Smoke Hazard as if they were Untargetable. These Effects are ignored by Combatants with Tremorsense or Blindsense. You can still be Untargetable this way even if you were last Round."
Sulfur Plume,EOT,6,Poison,2d8+10 ,Spec,"Burst 1 ","On a roll of 16+, all Targets become Poisoned. This Attack may also be used as a Full Action to treat its Range as Burst 2."
Toxic,Scene x2,4,Poison,,Status,"4, 1 Target, Versatile","The Target becomes Poisoned and it cannot be cured during their next Turn. Sureshot."
Toxic Mist,Scene x2,/,Poison,,Status,"Blessing, Versatile","Blessing - Any user affected by Toxic Mist may activate it as a Free Action when using a Poison Type Damaging Attack to grant it the Smite Keyword. If the Attack hits, it is also increased by one damage step. (Max 1.5x Effectiveness). Toxic Mist may be Activated 3 times and then disappears. "
Toxic Spikes,EOT,/,Poison,,Status,"6, Hazard, Swift Action","Choose 8 Spaces within the Range of this Attack to create Spike Hazards in, such that all 8 Spaces are Adjacent to at least one other Spike Hazard. Enemies that Trigger Spike Hazards created this way also become Poisoned. Poison Type Pokemon are Immune to Spike Hazards created this way and may destroy it when Moving over a Space with this Hazard.

Spike Hazards - Spaces with Spike Hazards are treated as Slow Terrain. Any Grounded Enemy that passes through a Spike Hazard loses one Tick of Hit Points and cannot gain Hit Points or Temporary Hit Points until the end of the next Round."
Toxic Threads,Scene x2,4,Poison,,Status,"6, 1 Target, Versatile","The Target becomes Slowed and Poisoned. *Grants Threaded"
Toxin Drain,Scene x2,/,Poison,,Status,"Self, Versatile","The user restores 5 Ticks of Hit Points. Additionally, the user may remove the Poisoned Affliction from any Combatant(s) within 3m of them. If they do, they gain two Ticks of Temporary Hit Points per Combatant cured this way."
Toxin Rain,Scene x2,5,Poison,,Status,"6, Ranged Blast 3, Versatile","On a hit, all Targets become Poisoned. After this Attack resolves, create a Zone within the range of this Attack. Whenever a Combatant ends their Turn in this Zone, they become Poisoned. This Zone lasts until you Faint. "
Toxin Splash,At-Will,3,Poison,1d8+6 ,Spec,"6, 1 Target","On a roll of 17+, the Target becomes Poisoned."
Venom Claw,Scene x2,4,Poison,2d6+8 ,Phys,"Melee, 1 Target","On an Even Roll, the Target becomes Poisoned. On an Odd Roll, they become Wounded."
Venom Drench,EOT,/,Poison,,Status,"Close Blast 2, Versatile","All Targets lose -2 CS in a Stat of your Choice. If they're Poisoned, they instead lose -2 CS in two stats of your choice and become Vulnerable until the end of the Round. Sureshot."
Venoshock,Scene x2,3,Poison,2d8+10 ,Spec,"6, 1 Target","If a Target hit by this Attack is Poisoned, you may cure them of the Affliction. If they are cured this way, they lose three Ticks of Hit Points."
Agility,EOT,/,Psychic,,Status,"Self, Versatile","The user gains +2 CS in Speed. Their next Dash Attack gains the Smite Keyword."
Ally Switch,Scene x2,/,Psychic,,Status,"3, 1 Target, Trigger","Ally Switch may be declared when an Enemy hits an Attack as a Standard Action + Reaction. The user chooses one willing ally within 3 meters; the Target and the user switch places. If the ally was a Target of an Attack, the user is now the Target; If the user was a Target of an Attack, the ally is now the Target. "
Amnesia,EOT,/,Psychic,,Status,"Self, Versatile","The user gains +2 CS in Special Defense and is cured of a Mental Affliction"
Barrier,Scene x2,/,Psychic,,Status,"6, Trigger, Versatile","Choose 6 Unoccupied Spaces within the Range of this Attack to create Blocking Terrain in, such that all 6 Spaces are Adjacent to at least one other Blocking Terrain. Blocking Terrain created this way is [Breakable - Fragile]. Barrier may also be used as a Standard Action + Reaction when an Enemy uses a Ranged 1-Target or Line Attack, in which you must place the Terrain in a way to block the Line of Sight for that Attack."
Calm Mind,EOT,/,Psychic,,Status,"Self, Versatile","Choose two different Effects to apply to the user: The user gains +2 CS in Special Attack. The user gains +2 CS in Special Defense. The user is cured of a Mental Affliction"
Cognition Strike,EOT,5,Psychic,1d8+8 ,Phys,"6, 1 Target","Double Strike."
Confusion,At-Will,3,Psychic,1d8+8 ,Spec,"6, 1 Target","On a roll of 19+, the Target becomes Dazed. If the Target has a Mental Affliction this has the Sureshot Keyword."
Cosmic Power,EOT,/,Psychic,,Status,"Self, Versatile","The user gains +2 CS to a Stat of their choice. If the user is in Space Terrain or Mystical Weather, they may instead choose two different Stats to gain +2 CS in."
Dream Eater,Scene x2,2,Psychic,3d8+10 ,Spec,"3, 1 Target","Dream Eater can only Target a Combatant that is Drowsy.  Drain, Sureshot."
Dream Illusion,Scene x2,/,Psychic,,Status,"4, 1 Target","Dream Illusion may only Target a Drowsy Combatant. Choose an Attack from the Target’s Attack List. The Target Pokemon then immediately uses that Attack on Target(s) of your choosing without expending frequency or their Actions. Sureshot."
Eerie Spell,EOT,4,Psychic,2d8+10 ,Spec,"6, 1 Target","If the Target has a Mental Affliction other than Disabled, they have a random Attack Disabled."
Esper Wing,EOT,5,Psychic,2d6+10 ,Spec,"Melee, Pass","The Critical Hit Range for this Attack is extended for each Positive CS in the user’s Special Attack and Special Defense Stat."
Expanding Force,Scene x2,5,Psychic,2d8+10 ,Spec,"Burst 1, Full Action, Groundsource ","If the Field is affected by an Psychic Attack or the Weather is Mystical, Expanding Force may increase its Burst Range by up to +2. Smite"
Extrasensory,EOT,2,Psychic,2d8+10 ,Spec,"3, 1 Target","Sureshot."
Force Dash,EOT,2,Psychic,2d6+8 ,Phys,"Melee, 1 Target, Dash","On a roll of 17+, the Target becomes Dazed. If the Dash Keyword is Activated, Force Dash has the Pass Keyword."
Force Punch,At-Will,3,Psychic,2d8+10 ,Phys,"Melee, 1 Target, Punch","On a roll of 17+, the Target becomes Dazed."
Future Sight,Scene x2,/,Psychic,3d12+10 ,Spec,"10, 1 Target, Priority","Future Sight must be declared as a Priority Action at the start of a Round, choosing the Target but not resolving the Attack. At the end of the Round, the Attack is resolved, even if the user is Fainted. If the Target would faint between then, this Attack does not resolve. Sureshot "
Gravity,Scene x2,5,Psychic,,Status,"Burst 3, Versatile","All Targets become Slowed. While Slowed this way, they cannot use the Flier Capability and Ground Type Immunity as a result of the Flying Type is ignored, being treated as Neutral Effectiveness instead. Friendly."
Guard Split,Scene x2,/,Psychic,,Status,"3, 1 Target","The Target's Defense and Special Defense CS are set to half their current CS Value (Rounded Down). Sureshot"
Guard Swap,Scene x2,/,Psychic,,Status,"5, 1 Target, Swift Action","The user and the Target trade CS values for the Defense Stat, and then for the Special Defense Stat. Sureshot."
Heal Block,EOT,4,Psychic,,Status,"6, 1 Target, Versatile","The Target gains a Heal Mark. Combatants with a Heal Mark cannot restore Hit Points or Temporary Hit Points from any source."
Heal Pulse,Scene x2,/,Psychic,,Status,"6m, 1 Target, Aura, Healing, Versatile","The Target restores 5 Ticks of Hit Points. If the Weather is Mystical, this may also be used as if it were Burst 1."
Heart Stamp,EOT,2,Psychic,2d6+8 ,Phys,"Melee, 1 Target","On a roll of 17+, the Target becomes Entranced. If the Target is Entranced, this has the Sureshot Keyword."
Hypnosis,Scene x2,5,Psychic,,Status,"4, 1 Target, Versatile","On a Hit, the Target becomes Drowsy. If the Target is Adjacent to the user, instead of an Accuracy Check you may perform an opposed Focus Check and if you succeed, they're hit by this Attack."
Imprison,Scene x2,/,Psychic,,Status,"3, 1 Target, Versatile","The Target becomes Trapped and Suppressed. Sureshot."
Instruct,Scene x2,/,Psychic,,Status,"Melee, 1 Target, Full Action","The Target immediately reuses the attack it performed last, ignoring frequency, as a Reaction. They may choose new Targets for the Attack. Instruct may not be used if the Target's last Attack was a Set-Up Attack, a Trigger Attack, or Instruct."
Kinesis,Scene x2,/,Psychic,,Status,"3, 1 Target, Trigger","Kinesis can only be used as a Swift Action + Reaction if the user or an Ally within 3m is about to be hit by a 1-Target Ranged Attack. The Triggering Attack receives an Accuracy Penalty equal to double your Tier Level. This may cause the Attack to miss instead. Sureshot."
Light Screen,Scene x2,/,Psychic,,Status,"Blessing, Versatile","Blessing – Any user affected by Light Screen may activate it as a Free Action when receiving Special Damage to resist the Damage one step. Light Screen may be Activated 2 times, and then disappears."
Lumina Crash,EOT,6,Psychic,2d8+10 ,Spec,"Close Blast 2","Lower the Targets’ Special Defense by -2 CS. On a hit and roll of 18+, Targets become Blinded until the end of their next Turn. Spirit Surge"
Magic Coat,Scene x2,/,Psychic,,Status,"Melee, 1 Target or Self; Coat","The Target gains a Magic Coat. Status Attacks that target Combatants with a Magic Coat suffer a -6 Penalty to Accuracy. The Magic Coat can be expended as a Reaction when hit with a Special Attack to reduce it by one damage step."
Magic Powder,Scene x2,4,Psychic,,Status,"6, Ranged Blast 2, Hazard, Versatile","All Targets hit by this Attack become have a -2 Penalty to their next Save Check.Powder Hazards may then be set on the spaces in the range of this Attack until the end of the next Round. Whenever an Enemy triggers this Hazard they get a -2 Penalty to their next Save Check. 

Powder Hazard - Whenever an Enemy passes through or ends their turn on a Powder Hazard the Effect listed is applied. Users with the Breathless Capability ignore this Hazard."
Magic Room,Scene,/,Psychic,,Status,"Field, Versatile","The area becomes Magical until you Faint. While Magical, all Save Checks suffer a -2 Modifier and whenever a Mental Affliction is gained it cannot be cured by the afflicted combatant's next Save Check."
Meditate,Scene x2,/,Psychic,,Status,"Self, Full Action, Healing; or Self, Movement Action, Healing","The user is cured of all Mental Afflictions if used as a Full Action. If used as a Movement Action the user is cured of a single Mental Affliction."
Mental Boost,Scene x2,/,Psychic,,Status,"Self, Full Action","The user gains +3 CS in Special Attack or Special Defense. This cannot be used if the user has a Mental Affliction"
Migraine,Scene,5,Psychic,3d8+10 ,Spec,"6, 1 Target","On a roll of 15+, the Target becomes Dazed. If the Target has a Mental Affliction, this Effect Range automatically Triggers. Spirit Surge."
Mind Crush,Scene x2,5,Psychic,2d8+10 ,Phys,"10, 1 Target","For every Mental Affliction the Target has, add +4 to Mind Crush's Damage Base (Max DB 20)"
Mind Flay,Scene x2,5,Psychic,3d12+10 ,Phys,"8, 1 Target","Mind Flay is a Critical Hit on a roll of 18+. This is extended by +2 if the Target has a Mental Affliction. Smite"
Miracle Eye,Scene x2,/,Psychic,,Status,"Self, Movement Action","Until the end of the user's Turn, they ignore Special Evasion and whenever they use a Psychic Attack against a Dark Type Pokemon, it is treated as Neutral Effectiveness instead of Immune."
Mirror Coat,Scene x2,/,Psychic,,Status,"6, 1 Target, Trigger","Mirror Coat can only be used as a Standard Action + Reaction whenever you’re hit with a Damaging Special Attack from an Enemy in Range. After the Triggering Attack is resolved, if the user isn’t Fainted, perform this Attack against the Triggering Enemy. The Damage Base is equal to the Triggering Attack’s DB plus double your Tier Level. Sureshot"
Mystical Overload,Scene,5,Psychic,2d6+8 ,Spec,"Burst 1, Recoil 1/2, Set-Up","Charge Effect: If the user is below 50% Hit Points or has a Mental Affliction, they gain an additional Charge Token
Resolution Effect: For each Charge Token Expended, add +1 to the Burst Range or +2 to the DB. Smite"
Power Link,EOT,/,Psychic,,Status,"2, 1 Target","Power Link can only be used as a Reaction whenever an Ally within 2m hits a Damaging Attack. You may choose to either apply your corresponding Offensive Stat towards the Damage Calculations of that Attack instead of its user or grant it a Damage Bonus equal to your Tier Value. "
Power Split,Scene x2,/,Psychic,,Status,"3, 1 Target","The Target's Attack and Special Attack CS are set to half their current CS Value (Rounded Down). Sureshot"
Power Swap,Scene x2,/,Psychic,,Status,"5, 1 Target, Swift Action","The user and the Target trade CS values for the Attack Stat, and then for the Special Attack Stat. Sureshot."
Power Trick,Scene x2,/,Psychic,,Status,"Self, Swift Action","The user's Attack stat and Defense stat or Special Attack and Special Defense are switched for the remainder of the encounter, or until the user is switched out or Fainted."
Psionic Boost,EOT,/,Psychic,,Status,"Self, Versatile","The user gains a Psionic Coat. The user may expend a Psionic Coat when successfully hitting an Psychic Damaging Attack to add its Damage Dice an extra time to the Damage Roll. This applies after any other Damage Base Modifiers such as a Critical Hit. 
Note: If the Damage Base would have the Attack be 2d6+8, this expended Coat turns it into 4d6+16. "
Psionic Bash,EOT,3,Psychic,2d10+10 ,Phys,"Melee, 1 Target, Dash","Psionic Bash may use either Attack or Special Attack as the Offensive Stat. If the Dash Keyword is Activated, this may also choose to use the higher of the the user's Defense or Special Defense as if it were the Offensive Stat. "
Psionic Surge,Scene x2,/,Psychic,,Status,"Blessing, Versatile, Weather","Blessing - Any user affected by Psionic Surge may activate it as a Free Action when using a Psychic Type Damaging Attack to grant it the Smite Keyword. If the Attack hits, it hits, it is also increased by one damage step. (Max 1.5x Effectiveness). Psionic Surge may be Activated 3 times and then disappears. While this Blessing persists, the Weather becomes Mystical."
Psybeam,At-Will,3,Psychic,2d6+10 ,Spec,"6, 1 Target","On a roll of 18+, the Target becomes Dazed. Smite"
Psy Bolt,At-Will,3,Psychic,1d8+6 ,Phys,"6, 1 Target","On a roll of 18+, the Target becomes Dazed. Smite"
Psychic,EOT,4,Psychic,2d10+10 ,Spec,"5, 1 Target","On a roll of 15+, the Target loses -2 CS in Special Defense. Slide 2. Spirit Surge. *Grants Telekinetic. "
Psychic Fangs,EOT,3,Psychic,2d10+10 ,Phys,"Melee, 1 Target, Bite","The Target cannot activate any Reactions or Blessings against this Attack."
Psychic Noise,EOT,5,Psychic,2d6+10 ,Spec,"5, 1 Target or Close Blast 2; Sonic","Until the end of their next Turn, Targets hit by this Attack cannot gain Combat Stages."
Psychic Storm,Scene x2,/,Psychic,,Status,"Field, Versatile, Weather","The Field becomes Psionic for the next 5 Rounds. While the Field is Psionic, non Psychic Type Enemies lose a Tick of Hit Points at the start of their Turn and Psychic Type Pokemon gain a Tick of Temporary Hit Points at the start of their Turn. While the Field is Psionic, the Weather becomes Mystical."
Psychic Terrain,Scene x2,/,Psychic,,Status,"Field, Versatile, Weather","The field becomes Weird for the next 5 Rounds. While the field is Weird, Priority Attacks and Reaction Attacks cannot be Triggered, and Psychic Type attacks ignore Speed Evasion. While the Field is Weird, the Weather may become Mystical."
Psycho Boost,Scene,6,Psychic,4d10+10 ,Spec,"8, Ranged Blast 3, Full Action, Reckless","After Damage Calculations, lower the Offensive Stat used for this Attack by -2 CS. Smite"
Psycho Cut,EOT,3,Psychic,2d6+10 ,Phys,"6, 1 Target","Psycho Cut is a Critical Hit on a roll of 18+."
Psycho Shift,Scene x2,/,Psychic,,Status,"6, 1 Target, Healing","The user is cured of a Status Affliction and the Target is given that Status Affliction. Psycho Shift can only be used if the Target does not have the bestowed Affliction and is not Immune to it. Sureshot."
Psycho Slash,Scene x2,6,Psychic,3d10+10 ,Phys,"Melee, Pass, Dash","Psycho Slash is a Critical Hit on a roll of 18+. If the Dash Keyword is Activated, this has the Sureshot Keyword."
Psyshock,At-Will,4,Psychic,2d8+10 ,Spec,"4, 1 Target","During Damage Calculations, Targets hit by this Attack use their Defense instead of Special Defense when subtracting from the Damage Roll. "
Psywave,EOT,5,Psychic,,Spec,"Close Blast 2 or Burst 1","X is equal to 3 + double your Tier Level. Slide 1 (Away)"
Reflect,Scene x2,/,Psychic,,Status,"Blessing, Versatile","Blessing – Any user affected by Reflect may activate it as a Free Action when receiving Physical Damage to resist the Damage one step. Reflect may be Activated 2 times, and then disappears."
Rest,Scene x2,/,Psychic,,Status,"Self, Healing","The user becomes Drowsy and is cured of all of their other Afflictions. When the Drowsy Affliction is cured, the user restores 5 Ticks of Hit Points. If the user was Drowsy for at least two of their Turns, they instead are reset to Full HP. This cannot be used if the user is Immune to the Drowsy Affliction. "
Role Play,Scene,/,Psychic,,Status,"Melee, 1 Target, Swift Action","The user loses one of their Abilities, then gains one Ability that the Target knows. Both Abilities are chosen at Random and revert when the user is recalled or faints. Boss Abilities or Innate Abilities cannot be gained or lost this way, nor can this be used if the user does not have a legal Ability to lose. Sureshot."
Skill Swap,Scene x2,5,Psychic,,Status,"Melee, 1 Target, Swift Action","When this Attack hits, choose one of your Abilities to lose, then the controller of the Target chooses an Ability for them to lose. Both Targets gain Ability that the other lost for the remainder of the Scene. Boss Abilities cannot be chosen via Skill Swap."
Speed Swap,Scene x2,2,Psychic,,Status,"Melee, 1 Target, Swift Action","The user and the Target trade Speed CS Values. Sureshot"
Stored Power,Scene x2,3,Psychic,1d8+6 ,Spec,"10, 1 Target, Set-Up","Charge Effect: You may lose any number of Positive CS to gain one more Charge Token per 2 CS lost this way. 
Resolution Effect: For each Charge Token expended, increase the DB of this Attack by +2 and the Crit Range by +1. Smite"
Telekinesis,Scene x2,3,Psychic,,Status,"4, 1 Target, Versatile","The AC of this Attack is increased by 3 if the Target is Weight Class 5+. The Target gains a Lifted Mark. While Lifted, they are Vulnerable and cannot move through their own Actions. As a Movement Action, Lifted Combatants can perform a Focus Check opposed by your Focus and if they win, they have the Lifted Mark removed. Each time they would fail this Check, they gain +2d6 to their next Focus Check to cure this (+2d6 then +4d6...)
*Grants Telekinetic"
Teleport,Scene x2,/,Psychic,,Status,"Self, Shield, Trigger","If the user is hit by a non Adjacent Attack, the user may use Teleport as a Standard Action + Reaction. The Triggering Attack misses the user. After this resolves, the user must Teleport to any unoccupied space within 3m. *Grants Teleporter"
Trick,Scene x2,2,Psychic,,Status,"5, 1 Target, Versatile","You may perform a Disarm, Distract, Hinder, Push or Trip Maneuver against the Target, ignoring Range, as a Free Action. The Maneuver Automatically hits and you automatically pass the Opposed Check. This cannot Target the same Enemy more than once per Scene. Sureshot."
Trick Room,Scene,/,Psychic,,Status,"Field, Versatile","For the next 3 Rounds, whenever a Combatant would gain a positive Modifier or increase CS, it becomes a Penalty instead or they lose the same amount of CS instead. If they would lose CS or gain a Penalty, it becomes a bonus instead or they gain the same amount of CS instead. "
Twin Beam,EOT,6,Psychic,1d8+8 ,Spec,"6, 2 Targets; or 6, 1 Target","Twin Beam may deal Normal Type Damage if the user wishes. If Twin Beam has 1 Target, it has the Double Strike Keyword."
Wonder Room,Scene,/,Psychic,,Status,"Field, Versatile","for the next 5 Rounds, the area is considered Wondered. While Wondered, when a combatant deals damage with an attack they may choose if that damage is Physical or Special."
Zen Headbutt,EOT,3,Psychic,2d8+10 ,Phys,"Melee, 1 Target, Dash","If the Dash Keyword is Activated, you may choose which Stat the Target applies towards calculating Damage for this Attack, between Defense or Special Defense."
Accelerock,At-Will,2,Rock,1d8+6 ,Phys,"Melee, 1 Target, Priority ","--"
Ancient Power,EOT,3,Rock,2d6+8 ,Spec,"6, 1 Target","This Attack has a +1 bonus to Accuracy for each Stat the user has Positive CS in. If the user has 3+ CS in any Stat, this may be used as if its Range were 6, Ranged Blast 2, instead."
Ancient Strike,EOT,3,Rock,2d10+10 ,Phys,"Melee, Dash, Recoil 1/3","On a roll of 19+, the user gains +1 CS in all Stats. When the Dash Keyword is Activated, this Effect Range is increased by +3. Smite"
Crystal Cyclone,Scene x2,6,Rock,3d8+10 ,Spec,"8, Ranged Blast 3, Full Action","After this Attack resolves, create a Zone within the Range of this Attack. Enemies are Vulnerable against Rock Type Attacks while they’re within this Zone. Unless the Weather is Sandstorm, the Zone lasts until you use a Reaction, use an Attack or Faint. Spirit Surge"
Crystal Daggers,EOT,6,Rock,1d8+8 ,Spec,"6, 1 Target; or 6, 2 Targets","If this Attack only has one Target, it has the Double Strike Keyword. "
Crystal Prison,Scene x2,4,Rock,3d8+10 ,Spec,"3, 1 Target","The Target becomes Trapped. You may destroy two Stealth Rock Hazards within 5m of the Target to make this Attack gain the Spirit Surge Keyword. Smite"
Crystal Rupture,EOT,5,Rock,2d6+8 ,Spec,"Burst 1, Groundsource","If the Target is on a Hazard or Rough Terrain, Crystal Rupture has the Sureshot Keyword."
Crystalize,EOT,/,Rock,,Status,"Self or Melee, 1 Target; Versatile","The Target gains +2 CS in Defense. The Target also gains DR equal to your Tick Value until the end of your next Turn."
Diamond Dust,Scene x2,/,Rock,,Status,"Blessing, Versatile, Weather","Blessing - Any user affected by Diamond Dust may activate it as a Free Action when using a Rock Type Damaging Attack to grant it the Smite Keyword. If the Attack hits, it hits, it is also increased by one damage step. (Max 1.5x Effectiveness). Diamond Dust may be Activated 3 times and then disappears. While this Blessing persists, the Weather becomes Sandstorm."
Fossilize,Scene x2,/,Rock,,Status,"Melee, 1 Target, Versatile, Coat","The Target gains a Fossilized Coat. While affected by a Fossilzed Coat, the affected Ally may use the user's Defense Stat when calculating Damage or Evasion against Physical Attacks. As a Reaction, you may reduce the damage effectiveness of a Physical Attack by one step, then after the Attack resolves, the Fossilized Coat is expended. "
Geode Beam,EOT,4,Rock,2d10+10 ,Spec,"6, 1 Target","On a roll of 18+, the Target becomes Wounded. Smite"
Gleaming Ore,EOT,6,Rock,2d8+10 ,Spec,"Close Blast 2","If the Weather is Sandstorm or on a Miss, the Target has a -2 Penalty to Accuracy until the end of their next Turn. Spirit Surge"
Head Smash,Scene,5,Rock,4d10+20 ,Phys,"Melee, 1 Target, Full Action, Dash, Recoil 1/3","If the Dash Keyword is Activated, the Target cannot apply Physical Evasion against this Attack. Slide 3 (Away)."
Meteor Beam,Scene,5,Rock,3d8+10 ,Spec,"8, Ranged Blast X, Set-Up","Charge Effect: If the Weather is Rainy, you cannot use this Charge Effect. If the Weather is Sandstorm, you instead gain 2 Charge Tokens. 
Resolution Effect: X is equal to 1 plus the number of Charge Tokens you expend. Smite"
Meteor Shower,Scene x2,6,Rock,3d8+10 ,Spec,"8, Ranged Blast 3, Full Action","After the Attack's Resolution, you may create a 3x3 Zone in the Range of the Attack. At the end of each subsequent Round, you must use Meteor Shower against all Combatants in this Zone as a Free Action, but they resist it an additional damage step. You may remove the Zone as a Swift Action. Spirit Surge. Smite"
Power Gem,At-Will,4,Rock,2d8+10 ,Spec,"6, 1 Target","If the Weather is Sandstorm, this ignores Special Evasion."
Rock Blast,EOT,5,Rock,1d8+6 ,Phys,"6, 1 Target","If Rock Blast hits at least 4 times, the Target becomes Wounded. Five Strike"
Rock Polish,EOT,/,Rock,,Status,"Self, Versatile","Choose two different Effects to apply to the user: The user gains +2 CS in Defense. The user gains +2 CS in Speed. The user is cured of a Physical Affliction."
Rock Slide,Scene x2,6,Rock,2d8+10 ,Phys,"6, Ranged Blast 3, Full Action","If the user is in Mountain or Cave Terrain, Rock Slide has the Sureshot Keyword. Smite"
Rock Throw,At-Will,3,Rock,1d8+8 ,Phys,"6, 1 Target","Smite"
Rock Tomb,EOT,3,Rock,2d6+10 ,Phys,"6, 1 Target","The user may choose up to 3 unoccupied spaces adjacent to the Target to create [Breakable - Fragile] Blocking Terrain in. Spirit Surge"
Rock Wrecker,Scene,5,Rock,4d10+20 ,Phys,"4, 1 Target, Full Action","Rock Wrecker cannot be resisted outside of the Smite Keyword. If the Target is Small, this has the Sureshot Keyword. Unstoppable. Smite"
Rollout,At-Will,5,Rock,1d8+8 ,Phys,"Melee, Pass, Dash","The user gains 2 Rolled Counters. The user has a bonus to Damage Base for their Dash Attacks equal to their Rolled Counters. While they have Rolled Counters, they do not trigger Attacks of Opportunity when moving. The user loses all Rolled Counters if they miss a Dash Attack. Spirit Surge."
Sandstorm,Scene x2,/,Rock,,Status,"Field, Versatile, Weather","The Field becomes Sandstorming for the next 5 Rounds. While the Field is Sandstorming, non Ground or Rock Type Enemies lose a Tick of Hit Points at the start of their Turn and Ground and Rock Type Pokemon gain a Tick of Temporary Hit Points at the start of their Turn. While the Field is Sandstorming, the Weather becomes Sandstorm."
Salt Cure,Scene x2,3,Rock,2d6+10 ,Phys,"3, 1 Target","On a roll of 17+, the Target becomes Wounded. If the Target is Steel or Water Type, this Effect Range automatically triggers."
Smack Down,Scene x2,3,Rock,2d6+10 ,Phys,"8, 1 Target","The Target loses the Flier Capability until the end of the Scene and is no longer Immune to Ground Type Attacks if applicable (Becoming Neutral Effectiveness). These Effects can be removed by the Target if they use both a Swift and Movement Action. On a roll of 16+, the Target becomes Tripped. Spirit Surge"
Stealth Rock,Scene x2,/,Rock,,Status,"6, Hazard, Swift Action","Choose 6 Spaces within the Range of this Attack to create Stealth Rock Hazards in, such that all 6 Spaces are Adjacent to at least one other Stealth Rock Hazard.

Stealth Rock Hazard - Spaces with Stealth Rock Hazards are treated as Rough Terrain. Any Enemy that would move through a space this Hazard occupies or is adjacent to loses a Tick of Hit Points, then this Hazard is destroyed. If the Triggering Enemy would be Weak to Rock Type Attacks, they lose Two Ticks."
Stone Axe,Scene x2,6,Rock,2d8+10 ,Phys,"Line 4 ","On an Even Roll, all Targets become Vulnerable until the end of the next Round. On an Odd Roll, all Targets become Wounded. Smite"
Stone Edge,EOT,4,Rock,3d8+10 ,Phys,"8, 1 Target ","Stone Edge is a Critical Hit on a roll of 17+. Smite"
Stone Pillar,Scene x2,6,Rock,2d10+10 ,Phys,"4, Ranged Blast 2, Groundsource","After this Attack resolves, as a Swift Action, the user may create a [Fragile - Breakable] Blocking Terrain any number of spaces within this Range. Slide 2, Smite. Spirit Surge. *Grants Groundshaper"
Stygian Stone,At-Will,3,Rock,1d8+6 ,Spec,"4, 1 Target","On a roll of 18+, the Target becomes Wounded. Smite"
Subterranean Strike,EOT,6,Rock,2d8+10 ,Phys,"3, 2 Targets, Full Action, Groundsource ","When using this Attack, you may use a Movement Action to treat this as having the Sureshot Keyword. *Grants Burrower"
Tar Blast,Scene,6,Rock,3d8+10 ,Spec,"8, 1 Target or Close Blast 2","All Targets gain a Tar Coat. A Tar Coat is automatically expended upon being hit with a Fire Type attack in order to increase it by one damage step. (Max 1.5x Effectiveness) Spirit Surge."
Tar Shot,Scene x2,5,Rock,,Status,"Close Blast 3, Versatile","All Targets gain a Tar Coat. While a Combatant has a Tar Coat, they are Slowed. A Tar Coat is automatically expended upon being hit with a Fire Type attack in order to increase it by one damage step. (Max 1.5x Effectiveness)"
Terra Burst,Scene x2,6,Rock,2d6+10 ,Phys,"Burst 2, Full Action, Groundsource","After Terra Burst is resolved, you may place 4 Stealth Rock Hazards on any unoccupied space within the range of this Attack. This effect can only occur once per Scene. Spirit Surge.

Stealth Rock Hazard - Spaces with Stealth Rock Hazards are treated as Rough Terrain. Any Enemy that would move through or move within 1m of this Hazard loses a Tick of Hit Points, then this Hazard is destroyed. If the Triggering Enemy would be Weak to Rock Type Attacks, they lose Two Ticks."
Terra Charge,At-Will,2,Rock,1d8+6 ,Phys,"Melee, 1 Target, Dash","If the Dash Keyword is Activated, this Attack has the Smite Keyword. Slide 2 (Away)."
Wide Guard,Scene x2,/,Rock,,Status,"Burst 1, Shield, Trigger","If an Ally adjacent to the user is hit by a Physical Attack, you may use Wide Guard as a Reaction. All Targets adjacent to Wide Guard’s user, may use the user's Defense when resolving Damage Calculations."
Anchor Shot,EOT,3,Steel,2d8+10 ,Phys,"Melee, 1 Target","The Target becomes Trapped. Spirit Surge"
Alloy Beam,At-Will,3,Steel,1d8+6 ,Spec,"4, 1 Target","The user may also use their Attack Stat as if it were the Offensive Stat when resolving this Attack."
Autotomize,EOT,/,Steel,,Status,"Self, Swift Action","Choose two Stats other than HP. One of the chosen Stats is lowered to +0 CS, then the other chosen Stat gains CS equal to the amount of CS lowered this way. The user’s Weight Class is lowered to 1 for the rest of the Scene."
Bullet Punch,At-Will,2,Steel,1d8+6 ,Phys,"Melee, 1 Target, Priority, Punch","--"
Execution,Scene x2,3,Steel,2d6+10 ,Phys,"Melee, 1 Target","If the Target’s Hit Points are under 50% or are Wounded, Execution is automatically a Critical Hit"
Ferrous Flash,Scene x2,6,Steel,3d12+10 ,Spec,"Close Blast 2, Full Action","Ferrous Flash lowers the Accuracy of all Targets by -1."
Flash Cannon,EOT,4,Steel,2d8+10 ,Spec,"6, 1 Target, Set-Up","Charge Effect: The user may use a Movement Action as well as a Swift Action to gain 2 Charge Tokens instead. 
Resolution Effect: This Attack may ignore the Set-Up Keyword if desired and be used without expending Charge Tokens. If you expend a Charge Token when using Flash Cannon, the Range becomes Line X, where X is the number of Charge Tokens expended multiplied by 3. Smite"
Gear Grind,EOT,4,Steel,1d8+8 ,Phys,"Melee, 1 Target","Double Strike."
Gear Up,Scene x2,/,Steel,,Status,"Self, Versatile","The user may swap as many of their Stat Combat Stage Values as they wish. Then, any Stats with Negative CS are raised to its Default Value."
Gigaton Strike,EOT,7,Steel,4d10+15 ,Phys,"Close Blast 3, Full Action, Reckless","Until the end of the next Round, all Attacks against the user automatically hit and cannot be resisted by any means. Smite"
Gyro Ball,Scene x2,3,Steel,2d8+10 ,Phys,"Melee, 1 Target, Dash","If the Dash Keyword is Activated, this Attack ignores Speed Evasion."
Heavy Slam,EOT,3,Steel,1d8+6 ,Phys,"Melee, 1 Target ","For each weight class the user is above the Target, increase Heavy Slam's Damage Base by +2."
Inertial Throw,EOT,3,Steel,2d6+8 ,Spec,"6, 1 Target","The user may Slide the Target a number of Meters equal to 6 minus their Weight Class."
Iron Blade,EOT,6,Steel,2d10+10 ,Phys,"Melee, Pass, Dash","Iron Blade is a Critical Hit on a roll of 18+, or a 16+ if the Dash Keyword is Activated."
Iron Coating,Scene x2,/,Steel,,Status,"Melee, 1 Target or Self; Coat, Versatile","The Target gains an Iron Coat. While a Combatant has an Iron Coat, they gain Damage Reduction equal to your Tick Value. Whenever the Target takes damage they reduce the DR gained this way -5 after Damage Calculations. The Coat is expended when the DR gained this way goes to 0 or lower."
Iron Defense,EOT,/,Steel,,Status,"Self, Versatile","Raise the user's Defense by +2 CS and is cured of a Physical Affliction."
Iron Head,EOT,3,Steel,2d8+10 ,Phys,"Melee, 1 Target, Dash","If the Dash Keyword is Activated, they cannot apply Physical Evasion against this Attack. Smite"
Iron Jaw,EOT,3,Steel,2d8+10 ,Phys,"Melee, 1 Target, Bite","The Target loses -2 CS in Defense. On a roll of 17+, the Target becomes Wounded. Spirit Surge."
Iron Spikes,EOT,/,Steel,,Status,"6, Hazard, Swift Action","Choose 8 Spaces within the Range of this Attack to create Spike Hazards in, such that all 8 Spaces are Adjacent to at least one other Spike Hazard. Enemies that Trigger Spike Hazards created this way also become Wounded.

Spike Hazards - Spaces with Spike Hazards are treated as Slow Terrain. Any Enemy that passes through a Spike Hazard loses One Tick of Hit Points and cannot gain Hit Points or Temporary Hit Points until the end of the next Round."
Iron Tail,Scene x2,3,Steel,3d8+10 ,Phys,"Melee, 1 Target, Dash","If the Dash Keyword is Activated, the user may use their Defense as if it were the Offensive Stat for this Attack. If the user is Huge Sized, this Attack may also be used as if it were Close Blast 2. Smite"
Kinetic Strike,Scene x2,3,Steel,3d8+10 ,Phys,"Melee, 1 Target","Calculate the difference in Weight Class between the user and the Target. If the user is heavier by less than 3 WC, this has the Smite Keyword. If they're heavier by 3 or more WC, this has Sureshot and is a Critical Hit on 17+."
King's Shield,Scene,/,Steel,,Status," Self, Shield, Trigger","If the user is hit by an attack, the user may use King’s Shield as a Standard Action + Reaction. The user is instead not hit by the Attack. You do not take any damage nor are you affected by any of the Attack’s effects. In addition, if the triggering attack was Melee ranged, the attacker’s Attack is lowered by -2 CS.  "
Magnet Bomb,EOT,/,Steel,2d6+8 ,Spec,"8, 1 Target","Sureshot. *Grants Magnetic"
Magnetic Grip,Scene x2,4,Steel,2d8+10 ,Spec,"3, 1 Target","The Target becomes Trapped. On a roll of 17+, the Target becomes Slowed. If the Target has the Magnetic Capability this Effect Range is automatically triggered."
Magnetic Pulse,EOT,5,Steel,2d6+10 ,Spec,"8, 1 Target or Burst 1; Aura","All Steel Type Enemies within 3m of the Target become Slowed or Trapped. Spirit Surge. *Grants Magnetic"
Magnetic Storm,Scene x2,/,Steel,,Status,"Field, Versatile","The Field becomes Magnetic for the next 5 Rounds. While the Field is Magnetic, non Steel Type Enemies lose a Tick of Hit Points at the start of their Turn and Steel Type Pokemon gain a Tick of Temporary Hit Points at the start of their Turn."
Magnetic Surge,Scene x2,/,Steel,,Status,"Blessing, Versatile","Blessing - Any user affected by Magnetic Surge may activate it as a Free Action when using a Steel Type Damaging Attack to grant it the Smite Keyword. If the Attack hits, it hits, it is also increased by one damage step. (Max 1.5x Effectiveness). Magnetic Surge may be Activated 3 times and then disappears. "
Make It Rain,Scene,7,Steel,2d6+10 ,Spec,"7, Ranged Blast 5","Upon Declaration of this Attack, roll 3d10. For each result that is 7 or above, apply the following. 
1+ - This has the Smite Keyword
2+ - This has the Friendly Keyword
3+ - This has the Sureshot Keyword"
Metal Burst,Scene x2,/,Steel,,Phys,"Burst 1,Trigger","Metal Burst can only be used as a Standard Action + Reaction when the user is hit by a Damaging Attack. The Damage Base of this Attack is equal to the Triggering Attack. The user may use their Defense as if it were the Offensive Stat for this Attack. Sureshot"
Metal Claw,At-Will,5,Steel,1d8+6 ,Phys,"Melee, Pass","On a Roll of 18+, the Target becomes Wounded. If the Pass Keyword wasn't Activated, this has the Smite Keyword."
Metal Sound,EOT,5,Steel,,Status,"Burst 1, Sonic, Versatile","All Targets have their Special Defense lowered by -3 CS. When this Attack hits, all Targets also become Dazed. Friendly."
Metal Swipe,EOT,3,Steel,2d6+8 ,Phys,"Melee, 1 Target","If the user's Weight Class is 3 or lower, Metal Swipe has the Priority and Pass Keyword. If the user's Weight Class is 4 or higher, Metal Swipe gains the Smite Keyword and may be used as if it were Close Blast 2. "
Metallurgy,Scene x2,/,Steel,,Status,"Self, Coat, Versatile","The user gains a Metallic Coat. While the user has a Metallic Coat, they gain a Temporary Tick of Hit Points at the end of each of their turns. The Metallic Coat can be expended as a Reaction when the user is hit by a Physical Attack to resist that attack two steps further."
Meteor Mash,EOT,4,Steel,2d10+10 ,Phys,"Melee, 1 Target, Full Action, Punch","The user gains +1 CS in Attack. Spirit Surge"
Mirror Shot,EOT,5,Steel,2d6+10 ,Spec,"6, Ranged Blast 2","On a roll of 17+, all Targets lose -1 Accuracy."
Overclock,Scene x2,/,Steel,,Status,"Self, Versatile","The user becomes Suppressed. If they do, they gain +3 CS to two stats of their choice."
Plasma Beam,EOT,4,Steel,2d10+10 ,Spec,"8, 1 Target","On a roll of 18+, the Target becomes Burned or Paralyzed. Smite"
Scrap Shield,Scene x2,/,Steel,,Status,"Self, Swift Action","All Hazards within 1m of the user are destroyed, then the user gains a Scrap Coat. Whenever the user is hit by an Adjacent Enemy they may expend the Scrap Coat, then apply the effects of one of the destroyed Hazards to the Triggering Enemy. "
Shell Shelter,Scene,/,Steel,,Status,"Melee, 1 Target, Free Action","Shell Shelter must be used as a Free Action using the Intercept Maneuver on an Ally that was Adjacent to you. After the Triggering Attack Resolves, the Ally you intercepted for becomes Untargetable until you use another Action or either of you are no longer Adjacent to one another."
Shift Gear,Scene,/,Steel,,Status,"Self, Movement Action","Choose two Stats and swap their CS Value. The user becomes Slowed."
Shrapnel Shot,EOT,3,Steel,2d6+10 ,Phys,"6, 1 Target","On a roll of 15+, choose an Enemy within 2m of the Target. The chosen Enemy becomes Wounded."
Slice,At-Will,3,Steel,1d8+6 ,Phys,"Melee, 1 Target","On a roll of 18+, all Targets become Wounded. This Attack may be used as a Full Action to treat the Range as if it were Close Blast 2."
Smart Strike,EOT,/,Steel,2d6+8 ,Phys,"Melee, 1 Target","Sureshot."
Spin Out,Scene,6,Steel,4d10+10 ,Phys,"Line 8, Dash, Reckless","After this Attack resolves, the user Slides to the further unoccupied space in the Range of this Attack. If Spin Out is used through the Dash Keyword, this has the Smite Keyword. After Damage Calculations, the user becomes Slowed."
Steel Beam,Scene,6,Steel,4d10+10 ,Spec,"Close Blast 3, Full Action","After Damage Calculations, lower the Offensive Stat used for this Attack by -2 CS. Smite"
Steel Roller,Scene,7,Steel,3d12+10 ,Phys,"Melee, Pass, Dash","Steel Roller may be declared at the start of the user's Turn, but must activate the Dash Keyword to do so. If you do, any spaces you move through and all spaces adjacent to them have Hazards and Cover Terrain destroyed. Smite. Spirit Surge."
Steel Wing,EOT,6,Steel,2d8+10 ,Phys,"Melee, Pass ","The user may use their Defense as if it were the Offensive Stat for this Attack."
Aqua Cutter,EOT,3,Water,2d6+10 ,Phys,"6, 1 Target","Aqua Cutter is a Critical Hit on a roll of 18+"
Aqua Fist,Scene x2,3,Water,2d8+10 ,Phys,"Melee, 1 Target","If the Weather is Rainy, the Target cannot apply Physical Evasion against this Attack."
Aqua Infusion,Scene x2,/,Water,,Status,"6, 1 Target, Coat, Versatile","The Target gains 2 activations of a Aqua Infusion Coat. The Target can activate Aqua Infusion once per Round to cure one of their Status Afflictions, gain two Ticks of Temporary Hit Points, or reset a Stat to its Default CS Value."
Aqua Jet,At-Will,2,Water,1d8+6 ,Phys,"Melee, 1 Target, Priority","--"
Aqua Ring,Scene x2,/,Water,,Status,"4, 1 Target or Self; Coat","The Target gains an Aqua Ring Coat. Combatants affected by an Aqua Ring Coat gain a Tick of Hit Points at the start of their Turn. Aqua Ring Coats may be expended as a Swift Action to cure themselves of a Physical Affliction. "
Aqua Slap,At-Will,5,Water,1d8+6 ,Phys,"Close Blast 2","On a roll of 18+, the Target becomes Blinded until the end of their next Turn."
Aqua Step,EOT,3,Water,2d8+10 ,Phys,"Melee, 1 Target","The user may use a Disengage Maneuver as a Free Action  after resolving the Attack. If they do so, the user's Speed is increased by +1 CS"
Aqua Tail,EOT,6,Water,2d10+10 ,Phys,"Melee, Pass or Close Blast 2","If the Weather is Rainy or this Attack has one Target, this has the Smite Keyword."
Brine,EOT,4,Water,2d8+10 ,Spec,"6, 1 Target","If the Target has a Physical Affliction, they’re Vulnerable against this Attack and cannot use Reactions in response to it. "
Bubble,At-Will,3,Water,1d8+6 ,Spec,"6, 1 Target","On a roll of 16+, the Target have a -2 Accuracy Penalty to their next Attack. Smite"
Bubblebeam,At-Will,5,Water,2d6+10 ,Spec,"4, 1 Target or Line 3","On a roll of 16+, the Target have a -2 Accuracy Penalty to their next Attack. Smite"
Chilling Water,EOT,3,Water,2d6+10 ,Spec,"6, 1 Target","When calculating Weakness and Resistance for Chilling Water, Water Typed Targets calculate damage as if Water was weak to Water. On a roll of 18+, the Target becomes Chilled."
Clamp,Scene x2,2,Water,,Static,"Melee, 1 Target","The Target becomes Slowed and it cannot be cured other than thorugh this Effect. While Slowed this way, the user is Provoked by the Target and whenever the Target moves, the user Slides into an adjacent space. If the user is in a space that isn't adjacent to the Target, the Target becomes cured of the Slowed Affliction. "
Crabhammer,Scene x2,3,Water,3d10+10 ,Phys,"Melee, 1 Target, Recoil 1/3, Reckless","If the Target is smaller than the user, this has the Sureshot Keyword."
Fishious Rend,Scene x2,3,Water,2d10+10 ,Phys,"Melee, 1 Target, Bite","Unstoppable"
Fin Swipe,EOT,5,Water,2d6+8 ,Phys,"Melee, Pass, Dash","If the Dash or Pass Keyword are Activated, this Attack ignores Speed Evasion."
Flip Turn,At-Will,2,Water,2d6+10 ,Phys,"Melee, 1 Target, Dash","After Damage Calculations, the user may Disengage as a Free Action or they may perform a Full Switch as a Free Action."
Geyser Surge,Scene x2,4,Water,3d8+10 ,Phys,"2, 1 Target","Geyser Surge Burns on a roll of 15+. This has the Sureshot Keyword against any Targets with the Flier Capability."
Hydro Cannon,Scene,7,Water,4d10+20 ,Spec,"Line 9, Full Action ","All Hazards or Cover Terrain in the Range of this Attack are destroyed. Slide 6 (Away). Smite. Spirit Surge."
Hydro Cleanse,Scene x2,/,Water,,Status,"6, 1 Target, Healing, Versatile","The Target gains Three Ticks of Hit Points and is cured of one Physical Affliction. If the Weather is Rainy, the cured Affliction may also be Mental.  "
Hydro Pump,Scene x2,6,Water,3d10+10 ,Spec,"Line 6, Full Action","Any Hazards or Cover Terrain in the range of Hydro Pump are destroyed. Slide 4 (Away). Smite. Spirit Surge"
Jet Punch,EOT,2,Water,2d6+10 ,Phys,"Melee, 1 Target, Dash, Priority  ","If the Target Attacked an Ally with a Damaging Attack since your last Turn, they cannot apply Physical Evasion against this Attack"
Life Dew,Scene x2,/,Water,,Status,"Burst 1, Healing, Versatile","The user and all allies within this Range restore Hit Points equal to your Tick Value multiplied by 3."
Liquidation,EOT,3,Water,2d10+10 ,Phys,"Melee, 1 Target","If the Weather is Rainy, the Target cannot activate any Blessings or Reactions against this Attack."
Muddy Water,EOT,6,Water,2d10+10 ,Spec,"Close Blast 2","All Hazards in the Range of this Attack are destroyed. On a roll of 16+, all Targets lose -1 Accuracy. Spirit Surge."
Octazooka,EOT,3,Water,2d6+10 ,Spec,"6, 1 Target","On a roll of 17+, the Target gains an Ink Coat. Enemies with an Ink Coat have a penalty to Accuracy equal to your Tier Level. Ink Coats may be removed as a Swift+Movement Action."
Rain Dance,Scene x2,/,Water,,Status,"Blessing, Versatile, Weather","Blessing - Any user affected by Rain Dance may activate it as a Free Action when using a Water Type Damaging Attack to grant it the Smite Keyword. If the Attack hits, it hits, it is also increased by one damage step. (Max 1.5x Effectiveness). Rain Dance may be Activated 3 times and then disappears. While this Blessing persists, the Weather becomes Rainy."
Razor Shell,EOT,3,Water,2d8+10 ,Phys,"Melee, 1 Target, Dash","On a roll of 18+, the Target becomes Wounded. If the Dash Keyword is Activated, this Effect Range is increased by +2."
Riptide,Scene,4,Water,3d10+10 ,Phys,"3, 1 Target","On a 15+ or if the Weather is Rainy, the Target becomes Slowed. Smite"
Scald,EOT,4,Water,2d8+10 ,Spec,"5, 1 Target","On a roll of 15+, the Target becomes Burned. If applicable, the user and Target are cured of the Chilled Affliction."
Slipstream,EOT,2,Water,2d6+10 ,Phys,"Melee, 1 Target, Priority  ","If the Weather is Rainy, Slipstream can be declared at the start of the user’s turn. If done this way the user does not provoke Attacks of Opportunity this round when moving to use Slipstream. "
Snipe Shot,EOT,4,Water,2d8+10 ,Spec,"10, 1 Target","Snipe Shot is a Critical Hit on a roll of 18+. If the Target is at least 6m away from you and you expend a Movement Action, this gains the Sureshot Keyword."
Soak,Scene x2,2,Water,,Status,"Close Blast 3, Coat, Versatile","All Targets gain a Saturated Coat. While Saturated, all Electric and Ice Attacks are one step more effective against them and all attacks gain a +2 to Effect Ranges for Paralyzing or Chilling the Saturated Combatant. The Coat is removed when they become Chilled, become Paralyzed or are hit by an Electric or Ice Type Damaging Attack. Sureshot."
Sparkling Aria,EOT,6,Water,2d8+10 ,Spec,"Burst 1, Sonic","Allies within the Range of this Attack do not take damage and may become cured of Burned or a Mental Affliction."
Spiral Drain,EOT,4,Water,2d6+8 ,Spec,"6, 1 Target","Drain."
Steam Blast,EOT,6,Water,2d8+10 ,Phys,"Close Blast 2","Steam Blast cannot Miss against Targets that are Burned"
Steam Cloud,EOT,/,Water,,Status,"5, Ranged Blast 3, Hazard, Versatile","Steam Cloud creates Smoke Hazards within the Range of this Attack. Smoke Hazards created this way also Burn Combatants that begin or end their Turns on them. The Burned Affliction cannot be cured by Combatants standing in Smoke Hazards created this way.

Smoke Hazard - Smoke Hazards break line of sight. Combatants on a Smoke Hazards are treated as Untargetable by all other Combatants that aren't in a contiguous Smoke Hazard. Combatants on a Smoke Hazard treat all Combatants that aren't in a contigous Smoke Hazard as if they were Untargetable. These Effects are ignored by Combatants with Tremorsense or Blindsense. You can still be Untargetable this way even if you were last Round."
Surf,EOT,6,Water,2d10+10 ,Spec,"Line 6, Full Action ","The user may Slide to any open square in Surf ’s area of effect. Spirit Surge."
Torpedo Smash,Scene x2,3,Water,2d6+8 ,Phys,"Melee, 1 Target, Dash","If the Dash Keyword is Activated, the user may add half of their Attack or Speed (Whichever isn't the Offensive Stat) as a Damage Bonus. If this is performed, the Target may add their Speed Stat to their Defense when calculating damage."
Torrential Typhoon,Scene x2,/,Water,,Status,"Field, Versatile, Weather","The Field becomes Typhooning for the next 5 Rounds. While the Field is Typhooning, non Water Type Enemies lose a Tick of Hit Points at the start of their Turn and Water Type Pokemon gain a Tick of Temporary Hit Points at the start of their Turn. While the Field is Typhooning, the Weather becomes Rainy."
Triple Dive,Scene x2,7,Water,2d8+10 ,Phys,"8, 3 Targets, Full Action, Groundsource","If you only choose 2 Targets for Triple Dive, neither Target can apply Stat Evasion against this Attack. If you only choose one Target for Triple Dive, it has the Sureshot Keyword."
Water Gun,At-Will,3,Water,1d8+6 ,Spec,"4, 1 Target; or Line 3","If this is used as a Line Attack, its AC is increased by +2"
Water Pledge,Scene x2,6,Water,2d8+10 ,Spec,"Line 3","Water Pledge heals the user a Tick of Hit Points for each Target it hit. If an Ally has used a Water Type Attack since your last turn, this Attack's range can become Close Blast 3, has the Friendly Keyword and heals all allies in its range as well."
Water Pulse,At-Will,3,Water,2d6+8 ,Spec,"8, 1 Target, Aura","On a roll of 17+, the Target becomes Dazed. If the Weather is Rainy, this may also be used as if it were Burst 1."
Water Shuriken,EOT,4,Water,1d8+6 ,Spec," 6, 1 Target, Priority ","If Water Shuriken hits at least 4 times, the Target becomes Wounded. Five Strike"
Water Sport,EOT,5,Water,,Status,"Burst 2, Coat, Versatile","All Targets in the burst gain a Saturated Coat. While Saturated, all Electric and Ice Attacks are one step more effective against them and all attacks gain a +2 to Effect Ranges for Paralyzing or Chilling the Target. The Coat is removed when they become Chilled, become Paralyzed or are hit by an Electric or Ice Type Damaging Attack. "
Water Spout,Scene,6,Water,4d10+10 ,Spec,"Burst 1","After this Attack resolves, create a 3x3 Zone centered on the user. At the end of the next Round, you must use Water Spout as a Free Action against all Combatants within this Zone. This subsequent Attack is resisted by an additional Damage Step. Spirit Surge. Smite"
Waterfall,EOT,3,Water,2d8+10 ,Phys,"Melee, 1 Target","At the start of the user's Turn they may declare the usage of Waterfall. During this Turn when moving, you ignore all Movement Penalties.  "
Wave Crash,At-Will,6,Water,2d10+10 ,Phys,"Close Blast 2, Recoil 1/4","If the Weather is Rainy, this ignores the Recoil Keyword."
Whirlpool,Scene x2,5,Water,2d6+8 ,Spec,"3, 1 Target","If the Weather is Rainy, the Target cannot use a Movement Action during their next Turn. On a 16+, the Target becomes Slowed. "
Withdraw,EOT,TBD,Water,TBD,Status,"Self, Coat, Versatile","The user gains a Withdrawn Coat. While Withdrawn, they resist all Damage by an additional step. This Coat is expended when the user uses a Standard Action. In addition, each time they're hit by an Attack, they must pass a TN 10 Save Check or else the Coat is expended."
Hidden Power Bug,EOT,5,Bug,2d6+10 ,Spec,"Burst 1","--"
Hidden Power Dark,EOT,5,Dark,2d6+10 ,Spec,"Burst 1","--"
Hidden Power Dragon,EOT,5,Dragon,2d6+10 ,Spec,"Burst 1","--"
Hidden Power Electric,EOT,5,Electric,2d6+10 ,Spec,"Burst 1","--"
Hidden Power Fairy,EOT,5,Fairy,2d6+10 ,Spec,"Burst 1","--"
Hidden Power Fighting,EOT,5,Fighting,2d6+10 ,Spec,"Burst 1","--"
Hidden Power Fire,EOT,5,Fire,2d6+10 ,Spec,"Burst 1","--"
Hidden Power Flying,EOT,5,Flying,2d6+10 ,Spec,"Burst 1","--"
Hidden Power Ghost,EOT,5,Ghost,2d6+10 ,Spec,"Burst 1","--"
Hidden Power Grass,EOT,5,Grass,2d6+10 ,Spec,"Burst 1","--"
Hidden Power Ground,EOT,5,Ground,2d6+10 ,Spec,"Burst 1","--"
Hidden Power Ice,EOT,5,Ice,2d6+10 ,Spec,"Burst 1","--"
Hidden Power Normal,EOT,5,Normal,2d6+10 ,Spec,"Burst 1","--"
Hidden Power Poison,EOT,5,Poison,2d6+10 ,Spec,"Burst 1","--"
Hidden Power Psychic,EOT,5,Psychic,2d6+10 ,Spec,"Burst 1","--"
Hidden Power Rock,EOT,5,Rock,2d6+10 ,Spec,"Burst 1","--"
Hidden Power Steel,EOT,5,Steel,2d6+10 ,Spec,"Burst 1","--"
Hidden Power Water,EOT,5,Water,2d6+10 ,Spec,"Burst 1","--"
Aerial Crash,EOT,2,,,Phys,"Melee, 1 Target","For each weight class the user is above the target, increase Aerial Crash's damage base by +2"
Aeroblast,Daily,3,Flying,3d8+10 ,Spec,"Line 6","Aeroblast is a Critical Hit on an Even-NumberedRoll."
Airborne Slam,TBD,TBD,Normal,TBD,Phys,"TBD","Slams the user, always aiming for the head. 20% chance to confuse."
Ancient Leaf,Scence x2,4,Grass,2d8+10 ,Spec,"4, 1 Target","Increase SP Def by 1 combat stage on roll of 7 , 11 , 15 or 20."
Angel Ring,Scene x2,4,Light,1d8+6 ,Spec,"3, 1 Target","The target is put in a Vortex."
Apparate,Scene x2,/,Normal,,Status,"Self, Swift Action","Apparate may be activated as a Swift Actionon the user's turn. For the rest of the turn, the user'sGhost Moves can hit andaffect normal-types.."
Aqua Bash,TBD,TBD,Water,TBD,Phys,"TBD","A mystical jab strikes the foe. 20% flinch chance."
Aqua Fang,Scene,3,Water,3d8+10 ,Phys,"Melee, 1 Target","Aqua Fang Flinches on 18+"
Archer Shot,TBD,TBD,Normal,TBD,Phys,"TBD","Shoots a dead center arrow at the target. Archer boost."
Artillerolives,EOT,3,Grass,1d8+8 ,Spec,"4, 2 Targets; or 4, 1 Target (seetext)","Once per Scene, you may createSlick Hazards in two Blasts 3, anywherewithin range. If used on only 1 target, thisMove gains the Double Strike keyword, andif Slick Hazards are created, you may createthem in a single Blast 5, centered on thetarget."
Asteroid Shot,TBD,TBD,Rock,TBD,Phys,"TBD","Launches a asteroid onto the target. Cannot miss."
Astral Assault,Scene x2,2,Psychic,3d12+10 ,Phys,"Melee, 1 Target, Dash","The user's Defense and Special Defense are eachlowered by -1 Combat Stage."
Astral Barrage,Daily,2,Ghost,3d12+10 ,Spec,"8, Ranged Blast 2, Smite, Friendly","Legal targets hit by Astral Barrage are Slowedfor one full round."
Astral Hand,TBD,TBD,Psychic,TBD,Phys,"TBD","Projects a fist to strike the foe."
Aura Force,TBD,TBD,Fighting,TBD,Phys,"TBD","Not done yet."
Aurora Pillar,Scene x2,4,Ice,2d10+10 ,Spec,"6, 1 Target","Aurora Pillar Blinds Target on 17+."
BDefiant Sting,Scene x2,2,Bug,3d12+10 ,Phys,"Melee, 1 Target, Dash, Recoil 1/3","None"
Bad Egg,TBD,TBD,Poison,TBD,Spec,"TBD","Throws an egg filled with toxins. Poisons on hit."
Baddy Bad,TBD,TBD,Dark,TBD,Spec,"TBD","Acting badly, attacks. Sets wall, lowering Attack damage."
Banished Power,TBD,TBD,Dark,TBD,USE_HIGHEST_OFFENSE,"TBD","Strikes with a forbidden power that empowers the user."
Barrier Bash,EOT,4,Light,,,"Melee, 1 Target, Push 2 meters","User rams the opponent with a field of energy, pushing them 2 meters away. The next"
Battering Ram,TBD,TBD,Dragon,TBD,Phys,"TBD","Charges its whole body forwards with the force of a hammer."
Beam Spam,Scene x2,4,Light,,,"6, 1 Target","This move does damage over time like a vortex effect without trapping. (to escape the"
Beatdown,TBD,TBD,Dark,TBD,Phys,"TBD","Hits 2-5 times with an attack flurry."
Beckon,Scene x2,2,Ghost,3d12+10 ,Phys,"7, 1 Target, Sonic","The target immediately Shiftstowards the user, forfeiting their next ShiftAction. This movement does not provokeAttacks of Opportunity. On 17+, the targetadditionally is Trapped."
Beetle Bash,TBD,TBD,Bug,TBD,Phys,"TBD","Attacks with a beetle-like hammer. May confuse."
Beetle Bomb,Scene x2,4,Bug,3d10+10 ,Spec,"6, 1 Target, Smite","Beetle Bomb burns or Poisons the target on 18+."
Behemoth Bash,Scene x2,2,Steel,3d8+10 ,Phys,"Melee, 1 Target","The DB of Behemoth Bash increases by +2 foreach positive CS the target has, to a maximum of DB20."
Behemoth Blade,TBD,TBD,Steel,TBD,Phys,"TBD","Strikes as a sword. It deals 2x damage to Dynamaxed foes."
Berry Smash,TBD,TBD,Grass,TBD,Phys,"TBD","Deals damage. User eats their berry."
Berserker Horn,TBD,TBD,Fighting,TBD,Phys,"TBD","Spins its body like a drill. High critical-hit ratio."
Bewitch,Scene x2,5,Fairy,,Status,"6, 1 Target","Effect:The target receives a random status affliction, Roll a 6 Die.1:Burned:2:Frozen3:Paralysis:4:Sleep5:Freez:"
Big Bang,TBD,TBD,Normal,TBD,Spec,"TBD","Does Damage. Small burn chance."
Bitter Malice,At-Will,2,Ghost,2d6+8 ,Spec,"6, 1 Target","Legal targets hit by Bitter Malice are Stuck andTrapped until the end of their next turn on a 19+.Once a Scene, if Bitter Malice's target has a StatusCondition, you may have Bitter Malice's Damage Basebe 12 instead (3d12+10 / 30)."
Black Magic,TBD,TBD,Dark,TBD,USE_HIGHEST_OFFENSE,"TBD","Not done yet."
Blazing Arrow,TBD,TBD,Fire,TBD,Phys,"TBD","Not done yet."
Blazing Bone,TBD,TBD,Fire,TBD,Phys,"TBD","Hits 2-5 times. +1 priority."
Blazing torque,EOT,2,Fire,3d8+10 ,Phys,"Melee, 1 Targete are each lowered by -1 Combat Stage.ains HP equal to half of the damage they dealtt Stage.",""
Bleakwind Storm,Scene,5,Flying,3d8+10 ,Spec,"6, Ranged Blast 3, Smite","The target is Flinched on a 15+ and Frozen ona 19+."
Blinding Slash,EOT,2,Light,,,"Melee","Blinds Target on a 17+ ."
Blood Shot,TBD,TBD,Dark,TBD,STATUS,"TBD","Not done yet."
Blue Flare,Scene x2,5,Fire,4d10+10 ,Spec,"10, 1 Target, Smite","Blue Flare Burns the target on 17+."
Blue Moon,TBD,TBD,Ice,TBD,Spec,"TBD","The user unleashes the spirit from a full blue moon."
Boiling Flame,TBD,TBD,Fire,TBD,Spec,"TBD","Deals damage. Does increase damage in rain."
Bolt Strike,Scene x2,5,Electric,4d10+10 ,Phys,"10, 1 Target, Smite","Bolt Strike Paralyzes the target on 17+."
Bonk,TBD,TBD,Fairy,TBD,Phys,"TBD","Strikes the foe on the head, possibly causing drowsiness."
Boulder Bash,EOT,3,,,Phys,"5, 1 Target","Boulder Bash has a chance to flinch the target on 18+"
Bouncy Bubble,TBD,TBD,Water,TBD,Spec,"TBD","An attack that absorbs all the damage inflicted."
Bramble Blast,TBD,TBD,Grass,TBD,Phys,"TBD","30% chance to apply leech seed. Archer boost."
Bravado,TBD,TBD,Normal,TBD,Spec,"TBD","Doubles damage if burned, paralyzed, or poisoned."
Break Dance,EOT,/,Fighting,,Phys,"","Break Dance raises user speed on 17+"
Bright Bolt,EOT,2,Light,,,"4, 1 Target","Bright bold blinds the target on 19+."
Bright Punch,Scence x2,2,Light,,,"Melee, 1 Target","When calculating damage, the target subtracts their Special Defense instead of their"
Brutal Beatdwon,EOT,2,Dark,2d6+8 ,Phys,"","Burst 1"
Bubble Beam,At-Will,2,Water,3d6+10 ,Spec,"4, 1 Target","Bubble Beam lowers the target's Speed on 18+."
Burning Bulwark,TBD,TBD,Fire,TBD,STATUS,"TBD","The user's intensely hot fur protects from attacks."
Burning Knee,Scene x2,2,Fire,2d10+10 ,Phys,"Burst 1, Spirit Surge","Flinch target on 12 or 14 , burn target on 18+"
Burning Thunder,Scene x2,2,Electric,2d8+10 ,Spec,"5, 1 Target","Burning Thundeer Burns the target on 15+."
Burst Light,EOT,2,Light,,,"Burst 2","Blind the target on roll 19+"
Butterfly Knife,At-Will,3,Fairy,1d8+6 ,Phys,"Melee, 1 Target","If Butterfly Knife is used successfully andconsecutively on the same target, the Damage Base isincreased by +4 to a maximum of 16. For example, thefirst hit would have a DB of 4; the second hit a DB of 8;the third hit a DB of 12; the fourth and further hits a DBof 16. If Butterfly Knife misses or fails to damage its target,its Damage Base resets."
Buzzing Kick,EOT,/,Bug,,Phys,"","Buzzing Kick dmage base is increased by 2 for every Beast Boost activation of the user or allies during theScene."
Buzzy Buzz,TBD,TBD,Electric,TBD,Spec,"TBD","Shoots a jolt of electricity that always paralyzes."
Caltrops,TBD,TBD,Steel,TBD,STATUS,"TBD","Spreads dangerous spikes that inflict bleeding."
Ceaseless Edge,Scene x2,4,Dark,2d6+10 ,Phys,"Melee, 1 Target","The target is put in a Vortex. Ceaseless Edge isa Critical Hit on a 19+."
Celebrate,TBD,TBD,Normal,TBD,STATUS,"TBD","Congratulates you on your special day."
Cement Throw,EOT,3,Rock,2d6+10 ,Phys,"4, 1 Target","Cement Throw lowers Target speed by 1 CS on 17+. If used on rainy weather Cement throw lowers Target'sSpeed on hit and if Used on a Sunny weather Damage Base is increased by 3."
Cheap Shot,TBD,TBD,Dark,TBD,Phys,"TBD","The user sneaks into the shadows, then attacks."
Chilly Reception,At-Will,/,Ice,,Status,"Field","The weather is changed to Snowy for 5 tuin the same turn. A new pokémon may immediatTrapped user be recalled."
Chomp,EOT,2,,2d10+10 ,Phys,"Melee , 1 target , Priority","None"
Clay Dart,TBD,TBD,Ground,TBD,Phys,"TBD","Not done yet."
Clayball,At-Will,3,Ground,1d8+6 ,Spec,"4, 1 Target, Dash Push","The user may push the target up to2 meters away."
Clear Skies,TBD,TBD,Normal,TBD,STATUS,"TBD","Clears the weather and prevents new weather."
Cleasing Light,Scene x2,/,Light,,Status,"","The Combat Stages of the user and all Pokémon and Trainers in the encounter are set totheirdefault state (usually 0)."
Collision Course,Scene x2,2,Fighting,3d8+10 ,Phys,"Melee, 1 Target, Dash, Pass",""
Combat Torque,EOT,2,Fighting,3d8+10 ,Phys,"Melee, 1 Target",""
Comeuppance,Scene,/,Dark,,Phys,"Burst 2","Comeuppance causes all targets in the buof direct Damage the user has taken since the bemiss."
Coming of Light,Scence,6,Light,,,"8 range, Blast","Coming of light blinds the target on a 16+"
Conversion 2,TBD,TBD,Normal,TBD,STATUS,"TBD","Boosts SpAtk and Speed and changes type."
Conversion2,At-Will,/,Normal,,Status,"Self","The user becomes the elemental Type of theirchoice as long as the Type resists the elemental Type ofthe Move it last took damage from until the end of theencounter. Replace all other Types."
Core Enforcer,Daily x2,2,Dragon,3d8+10 ,Spec,"6, Ranged Blast 3, Spirit Surge","Each target has its Ability disabled until theend of the encounter. If a target has more than oneAbility, you choose one of them to disable."
Corona,Daily x1,/,Light,,StatusDamage Base,"","Corona cannot miss. All targets, including"
Corrode,EOT,2,Poison,,Spec,"+6, 1 Target","When calculating Weakness and Resistance"
Cosmic Contagion,Daily x2,/,Poison,,Spec,"","Effect:Choose Either Poison or Rock this move does damage of the choosen type Additionally:If Poison Type is Choosen Set a layer of toxic Spikes arround the target:"
Court Change,Daily,/,Normal,,Status,"Field","All Blessings and Hazards swap which side thatthey belong to."
Crackle Slam,TBD,TBD,Electric,TBD,Phys,"TBD","Strikes with a conductive hammer. Super-effective vs Steel."
Creeping Thorns,TBD,TBD,Grass,TBD,STATUS,"TBD","Thorns surround the foe. Hurts foes on switch in."
Crimson Glow,EOT,/,Light,,Status,"","Raise the user's Special Attack 2 Combat Stage."
Crush,At-Will,2,Fairy,2d6+10 ,Phys,"Melee, 1 Target","Crunch infatuates the target on 17+"
Crush Grip,Scene,2,Normal,3d12+10 ,Phys,"Melee, 1 Target","For every 10% the target is below their full HitPoints, Crush Grip's Damage Base is reduced by 1."
Cupid Shot,TBD,TBD,Fairy,TBD,Phys,"TBD","Not done yet."
Cursed Flare,EOT,4,Fire,2d8+10 ,Spec,"6, 1 Target","On 17+ , Cursed flare disables one move from opponent for 3 turns."
Cutsie Slap,TBD,TBD,Fairy,TBD,Phys,"TBD","Slaps the foe cutely. May cause infatuation."
Dark Slumber,EOT,2,Dark,2d6+8 ,Spec,"5, 1 Target","Dark slumber makes the target fall asleep on 16+."
Dark Void,EOT,10,Dark,,Status,"Melee 1","The target falls Asleep. Once per Scene, DarkVoid may be used as if its range were "Burst 5,Friendly" instead."
Dash Attack,At-Will,2,Light,,,"Melee, Dash, Priority","None"
Dazzle,Scene x2,3,Light,,,"Cone Blast 2","Dazzle blinds the target on 18+"
Deathroll,Scene,3,Water,3d8+10 ,Phys,"Melee, 1 Target","Deathroll confuses target's Defense 1 CombatStage on 18+. Deathroll also ignores opponent stat changes"
Depletion Beam,TBD,TBD,Dragon,TBD,Phys,"TBD","Attacks with metallic power. Foe's last move has 3 PP cut."
Devious Shot,TBD,TBD,Dark,TBD,Phys,"TBD","Not done yet."
Devotion Dance,Scene x2,3,Fairy,3d12+10 ,Spec,"Melee, all adjacent foes, Smite","After damage is dealt, the user becomes Enragedand Confused."
Devour,Scene x2,/,Dark,,Phys,"","After the target takes damage, the user gains HP equal to half of the damage they dealt to the target.Additionally, if the target is a Dark-type Pokémon, Devour's damage base increases by +2."
Diamond Arrow,TBD,TBD,Rock,TBD,Phys,"TBD","Not done yet."
Diamond Blade,TBD,TBD,Rock,TBD,Phys,"TBD","Not done yet."
Diamond Storm,Scene,3,Rock,3d8+10 ,Phys,"Close Blast 3, Friendly, Smite","On Even-Numbered Rolls, Diamond Stormraises the User's Defense by 1 Combat Stage."
Dig,EOT,2,Ground,2d8+10 ,Phys,"","Burst 1, Set-Up, Full Action, Groundsource"
Disorient,At-Will,2,Dark,1d8+8 ,Spec,"6, 1 Target","Disorient Confuses the target on 19+."
Distract,At Will,2,Light,,,"Melee, Dash","The target becomes Enraged."
Dive,Scene x2,2,Water,2d8+10 ,Phys,"","Burst 1, Set-Up, Full Action"
Doom Desire,Scene x2,/,Steel,4d10+15 ,Spec,"10, 1 Target","Doom Desire does nothing on the turn it is used.At the end of the user's next turn, Doom Desire hits,even if the user is no longer on the field. Doom Desirecannot miss."
Double Iron Bash,Scene x2,2,Steel,2d6+8 ,Phys,"Melee, 1 Target, Double Strike","Double Iron Bash Flinches the targets on 15+.This move is affected by Iron Fist."
Double Lariat,TBD,TBD,Fighting,TBD,Phys,"TBD","Hits both targets. Silences hit targets."
Double Shock,Daily x2,2,Electric,3d12+10 ,Phys,"Melee, 1 Target, Smite","Until the end of the encounter, the user loinstead become Normal-Type."
Doubled Edged Blade,Daily x1,/,,,Status,"","For the next 5 turns all cutting moves from user (sharpness boosted moves) gain DB+4 and recoil1/3."
Draco Jet,At-Will,2,Dragon,1d8+6 ,Phys,"Melee, 1 Target, Priority","None."
Draco Missile,TBD,TBD,Dragon,TBD,Phys,"TBD","Not done yet."
Draconic Fangs,TBD,TBD,Dragon,TBD,Phys,"TBD","Bites with draconic fangs. May cause flinching."
Dragon Ascent,Scene x2,2,Flying,3d12+10 ,Phys,"Melee, 1 Target, Dash","The user's Defense and Special Defense are eachlowered by -1 Combat Stage."
Dragon Cheer,Scene,/,Dragon,,Status,"Blessing","DBlessing - Any user affected by this"
Dragon Energy,Daily x2,2,Dragon,4d10+20 ,Spec,"Cone 3 or Line 8","For each 10% of HP the user is missing, DragonEnergy's Damage Base is reduced by 1."
Dragon Jab,TBD,TBD,Dragon,TBD,Phys,"TBD","Jabs with a horn. can bleed on hit."
Dragon's Taint,Daily x2,/,Dragon,,Spec,"","Dragon's Taint has a chance to poison the target on a roll of 14+ and on a 17+ the Target Becomes BadlyPoisoned instead. This Move is Also super effective Against Fairy & Grass Types."
Drain Brain,TBD,TBD,Psychic,TBD,STATUS,"TBD","Lowers targets SpAtk. Heals that much HP."
Dream Invasion,TBD,TBD,Normal,TBD,Phys,"TBD","Strikes through dreams, hitting sleeping foes hard."
Dynamax Cannon,Scene x2,2,Dragon,3d8+10 ,Spec,"6, 1 Target","The DB of Dynamax Cannon increases by +2 foreach positive CS the target has, to a maximum of DB20."
Earthsplitter,TBD,TBD,Steel,TBD,Phys,"TBD","A might slam that can lower defense."
Eclipse,TBD,TBD,Dark,TBD,Spec,"TBD","The darkness within erupts from the user for heavy damage."
Eerie Fog,TBD,TBD,Ghost,TBD,STATUS,"TBD","An unnatural fog descends, draining stat boosts."
Electro Drift,Scene x2,2,Electric,3d8+10 ,Spec,"Melee 1, Target, Dash, Pass",""
Enchanted Blade,EOT,/,Fairy,2d6+8 ,Phys,"Melee, 1 Target","Aerial Ace cannot miss."
Endeavor,Scene,2,Normal,,Phys,"Melee, 1 Target, Dash","The target loses a Tick of Hit Points for eachInjury the user has."
Energy Wave,TBD,TBD,Normal,TBD,Spec,"TBD","Deals damage."
Esper Waltz,TBD,TBD,Psychic,TBD,Spec,"TBD","A mesmerizing waltz that may raise Special Attack."
Eternabeam,Scene,4,Dragon,5d10+20 ,Spec,"","Line 6, Smite, Exhaust"
Eternal Light,Daily x2/em>,4,Light,,,"10, 1 Target, Exhaust, Smite","None"
Etheral Claw,EOT,2,Light,,,"Melee, 1 Target","Etheral claw is a critical on 18+"
Excalibur,Scene x2,4,Steel,,,"Melee, 1 Target","When calculating Weakness and Resistance for"
Explosion,Daily,2,Normal,6d12+60 ,Phys,"Burst 2","The user's Hit Points are set to -50% of their fullHit Point value. This Hit Point loss cannot be preventedor reduced in any way. The user's loyalty toward itstrainer may be lowered."
Fair Play,Scene x2,2,Fairy,3d8+10 ,Phys,"Melee, 1 Target","The target reveals its Special Attack stat. Whencalculating damage, add the target's Attack stat insteadof the user's Attack stat."
Fairy Powder,Scene x2,3,Fairy,1d6+3 ,Spec,"4, 1 Target","Opponent becomes confused. If move is used on sunny weather or in light terrain , Fairy Powderdamage base is 5."
Fairy Spheres,TBD,TBD,Fairy,TBD,HITS_SPDEF,"TBD","Not done yet."
Fairy Whirl,EOT,4,Fairy,2d10+10 ,Spec,"Burst 2, spirit surge","Apply confusion to target on 17+ . If target is suffering from any status condition, Fairy Whirldamage base is increased by 2"
Façade,EOT,2,Normal,2d6+10 ,Phys,"Melee, 1 Target","If the user is afflicted with a Persistent StatusAffliction, Façade's Damage Base is doubled to DB 14(4d10+15 / 40)."
Femur Breaker,TBD,TBD,Electric,TBD,Phys,"TBD","The foe is struck fearsomely on the legs. Paralyzes the target."
Fern Wall,Daily,/,Grass,,PStatus,"Self","Heal 1/4 of maximum hit points. Increase DEF and SP. DEF by 1 combat stage"
Fertile Fangs,TBD,TBD,Grass,TBD,Phys,"TBD","User inserts its ingraining fangs. May apply leech seed."
Fetch,TBD,TBD,Normal,TBD,Phys,"TBD","The user runs off the field in search of its lost item."
Fey Wild,Scene x2,2,Fairy,3d12+10 ,Phys,"Melee, 1 Target, Dash","Superpower lowers the user's Attack and Defenseby 1 Combat Stage each."
Fiery Miasma,Daily x2,2,,2d6+10 ,Spec,"","If the target is Burned, it suffers an additional1 tick of damage every turn until the end of the Scene (if the target is cured from burn or switched outthis effect stops). If the target is Poisoned, its Special Defense is loweredby 1 Combat Stages. If the target is both Burned and Poisoned, it suffers both effects Fiery Miasmadamage base is 10 instead."
Fiery Shock,At-Will,2,Fire,2d8+10 ,Spec,"4, 1 Target","When calculating damage , if target defense is lower than special defense, substracts targetdefense instead."
Fiery Wrath,EOT,2,Dark,2d10+10 ,Spec,"6, 1 Target","Fiery Wrath Flinches the target on a 17+. Onceper Scene, Fiery Wrath may instead be used as a Fire-Type Move."
Final Gambit,Scene,2,Fighting,,Spec,"Melee, 1 Target","Final Gambit lowers the user to 0 Hit Points andcauses them to Faint. Final Gambit then deals 1 point ofdamage to the target for every Hit Point lost by the user.Final Gambit does not cause items to activate."
Final Topping,Daily x2,4,Fairy,3d12+10 ,Spec,"Burst 2, Friendly","Heal all allies by 2 ticks of hit points. Alcremie Sp Atk is lowered by 2 combat stages"
Fire Breath,Daily x2,5,Fire,3d10+10 ,Spec,"6, 1 Target,","Fire Breath Burns on 18+.It May do dragon type damage instead if user wishes."
Fire Glaive,TBD,TBD,Fire,TBD,Phys,"TBD","The user strikes with a white hot horn."
Fired Up,EOT,/,Fire,,Status,"Self","Raise the user's Special Attack 1 Combat Stage and raisethe user's Speed 1 Combat Stage."
Fissure,Daily,6,Ground,,Phys,"","This Move automatically CriticallyHits targets at or below half of their Max HitPoints. After dealing damage, the targetbecomes Vulnerable for one full round."
Fists of Fury,EOT,4,Fire,1d6+5 ,Phys,"Melee,1 Target, Five Strike","Fists of fury may do Fighting-Type damages if user wishes."
Flame Slam,EOT,/,Fire,,Phys,"","Flame Slam burns the target on 18+"
Flame Tongue,TBD,TBD,Fire,TBD,Phys,"TBD","Not done yet."
Flare Gun,EOT,2,Light,,,"line 4","Blinds on 19+"
Flash Freeze,TBD,TBD,Ice,TBD,STATUS,"TBD","Not done yet."
Flash Heal,Daily x2,/,Light,,Status,"","The user and all allies in the burst regain Hit Points equal to 1/4 of their Maximum HitPoints.Can't use when Darkness weather is active"
Flash Step,At-Will,2,Light,,,"Melee, Dash","If an adjacent foe targets the user with a Damaging Attack, Flash Step may be used as an"
Fleur Cannon,Scene,4,Fairy,4d10+10 ,Spec,"Line 9, Smite","Lower the user's Special Attack 2 CombatStages after damage."
Floaty Fall,TBD,TBD,Flying,TBD,Phys,"TBD","Floats in air and dives at angle. May cause flinching."
Fluttering Chaos,Scence x2,2,Bug,2d8+10 ,Spec,"Burst 6","On 18+ , opponent is confused , on 19+ opponent receive another status determined randomly (burn,sleep,para)."
Fluttering Leaf,TBD,TBD,Grass,TBD,Phys,"TBD","Deals damage and switches."
Fly,At-Will,3,Flying,2d8+10 ,Phys,"","Melee, Dash, Set-Up"
Foam Torrent,EOT,2,Water,2d10+10 ,Spec,"4, 1 Target","Lower targets speed on 15+. Uses Physical attack for damage calculation (but still doesspecial damage.)"
Force Field,At-Will,4,Light,,,"Self, Burst","Next attack damage received by the user will be lowered by 5"
Freez Wall,Daily x1,/,Ice,,Status,"Self, Interrupt","For the next 3 turns user resist all moves one step further. Also increases user Special DefenseBy 1 CS."
Freeze Shock,Scene,4,Ice,4d10+15 ,Phys,"","10, Single Target, Set-Up, Full Action"
Freezing Glare,EOT,2,Psychic,2d10+10 ,Spec,"6, 1 Target","Freezing Glare Freezes the target on a 19+.Once per Scene, Freezing Glare may instead be usedas an Ice-Type Move."
Freezy Frost,TBD,TBD,Ice,TBD,Spec,"TBD","Crystal from cold haze hits. Eliminates all stat changes."
Frost Bolt,TBD,TBD,Ice,TBD,Phys,"TBD","Not done yet."
Frost Brand,TBD,TBD,Ice,TBD,Phys,"TBD","The foe is slashed with an icy blade. May inflict frostbite."
Frost Shroud,EOT,2,Ice,2d10+10 ,Spec,"6, 1 Target, Spirit Surge","Frost Shroud frostbites to the target on 17+."
Frostwave Aria,Daily x2,5,Ice,3d12+10 ,Spec,"Burst 6, Friendly","On a roll of 15+ user and it's allies in the area of Frostwave Aria gain blessing, that can beused once to resist an attack one step further."
Fuel Coal,EOT,/,Fire,,Status,"Self","Raise the user's Special Attack 1 Combat Stage and raise the user's Special Defense 1 CombatStag"
Fumigation Bomb,TBD,TBD,Poison,TBD,Phys,"TBD","Not done yet."
Fusion Bolt,Scene x2,2,Electric,3d8+10 ,Phys,"8, 1 Target, Smite","If Fusion Flare was used this round or last roundby any participant of the encounter, Fusion Bolt has its DB increased by +3."
Fusion Flare,Scene x2,2,Fire,3d8+10 ,Spec,"8, 1 Target, Smite","If Fusion Bolt was used this round or last roundby any participant of the encounter, Fusion Flare has itsDB increased by +3."
Gaia Growth,Daily,/,Grass,,Status,"Self","User heal ¼ of max hit points, and raises ATK and SP. ATK by 1 combat stage under the sun userraises ATK and SP. ATK by 2 combat stages instead."
Gem Missile,TBD,TBD,Rock,TBD,Spec,"TBD","+1 priority."
Geomancy,Scene,/,Fairy,,Status,"","Self, Set-Up"
Ghastly Echo,TBD,TBD,Ghost,TBD,Spec,"TBD","Deals damage and switches out, empowring the ally."
Giant Gale,TBD,TBD,Flying,TBD,Spec,"TBD","Strikes the foe with a mighty gale, but lowers Speed."
Gigaton Hammer,Scene x2,4,Steel,5d10+20 ,Phys,"Melee, 1 Target","The user becomes Vulnerable for one whole round after using Gigaton Hammer, Gigaton Hammer'sFrequency cannot be increased, and it cannot be made to be used as a Priority Move. (this move also maynot be paired with)"
Glacial Lance,Daily,2,Ice,4d10+10 ,Phys,"Line 8, Smite","Legal targets hit by Glacial Lance are Stuck andTrapped until the end of their next turn."
Glacier Crash,TBD,TBD,Ice,TBD,Phys,"TBD","Not done yet."
Gleam,At-Will,2,Light,,Status,"","A shining gleam from the user lowers the target's accuracy -2."
Gleaming Rush,Scene x2,6,Light,,,"Melee, 1 Target, Dash","Gleaming Rush Paralyzes on 18+. This move may Deal Electric damage if the user wishes."
Glimmer Wing,Scence x1,6,Light,,,"Melee, 1 Target",""
Glint,EOT,2,Steel,1d8+8 ,Spec,"5, 1 Target",""
Glitzy Glow,TBD,TBD,Psychic,TBD,Spec,"TBD","Telekinetic force that sets wall, lowering Sp. Atk damage."
Gravitational Pulse,Scene x2,2,Psychic,1d8+8 ,Spec,"6, 1 Target","Effect:Apply Gravity arround the target for X turns (X = result of 1d4+1). Gravitational Pulse Confuseson 16+ and if the target is affected by Gravitiy confusion range increased by +3.Gravity:target become grounded and negate the effect of Flying type moves..:"
Guardian Bolt,EOT,/,Electric,,Phys,"","Guardian Bolt Paralyzes on 18+ if used oon electric terrain Paralyzes on 16+ Instead."
Guardian's Grove,EOT,/,Grass,,Phys,"","Guardian's Grove lowers opponent's Speed on 18+ if used on grassy terrain lowers speed on 16+instead"
Guardian's Psyche,EOT,/,Psychic,,Spec,"","Guardian's Psyche flinches on 18+ if used in psychic Terrain flinches on 16+ instead"
Guardian's Tide,EOT,/,Water,,Spec,"","Guardian's Tide the heals the user for 1/4 of itsmaximum HP on 18+ if used in misty Terrain it heals on 16+ Instead."
Guillotine,Daily,6,Bug,,Phys,"","This Move automatically CriticallyHits targets at or below half of their Max HitPoints. After dealing damage, the targetbecomes Vulnerable for one full round."
Halo,Daily x2,/,Light,,Status,"","Apply Pallium Coat to the user for 5 turns . Pallium coat = negate secondary effect ofenemyattacks"
Happy Hour,TBD,TBD,Normal,TBD,STATUS,"TBD","Doubles the amount of Prize Money received."
Hard Press,TBD,TBD,Steel,TBD,Phys,"TBD","Crushes quicker foes, nullifying their ability."
Heal Charge,Daily x2,/,Light,,Status,"","An allies in the burst regain Hit Points equal to 1/4 of their Maximum Hit Points andincreaseits defense by 1 combat stage. Can't use when Darkness weather is active"
Heart Swap,Daily,/,Psychic,,Status,"10, 2 Targets","The targets trade Combat Stage values for eachStat."
Heaven Force,Scence x2,2,Light,,,"Melee, 1 Target, Set-Up","Effect:Resolution Effect:Heaven Force user appears adjacent to any legal target on the field,ignoringMovement Capabilities, and then uses Heaven force. Heaven force cannot be avoided byMoves with the Shield Keyword, the Dodge Ability, or similar effects, and Intercepts may not beattempted in response.:"
Heaven's Punishment,EOT,/,Light,,,"8, 1 Target","Heaven's Punishment blinds the target on 17+."
Hex Trot,TBD,TBD,Ghost,TBD,Spec,"TBD","A lively yet haunting dance that may raise Speed."
Hold Back,TBD,TBD,Fighting,TBD,Phys,"TBD","An attack that leaves the foe with at least 1 HP."
Homing Fletch,TBD,TBD,Steel,TBD,Phys,"TBD","Not done yet."
Hydro Steam,TBD,TBD,Water,TBD,Spec,"TBD","The user blasts the target with boiling-hot water."
Hyperspace Fury,Daily,2,Dark,3d8+10 ,Phys,"Burst 2","Interrupts may not be triggered againstHyperspace Fury. The user's Defense is lowered by -1Combat Stage."
Hyperspace Hole,Daily,2,Psychic,2d8+10 ,Spec,"Melee, 3 Targets","Make and resolve of Hyperspace Hole's attacksseparately. In between each attack, the user may Shiftusing their Teleporter capability, ending the Shift nextto a legal target. Interrupts may not be triggeredagainst Hyperspace Hole."
Ice Breaker,Scene x2,2,Ice,3d12+10 ,Phys,"Melee, 1 Target, Dash, Recoil 1/3","None"
Ice Burn,Scene,4,Ice,4d10+15 ,Spec,"","10, Single Target, Set-Up, Full Action"
Icicle Impale,TBD,TBD,Ice,TBD,Phys,"TBD","Jabs with a horn. May lower defense."
Infected Injection,Scene x2,3,Poison,3d8+10 ,Phys,"Melee, 1 Target","Infection Badly Poisons the target on 17+."
Infernal Parade,EOT,2,Ghost,2d6+8 ,Spec,"8, Ranged Blast 2","Legal targets hit by Infernal Parade are Burnedon a 17+.Once a Scene, if at least one of Infernal Parade'stargets has a Status Condition, you may have InfernalParade's Damage Base be 12 instead (3d12+10 / 30)."
Infinity Beam,Daily x2,4,Light,,,"8, 1 Target,","The target is blind on 15+."
Insect Impact,TBD,TBD,Bug,TBD,Phys,"TBD","A punch that may drop the target's defense stat."
Inverse Room,TBD,TBD,Psychic,TBD,STATUS,"TBD","Reverses type matchups for 5 turns."
Iron Fangs,EOT,2,Steel,2d10+10 ,Phys,"Melee, 1 Target","Effect:Effect:Light Screen,Reflect,Aurora Veil etc may not be activated inresponse to Iron Fangs.:"
Iron Maiden,Daily,6,Steel,,Phys,"","This Move automatically CriticallyHits targets at or below half of their Max HitPoints. After dealing damage, the targetbecomes Vulnerable for one full round."
Iron-Willed Edge,Scene x2,3,,,Phys,"Melee, 1 Target","Iron-Willed Edge deals damage and boosts the user's Defense by 1 Combat Stage if it successfully"
Ivy Cudgel,TBD,TBD,Grass,TBD,Phys,"TBD","Strikes the foe with an ivy-wrapped cudgel."
Jagged Fangs,EOT,3,Rock,2d6+10 ,Phys,"Melee, 1 Target","Jagged Fangs raises user's Attack on 18+"
Jagged Horns,TBD,TBD,Rock,TBD,Phys,"TBD","Not done yet."
Jagged Punch,TBD,TBD,Rock,TBD,Phys,"TBD","Not done yet."
Judgment,Daily,2,Normal,3d8+10 ,Spec,"6, Ranged Blast 3, Smite","Judgment's Type can be whatever ElementalType the user wants it to be."
Jungle Healing,Daily x2,/,Grass,,Status,"Burst 1","The user and any allies in the burst regain HitPoints equal to 1/4 of their Maximum Hit Point Value,and are cured of any Persistent or Volatile StatusConditions."
Justispear,Scene x2,/,Light,,,"Melee, 1 Target","Justispear cannot miss"
Karma,TBD,TBD,Poison,TBD,STATUS,"TBD","Raises SpAtk and SpDef. Lowers Speed."
Ki Blast,EOT,4,Fighting,3d10+10 ,Spec,"8, 1 Target, Aura","Ki Blast Crits on 17+."
Kilobite,TBD,TBD,Steel,TBD,Phys,"TBD","Rushes forward and bites the foe's weak spot."
Kinetic Barrage,TBD,TBD,Psychic,TBD,Phys,"TBD","Throws nearby objects using telekinesis. May Confuse."
Krag Cutter,Scene x2,/,Rock,,Phys,"","Crag Cutter delivers a powerful strike that boosts the user's Attack by 1 Combat Stage if itsuccessfully hits the target. Additionally, if the user's HP is below half this move Gains +2 Accuracy."
Land's Wrath,Scene x2,2,Ground,2d10+10 ,Phys,"Burst 5, Friendly, Groundsource","None."
Laser Beam,At-Will,4,Light,,,"Line 6","Laser Beam blinds target on 17+"
Laser Vision,Scence x2,2,Light,,,"5,1 Target","Laser Vision DB 8 Burns the target on 15+"
Leech Blade,TBD,TBD,Grass,TBD,Phys,"TBD","Heals 50% damage done."
Light Beam,Scence x2,6,Light,,,"Line 5","Light Beam Blinds Target on 18+"
Light Kick,EOT,4,Light,,,"Melee, Dash, 1 Target",""
Light Pulse,Scence x2,2,Light,,,"Cone 2","Light Pulse lowers target's special defense on 19+."
Light Tail,At-Will,3,Light,,,"Melee, 1 Target","Target is pushed 6 meters minus their Weight class. On 17+ , target is Blinded"
Light Up,Scene x2,2,,,Spec,"8, 1 Target","Light Up has a chance to burn the target on 17+. It may does fire Damage if the User"
Light blade,EOT,2,Light,,,"Melee, Pass","Light Blade is a critical hit on 18+"
Light of Truth,Daily x1,4,Light,,Status,"","Blinds the target"
Lightning Bullet,TBD,TBD,Electric,TBD,Phys,"TBD","Shoots a powerful energy projectile that may paralyze."
Lightning Strike,TBD,TBD,Electric,TBD,Phys,"TBD","A rapid strike with a lightning bolt, maybe raising Speed."
Lightray Pulse,EOT,2,Light,,SpecialDamage Base,"5, 1 Target","Lightray Pulse blinds on the target on 18+"
Lotus Shower,TBD,TBD,Grass,TBD,Phys,"TBD","Not done yet."
Lovely Bite,At-Will,3,Fairy,2d6+10 ,Phys,"Melee, 1 Target","Lovely Bite Infatuates the target on a roll of 18+"
Lunar Blessing,Daily,/,Psychic,,Status,"Self","The user regains hit points equal to 50% of itsHit Point total, cures all of its Status conditions, andgains +2 Evasion."
Lunar Canon,Scene x2,2,Dark,3d12+10 ,Spec,"Line 6, Set-Up","The user attacks with LunarCannon."
Lunar Dance,Daily,/,Psychic,,Status,"8, 1 Target","The user immediately Faints, lowering itsHit Points to 0. The user takes no Injuries from HitPoint Markers when using Lunar Dance. The target isimmediately cured of up to 3 injuries, healed to theirMaximum Hit Points, and has the Frequency of all Movesrestored. Lunar Dance may target a pokémon in a PokéBall. Lunar Dance does not restore the Frequency ofHealing Wish or Lunar Dance. Injuries healed throughLunar Dance count toward the total number of Injuriesthat can be healed each day, and this healing is limitedby the same."
Luster Purge,Scene x2,2,Psychic,3d8+10 ,Spec,"12, 1 Target, Spirit Surge","Luster Purge lowers the target's Special Defenseby 1 Combat Stage on an Even-Numbered Roll."
Magical torque,EOT,2,Fairy,3d8+10 ,Phys,"Melee, 1 Target",""
Magma Storm,Scene,6,Fire,3d8+10 ,Spec,"6, 1 Target","The target is put in a Vortex; this effect occurseven if Magma Storm misses its target."
Malignant Chain,TBD,TBD,Poison,TBD,USE_HIGHEST_OFFENSE,"TBD","The user pours toxins into the target. Badly poisons the target"
Malodorant Vortex,Scene x2,4,Fire,1d8+8 ,Spec,"Range 6 , 1 target","The target is put in a Vortex and while in the vortex target get 1 AC to all it's rolls andpoison range of moves target it is increased by +2."
Medusa Ray,Daily,2,Rock,2d8+10 ,Status,"5, 1 Target","The target gains the Rock Type in addition toits other Types for 5 turns"
Megaton Hammer,TBD,TBD,Fighting,TBD,Phys,"TBD","A devistating blow delivered with a heavy weapon."
Melting Boulder,Scene x2,2,,2d8+10 ,Phys,"5, 1 Target","Melting Boulder Burns the target on 15+."
Merculight,TBD,TBD,Electric,TBD,STATUS,"TBD","Evades attacks and paralyzes the attacker."
Metal Overload,Scene x2,4,Steel,3d12+10 ,Phys,"Melee, 1 Target.","Prevents target from using the same move for the next two turn."
Metallic Melody,TBD,TBD,Steel,TBD,Spec,"TBD","Hits the body rhythmically to damage the opponent with sound."
Mighty Cleave,TBD,TBD,Rock,TBD,Phys,"TBD","Wields a light blade. Hits through protect."
Mind Break,TBD,TBD,Psychic,TBD,Phys,"TBD","20% confuse chance."
Mind Burn,EOT,2,Psychic,,Spec,"6, 1 Target","Mind Burn burns on 17+."
Mind Step,EOT,/,Psychic,2d6+8 ,Phys,"Melee, 1 Target","This Move cannot miss. Beforeattacking, the user may Teleport 4 into asquare adjacent to a foe as a Shift Action."
Mirage Slam,TBD,TBD,Psychic,TBD,Phys,"TBD","A psychedelic slam that hits again in the Future."
Mist Ball,Scene x2,2,Psychic,3d8+10 ,Spec,"12, 1 Target, Spirit Surge","Mist Ball lowers the target's Special Attack by 1Combat Stage on an Even-Numbered Roll."
Mistsplosion,TBD,TBD,Fairy,TBD,Spec,"TBD","Hit everything and faint. Powers up on Misty Terrain."
Misty Explosion,Daily,2,Fairy,3d8+10 ,Spec,"Burst 3, Friendly, Smite","The user's Hit Points are set to -50% of theirfull Hit Point value. This Hit Point loss cannot beprevented or reduced in any way. After MistyExplosion is resolved, create Misty Terrain in a Blast7, centered on the user, that lasts for 5 turns. Anycreatures in those spaces are affected as if by theField Move Misty Terrain, rather than any other FieldMove."
Molten Shield,Daily x1,/,,,Status,"","The user creates a blazing shield of fire around itself. For the next 5 turns, the user isimmune to all status conditions and its Defense and Special Defense are increased by 1 Combat Stages.Additionally, any Pokémon that makes physical contact with the user must make a Save Check (DC 12). On afailure, the contacting Pokémon is burned."
Molten Strike,TBD,TBD,Fire,TBD,Phys,"TBD","Slams the foe like a molten hammer, but lowers Speed."
Moongeist Beam,Scene x2,2,Ghost,3d8+10 ,Spec,"Line 6","This Move ignores any Abilities that wouldcause it to fail or miss, such as Dodge or WonderGuard; those Abilities cannot be activated in responseto Moongeist Beam."
Morning Star,Scence x2,4,Light,,,"Close Blast 3, Smite","Morning Star Blinds Target on 18+"
Morph,Daily,/,Normal,,Status,"Self","The user uses the move Transform. Afterresolving the effects of Transform, the user copiesthe target's Type(s). If the user is now single typed, itmay either change that type, or add a second type ofits choice. If the user is now double typed, it mayremove one of those types, or change one of thosetypes. These changes last until the end of the Scene,or the user changes Types again."
Mortal Spin,At-Will,2,Poison,1d6+5 ,Phys,"Melee, 1 Target, Spirit Surge",""
Mould,EOT,2,Grass,2d6+10 ,Spec,"6, 1 Target","Once a Scene, if Mould's target has a StatusAffliction, you may have Mould's Damage Base be 13instead (4d10+10 / 35)."
Mountain Chunk,TBD,TBD,Ground,TBD,Phys,"TBD","Hurls a chunk of a mountain at the opponent. Can flinch."
Mountain Gale,EOT,5,Ice,3d8+10 ,Phys,"5, 1 Target","The target is Flinched on a 15+."
Mud Bath,EOT,2,Water,2d8+10 ,Physic,"Melee, 1 Target","After the target takes damage, the user gainsHit Points equal to half of the damage they dealt to thetarget.Muddy Water can deal ground type damage if user wishes."
Mud Slide,Scene x2,4,Rock,2d8+10 ,Phys,"6, Ranged Blast 3, Groundsource","Mudslide Flinches all Legal Targets on 17+."
Multi-Attack,Scene x2,2,Normal,3d12+10 ,Phys,"Melee, 1 Target","Multi-Attack is the same Type as the MemoryDisc, Plate, or Drive Item held."
Mystic Dance,TBD,TBD,Dragon,TBD,STATUS,"TBD","Not implemented."
Mystical Power,Scene x2,4,Psychic,2d6+10 ,Spec,"6, 2 Targets, Spirit Surge","The user receives +1 Combat Stage in theirhighest non-HP stat."
Natural Gift,Scene,2,Normal,,Phys,"6, 1 Target, Berry","Refer to the Move Keywords Berry list. NaturalGift deals damage according to the Berry list and NaturalGift's Type is also defined there. The Berry's DigestionBuff is nullified and is not used."
Nature Power,EOT,See effect,Normal,,Status,"See Effect","Nature Power uses a Move defined by theEnviron keyword."
Nature's Madness,Scene,4,Fairy,,Spec,"4, 1 Target","The target loses 1/2 of their current Hit Points."
Nocturnal Venom,EOT,3,Poison,1d6+3 ,Spec,"Range 4 , 1 target",""
Noxious torque,EOT,2,Poison,3d8+10 ,Phys,"Melee, 1 Target",""
Oblivion Wing,Daily,2,Flying,2d8+10 ,Spec,"Melee, 1 Target","The user gains Hit Points equal to OblivionWing's Damage Roll."
Occult Razor,Scene,5,Psychic,3d10+10 ,Phys,"Melee, 1 Target","This Move automatically CriticallyHits targets at or below half of their Max HitPoints. After dealing damage, the targetbecomes Suppressed for 1 full round."
One-Inch Punch,TBD,TBD,Fighting,TBD,Phys,"TBD","Picks a weak spot and then strikes with immense force."
Oni Fist,TBD,TBD,Dark,TBD,Phys,"TBD","An unavoidable punch that is thrown from shadows."
Order up,EOT,3,Dragon,2d8+10 ,Phys,"Melee, 1 Target",""
Origin Pulse,Scene x2,5,Water,3d12+10 ,Spec,"Close Blast 3, Smite","None"
Outburst,TBD,TBD,Normal,TBD,Spec,"TBD","Severe special damage but makes the user faint."
Overgrowth,EOT,/,Grass,,Status,"Self","Raise the user's Defense 1 Combat Stage andraise the user's Special Defense 1 Combat Stage."
Pebble Shower,TBD,TBD,Rock,TBD,Spec,"TBD","20% chance to flinch. Hits both targets."
Penance,Daily x1 Quick Action,/,Light,,Status,"","Apply Mirror Coat to user until the effect is fired. Mirror coat = Upon receiving adecrease statmove,decrease the attacker's stats instead of the user's"
Pestilence,Daily x2,5,Poison,3d12+10 ,Spec,"6, 1 Target, Smite","Gunk Shot Poisons the Target on 15+."
Phantom Encore,Daily,2,,,Status,"","The User Copies the target's attacking move as an interrupt. If the original move was a SpecialAttack, Phantom Encore's uses the move's damage base +5 with recoil 1/3.Aditionnally the user may choose between the original type and ghost type for the damage calculation"
Phantom Glove,TBD,TBD,Ghost,TBD,Phys,"TBD","Not done yet."
Phootnic Impact,EOT,/,Light,,,"Melee, Dash","Photonic Impact flinches on 19+"
Photon Beam,EOT,2,Light,,,"5 Line","Photon Beam lowers target's special defense on a 17+ roll."
Photon Blast,At-Will,7,Light,,,"Blast 2","Photon Blast blinds on 17+."
Photon Geyser,Scene,2,Psychic,3d8+10 ,Spec,"Burst 2","This attack uses the highest of the user'sAttack or Special Attack Stat, though it remains aSpecial Move. This Move ignores any Abilities thatwould cause it to fail or miss, such as Dodge orWonder Guard; those Abilities cannot be activated inresponse to Photon Geyser."
Photonic Bite,EOT,3,Light,,,"Melee, 1 Target","Photonic bite lowers Defense on 18+ and uses target's special defense for damage"
Photonic Rush,At-Will,2,Light,,,"Line, Dash, Recoil 1/3","None"
Pika Papow,TBD,TBD,Electric,TBD,USE_HIGHEST_OFFENSE,"TBD","A reliable and strong Electric type attack. Uses best offense."
Pillar Slam,EOT,/,Rock,,Phys,"","For each weight class the user is above the target, increase Pillar Slam's damage base by +2additionally it treats Beast boost activations as extra +1 weight class until the end of the Encounter."
Piston Punch,Daily x1,4,Steel,3d10+10 ,Phys,"Melee, 1 Target, Dash, Priority","None"
Pitfall,TBD,TBD,Ground,TBD,Phys,"TBD","An overhead strike that attempts to bury the opponent."
Pixie Beam,TBD,TBD,Fairy,TBD,Spec,"TBD","A powerfull magic beam 30% chance to drop user SpAtk."
Pixie Flurry,Scene x2,/,Fairy,,Phys,"","None"
Pixie Slash,TBD,TBD,Fairy,TBD,Phys,"TBD","The foe is slashed with a whimsical blade. High Crit ratio."
Plasma Charge,Scence x1,2,Light,,,"Melee, 1 Target, Dash","Plasma Charge blinds target on 18+."
Plasma Pulse,TBD,TBD,Electric,TBD,Spec,"TBD","Double damage to foes with status problems."
Popping Mayhem,TBD,TBD,Fire,TBD,Phys,"TBD","Hits 2-5 times and can burn."
Pounce,EOT,2,Bug,1d8+8 ,Phys,"Melee, 1 Target","The target's Speed is lowered by -1 CS."
Power Shift,Scene,/,Normal,,Status,"Self","The user's Attack stat and Defense stat areswitched and the user's Special Attack stat andSpecial Defense stat are switched. These changes lastfor the remainder of the scene, or until the user isswitched out or Fainted."
Precipice Blades,Scene x2,5,Ground,3d12+10 ,Phys,"Burst 1, Smite","None."
Pressure Wash,EOT,/,Water,,Spec,"","Pressure Wash crits on 17+"
Primal Beam,TBD,TBD,Dragon,TBD,Phys,"TBD","An strange beam that uses the user's Attack, may rise it."
Primitive Strike,TBD,TBD,Ground,TBD,Phys,"TBD","A slow but mighty strike from the ancient past."
Prismatic Laser,Daily x2,4,Psychic,5d10+20 ,Spec,"","Line 8, Smite, Exhaust"
Psionic Gale,At-Will,3,Psychic,3d8+10 ,Phys,"4, 1 Target","Psionic Gale is a crit on a roll of 16+"
Psy Kick,At-Will,3,Psychic,1d6+5 ,Phys,"Melee, 1 Target, Double Strike","None"
Psyblade,EOT,2,Psychic,2d8+10 ,Phys,"Melee, 1 Target, Slice",""
Psychedelic Slumber,Scene x2,2,Psychic,2d10+10 ,Spec,"Burst 3","Target falls asleep on 18+. If opponent is asleep , deal twice the damage."
Psycho Copy,Daily,/,Psychic,,Status,"Self, Interrupt","If the user is hit by a move , the user may use Psycho Copy. Interrupt the target move, and usethe same move on the user."
Psychokinetic Slam,TBD,TBD,Psychic,TBD,Phys,"TBD","Deals damage. 33% recoil damage."
Psyshield Bash,EOT,4,Psychic,2d6+10 ,Phys,"Melee, 1 Target","The user gains +5 DR for one full round."
Psystrike,EOT,2,Psychic,3d8+10 ,Spec,"4, 1 Target","When calculating damage, the target subtractstheir Defense from Psystrike's damage instead of theirSpecial Defense. Psystrike is still otherwise Special(Special Evasion is used to avoid it, Mirror Coat canreflect it, etc.)"
Pyro Technics,EOT,2,Fire,2d10+10 ,Spec,"6, 1 Target, Smite","On 18+ , lowers target accuracy by 1 combat Stage."
Quad Punch,At-Will,4,Fighting,1d6+5 ,Phys,"Melee, 1 Target, Four Strike","May hit up to four times.Can Select different targets as long as they are in Attack Range."
Quick Leaf Cutter,EOT,2,Grass,2d6+10 ,Phys,"Melee , 1 target , Priority","None"
Quicksilver,At-Will,2,Steel,1d6+5 ,Spec,"4, 1 Target, Priority, Aura","Quicksilver poisons the target on 18+"
Raampage,Scene x2,3,Dark,3d12+10 ,Phys,"Melee, all adjacent foes, Smite","After damage is dealt, the user becomes Enragedand Confused."
Radiant Burst,EOT,2,Light,,,"All Cardinally Adjacent Target","Blinds Target on 18+."
Radiant Force,Scence x2,2,Light,,,"Burst 2, Groundsource","Under Light Terrain this move Frequency is EOT (but this move can't be used again after"
Radiant Kick,EOT,3,Light,,,"Cone","If Radiant Kick DB 13 misses, the user loses 2 point of accuracy for 2 turns. A failure"
Radiant Shield,,/,Light,,Status,"","Effect:Blessing - Any user affected by radiant shield may activate it when receiving Damage toresistthe Damage one step. Radiant shield may be activated 2 times, and then disappears.Special:radiant shield can only be used when the user is in Light field. The Blessings persist:"
Raging Fury,Scene x2,2,Fire,2d6+10 ,Spec,"Burst 1, Spirit Surge","The user becomes Enraged. Legal targetsbecome Enraged on a 16+."
Raging Souls,TBD,TBD,Ghost,TBD,Spec,"TBD","Sharply lowers user's SpAtk."
Rainbow Beam,Scence x2,4,Light,,,"Line 5","Rainbow Beam lowers target ATK by 1 CS on a roll of 17+."
Rainbow Ring,Daily x2,7,Light,,,"Melee, Multiple Targets","Create a ring of colors around the user for 1 turn. Lowers all stats on 20+."
Rapid River,TBD,TBD,Water,TBD,Phys,"TBD","Hits twice. Mega Launcher boost."
Ready or Not,TBD,TBD,Normal,TBD,Phys,"TBD","Hides on the first turn and then surprises the foe."
Redline,Scene x2,3,Dragon,2d8+10 ,Versatile (uses highet of physical/or special attack),"Melee, 1 Target, Dash, Versatile","The target may not make Attacks ofOpportunity until the end of the Round. Ifthe target has any positive Combat Stages,it loses them, and this Move is 1 step moreEffective. After attacking, the user mayMove up to their remaining Movement as aFree Action"
Relentless Clobber,TBD,TBD,Dark,TBD,Phys,"TBD","Hits 2-5 times with an attack flurry."
Relic Song,Scene,2,Normal,3d6+10 ,Spec,"Burst 3, Friendly, Sonic","All Legal Targets fall Asleep on 16+. As long asMeloetta knows Relic Song, it may change between AriaForm and Step Form as a Swift Action when using RelicSong, or as a Standard Action otherwise. Both Aria andStep Form must be statted with the same HP Stat."
Requiem,TBD,TBD,Ghost,TBD,Spec,"TBD","10% chance to curse."
Retribution,Daily x1 Quick Action,/,Light,,Status,"","Apply Diffracting coat to user for 1 turn. Diffracting coat = Any attack on user isredirectedto everyone around with double power on a accuracy check of 6+"
Revival Blessing,Daily,/,Normal,,Status,"See Effect",""
Rider Kick,TBD,TBD,Bug,TBD,Phys,"TBD","Deals damage that can't miss. Ignores target ability."
Rip and Tear,TBD,TBD,Dark,TBD,Phys,"TBD","The user tears into the foe with its fangs."
Roar of Time,Daily x2,4,Dragon,4d10+20 ,Spec,"Burst 8, Smite, Exhaust","All legal targets are Slowed, even if the attackmisses."
Rock Recover,Daily x2,/,Rock,,Status,"Self","For 5 round ,each round user recover 1/3 of all damage received during the previous round.Increase user defence by 1 combat stage."
Rocket Shot,TBD,TBD,Steel,TBD,Phys,"TBD","Not done yet."
Ruination,Scene,4,Dark,,Spec,"4, 1 Target","The target loses 1/2 of their current Hit Po"
Sacred Aqua Veil,Daily x2,/,Water,,Status,"Self","The user summons a sacred veil of pure water that covers the User . This moveremoves all status conditions from the user for 5 turns. During this period the user resistsFire & Dark Types moves one step further. Additionally, for the fullduration of the veil user crit range increased by +2."
Sacred Fire,EOT,3,Fire,3d8+10 ,Phys,"6, 1 Target","Sacred Fire Burns the target on Even-NumberedRolls."
Sacred Light,2x Daily,/,Light,,Status,"","The user and all allies in the burst regain Hit Points equal to 1/2 of their Maximum HitPoints and heal all statues. The User and allies also gain +1 accuracy bonus until the end ofthe encounter."
Sacred Thunder,Scene x2,3,Electric,3d10+10 ,Phys,"Dash, 1 Target, Smite","On 18+ target becomes paralyzed."
Safe Passage,TBD,TBD,Normal,TBD,STATUS,"TBD","Guides an ally onto the field, shielding them from harm."
Sand Shroud,Daily x1,/,,,Status,"","The user creates a dense cloud of dust and debris around itself, causing tremors that disruptopponents' accuracy. For the next 5 turns, all opposing Pokémon targeting the user have -3 Accuracy.Ifhit by an attack during the duration of the effect attacker must make a save check (12) if failedattacker is hit by Sand tomb as a quick action"
Sandsear Storm,TBD,TBD,Ground,TBD,USE_HIGHEST_OFFENSE,"TBD","Attacks with searing winds and hot sand. Sets sandstorm."
Sandstorm Sear,Scene,5,Ground,3d8+10 ,Spec,"6, Ranged Blast 3, Smite","The target is Burned on a 15+"
Sandstorm Surge,Scene x2,2,Ground,1d8+6 ,Phys,"6, 1 Target","If the weather isn't sandstorm, Summons a sandstorm for 4 rounds, if the weather is sandstormdamage base is 9 instead and the next attack the user receives is resisted one step further."
Sappy Seed,TBD,TBD,Grass,TBD,Phys,"TBD","Giant stalk scatters seeds that drain HP every turn."
Scatter Blast,TBD,TBD,Ground,TBD,Spec,"TBD","Not done yet."
Scorchng Sands,TBD,TBD,Ground,TBD,Spec,"TBD","Throws scorching sand at the target. May leave a burn."
Searing Shot,EOT,2,Fire,3d8+10 ,Spec,"Burst 1","Searing Shot Burns all targets on 15+."
Seasonal Horn,Scene x2,/,Grass,,Phys,"","Effect:Spring Form:Seasonal Strike heals the user by half of the damage dealt.:Summer Form:Seasonal Strike has a Burns on 15+.Autumn Form:Seasonal Strike raises user defense by +1 CS on 15+.:"
Second Wind,Daily,/,Fighting,,Status,"Self","Raise the user's Attack 2 Combat Stage and raisethe user's Speed 2 Combat Stage.Can Only Be used when user is under 50% hp and has at least 3 Injuries"
Secret Power,At-Will,2,Normal,2d6+10 ,Spec,"4, 1 Target, Environ","Secret Power's effect depends on Environ. SecretPower's effect activates on 17+."
Secret Sword,At-Will,2,Fighting,2d8+10 ,Spec,"Melee, 1 Target","When calculating damage, the target subtractstheir Defense from Secret Sword's damage instead oftheir Special Defense. Secret Sword is still otherwiseSpecial ( Special Evasion is used to avoid it, Mirror Coatcan reflect it, etc. )."
Sediment Smack,Sediment Smack,2,Rock,2d6+10 ,Phys,"Melee, 1 Target","None. (considered a fist move)"
Seed Flare,Scene,5,Grass,3d12+10 ,Spec,"6, Ranged Blast 3","All Legal Targets have their Special Defenselowered 1 Combat Stage."
Seed Storm,Scence x2,4,Grass,2d10+10 ,Spec,"Range 4 , 1 target","On 18+ , plant a seed into the target that steals 1 tick of hit points every turn. If weather issunny the move gain +2 AC and the seed is planted on 15+. If weather is rainy , the move cannotplant a seed but crits on 15+."
Seismic Blade,TBD,TBD,Ground,TBD,Phys,"TBD","The foe is slashed with a tectonic blade. High Crit ratio."
Seismic Fist,TBD,TBD,Ground,TBD,Phys,"TBD","A ground-breaking punch. 20% chance to drop Def."
Self-Destruct,Daily,2,Normal,6d12+35 ,Phys,"Burst 3","The user's Hit Points are set to -50% of their fullHit Point value. This Hit Point loss may not be preventedor reduced in any way. The user's loyalty toward itstrainer may be lowered."
Serpent Swipe,EOT,2,Dragon,2d8+10 ,Phys,"Line 3","Serpent Swipe Flinches on 17+."
Sever Fear,At-Will,2,Dark,2d6+8 ,Spec,"4 , 1 Target","Sever Fear flinches on 16+."
Shadow Fangs,EOT,3,Ghost,2d6+10 ,Phys,"Melee, 1 Target","Shadow Fangs curses the target on a roll of 19+"
Shadow Force,Daily x3,2,Ghost,3d12+10 ,Phys,"","Melee, 1 Target, Set-Up"
Shadow Hammer,TBD,TBD,Ghost,TBD,Phys,"TBD","The user forms a part of their body into a hammer and strikes."
Shadow Specter,Scene x2,3,Ghost,3d8+10 ,Spec,"6, 1 Target","On 13+ , target is trapped in a shadow realm, preventing him to use non damaging moves (whiletrapped cannot shift for 3 rounds) . On 19+ , target Sp. Def is lowered by 1."
Sheer Cold,Daily,6,Ice,3d12+10 ,Spec,"4, 1 Target, Execute","When calculating Weakness and Resistance forSheer Cold, Water-Typed targets calculate damage as ifWater was weak to Ice. This Move automatically CriticallyHits targets at or below half of their Max HitPoints. After dealing damage, the targetbecomes Vulnerable for one full round."
Shelter,,Scene,Steel,,Status,"Self","The user gains +1 CS in Defense and SpecialDefense, and +2 Evasion."
Shield Breaker,Scence x2,8,Light,,PhsyicalDamage Base,"Melee, 1 Target, Smite","Light Screen,Reflect,Aurora Veil etc may not be activated in"
Shimmer,2x Daily,/,Light,,Status,"","Blind the selected target by a shower of sparkles. Blind targets in the area around thetarget on17+"
Shining Comet,Scence x2,2,Light,,,"Blast 3, Set-Up","If the weather is not Shining terrain, the user's turn ends. If the weather is Shining"
Shining Fangs,At-Will,3,Light,,,"Melee, 1 Target","Light Fang blinds or Flinches on 18-19 during Accuracy Check; flip a coin to determine"
Shining Nova,EOT,2,Light,,,"8, 1 Target, Aura","Shining Nova DB 8 blinds the target on 18+"
Shining Ray,EOT,3,Light,,,"Line 5","None"
Shining Storm,EOT,2,Light,,Spec,"Burst 1, Spirit Surge","After Shining Storm Force is resolved, you maycreate Light Terrain in a Blast 7, centered on theuser, that lasts for 5 turns. Any creatures in thosespaces are affected as if by the Field Move LightTerrain, rather than any other Field Move. This Effectmay trigger only once per Scene."
Shining Terrain,Daily x2,/,Light,,Status,"","The area becomes Shining (light terrain) for 5 turns. WhileShining, all pokémon and Trainers standing on theground gain +1 accuracy,and Ghost % Dark-type attacks targeting or originating froma grounded pokémon or Trainer take a -10 Penalty toDamage Rolls."
Shocking Edge,TBD,TBD,Electric,TBD,Phys,"TBD","Not done yet."
Shocking Jab,TBD,TBD,Electric,TBD,Phys,"TBD","Not done yet."
Showtime,TBD,TBD,Psychic,TBD,STATUS,"TBD","Sets the stage with a Magic Room then bows out."
Sizzly Slide,TBD,TBD,Fire,TBD,Phys,"TBD","User cloaked in fire charges. Leaves the foe with a burn."
Skyfreeze,Scene x2,4,Ice,2d10+10 ,Spec,"6, 1 Target","On 15+ , user coats itself in a Protective Ice, healing 1 tick of hit points each turn for 5turns."
Smashin' Realities,TBD,TBD,Dark,TBD,Phys,"TBD","smashes the realities around it. Removes weather and terrain"
Smashing Pumpkins,TBD,TBD,Grass,TBD,Phys,"TBD","Smashes the foe with a seed-filled pumpkin."
Smite,At-Will,2,Light,,,"Melee, 1 Target","Once per Scene, this move gains +2 to its Damage Base for each fainted Pokemon in the"
Smolder Bash,TBD,TBD,Fire,TBD,Phys,"TBD","A scorching jab that has a 10% chance to burn."
Snowscape,Daily x2,/,Ice,,Status,"Field, Weather","The weather changes to Snowy for 5 roungain +5 Damage Reduction"
Soil Drain,TBD,TBD,Ground,TBD,Spec,"TBD","Heals 50% damage done."
Solar Blast,Scene x2,2,Light,3d12+10 ,Spec,"","Line 6, 1 Target, Set-Up"
Solar Force,Scence x2,2,Light,,,"Burst 2, Groundsource,","Damage up to Base 9 during sunny weather."
Solar Laser,Scence x2,6,Light,,,"6","Damage Base +2 Under the sun"
Solar Sword,Scence x2,4,Light,,,"Melee,1 Target","The target is burnt on 18+."
Solar Therapy,Daily x2,/,Light,,Status,"","The user regains Hit Points equal to half of its full Hit Point value. If it is Lightfield, theuser gains 2/3 of its full Hit Point value. If it is Darkness field or at night the user gains1/4 oftheir full Hit Point value"
Soothing Light,Scence x2,2,Light,,Status,"","Lowers ATK and SPD of target by 1 combat stage"
Sour Strike,At-Will,3,Grass,2d8+10 ,Phys,"Melee, 1 Target, Smite",""
Spacial Rend,Daily x2,3,Dragon,3d8+10 ,Spec,"10, 1 Target","Spacial Rend is a Critical Hit on Even-NumberedRolls."
Sparkling Barrage,TBD,TBD,Psychic,TBD,Phys,"TBD","Hits 3 Times with light rays."
Sparkling Flare,EOT,2,Light,,,"Burst 1, Spirit Surge","After Sparkling Flare has resolved, the user"
Sparkling Spin,EOT,/,Fairy,,Phys,"","Rapid Spin destroys all Hazards within 5meters, removes Leech Seeds, and removes the user'sTrapped or Stuck status."
Sparkly Swirl,TBD,TBD,Fairy,TBD,Spec,"TBD","Wrap foe with whirlwind of scent. Heals party's status."
Spatial Rupture,EOT,4,Psychic,3d8+10 ,Spec,"Range 6 , 1 target","On 17+ , user can't shift for 3 rounds"
Spectral Blade,EOT,/,Ghost,2d10+10 ,Phys,"Melee, 1 Target","Spectral Blade cannot misss."
Spectral Serenade,TBD,TBD,Ghost,TBD,USE_HIGHEST_OFFENSE,"TBD","Not Implemented."
Spectral Thief,Scene,2,Ghost,2d10+10 ,Phys,"Melee, 1 Target","Before rolling damage, transfer all CombatStages on the target to the user."
Spine Breaker,TBD,TBD,Rock,TBD,Phys,"TBD","The foe is struck fearsomely on the back. 30% chance to paralyze."
Splishy Splash,TBD,TBD,Water,TBD,Spec,"TBD","A huge electrified wave that may paralyze the foe."
Spook,At-Will,2,Ghost,1d8+6 ,Spec,"4, 1 Target","Lower the target's Special Defenseby -1 Combat Stage on 18+"
Spoon Bend,Scene x2,2,,,Spec,"8, 1 Target","Spoon Bend is super effective against Steel-types."
Springtide Storm,Scene,5,Fairy,3d8+10 ,Spec,"6, Ranged Blast 3, Smite","If the user is not in Therian Forme, the user haseach of its stats raised by +1 CS on a 16+. If the user isin Therian Form, the target has each of its statslowered by -1 CS on a 16+."
Squall Hammer,TBD,TBD,Flying,TBD,Phys,"TBD","Hammers the foe with winds that might remove hazards."
Squeaky Hammer,TBD,TBD,Fairy,TBD,Phys,"TBD","The user hits the opponent with an cute sounding attack."
Star Crash,TBD,TBD,Fairy,TBD,Phys,"TBD","33% recoil damage."
Star Daze,EOT,2,Light,,,"5m, 1 Target, Spirit Surge","After Star Daze has resolved, the user"
Starburst,TBD,TBD,Normal,TBD,Phys,"TBD","The user crashes a large star onto the opponent. May flinch."
Steam Eruption,Scene,3,Water,3d10+10 ,Spec,"Close Blast 3, Smite","Steam Eruption burns all legal targets on a 15+."
Steel Cutter,EOT,2,Steel,2d8+10 ,Phys,"Melee, 1 Target","On 17+ , Steel Cutter is a critical hit. This move Uses the highest of ATK or SP. ATK of user tocalculate damage (damage is still physical)."
Steel Surge,Scene x2,4,Steel,1d8+6 ,Phys,"4m,1 Target","Set 8 square meters of Steel Spikes within Target range,all 8 meters must be adjacent with at least one otherspace of Steel Spikes. Steel Spikes cause terrain to count as SlowTerrain, and a grounded foe that runs into the hazardswill lose a Tick of Hit Points and become Slowed untilthe end of their next turn."
Strobe,At-Will,2,Light,,,"Range 6, 1 Target","Strobe DB 5 confuses the target on 19+."
Struggle,TBD,TBD,Normal,TBD,Phys,"TBD","Used only if all PP are gone. Also hurts the user a little."
Sugar Rush,At-Will,2,Fairy,1d8+8 ,Phys,"Melee, 1 Target, Dash","Raise the user's Speed 1 Combat Stage."
Summer Flourish,Scene,/,Grass,,Status,"Self","Effect:The user may not shift this round. The user may create as many squares of Rough Terrain as itwants within a Burst 3 as plants burst through the ground, regardless of the surface material. If theweather is sunny or light terrain is on the field , apply set up effect immediately instead of nextturn. Resolution Effect:The user raises its Special Attack, Special Defense, and Speed by 2 Combat Stages:"
Sunsteel Strike,Scene x2,2,Steel,3d8+10 ,Phys,"Close Blast 2","This Move ignores any Abilities that wouldcause it to fail or miss, such as Dodge or WonderGuard; those Abilities cannot be activated in responseto Sunsteel Strike."
Supercell Slam,TBD,TBD,Electric,TBD,Phys,"TBD","Tackles with its shock body. Hurts on miss."
Supersonic Shot,TBD,TBD,Flying,TBD,Phys,"TBD","Not done yet."
Surging Strikes,TBD,TBD,Water,TBD,Phys,"TBD","Mastering the Water style, strikes with 3 critical hits."
Sweet Blast,At-Will,3,Grass,2d6+8 ,Spec,"Range 4, cone 2",""
Tachyon Cutter,TBD,TBD,Steel,TBD,USE_HIGHEST_OFFENSE,"TBD","Launches particle blades at the target twice in a row."
Take Flight,TBD,TBD,Flying,TBD,Spec,"TBD","Blasts the foe with wind and takes to the sky."
Take Heart,Daily x2,/,Psychic,,Status,"Self","The user gains +1 CS in all its stats and cures allof its Status conditions."
Talon Shred,Scene x2,3,Flying,2d8+10 ,Phys,"Melee, Dash","Talon Shred Flinches the target on 15+."
Tangling Husk,TBD,TBD,Grass,TBD,STATUS,"TBD","Slows attackers while avoiding damage from non-Fire moves."
Techno Blast,Scene,2,Normal,3d12+10 ,Spec,"6, Ranged Blast 2","Techno Blast's Type can be any Type whileholding the appropriate Drive item or Plate item."
Tectonic Fangs,TBD,TBD,Ground,TBD,Phys,"TBD","User inserts its ground shaking fangs. 10% chance to flinch."
Tera Blast,EOT,2,Normal,2d8+10 ,See Effect,"8, 1 Targetull becomes Fighting-Type if the user is CombatWater-Type if the user is Aqua Breed.Pokemon that has not yet been recalled or 1etting them to 20 Hit Points. Move FrequenciesPoints, then the user is replaced by anotherint loss cannot be prevented in any way. Thewhich has Hit Points equal to 1/4th of the user'sove or attack, instead the Substitute gets hit.bstitute. The Substitute is immune to Statuscial or Sonic keywords completely ignore andbeen destroyed, the replacement may be hit ass less than 1/4 of their full Hit Points. Shed Tailed.",""
Tera Starstorm,TBD,TBD,Normal,TBD,USE_HIGHEST_OFFENSE,"TBD","Strikes both foes with a rain of crystals."
Terror Charge,TBD,TBD,Dark,TBD,Phys,"TBD","A frightening headbutt that may bleed or fear."
Terror Locks,TBD,TBD,Ghost,TBD,Phys,"TBD","Cut the foe with long, black hair."
Thousand Arrows,Scene,2,Ground,2d10+10 ,Phys,"6, 1 Target","When calculating Weakness and Resistance forThousand Arrows, Flying-Typed targets calculatedamage as if Flying was neutral to Ground. ThousandArrows ignores the Levitate ability. The target isknocked down to ground level, and loses all Sky orLevitate Speeds for 3 turns. During this time, they maybe hit by Ground-Type Moves even if normallyimmune."
Thousand Waves,Scene,2,Ground,2d10+10 ,Phys,"Burst 1, Groundsource","Legal Targets are Trapped for 2 rounds."
Thunder Cloud,Scene x2,4,Electric,2d10+10 ,Spec,"8, Ranged Blast 2, Spirit Surge","On 15+ sets tailwind for 2 turns for user's team ."
Thunder Edge,EOT,4,Electric,2d6+10 ,Phys,"Melee, 1 Target","Thunderous Edge Paralyzes the target on 18+"
Thunderclap,TBD,TBD,Electric,TBD,Spec,"TBD","Preempts the foe's attack with a flash of lightning."
Thunderous Kick,EOT,2,Fighting,2d10+10 ,Phys,"Melee, 1 Target","All legal targets hit lose 1 Defense CombatStage. Once per Scene, Thunderous Kick may insteadbe used as an Electric-Type Move."
Thungsten Armor,Daily,/,Steel,,Status,"Self, Interrupt","User becomes immune to critical hits and statues for 5 turns. Increases DEF and SP. DEF by 2combat stage"
Tidal Fortress,Daily x1,/,,,Status,"","For the next 3 turrns every time the user is hit by a move roll a die (20)From 2 to 10 user uses life dew on itself"
Time Ripple,Daily,/,Psychic,,Status,"Self, Interrupt","All allies arround the user are immune to move , objects and abilities that may change turnorder.Also for this turn the User may change the turn order without considering the initiatives."
Titanic Boost,Daily x1,/,Fighting,,Status,"Self,Interrupt","For the Next 5 turns user resist all physical moves 1 step further and his moves that make"
Torrent Fist,TBD,TBD,Water,TBD,Phys,"TBD","20% chance to drop speed. Iron Fist boost."
Toxic Needles,TBD,TBD,Poison,TBD,Phys,"TBD","Hits 2-5 times. 10% chance to poison."
Toxic Plunge,TBD,TBD,Poison,TBD,Phys,"TBD","Dives into a pool of poison then strikes on the next turn."
Toxic Sting,EOT,2,Poison,2d10+10 ,Phys,"Melee, 1 Target","Opponent is poisoned on 16+ , badly poisoned instead on 19+.Also if target is already poisoned itbecomes badly poisoned."
Toxic Thread,Scene x2,2,Poison,,Status,"6, 1 Target","The target is Poisoned and has their Speedlowered by 1 Combat Stage. If the target is alreadyPoisoned, they instead lose a Tick of Hit Points andhas their Speed lowered by 2 Combat Stages."
Trailblaze,At-Will,2,Grass,1d8+8 ,Phys,"Melee, 1 Target, Dash","Raise the user's Speed 1 Combat Stage."
Transmute,TBD,TBD,Psychic,TBD,Spec,"TBD","Strikes the foe, remaking the user's item on KO."
Trepidation,TBD,TBD,Poison,TBD,Spec,"TBD","The foe falls into despair and misses all Psychic moves."
Triple Arrows,EOT,2,Fighting,1d8+8 ,Phys,"4, 1 Target","Targets hit by Triple Arrows lose 1 CS in bothDefense and Special Defense.After attacking with Triple Arrows, hit or miss, theuser may Disengage 2m and attack a different targetwith Triple Arrows. This effect may be repeated asecond time, targeting a creature that has not beentargeted by either prior attack. Before making eachattack roll, the user can elect to give up triggering allremaining additional shifts and attacks. Triple Arrowsgains +1 Accuracy and +1 DB for each attack that isgiven up. Triple Arrows always benefits from theTechnician Ability.Once Daily, after all attacks with Triple Arrows havebeen resolved, the user becomes Pumped. WhilePumped, the user's Critical Range is extended by 2, or18+ if the Critical Range is not otherwise extended.Being switched will cause this effect to end."
Triple Tremor,TBD,TBD,Ground,TBD,Phys,"TBD","Strikes with three intensifying shockwaves."
Upper Hand,TBD,TBD,Fighting,TBD,Phys,"TBD","Deals damage and flinches if the target uses a prio. move."
V Formation,EOT,/,Flying,,Status,"Self","Raise the user's Defense Combat Stage and raisethe user's Speed 1 Combat Stage."
V-Create,Daily,5,Fire,6d12+25 ,Phys,"Melee, 1 Target, Smite","Lower the user's Defense, Special Defense, andSpeed by 1 CS each."
Veevee Volley,TBD,TBD,Normal,TBD,USE_HIGHEST_OFFENSE,"TBD","A reliable and strong Normal type attack. Uses best offense."
Venom Bolt,TBD,TBD,Poison,TBD,Phys,"TBD","Not done yet."
Verdant Edge,Scene x2,/,Grass,,Phys,"","If the move successfully hits the target, the user's Speed is increased by 1 Combat Stage.Additionally, if the user's HP is below half, this move gains +2 to its Accuracy Check."
Vertigo,At-Will,2,Psychic,2d6+10 ,Spec,"6, 1 Target","Vertigo Confuses the target on 15+."
Vexing Void,TBD,TBD,Dark,TBD,Spec,"TBD","A terrifying void engulfs the foe."
Viral Strike,TBD,TBD,Poison,TBD,Phys,"TBD","Slams the foe and transfers the user's status."
Vise Grip,TBD,TBD,Bug,TBD,Phys,"TBD","Grips the foe with large and powerful pincers."
Volcalith,Scene,5,Fire,2d8+10 ,Spec,"6, 1 Target","The target is put in a Vortex;"
Volt Bolt,TBD,TBD,Electric,TBD,Phys,"TBD","Not done yet."
Voltage Overload,Daily x2,/,Electric,,Spec,"","Effect:Voltage overload paralyzes on 17+. It also does super effective damage to Electric type pokemonsand additionally when used on an electric type pokemon:After the target takes damage, the user gainsHit Points equal to half of the damage they dealt to thetarget.:"
Vortex Blaze,Daily,6,Fire,2d10+10 ,Spec,"4, 1 Target","The target is put in a Vortex;"
Wash Away,At-Will,2,Water,1d8+8 ,Phys,"Melee, 1 Target, Spirit Surge","Wash Away destroys all Hazards within 5meters, removes Leech Seeds, and removes the user'sTrapped or Stuck status. If Wash Away hits, the user'sresets negative stat changes ."
Wave Dash,At-Will,2,Water,1d8+8 ,Phys,"Melee, 1 Target, Dash","The user may make the DisengageManeuver as a Free Action either rightbefore or after using this Move."
Whirling Strikes,TBD,TBD,Flying,TBD,Phys,"TBD","Hits 3 times. Each hit does more damage."
White Punch,At-Will,2,Light,,,"Melee, 1 Target","White Punch blinds the target on 19+ during"
Wicked Blow,EOT,2,Dark,2d6+8 ,Phys,"Melee, 1 Target, Push","If Wicked Blow hits, it is a Critical Hit. Thetarget is Pushed 6 meters minus their Weight Class.On a roll of 15+, the target is also Tripped."
Wicked Torque,EOT,2,Dark,3d8+10 ,Phys,"Melee, 1 Target",""
Wild Swing,TBD,TBD,Normal,TBD,Phys,"TBD","Takes a mighty swing that forces the foe to retreat."
Wildbolt Storm,Scene,5,Electric,3d8+10 ,Spec,"6, Ranged Blast 3, Smite","The target is Paralyzed on a 15+."
Wyrm Wind,TBD,TBD,Dragon,TBD,Spec,"TBD","Hits 2-5 times. Drops SpDef, raises Speed."
Yggdrasil Force,TBD,TBD,Grass,TBD,Phys,"TBD","Lowers user's Atk and Def."
Zantetsuken,Scene,5,Steel,3d10+10 ,Phys,"Melee, 1 Target","This Move automatically CriticallyHits targets at or below half of their Max HitPoints. After dealing damage, the targetbecomes Vulnerable for one full round."
Zap Jive,TBD,TBD,Electric,TBD,Spec,"TBD","An electrifying dance that may raise Speed."
Zephyr Rush,TBD,TBD,Flying,TBD,Phys,"TBD","Not done yet."
Zippy Zap,TBD,TBD,Electric,TBD,Phys,"TBD","Electric bursts always go first and land a critical hit."