Name,Frequency,Base Effect,Trigger,Target,Keywords,Effect
Abominable,Static,"Effect: The user adds +5 Points to their HP Stat in the Extras Column. When the user reaches Level 20 and every interval after that (20, 40, etc) they gain an additional +5. If the user is a Trainer, the Level Intervals are Level 4, 8, 12, 16, then 20. If desired, the user can increase their size to Large.",,,Innate,"Static
Keywords - Innate
Effect: The user adds +5 Points to their HP Stat in the Extras Column. When the user reaches Level 20 and every interval after that (20, 40, etc) they gain an additional +5. If the user is a Trainer, the Level Intervals are Level 4, 8, 12, 16, then 20. If desired, the user can increase their size to Large."
Absorb Force,Scene x2 - Reaction,"Effect: Before Damage Calculations, your Temporary Hit Points becomes double its current value. After the Attack resolves, you lose all Temporary Hit Points and become Vulnerable until the end of the Round.
Bonus: Whenever you take Damage from an Attack you applied no Temporary Hit Points towards, you may gain a Tick of Temporary Hit points after Damage Resolution.",The user is hit by a Physical Attack while they have Temporary Hit Points,,Defensive,"Scene x2 - Reaction
Keywords - Defensive
Trigger - The user is hit by a Physical Attack while they have Temporary Hit Points
Effect: Before Damage Calculations, your Temporary Hit Points becomes double its current value. After the Attack resolves, you lose all Temporary Hit Points and become Vulnerable until the end of the Round.
Bonus: Whenever you take Damage from an Attack you applied no Temporary Hit Points towards, you may gain a Tick of Temporary Hit points after Damage Resolution."
Accelerate,Static,"Effect: Attacks in which the user applies the Same Type Attack Bonus gain the Priority Keyword. When using an Attack this way, the user may use Speed as an Offensive Stat or may add half of their Speed to the Damage Roll.  ",,,,"Static
Effect: Attacks in which the user applies the Same Type Attack Bonus gain the Priority Keyword. When using an Attack this way, the user may use Speed as an Offensive Stat or may add half of their Speed to the Damage Roll.  "
Adaptability,Static,Effect: The user’s Normal Type Attacks may deal Damage as if they matched one of the user’s Types or an Adjacent Ally’s Type.,,,,"Static
Effect: The user’s Normal Type Attacks may deal Damage as if they matched one of the user’s Types or an Adjacent Ally’s Type."
Aerial Fighter,Scene - Reaction,"Effect: The Triggering Attack is resisted by one additional damage step, if the Triggering Attack was from an Enemy with the Flier capability, it instead misses. 
Bonus: While the weather is Windy, the user has a bonus to Accuracy equal to their Tier Level.",The user is hit by a Damaging Attack,,Defensive,"Scene - Reaction
Keywords - Defensive
Trigger - The user is hit by a Damaging Attack
Effect: The Triggering Attack is resisted by one additional damage step, if the Triggering Attack was from an Enemy with the Flier capability, it instead misses. 
Bonus: While the weather is Windy, the user has a bonus to Accuracy equal to their Tier Level."
Aftermath,Scene - Free Action,"Effect: At the end of the Round, all Enemies within a Burst 2 Range lose X Ticks of Hit Points. X is equal to 1 plus your Explosion Counters.
Bonus: At the end of each Round and as a Swift Action, the user gains +1 Explosion Counter (Max 5). As a Full Action, the user may activate this Ability, ignoring the Trigger and Frequency, but you lose all Explosion Counters after its resolution.",The user Faints,,,"Scene - Free Action
Trigger - The user Faints
Effect: At the end of the Round, all Enemies within a Burst 2 Range lose X Ticks of Hit Points. X is equal to 1 plus your Explosion Counters.
Bonus: At the end of each Round and as a Swift Action, the user gains +1 Explosion Counter (Max 5). As a Full Action, the user may activate this Ability, ignoring the Trigger and Frequency, but you lose all Explosion Counters after its resolution."
Alacrity,Static,"Effect: The user adds +5 Points to their Speed Stat in the Extras Column. When the user reaches Level 20 and every interval after that (20, 40, etc) they gain an additional +5. If the user is a Trainer, the Level Intervals are Level 4, 8, 12, 16, then 20. The user has a bonus to Accuracy equal to half of their Speed Evasion (Rounded Up).",,,Innate,"Static
Keywords - Innate
Effect: The user adds +5 Points to their Speed Stat in the Extras Column. When the user reaches Level 20 and every interval after that (20, 40, etc) they gain an additional +5. If the user is a Trainer, the Level Intervals are Level 4, 8, 12, 16, then 20. The user has a bonus to Accuracy equal to half of their Speed Evasion (Rounded Up)."
Ambush,Static,"Effect: During the first round of Combat, the user’s Attacks have the Unstoppable Keyword and treat Enemies as if they were Vulnerable. At the GM's Discretion, if the Enemies are unaware of the user’s presence, they gain a modifier to Critical Hit equal to their Tier Level. Whenever the user Targets a Flanked Enemy, they are instead treated as Vulnerable. ",,,,"Static
Effect: During the first round of Combat, the user’s Attacks have the Unstoppable Keyword and treat Enemies as if they were Vulnerable. At the GM's Discretion, if the Enemies are unaware of the user’s presence, they gain a modifier to Critical Hit equal to their Tier Level. Whenever the user Targets a Flanked Enemy, they are instead treated as Vulnerable. "
Analytic,Static,Effect: Targets of the User’s Attacks cannot apply Stat Evasion if they’ve used an Attack or Reaction this Round. Once per Round the User may use a Reaction as if it were a Free Action.,,,,"Static
Effect: Targets of the User’s Attacks cannot apply Stat Evasion if they’ve used an Attack or Reaction this Round. Once per Round the User may use a Reaction as if it were a Free Action."
Anchored,Static,"Effect: The user gains an Anchor Token that cannot exceed 3m from the user and the user cannot exceed 3m from the Anchor Token. The user cannot be slid and if the user uses a Movement Action, their Anchor Token must move to any space within 3m of them. The user may originate any Damaging Attack from their Anchor Token and if they do, it turns into Melee, 1 Target, becomes Physical Category and may be shifted to deal Steel Type Damage. Attacks originating from your Anchor Token have their DB increased by +3.",,,Innate,"Static
Keywords - Innate
Effect: The user gains an Anchor Token that cannot exceed 3m from the user and the user cannot exceed 3m from the Anchor Token. The user cannot be slid and if the user uses a Movement Action, their Anchor Token must move to any space within 3m of them. The user may originate any Damaging Attack from their Anchor Token and if they do, it turns into Melee, 1 Target, becomes Physical Category and may be shifted to deal Steel Type Damage. Attacks originating from your Anchor Token have their DB increased by +3."
Anger Point,At-Will - Free Action,"Effect: The user becomes Enraged. 
Bonus: While the user is Enraged, they gain a bonus to Damage Rolls equal to their Tier Value and a modifier to Critical Hit equal to their Tier Level",The user drops below 50% Hit Points or is hit by a Critical Hit,,,"At-Will - Free Action
Trigger - The user drops below 50% Hit Points or is hit by a Critical Hit
Effect: The user becomes Enraged. 
Bonus: While the user is Enraged, they gain a bonus to Damage Rolls equal to their Tier Value and a modifier to Critical Hit equal to their Tier Level"
Aqua Bullet,At-Will - Free Action,"Connection - Aqua Jet. 
Effect: Declare a Water Type Melee Damaging Attack. During this Turn, you do not provoke Attacks of Opportunity from Movement but you must use the declared Attack. The declared Attack may use Speed as if it were the Offensive Stat.
Bonus: The user may use non-Self Water Type Attacks as if their Range were 10, 1 Target. ",,,,"At-Will - Free Action
Connection - Aqua Jet. 
Effect: Declare a Water Type Melee Damaging Attack. During this Turn, you do not provoke Attacks of Opportunity from Movement but you must use the declared Attack. The declared Attack may use Speed as if it were the Offensive Stat.
Bonus: The user may use non-Self Water Type Attacks as if their Range were 10, 1 Target. "
Arena Trap,At-Will - Swift Action,"Connection - Sinkhole
Effect: Create a Sinking Hazards in a 3x3 Range within 3m of the user. (Refer to Sinkhole). 
Bonus: While you are standing in a Sinking Hazard created by you, all Enemies within 3m that are also standing on a Sinking Hazard become Trapped by you. ",,,,"At-Will - Swift Action
Connection - Sinkhole
Effect: Create a Sinking Hazards in a 3x3 Range within 3m of the user. (Refer to Sinkhole). 
Bonus: While you are standing in a Sinking Hazard created by you, all Enemies within 3m that are also standing on a Sinking Hazard become Trapped by you. "
Aroma Veil,Static,"Effect: The user and Allies within 2m cannot become Dazed, Enraged or Suppressed and are cured of these Afflicitons if they enter this Range. The user and Allies within 2m have a bonus to Save Checks equal to your Tier Level.",,,Defensive,"Static
Keywords - Defensive
Effect: The user and Allies within 2m cannot become Dazed, Enraged or Suppressed and are cured of these Afflicitons if they enter this Range. The user and Allies within 2m have a bonus to Save Checks equal to your Tier Level."
Aura Surge,Static,"Effect: For each Tick of Hit Points the user is missing, the user gains a +5 Bonus to Damage Rolls. This Damage Bonus cannot exceed double the user’s Tier Value. While the user is below 50% of their Max Hit Points, their Damaging Attacks are treated as having the Smite Keyword. ",,,,"Static
Effect: For each Tick of Hit Points the user is missing, the user gains a +5 Bonus to Damage Rolls. This Damage Bonus cannot exceed double the user’s Tier Value. While the user is below 50% of their Max Hit Points, their Damaging Attacks are treated as having the Smite Keyword. "
Axe Cleaver,Scene x2  - Free Action,"Connection - Dual Chop.  The Target either loses -2 CS in Defense or cannot cure the Wounded Affliction during their next Save Check.
Bonus: The user gains a 17+ effect range to inflict Wounded on all Physical Attacks. The user's Wounded Effect Ranges (Excluding the one granted by Axe Cleaver) are increased by +2. ",You inflict the Wounded Affliction,,,"Scene x2  - Free Action
Trigger - You inflict the Wounded Affliction
Connection - Dual Chop.  The Target either loses -2 CS in Defense or cannot cure the Wounded Affliction during their next Save Check.
Bonus: The user gains a 17+ effect range to inflict Wounded on all Physical Attacks. The user's Wounded Effect Ranges (Excluding the one granted by Axe Cleaver) are increased by +2. "
Battery,At-Will - Swift Action ,"Connection - Charge. 
Effect: The user gains a Charged Counter (Max 5). If the user is Tier 3, they instead gain two Charged Counters.
Bonus: The user’s Electric Type Attacks have a +1d8 Damage Bonus for each Charged Counter they have. As a Free Action, the user may Target an Adjacent Ally and expend any number of Charged Counters. The Target’s next Damaging Attack that hits has a +2d8 Damage Bonus for each expended Counter.","The user uses an Electric Attack",,,"At-Will - Swift Action 
Trigger - The user uses an Electric Attack
Connection - Charge. 
Effect: The user gains a Charged Counter (Max 5). If the user is Tier 3, they instead gain two Charged Counters.
Bonus: The user’s Electric Type Attacks have a +1d8 Damage Bonus for each Charged Counter they have. As a Free Action, the user may Target an Adjacent Ally and expend any number of Charged Counters. The Target’s next Damaging Attack that hits has a +2d8 Damage Bonus for each expended Counter."
Battle Armor,Static,"Effect: The user cannot become Critically Hit. If they would, it instead becomes a normal hit. The user has Damage Reduction against Adjacent Attacks equal to their Tier Value.",,,Defensive,"Static
Keywords - Defensive
Effect: The user cannot become Critically Hit. If they would, it instead becomes a normal hit. The user has Damage Reduction against Adjacent Attacks equal to their Tier Value."
Beam Cannon,Static,"Effect: The user may use 1 Target, Ranged Attacks as if they were Line Range instead. If an Attack is 6, 1 Target, it becomes Line 6. The user gains a modifier to Critical Hit and Effect Ranges for their Line or 1 Target Ranged Attacks equal to their Tier Level. ",,,,"Static
Effect: The user may use 1 Target, Ranged Attacks as if they were Line Range instead. If an Attack is 6, 1 Target, it becomes Line 6. The user gains a modifier to Critical Hit and Effect Ranges for their Line or 1 Target Ranged Attacks equal to their Tier Level. "
Beast Boost,At-Will - Free Action,"Effect: The user gains +2 CS to their highest Stat.  
Bonus: As a Swift Action, the user may lose any number of CS and gain a Tick of Temporary Hit Points for each 1 CS lost",An Enemy that the user damaged since their last turn faints.,,,"At-Will - Free Action
Trigger - An Enemy that the user damaged since their last turn faints.
Effect: The user gains +2 CS to their highest Stat.  
Bonus: As a Swift Action, the user may lose any number of CS and gain a Tick of Temporary Hit Points for each 1 CS lost"
Beautiful,Static,"Effect: The user’s Attacks have a 17+ Effect Range to cause their Targets to become Entranced. While the user is within 2m of an Entranced Enemy, they cannot cure the Entranced Affliction with Save Checks. If an Ally would cause an Enemy to become Entranced, they may instead have you be the Fixation.  ",,,,"Static
Effect: The user’s Attacks have a 17+ Effect Range to cause their Targets to become Entranced. While the user is within 2m of an Entranced Enemy, they cannot cure the Entranced Affliction with Save Checks. If an Ally would cause an Enemy to become Entranced, they may instead have you be the Fixation.  "
Berserk,Scene - Swift Action,"Effect: The user becomes Enraged for the remainder of the Scene and it cannot be cured by any other means (Other than Fainting). 
Bonus: While Enraged, if the user hits a Damaging Attack, they gain +1 CS in Attack or Special Attack after Damage Calculations. While Enraged, the user’s Melee, 1 Target Attacks may be used as if they were “All Adjacent Enemies” instead. While Enraged, the user has a -3 Penalty to Save Checks.",,,,"Scene - Swift Action
Effect: The user becomes Enraged for the remainder of the Scene and it cannot be cured by any other means (Other than Fainting). 
Bonus: While Enraged, if the user hits a Damaging Attack, they gain +1 CS in Attack or Special Attack after Damage Calculations. While Enraged, the user’s Melee, 1 Target Attacks may be used as if they were “All Adjacent Enemies” instead. While Enraged, the user has a -3 Penalty to Save Checks."
Big Swallow,Static,"Effect: The user may perform the Grapple Maneuver as a Swift Action. Whenever you are engaged in a Grapple with Creatures that are smaller than you, you are not Vulnerable nor Provoked by the Grappled Combatant. Whenever a Grappled Enemy you have Dominance with performs a Grapple Check, they lose a Tick of Hit Points and you restore a Tick of Hit Points.",,,,"Static
Effect: The user may perform the Grapple Maneuver as a Swift Action. Whenever you are engaged in a Grapple with Creatures that are smaller than you, you are not Vulnerable nor Provoked by the Grappled Combatant. Whenever a Grappled Enemy you have Dominance with performs a Grapple Check, they lose a Tick of Hit Points and you restore a Tick of Hit Points."
Blade Of Resentment,Static,"Connection - Bitter Blade. 
Effect: The user’s Melee Attacks have a 16+ Effect Range to cause Targets to become Suppressed. Whenever the user hits a Drain Attack against a Suppressed Target, they heal for the full Damage the Target takes instead of half.  ",,,,"Static
Connection - Bitter Blade. 
Effect: The user’s Melee Attacks have a 16+ Effect Range to cause Targets to become Suppressed. Whenever the user hits a Drain Attack against a Suppressed Target, they heal for the full Damage the Target takes instead of half.  "
Blessed Touch,At-Will  - Standard Action,"Effect: The Target is cured of all Physical Afflictions, restores 3 Ticks of Hit Points or gains 2 Ticks of Temporary Hit Points. An Ally can only be affected by each of these Effects once per Scene. 
Bonus: The user gains a Modifier to Save Checks equal to their Tier Level.",,An Adjacent Ally,,"At-Will  - Standard Action
Target - An Adjacent Ally
Effect: The Target is cured of all Physical Afflictions, restores 3 Ticks of Hit Points or gains 2 Ticks of Temporary Hit Points. An Ally can only be affected by each of these Effects once per Scene. 
Bonus: The user gains a Modifier to Save Checks equal to their Tier Level."
Blow Away,At-Will - Free Action,"Effect: The Target is slid up to Xm in any direction. X is equal to 6 minus their Weight Class.
Bonus: The user may perform Trip Maneuvers as if their Range was 6, 1 Target or Line 3. ",The user hits an Enemy with a Flying Type Attack or a Trip Maneuver,,,"At-Will - Free Action
Trigger - The user hits an Enemy with a Flying Type Attack or a Trip Maneuver
Effect: The Target is slid up to Xm in any direction. X is equal to 6 minus their Weight Class.
Bonus: The user may perform Trip Maneuvers as if their Range was 6, 1 Target or Line 3. "
Bodyguard,Scene - Reaction,"Effect: The Triggering Ally Slides 1m in any direction, then the user slides into their original space. The user is hit by the Triggering Attack instead, taking damage from the Attack as if they resisted it one step further. If the Ally still remains within the Area of Effect of the Triggering Attack, they are still hit by the Attack.  
Bonus: Whenever the user Intercepts, the Triggering Attack isn't increased by a Damage Step.",An Adjacent Ally is hit by an Attack,,Defensive,"Scene - Reaction
Keywords - Defensive
Trigger - An Adjacent Ally is hit by an Attack
Effect: The Triggering Ally Slides 1m in any direction, then the user slides into their original space. The user is hit by the Triggering Attack instead, taking damage from the Attack as if they resisted it one step further. If the Ally still remains within the Area of Effect of the Triggering Attack, they are still hit by the Attack.  
Bonus: Whenever the user Intercepts, the Triggering Attack isn't increased by a Damage Step."
Bone Lord,Static,"Connection - Bone Club. 
Effect: Whenever you use the Bone Club Attack, you may alter how it’s used in any of the following ways. You can only choose one at a time. You may change its range to “All Adjacent Enemies”. You may change its range to “6, 1 Target, Smite”. You may have it ignore Immunity to Ground Type Attacks. You may extend its Critical Hit Range by your Tier Level. You may use it as an Interrupt, Standard Action when hit by an Adjacent Enemy. ",,,,"Static
Connection - Bone Club. 
Effect: Whenever you use the Bone Club Attack, you may alter how it’s used in any of the following ways. You can only choose one at a time. You may change its range to “All Adjacent Enemies”. You may change its range to “6, 1 Target, Smite”. You may have it ignore Immunity to Ground Type Attacks. You may extend its Critical Hit Range by your Tier Level. You may use it as an Interrupt, Standard Action when hit by an Adjacent Enemy. "
Bountiful Harvest,Static,Effect: The user starts the Scene with 3 Fruit Counters. The user or Adjacent Allies may use a Swift Action to expend one Fruit Counter to restores two Ticks of Hit Points or cure themselves of a Physical Status Affliction. ,,,,"Static
Effect: The user starts the Scene with 3 Fruit Counters. The user or Adjacent Allies may use a Swift Action to expend one Fruit Counter to restores two Ticks of Hit Points or cure themselves of a Physical Status Affliction. "
Brimstone,Scene - Swift Action,"Effect: They instead are both Burned and Poisoned.
Bonus: The user gains a bonus to Effect Ranges equal to their Tier Level if the Effect would cause a Target to become Burned or Poisoned.",The user would Burn or Poison an Enemy,,,"Scene - Swift Action
Trigger - The user would Burn or Poison an Enemy
Effect: They instead are both Burned and Poisoned.
Bonus: The user gains a bonus to Effect Ranges equal to their Tier Level if the Effect would cause a Target to become Burned or Poisoned."
Bulletproof,Scene - Reaction,"Effect: The user takes Damage as if the Triggering Attack was one step less effective. If the user is Tier 3, the Frequency of this Ability becomes Scene x2 instead.",The user is hit by a Physical Attack or 1-Target Ranged Attack,,Defensive,"Scene - Reaction
Keywords - Defensive
Trigger - The user is hit by a Physical Attack or 1-Target Ranged Attack
Effect: The user takes Damage as if the Triggering Attack was one step less effective. If the user is Tier 3, the Frequency of this Ability becomes Scene x2 instead."
Cave Dweller ,Static,"Effect: The user resists Ground and Rock Type Attacks by an additional Damage step. The user gains the Darkvision Capability. While the user is in Cave Terrain, once per Round they may perform any Combat Maneuver without a Trigger as if it were a Free Action. ",,,Defensive,"Static
Keywords - Defensive
Effect: The user resists Ground and Rock Type Attacks by an additional Damage step. The user gains the Darkvision Capability. While the user is in Cave Terrain, once per Round they may perform any Combat Maneuver without a Trigger as if it were a Free Action. "
Chaotic,Scene x2 - Free Action,"Connection - Metronome. 
Effect: The GM rolls for Metronome three times and you may choose which Attack to use. 
Bonus: When you use the Metronome Attack, Damaging Attacks that are rolled may have their Category changed to either Physical or Special, of your choice.",You use Metronome as a Standard Action,,,"Scene x2 - Free Action
Trigger - You use Metronome as a Standard Action
Connection - Metronome. 
Effect: The GM rolls for Metronome three times and you may choose which Attack to use. 
Bonus: When you use the Metronome Attack, Damaging Attacks that are rolled may have their Category changed to either Physical or Special, of your choice."
Chemical Romance,At-Will - Swift Action,"Effect: The Poisoned Enemy also becomes Entranced. They cannot cure the Entranced Affliction while they’re Poisoned this way.
Bonus: Entranced Enemies within 3m of you suffer a penalty to Save Checks equal to your Tier Level.",The user would Poison an Enemy,,,"At-Will - Swift Action
Trigger - The user would Poison an Enemy
Effect: The Poisoned Enemy also becomes Entranced. They cannot cure the Entranced Affliction while they’re Poisoned this way.
Bonus: Entranced Enemies within 3m of you suffer a penalty to Save Checks equal to your Tier Level."
Chlorophyll,Scene - Swift Action ,"Effect: The user restores two Ticks of Hit Points or gains 2 Ticks of Temporary Hit Points or is cured of a Physical Status Affliction. If the user is in Sunny Weather, the Frequency of Chlorophyll isn’t expended. This Ability can only ignore its Frequency twice in a Scene.",,,,"Scene - Swift Action 
Effect: The user restores two Ticks of Hit Points or gains 2 Ticks of Temporary Hit Points or is cured of a Physical Status Affliction. If the user is in Sunny Weather, the Frequency of Chlorophyll isn’t expended. This Ability can only ignore its Frequency twice in a Scene."
Clay Cannons,Static,"Effect: The user gains two Cannon Tokens that must stay within 2m of the user at all times. The user may move them anywhere within this range Limit as a Free Action on their Turn. Each Token has 1 HP and if they Faint, can be revived as a Swift Action. The user may originate any Attack or Maneuver from a Cannon Token. When originating an Attack from a Cannon Token, all Blast Ranges are increased by +1 and Line Ranges are increased by +2. These Attacks also gain +3d8 to their Damage Rolls. ",,,,"Static
Effect: The user gains two Cannon Tokens that must stay within 2m of the user at all times. The user may move them anywhere within this range Limit as a Free Action on their Turn. Each Token has 1 HP and if they Faint, can be revived as a Swift Action. The user may originate any Attack or Maneuver from a Cannon Token. When originating an Attack from a Cannon Token, all Blast Ranges are increased by +1 and Line Ranges are increased by +2. These Attacks also gain +3d8 to their Damage Rolls. "
Clear Body,Static,"Effect: The user cannot have Combat Stages lowered by the result of an Enemy’s Feature, Ability, Attack, etc. Indirect methods such as Status Afflictions still affect them. The user is Immune to negative modifiers as a result of an Enemy’s Feature, Ability, Attack, etc. This includes modifiers to Accuracy, Save Checks, Evasion, etc. ",,,Defensive,"Static
Keywords - Defensive
Effect: The user cannot have Combat Stages lowered by the result of an Enemy’s Feature, Ability, Attack, etc. Indirect methods such as Status Afflictions still affect them. The user is Immune to negative modifiers as a result of an Enemy’s Feature, Ability, Attack, etc. This includes modifiers to Accuracy, Save Checks, Evasion, etc. "
Cloud Nine,Scene - Swift Action,"Effect: All Weather on the Field is removed. The same Weather cannot be added to the Field until end of the next Round.
Bonus: While there is no Weather on the Field, the user has a bonus to Save Checks equal to their Tier Level and has a Boon to all Skill Checks while in Combat. ",,,,"Scene - Swift Action
Effect: All Weather on the Field is removed. The same Weather cannot be added to the Field until end of the next Round.
Bonus: While there is no Weather on the Field, the user has a bonus to Save Checks equal to their Tier Level and has a Boon to all Skill Checks while in Combat. "
Cluster Mind,"Scene - Swift Action
","Effect: The user may switch an Attack between their Known Attack List and their Attack List until the end of the Scene.
Bonus: The user gains bonus Attack Slots equal to their Tier Level. Attacks that occupy these Slots must be Status Category.",,,,"Scene - Swift Action

Effect: The user may switch an Attack between their Known Attack List and their Attack List until the end of the Scene.
Bonus: The user gains bonus Attack Slots equal to their Tier Level. Attacks that occupy these Slots must be Status Category."
Color Change,At-Will - Free Action,"Effect: Choose any Type. The user’s Type changes to match the chosen Type until the end of the Scene. 
Bonus: The user resists Attacks of its current Type by an additional Damage Step. ",,,,"At-Will - Free Action
Effect: Choose any Type. The user’s Type changes to match the chosen Type until the end of the Scene. 
Bonus: The user resists Attacks of its current Type by an additional Damage Step. "
Color Theory,At-Will - Free Action  ,"Effect: The user may instead deal Damage as if its Type was one of the Types associated with their Color. 
Bonus: When the user is born, choose a Color for their Tail. Each color has an associated set of Types and Stat. The user gains +5 Stat Points in the associated Stat that go in the Extra Column. Red - (Attack | Fire, Fairy, Psychic), Orange - (Defense | Normal, Fighting, Dragon) Yellow - (Special Attack | Electric, Rock, Steel) Green - (Special Defense | Bug, Grass Ground) Blue - (Speed | Flying, Ice, Water) Violet - (Hit Points | Dark, Ghost, Poison) ",The user hits a Damaging Attack,,,"At-Will - Free Action  
Trigger - The user hits a Damaging Attack
Effect: The user may instead deal Damage as if its Type was one of the Types associated with their Color. 
Bonus: When the user is born, choose a Color for their Tail. Each color has an associated set of Types and Stat. The user gains +5 Stat Points in the associated Stat that go in the Extra Column. Red - (Attack | Fire, Fairy, Psychic), Orange - (Defense | Normal, Fighting, Dragon) Yellow - (Special Attack | Electric, Rock, Steel) Green - (Special Defense | Bug, Grass Ground) Blue - (Speed | Flying, Ice, Water) Violet - (Hit Points | Dark, Ghost, Poison) "
Comatose,At-Will - Movement Action,"Effect: The user regains a Tick of Hit Points.
Bonus: The user is Immune to the Drowsy Affliction.",,,,"At-Will - Movement Action
Effect: The user regains a Tick of Hit Points.
Bonus: The user is Immune to the Drowsy Affliction."
Combo Striker,At-Will - Free Action,"Effect: After the Triggering Attack Resolves, the user may use a Basic Attack against the same Target. ","The user rolls a Natural 5, 10, 15 or 20 on an Accuracy Roll for a Melee Damaging Attack",,,"At-Will - Free Action
Trigger - The user rolls a Natural 5, 10, 15 or 20 on an Accuracy Roll for a Melee Damaging Attack
Effect: After the Triggering Attack Resolves, the user may use a Basic Attack against the same Target. "
Commander,At-Will - Swift Action,"Connection - Helping Hand.
Effect: The Target gains a bonus to Accuracy and Save Checks equal to your Tier Level until the end of their next Turn. 
Bonus: The user treats all Allies as if they were Cover Terrain when Attacks would Target the user.",,An Adjacent Ally,,"At-Will - Swift Action
Target - An Adjacent Ally
Connection - Helping Hand.
Effect: The Target gains a bonus to Accuracy and Save Checks equal to your Tier Level until the end of their next Turn. 
Bonus: The user treats all Allies as if they were Cover Terrain when Attacks would Target the user."
Complex Neurolink,Static,Effect: The user is immune to Mental Afflictions caused by Enemies. ,,,Defensive,"Static
Keywords - Defensive
Effect: The user is immune to Mental Afflictions caused by Enemies. "
Compound Eyes,Scene x2 - Swift Action,"Effect: The Triggering Attack gains the Unstoppable Keyword.
Bonus: The user gains a bonus to Accuracy and Evasion equal to their Tier Level.",The user uses an attack ,,,"Scene x2 - Swift Action
Trigger - The user uses an attack 
Effect: The Triggering Attack gains the Unstoppable Keyword.
Bonus: The user gains a bonus to Accuracy and Evasion equal to their Tier Level."
Conqueror,At-Will - Free Action,"Effect: The user gains +1 CS in Attack, Special Attack or Speed
Bonus: Whenever the user would lose CS in a Stat they have Positive CS in, the amount lost is reduced by 1. ",An Enemy the user has Damaged this Scene Faints or the user resolves an Attack that resulted in a Critical Hit,,,"At-Will - Free Action
Trigger - An Enemy the user has Damaged this Scene Faints or the user resolves an Attack that resulted in a Critical Hit
Effect: The user gains +1 CS in Attack, Special Attack or Speed
Bonus: Whenever the user would lose CS in a Stat they have Positive CS in, the amount lost is reduced by 1. "
Contrary,Static,"Effect: Whenever the user would lose Combat Stages, they instead gain the same amount. If they gain CS, they instead lose the same amount. If the user would gain a temporary positive Modifier to a Combat Value, it instead becomes a Penalty of the same Value. If the user would gain a temporary penalty to a Combat Value, it instead becomes a positive Modifier for the same Value for the same duration. (Ex: Accuracy or Evasion)",,,,"Static
Effect: Whenever the user would lose Combat Stages, they instead gain the same amount. If they gain CS, they instead lose the same amount. If the user would gain a temporary positive Modifier to a Combat Value, it instead becomes a Penalty of the same Value. If the user would gain a temporary penalty to a Combat Value, it instead becomes a positive Modifier for the same Value for the same duration. (Ex: Accuracy or Evasion)"
Copy Master,At-Will - Reaction,"Connection - Copycat. 
Effect: Add the Triggering Attack to your Attack List until the end of your next Turn. 
Bonus: Whenever you use Copycat, the Attack is added to your Attack List for the rest of the Scene. Whenever you use an Attack that has been added to your Attack List this Scene, it may be treated as either Physical or Special of your choice. Attacks gained through this Ability are added to your bonus Attack Slots.",Another Combatant uses an Attack,,,"At-Will - Reaction
Trigger - Another Combatant uses an Attack
Connection - Copycat. 
Effect: Add the Triggering Attack to your Attack List until the end of your next Turn. 
Bonus: Whenever you use Copycat, the Attack is added to your Attack List for the rest of the Scene. Whenever you use an Attack that has been added to your Attack List this Scene, it may be treated as either Physical or Special of your choice. Attacks gained through this Ability are added to your bonus Attack Slots."
Corrosion,Static,"Effect: The user’s Poison Type Attacks deal Damage to Rock and Steel Type Pokemon as if it was Super Effective instead of Immune. The user may inflict the Poison Affliction on Steel Type Pokemon as if they were not Immune to the Affliction. When the user inflicts Poison, they may lower their Defense instead of Special Defense if desired.",,,,"Static
Effect: The user’s Poison Type Attacks deal Damage to Rock and Steel Type Pokemon as if it was Super Effective instead of Immune. The user may inflict the Poison Affliction on Steel Type Pokemon as if they were not Immune to the Affliction. When the user inflicts Poison, they may lower their Defense instead of Special Defense if desired."
Costar,Scene x2 - Reaction,"Effect: The user gains CS in the same Stats for the same value or gains the same Modifier for the same duration. 
Bonus: When the user takes their Turn, if the Ally they’re acting alongside targets an Enemy with an Attack, that Enemy cannot apply Stat Evasion against your Attacks. ",An Ally gains Combat Stages or a Temporary Modifier,,,"Scene x2 - Reaction
Trigger - An Ally gains Combat Stages or a Temporary Modifier
Effect: The user gains CS in the same Stats for the same value or gains the same Modifier for the same duration. 
Bonus: When the user takes their Turn, if the Ally they’re acting alongside targets an Enemy with an Attack, that Enemy cannot apply Stat Evasion against your Attacks. "
Cotton Plume,At-Will - Free Action ,"Effect: Choose Accuracy or Evasion. All Enemies within 1m of the user have a penalty to the chosen combat value equal to your Tier Level until the end of their next Turn. An Enemy can only be affected by Cotton Plume once per Round.  
Bonus: This Ability may be used as a Swift Action to ignore the Trigger. ",The user uses a Grass Type Attack or is hit by an Attack from an Adjacent Enemy,,Defensive,"At-Will - Free Action 
Keywords - Defensive
Trigger - The user uses a Grass Type Attack or is hit by an Attack from an Adjacent Enemy
Effect: Choose Accuracy or Evasion. All Enemies within 1m of the user have a penalty to the chosen combat value equal to your Tier Level until the end of their next Turn. An Enemy can only be affected by Cotton Plume once per Round.  
Bonus: This Ability may be used as a Swift Action to ignore the Trigger. "
Courage,Static,"Effect: While the user is below 50% Hit Points or Surrounded, they have a Bonus to Damage Rolls and Damage Reduction equal to their Tier Value. If both apply, the bonus is doubled. ",,,,"Static
Effect: While the user is below 50% Hit Points or Surrounded, they have a Bonus to Damage Rolls and Damage Reduction equal to their Tier Value. If both apply, the bonus is doubled. "
Coward,Scene - Free Action,"Effect: The Triggering Attack instead misses the user. The user cannot Target the Triggering Enemy with an Attack during their next Turn and if they use a Damaging Attack during this Turn, it is resisted by an additional damage step.
Bonus: Whenever the user ends their Turn without Targeting an Enemy with an Attack, they gain a bonus to Evasion equal to their Tier Level until the start of their next Turn. ",The user is Targeted by an Attack,,,"Scene - Free Action
Trigger - The user is Targeted by an Attack
Effect: The Triggering Attack instead misses the user. The user cannot Target the Triggering Enemy with an Attack during their next Turn and if they use a Damaging Attack during this Turn, it is resisted by an additional damage step.
Bonus: Whenever the user ends their Turn without Targeting an Enemy with an Attack, they gain a bonus to Evasion equal to their Tier Level until the start of their next Turn. "
Cruelty,Scene x2 - Swift Action,Effect: Choose one of the following Effects to apply to the Target. A Target can only be affected by this Ability once per Scene. The user may use a Manipulate or Trick Maneuver against them as a Free Action. The Target has a Penalty to their next Save Check equal to double your Tier Level. The Target cannot restore Hit Points or gain Combat Stages until the end of the next Round. ,The user hits an Enemy with a 1-Target Attack,,,"Scene x2 - Swift Action
Trigger - The user hits an Enemy with a 1-Target Attack
Effect: Choose one of the following Effects to apply to the Target. A Target can only be affected by this Ability once per Scene. The user may use a Manipulate or Trick Maneuver against them as a Free Action. The Target has a Penalty to their next Save Check equal to double your Tier Level. The Target cannot restore Hit Points or gain Combat Stages until the end of the next Round. "
Curious Medicine,At-Will-Special ,"Effect: Curious Medicine may be used as a Free Action to reset all Negative CS of the Target to their Default Value. It may be used as a Swift Action to grant the Target a bonus to their next Save Check equal to your Tier Level. Lastly, it may be used as a Standard Action to make the Target gain the Wounded, Poisoned, or Paralyzed Affliction",,The user or an Adjacent Combatant ,,"At-Will-Special 
Target - The user or an Adjacent Combatant 
Effect: Curious Medicine may be used as a Free Action to reset all Negative CS of the Target to their Default Value. It may be used as a Swift Action to grant the Target a bonus to their next Save Check equal to your Tier Level. Lastly, it may be used as a Standard Action to make the Target gain the Wounded, Poisoned, or Paralyzed Affliction"
Cursed Body,At-Will - Reaction ,"Effect: The Triggering Enemy either becomes Cursed, Suppressed or has the Triggering Attack disabled. ","An Enemy ends their Turn Adjacent to the user or hits them with an Attack while Adjacent to them
",,Defensive,"At-Will - Reaction 
Keywords - Defensive
Trigger - An Enemy ends their Turn Adjacent to the user or hits them with an Attack while Adjacent to them

Effect: The Triggering Enemy either becomes Cursed, Suppressed or has the Triggering Attack disabled. "
Cute Charm,Scene x3 - Reaction,"Effect: The Triggering Enemy either becomes Entranced, Weakened until the end of the Round or loses -2 CS in Attack and Special Attack. An Enemy can only be affected by Cute Charm once per Scene.",An Enemy ends their Turn within 2m of the user or hits them with an Attack while Adjacent to them,,Defensive,"Scene x3 - Reaction
Keywords - Defensive
Trigger - An Enemy ends their Turn within 2m of the user or hits them with an Attack while Adjacent to them
Effect: The Triggering Enemy either becomes Entranced, Weakened until the end of the Round or loses -2 CS in Attack and Special Attack. An Enemy can only be affected by Cute Charm once per Scene."
Cute Tears,At-Will - Swift Action,"Effect: Until the end of the Target’s next Turn, when Attacking the user or an ally within 2m of you, they have a penalty to Accuracy equal to your Tier Level and a penalty to Damage Rolls equal to your Tier Value. ",,An Enemy within 3m,,"At-Will - Swift Action
Target - An Enemy within 3m
Effect: Until the end of the Target’s next Turn, when Attacking the user or an ally within 2m of you, they have a penalty to Accuracy equal to your Tier Level and a penalty to Damage Rolls equal to your Tier Value. "
Damp,Static,"Effect: If the user is Targeted by Burst, Line or Blast Attack, they resist it by an additional Damage Step. If the user ends their turn while the Weather is Rainy, they gain a Tick of Temporary Hit Points and restore a Tick of Hit Points.  ",,,Defensive,"Static
Keywords - Defensive
Effect: If the user is Targeted by Burst, Line or Blast Attack, they resist it by an additional Damage Step. If the user ends their turn while the Weather is Rainy, they gain a Tick of Temporary Hit Points and restore a Tick of Hit Points.  "
Dancer,At-Will - Swift or Movement Action,Effect: The Target gains +1 CS in a Stat of your choice. A Combatant can only be Targeted by Dancer once per Round and Dancer can only be used once per Round unless you’re Tier 3.,,"An Ally within 2m
",,"At-Will - Swift or Movement Action
Target - An Ally within 2m

Effect: The Target gains +1 CS in a Stat of your choice. A Combatant can only be Targeted by Dancer once per Round and Dancer can only be used once per Round unless you’re Tier 3."
Deadly Poison,Static,"Effect: Whenever you inflict the Poisoned Affliction, it cannot be cured via Save Checks. Combatants Poisoned by you instead lose three Ticks of Hit Points instead of one when the Poisoned Affliction would activate its effects.",,,,"Static
Effect: Whenever you inflict the Poisoned Affliction, it cannot be cured via Save Checks. Combatants Poisoned by you instead lose three Ticks of Hit Points instead of one when the Poisoned Affliction would activate its effects."
Deathly Aroma,Static,"Effect: Whenever the user ends their Turn, all Enemies within 3m of them lose -1 CS in a Stat of your choice and adjacent Enemies cannot restore Hit Points until the end of their next Turn.",,,,"Static
Effect: Whenever the user ends their Turn, all Enemies within 3m of them lose -1 CS in a Stat of your choice and adjacent Enemies cannot restore Hit Points until the end of their next Turn."
Decoy,Scene - Swift Action,"Connection - Follow Me. 
Effect: When this Ability is Activated, you may use Follow Me as a Free Action.
Bonus: The user has a bonus to Evasion equal to your Tier Level if the attacker is Provoked by you or Dazed. ",,,,"Scene - Swift Action
Connection - Follow Me. 
Effect: When this Ability is Activated, you may use Follow Me as a Free Action.
Bonus: The user has a bonus to Evasion equal to your Tier Level if the attacker is Provoked by you or Dazed. "
Deep Sleep,Scene - Standard Action,"Effect: The user becomes Drowsy, then if they do, they restore 5 Ticks of Hit Points. 
Bonus: When the user becomes Drowsy they may choose to gain a Sleep Coat which persists while they have the Drowsy Affliction. While they have a Sleep Coat, they cannot use Swift or Movement Actions, they resist all Attacks by an additional Damage Step and they restore two Ticks of HP at the end of their Turn.  ",,,,"Scene - Standard Action
Effect: The user becomes Drowsy, then if they do, they restore 5 Ticks of Hit Points. 
Bonus: When the user becomes Drowsy they may choose to gain a Sleep Coat which persists while they have the Drowsy Affliction. While they have a Sleep Coat, they cannot use Swift or Movement Actions, they resist all Attacks by an additional Damage Step and they restore two Ticks of HP at the end of their Turn.  "
Defiant,At-Will - Free Action,Effect: The user gains +2 CS in Attack or Special Attack. Defiant may only be Triggered once per Round.,"The user has their CS lowered by an Attack, Ability or Feature from a source other than themselves",,,"At-Will - Free Action
Trigger - The user has their CS lowered by an Attack, Ability or Feature from a source other than themselves
Effect: The user gains +2 CS in Attack or Special Attack. Defiant may only be Triggered once per Round."
Defy Death,At-Will - Free Action,"Effect: The user performs a Luck Roll. If they pass a DC 5, they are instead set to 1 Hit Point instead of fainting. Each time this Ability activates, increase the DC by +5.  ",The user would faint and had more than 10% Hit Points,,,"At-Will - Free Action
Trigger - The user would faint and had more than 10% Hit Points
Effect: The user performs a Luck Roll. If they pass a DC 5, they are instead set to 1 Hit Point instead of fainting. Each time this Ability activates, increase the DC by +5.  "
Delayed Reaction,At-Will - Reaction,"Effect: You instead take no Damage. At the end of the Round, you lose Hit Points equal to the damage you should have taken when before using this Ability. This occurs even if the user is recalled.",You would take Damage,,,"At-Will - Reaction
Trigger - You would take Damage
Effect: You instead take no Damage. At the end of the Round, you lose Hit Points equal to the damage you should have taken when before using this Ability. This occurs even if the user is recalled."
Desert Weather,Static,"Effect: The user resists Ground and Fire Type Attacks by an additional Damage step. If the user ends their turn while the Weather is Sandstorm, they gain a Tick of Temporary Hit Points and restore a Tick of Hit Points. ",,,Defensive,"Static
Keywords - Defensive
Effect: The user resists Ground and Fire Type Attacks by an additional Damage step. If the user ends their turn while the Weather is Sandstorm, they gain a Tick of Temporary Hit Points and restore a Tick of Hit Points. "
Dig Away,Scene - Reaction,"Effect: The Triggering Attack instead misses. The user is removed from the Scene and becomes Untargetable for this duration. At the start of the user’s next Turn, they enter the field in any unoccupied space where they could have moved to during their last turn. 
Bonus: Whenever the user uses the Burrower Capability, then uses a 1-Target Attack during that Turn, the Target cannot apply Speed Evasion against it.",The user is hit by a non-Adjacent Attack,,Defensive,"Scene - Reaction
Keywords - Defensive
Trigger - The user is hit by a non-Adjacent Attack
Effect: The Triggering Attack instead misses. The user is removed from the Scene and becomes Untargetable for this duration. At the start of the user’s next Turn, they enter the field in any unoccupied space where they could have moved to during their last turn. 
Bonus: Whenever the user uses the Burrower Capability, then uses a 1-Target Attack during that Turn, the Target cannot apply Speed Evasion against it."
Dire Spore,At-Will - Swift Action,"Connection - Spore. 
Effect: The user creates Spore Hazards withiin a 3, Ranged Blast 2, area. Enemies that move through this Hazard become Paralyzed, Poisoned or Burned, of the user's choice. 
Bonus: Your Grass Type Status Attacks gain a 15+ Effect Range to inflict Poison.",,,,"At-Will - Swift Action
Connection - Spore. 
Effect: The user creates Spore Hazards withiin a 3, Ranged Blast 2, area. Enemies that move through this Hazard become Paralyzed, Poisoned or Burned, of the user's choice. 
Bonus: Your Grass Type Status Attacks gain a 15+ Effect Range to inflict Poison."
Discipline,Scene x2 - Swift Action,Effect: The user is cured of a Status Affliction. This Ability cannot be activated on a Turn the user used a Damaging Attack and the user cannot use a Damaging Attack for the rest of this Turn after activating Discipline.,,,,"Scene x2 - Swift Action
Effect: The user is cured of a Status Affliction. This Ability cannot be activated on a Turn the user used a Damaging Attack and the user cannot use a Damaging Attack for the rest of this Turn after activating Discipline."
Disguise,Scene - Free Action,"Effect: The Triggering Attack is resisted by an additional Step, then the user becomes Enraged.  
Bonus: While Enranged this way, the user has a bonus to Critical Hit Ranges equal to their Tier Level for their Dark and Ghost Type Damaging Attacks. If the user is now longer Enraged, as a Swift Action, the user may restore the Frequency of this Ability.",The user is hit by a Damaging Attack,,Defensive,"Scene - Free Action
Keywords - Defensive
Trigger - The user is hit by a Damaging Attack
Effect: The Triggering Attack is resisted by an additional Step, then the user becomes Enraged.  
Bonus: While Enranged this way, the user has a bonus to Critical Hit Ranges equal to their Tier Level for their Dark and Ghost Type Damaging Attacks. If the user is now longer Enraged, as a Swift Action, the user may restore the Frequency of this Ability."
Dodge,Static,Effect: The user starts the Scene with Dodge Counters equal to their Tier Level. A Dodge Counter can be expended as a Reaction to gain +3 Evasion against an Attack or to treat an Attack as if it didn't have the Smite Keyword. Multiple Counter can be expended against the same Attack if desired and may be done after seeing the Accuracy Roll.,,,Defensive,"Static
Keywords - Defensive
Effect: The user starts the Scene with Dodge Counters equal to their Tier Level. A Dodge Counter can be expended as a Reaction to gain +3 Evasion against an Attack or to treat an Attack as if it didn't have the Smite Keyword. Multiple Counter can be expended against the same Attack if desired and may be done after seeing the Accuracy Roll."
Dream Smoke,Scene - Reaction,"Connection - Smokescreen. 
Effect: The Triggering Enemy becomes Drowsy. 
Bonus: When the user uses Smokescreen, Smoke Hazards created that way also cause Enemies to become Drowsy if they move through it or end their Turn in the Hazard.",The user is hit by an Attack from an Adjacent Enemy,,Defensive,"Scene - Reaction
Keywords - Defensive
Trigger - The user is hit by an Attack from an Adjacent Enemy
Connection - Smokescreen. 
Effect: The Triggering Enemy becomes Drowsy. 
Bonus: When the user uses Smokescreen, Smoke Hazards created that way also cause Enemies to become Drowsy if they move through it or end their Turn in the Hazard."
Drizzle,At-Will - Swift Action,"Effect: The Weather becomes Rainy. 
Bonus: While the Weather is Rainy, the user has a bonus to Save Checks equal to their Tier Level and has a Boon to all Skill Checks while in Combat.",,,,"At-Will - Swift Action
Effect: The Weather becomes Rainy. 
Bonus: While the Weather is Rainy, the user has a bonus to Save Checks equal to their Tier Level and has a Boon to all Skill Checks while in Combat."
Drought,At-Will - Swift Action,"Effect: The Weather becomes Sunny. 
Bonus: While the Weather is Sunny, the user has a bonus to Save Checks equal to their Tier Level and has a Boon to all Skill Checks while in Combat.",,,,"At-Will - Swift Action
Effect: The Weather becomes Sunny. 
Bonus: While the Weather is Sunny, the user has a bonus to Save Checks equal to their Tier Level and has a Boon to all Skill Checks while in Combat."
Drown Out,At-Will - Swift Action,"Effect: The Target gains a penalty to Accuracy equal to your Tier Level until the end of their next Turn. If they fail a Standard CR (2) Focus Check, they instead become Deafened. Deafened is a Physical Status Affliction that has the same Accuracy Penalty while they’re affected by the Affliction. If the user is Tier 3, it becomes a Tough CR (3) Focus Check instead. 
Bonus: The user’s Attacks with the Sonic Keyword gain the Smite Keyword against Enemies that are adjacent to you.  ",The user uses an Attack with the Sonic Keyword,,,"At-Will - Swift Action
Trigger - The user uses an Attack with the Sonic Keyword
Effect: The Target gains a penalty to Accuracy equal to your Tier Level until the end of their next Turn. If they fail a Standard CR (2) Focus Check, they instead become Deafened. Deafened is a Physical Status Affliction that has the same Accuracy Penalty while they’re affected by the Affliction. If the user is Tier 3, it becomes a Tough CR (3) Focus Check instead. 
Bonus: The user’s Attacks with the Sonic Keyword gain the Smite Keyword against Enemies that are adjacent to you.  "
Dusk Body,Scene - Swift Action,"Effect: The user restores two Ticks of Hit Points or gains 2 Ticks of Temporary Hit Points or is cured of a Physical Status Affliction. If the user is in Foggy Weather, the Frequency of Dusk Body isn’t expended. This Ability can only ignore its Frequency twice in a Scene.",,,,"Scene - Swift Action
Effect: The user restores two Ticks of Hit Points or gains 2 Ticks of Temporary Hit Points or is cured of a Physical Status Affliction. If the user is in Foggy Weather, the Frequency of Dusk Body isn’t expended. This Ability can only ignore its Frequency twice in a Scene."
Dust Cloud,Scene x2 - Swift Action,"Connection - Smokescreen. 
Effect: You create Smoke Hazards (Refer to Smokescreen) in a 3x3 Zone, centered on one of the Targets of the Triggering Attack. ","You use a Bug, Ground, Grass or Poison Type Status Attack",,,"Scene x2 - Swift Action
Trigger - You use a Bug, Ground, Grass or Poison Type Status Attack
Connection - Smokescreen. 
Effect: You create Smoke Hazards (Refer to Smokescreen) in a 3x3 Zone, centered on one of the Targets of the Triggering Attack. "
Dusty Guard,At-Will - Swift Action,"Effect: The user gains a Tick of Temporary Hit Points or gains +1 CS in Defense or Special Defense.
Bonus: While the Weather is Sandstorm, Effect Ranges cannot Trigger if the user is a Target. ",The user uses a Ground or Rock Type Attack,,Defensive,"At-Will - Swift Action
Keywords - Defensive
Trigger - The user uses a Ground or Rock Type Attack
Effect: The user gains a Tick of Temporary Hit Points or gains +1 CS in Defense or Special Defense.
Bonus: While the Weather is Sandstorm, Effect Ranges cannot Trigger if the user is a Target. "
Early Bird,Static,Effect: The user may perform Save Checks to cure Afflictions at the start of their Turn instead of at the end (Before any Affliction Effects would occur). All Enemies who haven't acted yet this Round treat the user's Attacks as if they had the Unstoppable Keyword. ,,,,"Static
Effect: The user may perform Save Checks to cure Afflictions at the start of their Turn instead of at the end (Before any Affliction Effects would occur). All Enemies who haven't acted yet this Round treat the user's Attacks as if they had the Unstoppable Keyword. "
Earth Eater,At-Will - Swift Action,"Effect: The Targeted Terrain changes to Basic Terrain. The user then restores two Ticks of Hit Points or gains +1 CS in Defense or Special Defense. The GM may decide if Terrain is able to be changed by this ability or not but not whether or not it can be Targeted. 
Bonus: The user is Immune to Ground Type Attacks. ",,"Rough, Cover or Blocking Terrain that the user is Adjacent to or standing on",Defensive,"At-Will - Swift Action
Keywords - Defensive
Target - Rough, Cover or Blocking Terrain that the user is Adjacent to or standing on
Effect: The Targeted Terrain changes to Basic Terrain. The user then restores two Ticks of Hit Points or gains +1 CS in Defense or Special Defense. The GM may decide if Terrain is able to be changed by this ability or not but not whether or not it can be Targeted. 
Bonus: The user is Immune to Ground Type Attacks. "
Earthen Shell,Scene - Reaction,"Connection - Shell Smash. 
Effect: The user may use Shell Smash as a Free Action, then becomes Enraged.  
Bonus: When the user uses Shell Smash, they may choose to instead increase Defense and Special Defense by +3 CS instead of the attack’s listed stats.",The user falls below 50% Hit Points,,Defensive,"Scene - Reaction
Keywords - Defensive
Trigger - The user falls below 50% Hit Points
Connection - Shell Smash. 
Effect: The user may use Shell Smash as a Free Action, then becomes Enraged.  
Bonus: When the user uses Shell Smash, they may choose to instead increase Defense and Special Defense by +3 CS instead of the attack’s listed stats."
Edged Leaf,Scene - Swift Action,"Effect: Targets hit by the Triggering Attack become Wounded.
Bonus: The user's Physical Melee Attacks have a 17+ Effect Range to inflict Wounded on all Targets. The user's Wounded Effect Ranges (Excluding the one granted by Edged Leaf) are increased by +2.  ",The user hits a Grass Type Melee Attack,,,"Scene - Swift Action
Trigger - The user hits a Grass Type Melee Attack
Effect: Targets hit by the Triggering Attack become Wounded.
Bonus: The user's Physical Melee Attacks have a 17+ Effect Range to inflict Wounded on all Targets. The user's Wounded Effect Ranges (Excluding the one granted by Edged Leaf) are increased by +2.  "
Effect Spore,At-Will - Reaction,"Effect: The Triggering Enemy must pass a Standard CR (2) Athletics Check or else they roll a d3. If the user is Tier 2, it becomes a Tough CR (3) Athletics Check. If the user is Tier 3, they also have a Bane to the Skill Check. When they roll the d3, on a 1, they become Poisoned. On a 2, they become Paralyzed. On a 3, they become Drowsy. ",An Enemy ends their Turn Adjacent to the user or hits them with an Attack while Adjacent to them,,Defensive,"At-Will - Reaction
Keywords - Defensive
Trigger - An Enemy ends their Turn Adjacent to the user or hits them with an Attack while Adjacent to them
Effect: The Triggering Enemy must pass a Standard CR (2) Athletics Check or else they roll a d3. If the user is Tier 2, it becomes a Tough CR (3) Athletics Check. If the user is Tier 3, they also have a Bane to the Skill Check. When they roll the d3, on a 1, they become Poisoned. On a 2, they become Paralyzed. On a 3, they become Drowsy. "
Eggscellence,Static,"Connection - Barrage. 
Effect: When using Barrage or Egg Bomb, the user may use their HP Stat Value (Not Hit Points) as an Offensive Stat. On a 15+, these Attacks deal Damage as if it were one step more effective.",,,,"Static
Connection - Barrage. 
Effect: When using Barrage or Egg Bomb, the user may use their HP Stat Value (Not Hit Points) as an Offensive Stat. On a 15+, these Attacks deal Damage as if it were one step more effective."
Electric Surge,Scene - Swift Action,"Connection - Electric Terrain. 
Effect: You may use Electric Terrain as a Free Action, however it only lasts until the end of the next Round. 
Bonus: At the end of the Round, if the Weather is Thunderstorm, you may use a Reaction to gain +1 CS in a Stat of your choice.",,,,"Scene - Swift Action
Connection - Electric Terrain. 
Effect: You may use Electric Terrain as a Free Action, however it only lasts until the end of the next Round. 
Bonus: At the end of the Round, if the Weather is Thunderstorm, you may use a Reaction to gain +1 CS in a Stat of your choice."
Electrodash,At-Will - Swift Action,"Effect: The Triggering Attack has a 17+ Effect Range to Paralyze all Targets and may be treated as if it were Electric Type. 
Bonus: While the Weather is Thunderstorm, the user has +3 to their Movement Value, cannot be Slowed and cannot trigger Attacks of Opportunity via movement. ",The user uses a Dash Attack,,,"At-Will - Swift Action
Trigger - The user uses a Dash Attack
Effect: The Triggering Attack has a 17+ Effect Range to Paralyze all Targets and may be treated as if it were Electric Type. 
Bonus: While the Weather is Thunderstorm, the user has +3 to their Movement Value, cannot be Slowed and cannot trigger Attacks of Opportunity via movement. "
Electromorphosis,At-Will - Reaction,"Effect: After Damage Resolution, note the amount of Damage taken by the user. This noted number is halved (Rounded Up) and added as Plasma Counters. 
Bonus: As a Swift Action when hitting an Electric Type Damaging Attack, you may expend any number of Plasma Counters the user has and add that as a Damage Modifier to the Attack’s Damage Calculations.",The user is hit by a Melee or Physical Attack,,Defensive,"At-Will - Reaction
Keywords - Defensive
Trigger - The user is hit by a Melee or Physical Attack
Effect: After Damage Resolution, note the amount of Damage taken by the user. This noted number is halved (Rounded Up) and added as Plasma Counters. 
Bonus: As a Swift Action when hitting an Electric Type Damaging Attack, you may expend any number of Plasma Counters the user has and add that as a Damage Modifier to the Attack’s Damage Calculations."
Emperor's Ego,Scene x2 - Reaction,"Effect: The user gains +2 CS in a Stat of their Choice
Bonus: The user's Damaging Attacks are always treated as Super Effective against Ice Type Pokemon, ignoring Type Effectiveness. ",The user gains a Mental Affliction,,,"Scene x2 - Reaction
Trigger - The user gains a Mental Affliction
Effect: The user gains +2 CS in a Stat of their Choice
Bonus: The user's Damaging Attacks are always treated as Super Effective against Ice Type Pokemon, ignoring Type Effectiveness. "
Enduring Rage,At-Will - Reaction,"Effect: The user becomes Enraged.  
Bonus: While the user is Enraged, they faint when they reach -25% of their Maximum Hit Points instead of 0. While the user is Enraged, they gain Damage Reduction equal to their Tier Value.  ",The user drops below 50% Hit Points or is hit by a Critical Hit,,,"At-Will - Reaction
Trigger - The user drops below 50% Hit Points or is hit by a Critical Hit
Effect: The user becomes Enraged.  
Bonus: While the user is Enraged, they faint when they reach -25% of their Maximum Hit Points instead of 0. While the user is Enraged, they gain Damage Reduction equal to their Tier Value.  "
Energy Leech,Scene x2 - Swift Action,"Effect: The Triggering Attack is treated as having the Drain Keyword. The user then becomes Slowed. If the user is at Maximum Hit Points when Energy Leech is used, one Target that was hit by the Triggering Attack loses -2 CS in a chosen Stat, then the user gains +2 CS in the same Stat. ",The user hits an Attack on an Adjacent Enemy,,,"Scene x2 - Swift Action
Trigger - The user hits an Attack on an Adjacent Enemy
Effect: The Triggering Attack is treated as having the Drain Keyword. The user then becomes Slowed. If the user is at Maximum Hit Points when Energy Leech is used, one Target that was hit by the Triggering Attack loses -2 CS in a chosen Stat, then the user gains +2 CS in the same Stat. "
Enfeebling Lips,Static,"Connection - Lovely Kiss. 
Effect: Choose a Stat. If the Triggering Attack hit, the Stat will be lowered by -1 CS. If the Attack was Status Category, it is instead lowered by -2 CS on a hit or -1 CS on a Miss. CS can only be lowered by this Ability once per Round. ",The user performs a Melee Attack or uses Lovely Kiss,,,"Static
Trigger - The user performs a Melee Attack or uses Lovely Kiss
Connection - Lovely Kiss. 
Effect: Choose a Stat. If the Triggering Attack hit, the Stat will be lowered by -1 CS. If the Attack was Status Category, it is instead lowered by -2 CS on a hit or -1 CS on a Miss. CS can only be lowered by this Ability once per Round. "
Fabulous Trim,Static,"Effect: Furfrou’s Ability depends on its current Hairstyle. It’s hairstyle may be changed as an Extended Action by someone with expertise in pokemon grooming such as a hair parlor. 

Dandy Trim - Analytic
Debutante Trim - Rally
Diamond Trim - Defiant
Heart Trim - Beautiful
Kabuki Trim - Inner Focus
La Reine Trim - Intimidate
Matron Trim - Friend Guard
Pharoah Trim - Regal Challenge
Star Trim - Run Away",,,,"Static
Effect: Furfrou’s Ability depends on its current Hairstyle. It’s hairstyle may be changed as an Extended Action by someone with expertise in pokemon grooming such as a hair parlor. 

Dandy Trim - Analytic
Debutante Trim - Rally
Diamond Trim - Defiant
Heart Trim - Beautiful
Kabuki Trim - Inner Focus
La Reine Trim - Intimidate
Matron Trim - Friend Guard
Pharoah Trim - Regal Challenge
Star Trim - Run Away"
Fade Away,Scene - Reaction,"Effect: The Triggering Attack misses the user, then the user turns Invisible until the start of their next Turn. At the start of their Turn, the user may appear in any space within 3m of where they were when they turned invisible. 
Bonus: While the user is Invisible, they are Untargetable. If the Weather is Foggy, Fade Away may Trigger if the Attacking was from an Adjacent Enemy as well.",The user is hit by an Attack from a non Adjacent Enemy,,Defensive,"Scene - Reaction
Keywords - Defensive
Trigger - The user is hit by an Attack from a non Adjacent Enemy
Effect: The Triggering Attack misses the user, then the user turns Invisible until the start of their next Turn. At the start of their Turn, the user may appear in any space within 3m of where they were when they turned invisible. 
Bonus: While the user is Invisible, they are Untargetable. If the Weather is Foggy, Fade Away may Trigger if the Attacking was from an Adjacent Enemy as well."
Fated Love,Scene - Swift Action,"Effect: The user chooses one ally or themself. The Target becomes Entranced with the chosen Combatant as their Fixation. 
Bonus: While an Enemy is Entranced with the user as their Fixation, the effects of the affliction apply to them regardless if the user is within 3m of them.",,An Enemy within 3m,,"Scene - Swift Action
Target - An Enemy within 3m
Effect: The user chooses one ally or themself. The Target becomes Entranced with the chosen Combatant as their Fixation. 
Bonus: While an Enemy is Entranced with the user as their Fixation, the effects of the affliction apply to them regardless if the user is within 3m of them."
Fiery Crash,Static,"Effect: Whenever the user uses an Attack with the Dash keyword, they may either increase that Attack’s Damage Base by +2, or change the Attack to be Fire Type if it was not already. All Attacks with the Dash keyword performed as Fire Typed burn their target on 17+, or increase the effect range by +2 if they could already inflict Burn. The user ignores the Recoil Keyword on Fire Type Attacks.",,,,"Static
Effect: Whenever the user uses an Attack with the Dash keyword, they may either increase that Attack’s Damage Base by +2, or change the Attack to be Fire Type if it was not already. All Attacks with the Dash keyword performed as Fire Typed burn their target on 17+, or increase the effect range by +2 if they could already inflict Burn. The user ignores the Recoil Keyword on Fire Type Attacks."
Fiery Soul,Static,"Effect: When the user enters the Field, they summon a Fiery Soul Token within an Adjacent Space. This Token cannot be Targeted, may move up to 5m as a Free Action on the user's Turn, and is removed from the Field when the user faints or is recalled. The user may originate Manipulate Maneuvers, Fire Type Attacks or Sonic Attacks from the space their Fiery Soul Token is in. If you or an Ally are adjacent to the Token, they have a bonus to Save Checks equal to your Tier Level. ",,,,"Static
Effect: When the user enters the Field, they summon a Fiery Soul Token within an Adjacent Space. This Token cannot be Targeted, may move up to 5m as a Free Action on the user's Turn, and is removed from the Field when the user faints or is recalled. The user may originate Manipulate Maneuvers, Fire Type Attacks or Sonic Attacks from the space their Fiery Soul Token is in. If you or an Ally are adjacent to the Token, they have a bonus to Save Checks equal to your Tier Level. "
Flame Body,At-Will - Reaction,"Effect: The Triggering Enemy either becomes Burned. If the Trigger was being hit with an Attack and the Triggering Enemy is already Burned, they cannot cure the Affliction during their next Save Check. ",An Enemy ends their Turn Adjacent to the user or hits them with an Attack while Adjacent to them,,Defensive,"At-Will - Reaction
Keywords - Defensive
Trigger - An Enemy ends their Turn Adjacent to the user or hits them with an Attack while Adjacent to them
Effect: The Triggering Enemy either becomes Burned. If the Trigger was being hit with an Attack and the Triggering Enemy is already Burned, they cannot cure the Affliction during their next Save Check. "
Flaming Shot,Scene x2 - Movement Action,"Effect: Instead of the Attack being a straight line, at any point in the Line, it can shift one space off the straight line, then it must continue straight the rest of the range.
Bonus: If the user has higher Speed than a Target of its Fire Type Damaging Attack, they cannot apply Speed Evasion against it. The user may use Fire Type Damaging Attacks as if their Range was Line 6",The user uses a Fire Type Attack with the Line Range,,,"Scene x2 - Movement Action
Trigger - The user uses a Fire Type Attack with the Line Range
Effect: Instead of the Attack being a straight line, at any point in the Line, it can shift one space off the straight line, then it must continue straight the rest of the range.
Bonus: If the user has higher Speed than a Target of its Fire Type Damaging Attack, they cannot apply Speed Evasion against it. The user may use Fire Type Damaging Attacks as if their Range was Line 6"
Flaming Wrath,Static,"Effect: For each Tick of Hit Points the user is missing, the user gains a +5 Bonus to Damage Rolls for Fire Type Attacks. This Damage Bonus cannot exceed double the user’s Tier Value. While the user is below 50% of their Max Hit Points, their Damaging Attacks ignore the Recoil Keyword. ",,,,"Static
Effect: For each Tick of Hit Points the user is missing, the user gains a +5 Bonus to Damage Rolls for Fire Type Attacks. This Damage Bonus cannot exceed double the user’s Tier Value. While the user is below 50% of their Max Hit Points, their Damaging Attacks ignore the Recoil Keyword. "
Flames of Justice,Scene x2 - Swift Action,"Connection - Armor Cannon. 
Effect: The Triggering Attack’s Range is changed to Line X, where X is the meters of the original Range. You may instead change the Range to Close Blast Y, Smite, but may only do so once per Scene and the user becomes Vulnerable Attack Resolution until the end of the next Round. Y is equal to half the Value of X rounded down.","The user uses a Fire or Psychic Type Attack with a range of X, 1 Target",,,"Scene x2 - Swift Action
Trigger - The user uses a Fire or Psychic Type Attack with a range of X, 1 Target
Connection - Armor Cannon. 
Effect: The Triggering Attack’s Range is changed to Line X, where X is the meters of the original Range. You may instead change the Range to Close Blast Y, Smite, but may only do so once per Scene and the user becomes Vulnerable Attack Resolution until the end of the next Round. Y is equal to half the Value of X rounded down."
Flavorful Aroma,At-Will - Swift Action,"Effect: Choose one of the following Aroma Scents. Sweet, Spicy, Floral, Fruity. The modifier of this Ability’s Bonus Effect is dependent on the chosen Scent. If it is Sweet, the Modifier is to Effect Ranges. If it is Spicy, the Modifier is to Critical Hit Range. If it is Floral, it is to Save Checks. If it is Fruity, it is to Accuracy Rolls. 
Bonus: The user and all allies within 3m have a Modifier to a Combat Value depending on the user’s current Aroma Scent equal to your Tier Level. As an Extended Action you may choose a Scent to start the Scene with.",,,,"At-Will - Swift Action
Effect: Choose one of the following Aroma Scents. Sweet, Spicy, Floral, Fruity. The modifier of this Ability’s Bonus Effect is dependent on the chosen Scent. If it is Sweet, the Modifier is to Effect Ranges. If it is Spicy, the Modifier is to Critical Hit Range. If it is Floral, it is to Save Checks. If it is Fruity, it is to Accuracy Rolls. 
Bonus: The user and all allies within 3m have a Modifier to a Combat Value depending on the user’s current Aroma Scent equal to your Tier Level. As an Extended Action you may choose a Scent to start the Scene with."
Floral Bloom,Scene - Swift Action,"Effect: The user may only use Floral Bloom if the Weather is Sunny or they’re below 50% Hit Points. When Activated, choose two Stats. You gain +2 CS to the chosen Stats and all Allies within 3m of you gain +1 CS in the chosen Stats. You may also choose HP and if you do, you gain 3 Ticks of Temporary Hit Points and Allies gain 2 Ticks of Temporary Hit Points.
Bonus: While the Weather is Sunny, Grass Type Attacks you have are treated as having the Priority (Limited) Keyword.",,,,"Scene - Swift Action
Effect: The user may only use Floral Bloom if the Weather is Sunny or they’re below 50% Hit Points. When Activated, choose two Stats. You gain +2 CS to the chosen Stats and all Allies within 3m of you gain +1 CS in the chosen Stats. You may also choose HP and if you do, you gain 3 Ticks of Temporary Hit Points and Allies gain 2 Ticks of Temporary Hit Points.
Bonus: While the Weather is Sunny, Grass Type Attacks you have are treated as having the Priority (Limited) Keyword."
Flower Power,Static,"Effect: The user may perform damaging Grass Type Attacks as if they were their choice of either Physical or Special. If the Weather is Sunny, the user’s Grass Type Damaging Attacks cannot be resisted by Type Effectiveness.",,,,"Static
Effect: The user may perform damaging Grass Type Attacks as if they were their choice of either Physical or Special. If the Weather is Sunny, the user’s Grass Type Damaging Attacks cannot be resisted by Type Effectiveness."
Flower Veil,Static,"Effect: The user and Allies within 2m cannot have their Combat Stages lowered by any source other than themselves. If the Weather is Sunny, the user and Allies within this range have a bonus to Evasion equal to your Tier Level. ",,,Defensive,"Static
Keywords - Defensive
Effect: The user and Allies within 2m cannot have their Combat Stages lowered by any source other than themselves. If the Weather is Sunny, the user and Allies within this range have a bonus to Evasion equal to your Tier Level. "
Fluffy,Static,"Effect: The user resists Melee Attacks by an additional Damage Step. The user is considered to be Weak against Fire Type Attacks, ignoring Type Effectiveness. The user cannot cure the Burn Affliction through Save Checks. If the user would already be weak to Fire Type Attacks, they cannot apply Evasion against them. ",,,Defensive,"Static
Keywords - Defensive
Effect: The user resists Melee Attacks by an additional Damage Step. The user is considered to be Weak against Fire Type Attacks, ignoring Type Effectiveness. The user cannot cure the Burn Affliction through Save Checks. If the user would already be weak to Fire Type Attacks, they cannot apply Evasion against them. "
Fluffy Charge,Scene - Movement Action,"Connection - Charge. 
Effect: You may use Charge as a Free Action, frequency permitting. You may use either the Versatile Effect or the normal Effect. If you use the Versatile Effect, Fluffy Charge’s Frequency isn’t expended.
Bonus: When the user ends their Turn in Thunderstorm Weather, they restore a Tick of Hit Points.",The user uses a self-targeting Attack or an Electric Status Attack that is not Charge,,,"Scene - Movement Action
Trigger - The user uses a self-targeting Attack or an Electric Status Attack that is not Charge
Connection - Charge. 
Effect: You may use Charge as a Free Action, frequency permitting. You may use either the Versatile Effect or the normal Effect. If you use the Versatile Effect, Fluffy Charge’s Frequency isn’t expended.
Bonus: When the user ends their Turn in Thunderstorm Weather, they restore a Tick of Hit Points."
Flying Fly Trap,Static,Effect: The user is Immune to Bug and Ground Type Attacks. The user’s Melee Attacks are one step more Effective against Bug Type Pokemon (Max 1.5x Effectiveness). ,,,Defensive,"Static
Keywords - Defensive
Effect: The user is Immune to Bug and Ground Type Attacks. The user’s Melee Attacks are one step more Effective against Bug Type Pokemon (Max 1.5x Effectiveness). "
Focused Membrane,Scene x2 - Swift Action,"Effect: Make a Perception or Intuition Check. Depending on the results, the user gains bonuses to their next Attack against the Target. An Enemy can only be affected this way once per Scene.
2+ Successes - They've Vulnerable against the Attack
4+ Successes - They cannot resist the Attack other than through Smite.
6+ Successes - If it is Damaging, it is automatically a Critical Hit",,An Enemy within 5m,,"Scene x2 - Swift Action
Target - An Enemy within 5m
Effect: Make a Perception or Intuition Check. Depending on the results, the user gains bonuses to their next Attack against the Target. An Enemy can only be affected this way once per Scene.
2+ Successes - They've Vulnerable against the Attack
4+ Successes - They cannot resist the Attack other than through Smite.
6+ Successes - If it is Damaging, it is automatically a Critical Hit"
Forecast,At-Will - Reaction,"Effect: The user changes their Type to the Type of the Triggering Attack. 
Bonus: The user’s Normal Type Attacks may deal damage as if they were the user’s Type instead.",An Attack with the Field Keyword is used,,,"At-Will - Reaction
Trigger - An Attack with the Field Keyword is used
Effect: The user changes their Type to the Type of the Triggering Attack. 
Bonus: The user’s Normal Type Attacks may deal damage as if they were the user’s Type instead."
Forest Lord,Scene x3 - Movement Action,"Effect: The user grows a Tree Hazard on one space within 8m of the user whose appearance is dependent on the terrain. The Tree is considered Large Blocking Terrain.
Bonus: The user may originate any Grass or Ghost Type Attacks or Tactic Maneuvers from a Tree within 8m of them. The user is considered to occupy all spaces their Tree Hazards are in.",,,,"Scene x3 - Movement Action
Effect: The user grows a Tree Hazard on one space within 8m of the user whose appearance is dependent on the terrain. The Tree is considered Large Blocking Terrain.
Bonus: The user may originate any Grass or Ghost Type Attacks or Tactic Maneuvers from a Tree within 8m of them. The user is considered to occupy all spaces their Tree Hazards are in."
Forewarn,At-Will - Free Action,"Effect: The Attack with the highest Damage Base the Target has on their Attack List becomes Forewarned until the end of the Scene. When an Attack is Forewarned, it is communicated to the Players that it is on their Attack List. If an Enemy is Targeted multiple times, their next highest or a random Attack is Forewarned. Forewarn may only be used once per Round.
Bonus: You and Allies have a bonus to Evasion equal to your Tier Level against Forewarned Attacks. You may perform Analyze Maneuvers as a Free Action once per Round. ",,An Enemy within 5m,,"At-Will - Free Action
Target - An Enemy within 5m
Effect: The Attack with the highest Damage Base the Target has on their Attack List becomes Forewarned until the end of the Scene. When an Attack is Forewarned, it is communicated to the Players that it is on their Attack List. If an Enemy is Targeted multiple times, their next highest or a random Attack is Forewarned. Forewarn may only be used once per Round.
Bonus: You and Allies have a bonus to Evasion equal to your Tier Level against Forewarned Attacks. You may perform Analyze Maneuvers as a Free Action once per Round. "
Fox Fire,Scene - Swift Action,"Connection - Will-O-Wisp. 
Effect: When this Ability is activated, the user must expend a Wisp Counter, then they may use a Fire or Ghost Type Status Attack as a Free Action. If they instead expend 3 Wisp Counters, the Frequency of this Ability isn't expended.
Bonus: Whenever the user uses a Fire or Ghost Type Attack as a Standard Action, they gain a Wisp Counter (Max 3) at the end of their Turn. On a 16+ on the qualifying Attack, they instead gain +2 Wisp Counters (This counts as an Effect Range). ",,,,"Scene - Swift Action
Connection - Will-O-Wisp. 
Effect: When this Ability is activated, the user must expend a Wisp Counter, then they may use a Fire or Ghost Type Status Attack as a Free Action. If they instead expend 3 Wisp Counters, the Frequency of this Ability isn't expended.
Bonus: Whenever the user uses a Fire or Ghost Type Attack as a Standard Action, they gain a Wisp Counter (Max 3) at the end of their Turn. On a 16+ on the qualifying Attack, they instead gain +2 Wisp Counters (This counts as an Effect Range). "
Friend Guard,Scene x2 - Reaction,"Effect: They resist it by an additional damage step. 
Bonus: Allies that are adjacent to the user have Damage Reduction equal to your Tier Value while they’re adjacent to you. This cannot stack with other instances of Friend Guard. ",An Adjacent Ally is hit by a Damaging Attack,,Defensive,"Scene x2 - Reaction
Keywords - Defensive
Trigger - An Adjacent Ally is hit by a Damaging Attack
Effect: They resist it by an additional damage step. 
Bonus: Allies that are adjacent to the user have Damage Reduction equal to your Tier Value while they’re adjacent to you. This cannot stack with other instances of Friend Guard. "
Frostbite,Static,"Effect: The user gains a bonus to Chilled Effect Ranges equal to their Tier Level (Excluding the one granted by Frostbite). The user’s Melee Attacks that do not have a Chilled Effect Range gain one at 18+. While an Enemy is Chilled by you and they’re hit by an Attack, they lose a Tick of Hit Points. An Enemy cannot lose more than 3 Ticks this way per Round.  ",,,,"Static
Effect: The user gains a bonus to Chilled Effect Ranges equal to their Tier Level (Excluding the one granted by Frostbite). The user’s Melee Attacks that do not have a Chilled Effect Range gain one at 18+. While an Enemy is Chilled by you and they’re hit by an Attack, they lose a Tick of Hit Points. An Enemy cannot lose more than 3 Ticks this way per Round.  "
Gale Surge,At-Will- Swift Action,"Effect: After the Triggering Attack is resolved, choose any number of Targets of the Triggering Attack to Slide up to 3m away from you.
Bonus: The user’s Flying Type Attacks have their Areas of Effect increased by +1. If it's 1-Target, they may instead be used as if they were Blast 2, if desired.",The user hits a Flying Attack,,,"At-Will- Swift Action
Trigger - The user hits a Flying Attack
Effect: After the Triggering Attack is resolved, choose any number of Targets of the Triggering Attack to Slide up to 3m away from you.
Bonus: The user’s Flying Type Attacks have their Areas of Effect increased by +1. If it's 1-Target, they may instead be used as if they were Blast 2, if desired."
Gale Wings,Static,"Effect: The user may perform Flying Type Attacks as if they had the Priority Keyword. While the Weather is Windy, the user cannot trigger Attacks of Opportunity or be Slowed.",,,,"Static
Effect: The user may perform Flying Type Attacks as if they had the Priority Keyword. While the Weather is Windy, the user cannot trigger Attacks of Opportunity or be Slowed."
Gentle Vibe,Scene - Swift Action,"Effect: The user and all Allies within 3m may either cure a Mental Affliction or have their CS reset to their Default Values
Bonus: The user and adjacent allies have a bonus to Save Checks equal to your Tier Level if they’re suffering from a Mental Affliction.",,,,"Scene - Swift Action
Effect: The user and all Allies within 3m may either cure a Mental Affliction or have their CS reset to their Default Values
Bonus: The user and adjacent allies have a bonus to Save Checks equal to your Tier Level if they’re suffering from a Mental Affliction."
Giver,Scene x2 - Swift Action,"Connection - Present. 
Effect: If the user targeted an enemy, the DB is automatically 10 without rolling. If the user targeted an ally, they gain 3 additional Temporary Ticks of Hit Points",The user uses Present,,,"Scene x2 - Swift Action
Trigger - The user uses Present
Connection - Present. 
Effect: If the user targeted an enemy, the DB is automatically 10 without rolling. If the user targeted an ally, they gain 3 additional Temporary Ticks of Hit Points"
Good As Gold,Scene - Standard Action,"Effect: The user gains a Golden Coat. While the user is affected by the Golden Coat, they are resistant to all Damage by an additional Damage Step. The Golden Coat is removed if the user is Critically Hit, hit by an Attack that would be Super Effective or drops below 50% Hit Points. 
Bonus: The user is Immune to Enemy Status Attacks. ",,,Defensive,"Scene - Standard Action
Keywords - Defensive
Effect: The user gains a Golden Coat. While the user is affected by the Golden Coat, they are resistant to all Damage by an additional Damage Step. The Golden Coat is removed if the user is Critically Hit, hit by an Attack that would be Super Effective or drops below 50% Hit Points. 
Bonus: The user is Immune to Enemy Status Attacks. "
Gooey,At-Will - Reaction,"Effect: The Triggering Enemy becomes Slowed and loses -2 CS in Speed. If they are already Slowed, they cannot cure it during their next Save Check. ",The user is Targeted with an Attack by an Adjacent Enemy,,Defensive,"At-Will - Reaction
Keywords - Defensive
Trigger - The user is Targeted with an Attack by an Adjacent Enemy
Effect: The Triggering Enemy becomes Slowed and loses -2 CS in Speed. If they are already Slowed, they cannot cure it during their next Save Check. "
Gore,Scene x2 - Swift Action,"Effect: The Wounded Affliction cannot be cured via Save Checks during their next Save Check, then the Target loses -2 CS in Defense. 
Bonus: The user’s Melee Attacks gain a 17+ Effect Range to cause their Targets to become Wounded.",The user hits an Enemy with the Wounded Affliction,,,"Scene x2 - Swift Action
Trigger - The user hits an Enemy with the Wounded Affliction
Effect: The Wounded Affliction cannot be cured via Save Checks during their next Save Check, then the Target loses -2 CS in Defense. 
Bonus: The user’s Melee Attacks gain a 17+ Effect Range to cause their Targets to become Wounded."
Gorilla Tactics,Scene - Swift Action ,"Effect: The user becomes Enraged and Suppressed and gains +2 CS in Attack or Special Attack. 
Bonus: The user adds a 1d6 Bonus to Damage Rolls for At-Will or Melee Attacks. For each ally that is adjacent to the user, they add an additional 1d6. If the user is Tier 3, these are increased to 2d6 instead. ",,,,"Scene - Swift Action 
Effect: The user becomes Enraged and Suppressed and gains +2 CS in Attack or Special Attack. 
Bonus: The user adds a 1d6 Bonus to Damage Rolls for At-Will or Melee Attacks. For each ally that is adjacent to the user, they add an additional 1d6. If the user is Tier 3, these are increased to 2d6 instead. "
Grass Pelt,Scene - Reaction,"Effect: The Triggering Attack instead misses. After the Attack’s resolution, the user loses the Grass Type for the remainder of the Scene. If the user would have no Type after this, the user is treated as Normal Type. 
Bonus: While the user has the Grass Type or if the Weather is Sunny, the user has Damage Reduction equal to their Tier Value. ",The user is hit with a Super Effective Attack,,Defensive,"Scene - Reaction
Keywords - Defensive
Trigger - The user is hit with a Super Effective Attack
Effect: The Triggering Attack instead misses. After the Attack’s resolution, the user loses the Grass Type for the remainder of the Scene. If the user would have no Type after this, the user is treated as Normal Type. 
Bonus: While the user has the Grass Type or if the Weather is Sunny, the user has Damage Reduction equal to their Tier Value. "
Grassy Surge,Scene - Swift Action,"Connection - Grassy Terrain. 
Effect: You may use Grassy Terrain as a Free Action, however it only lasts until the end of the next Round
Bonus: At the end of the Round, if the Weather is Sunny, you may use a Reaction to gain +1 CS in a Stat of your choice.",,,,"Scene - Swift Action
Connection - Grassy Terrain. 
Effect: You may use Grassy Terrain as a Free Action, however it only lasts until the end of the next Round
Bonus: At the end of the Round, if the Weather is Sunny, you may use a Reaction to gain +1 CS in a Stat of your choice."
Guard Dog,At-Will - Free Action,"Effect: The Target becomes your Escort. You may only have one Escort at a time.
Bonus: While you are adjacent to your Escort, they cannot be Targeted by Ranged 1 Target Attacks. While Adjacent, if they were to be Targeted by any Attack, you may use a Reaction to become the Target instead, then you and the Escort slide into each other's spaces. Whenever your Escort moves, you may Slide into a space that is adjacent to them. 
",,An Ally within 5m,Defensive,"At-Will - Free Action
Keywords - Defensive
Target - An Ally within 5m
Effect: The Target becomes your Escort. You may only have one Escort at a time.
Bonus: While you are adjacent to your Escort, they cannot be Targeted by Ranged 1 Target Attacks. While Adjacent, if they were to be Targeted by any Attack, you may use a Reaction to become the Target instead, then you and the Escort slide into each other's spaces. Whenever your Escort moves, you may Slide into a space that is adjacent to them. 
"
Guts,At-Will - Reaction,"Effect: After the Trigger resolves, the user gains +1 CS in Attack or Defense.
Bonus: While the user has a Physical Affliction, they. have a bonus to Damage Rolls equal to their Tier Value.",The user is hit by an Attack or gains a Physical Affliction,,,"At-Will - Reaction
Trigger - The user is hit by an Attack or gains a Physical Affliction
Effect: After the Trigger resolves, the user gains +1 CS in Attack or Defense.
Bonus: While the user has a Physical Affliction, they. have a bonus to Damage Rolls equal to their Tier Value."
Haunting Spirit,Scene - Free Action,"Effect: The Triggering Enemy becomes Cursed.   
Bonus: Enemies that are Cursed as a result of you gain the Haunted Condition while Cursed. Allies of an Haunted Enemy are treated as having the Cursed Affliction while they're within 2m of them.",The user would Faint from a Damaging Attack,,,"Scene - Free Action
Trigger - The user would Faint from a Damaging Attack
Effect: The Triggering Enemy becomes Cursed.   
Bonus: Enemies that are Cursed as a result of you gain the Haunted Condition while Cursed. Allies of an Haunted Enemy are treated as having the Cursed Affliction while they're within 2m of them."
Hay Fever,At-Will - Swift Action,"Effect: All Enemies within 2m lose a Tick of Hit Points for each Physical Affliction they're affected by.
Bonus: All Enemies without the Breathless Capability that end their Turn within 2m of the user lose a Tick of Hit Points and have a penalty to Save Checks equal to your Tier Level until the end of their Turn. ","The user uses a Bug, Grass or Poison Type Attack",,,"At-Will - Swift Action
Trigger - The user uses a Bug, Grass or Poison Type Attack
Effect: All Enemies within 2m lose a Tick of Hit Points for each Physical Affliction they're affected by.
Bonus: All Enemies without the Breathless Capability that end their Turn within 2m of the user lose a Tick of Hit Points and have a penalty to Save Checks equal to your Tier Level until the end of their Turn. "
Healer,At-Will - Full Action,"Effect: Choose one Effect to apply to the Target. A Combatant can only be affected by each Effect of Healer once per Scene. The Target is cured of all Status Afflictions. The Target restores 5 Ticks of Hit Points. The Target may use the Respite Maneuver as a Free Action on their next Turn, ignoring its restrictions. ",,An Adjacent Ally,,"At-Will - Full Action
Target - An Adjacent Ally
Effect: Choose one Effect to apply to the Target. A Combatant can only be affected by each Effect of Healer once per Scene. The Target is cured of all Status Afflictions. The Target restores 5 Ticks of Hit Points. The Target may use the Respite Maneuver as a Free Action on their next Turn, ignoring its restrictions. "
Healing Aroma,Scene - Standard Action,"Effect: The Target is revived and is set to 3 Ticks of Hit Points
Bonus: Allies that end their Turn adjacent to the user restore a Tick of Hit Points.",,An Adjacent Fainted Ally,,"Scene - Standard Action
Target - An Adjacent Fainted Ally
Effect: The Target is revived and is set to 3 Ticks of Hit Points
Bonus: Allies that end their Turn adjacent to the user restore a Tick of Hit Points."
Heat Mirage,At-Will- Swift Action,"Connection - Double Team
Effect: The user gains one activation of a Double Team Coat, as if they used the Attack with the Versatile Keyword. If the Triggering Attack was Status Category, instead gain two activations.
Bonus: While the Weather is Sunny, the user has a bonus to Evasion equal to their Tier Level. ",The user uses a Fire Type Attack,,Defensive,"At-Will- Swift Action
Keywords - Defensive
Trigger - The user uses a Fire Type Attack
Connection - Double Team
Effect: The user gains one activation of a Double Team Coat, as if they used the Attack with the Versatile Keyword. If the Triggering Attack was Status Category, instead gain two activations.
Bonus: While the Weather is Sunny, the user has a bonus to Evasion equal to their Tier Level. "
Heliovolt,At-Will - Free Action,"Effect: If the Trigger was hitting an Attack, its Effect is replaced with, “The user gains +1 CS in Attack or Special Attack”. If the Trigger was being hit by an Electric Attack, the user takes no Damage and instead gains +1 CS in Attack or Special Attack. If the Trigger was Weather, the user gains +1 CS in Attack or Special Attack. Heliovolt can only be Triggered twice per Round. ","The user hits an Electric Attack, is hit by an Electric Attack or ends their Turn in Sunny Weather",,Defensive,"At-Will - Free Action
Keywords - Defensive
Trigger - The user hits an Electric Attack, is hit by an Electric Attack or ends their Turn in Sunny Weather
Effect: If the Trigger was hitting an Attack, its Effect is replaced with, “The user gains +1 CS in Attack or Special Attack”. If the Trigger was being hit by an Electric Attack, the user takes no Damage and instead gains +1 CS in Attack or Special Attack. If the Trigger was Weather, the user gains +1 CS in Attack or Special Attack. Heliovolt can only be Triggered twice per Round. "
Helper,At-Will - Free Action,"Connection - Helping Hand. 
Effect: The Targeted Ally gains a bonus to Accuracy, Evasion or Save Checks of your choice equal to your Tier Level until the end of their next Turn. ",The user chooses a single Allly as a Target for an Effect,,,"At-Will - Free Action
Trigger - The user chooses a single Allly as a Target for an Effect
Connection - Helping Hand. 
Effect: The Targeted Ally gains a bonus to Accuracy, Evasion or Save Checks of your choice equal to your Tier Level until the end of their next Turn. "
High Voltage,Static,"Effect: All of the user's Attacks with the Sonic Keyword gain an Effect Range of 15+ whose Effect differs based on the user's Form. If the user is in Amped Form, they gain +1 CS in a chosen Stat. If the user is in Low Key Form, all Targets of the used Attack lose -2 CS in a chosen Stat.  ",,,,"Static
Effect: All of the user's Attacks with the Sonic Keyword gain an Effect Range of 15+ whose Effect differs based on the user's Form. If the user is in Amped Form, they gain +1 CS in a chosen Stat. If the user is in Low Key Form, all Targets of the used Attack lose -2 CS in a chosen Stat.  "
Huge Power,Static,"Effect: The user adds +5 Points to their Attack Stat in the Extras Column. This effect repeats whenever the user reaches Level 20 and every interval after that (20, 40, etc) . If the user is a Trainer, the Level Intervals are Level 4, 8, 12, 16 and 20. The user may use Special Category Attacks as if they were Physical. If they do, their Range is changed to Melee, 1 Target. ",,,Innate,"Static
Keywords - Innate
Effect: The user adds +5 Points to their Attack Stat in the Extras Column. This effect repeats whenever the user reaches Level 20 and every interval after that (20, 40, etc) . If the user is a Trainer, the Level Intervals are Level 4, 8, 12, 16 and 20. The user may use Special Category Attacks as if they were Physical. If they do, their Range is changed to Melee, 1 Target. "
Hunger Switch,At-Will - Swift Action,"Effect: Choose Full Belly Mode or Hangry Mode. The user enters this Mode until the end of the Scene or if this Ability is used again. Hunger Switch can only be used at the start of the user's Turn.
Bonus: While in Full Belly Mode, The user gains two Ticks of Temporary Hit Points at the end of their Turn. While in Hangry Mode, they become Enraged and have a bonus to Critical Hit Ranges equal to your Tier Level. ",,,,"At-Will - Swift Action
Effect: Choose Full Belly Mode or Hangry Mode. The user enters this Mode until the end of the Scene or if this Ability is used again. Hunger Switch can only be used at the start of the user's Turn.
Bonus: While in Full Belly Mode, The user gains two Ticks of Temporary Hit Points at the end of their Turn. While in Hangry Mode, they become Enraged and have a bonus to Critical Hit Ranges equal to your Tier Level. "
Hydration,Scene - Swift Action,"Effect: The user is cured of a Status Affliction. If the user is in Rainy Weather or Ocean Terrain, the Frequency of Hydration isn’t expended. This Ability can only ignore its Frequency twice in a Scene.",,,,"Scene - Swift Action
Effect: The user is cured of a Status Affliction. If the user is in Rainy Weather or Ocean Terrain, the Frequency of Hydration isn’t expended. This Ability can only ignore its Frequency twice in a Scene."
Hyper Cutter,Scene x2 - Swift Action,"Effect: Choose an Effect to apply:
■ A Coat the Target is affected by is destroyed
■ The Triggering Attack has the Unstoppable Keyword
■ The Target loses -2 CS in Defense or Special Defense after Attack Resolution
Bonus: The user’s Attack CS cannot be lowered below their Default CS Value.",The user rolls a Natural 15+ on a Melee Damaging Attack,,,"Scene x2 - Swift Action
Trigger - The user rolls a Natural 15+ on a Melee Damaging Attack
Effect: Choose an Effect to apply:
■ A Coat the Target is affected by is destroyed
■ The Triggering Attack has the Unstoppable Keyword
■ The Target loses -2 CS in Defense or Special Defense after Attack Resolution
Bonus: The user’s Attack CS cannot be lowered below their Default CS Value."
Hypnotic,Scene - Swift Action,"Connection - Hypnosis. 
Effect: Choose another Affliction below to apply to the Drowsy Enemy. When they become Cured of Drowsy, this Affliction is also removed. 
■ Dazed, Enraged, Entranced
Bonus: Whenever the user would inflict Drowsy, they may instead inflict any of the above Afflictions",You inflict the Drowsy Affliction,,,"Scene - Swift Action
Trigger - You inflict the Drowsy Affliction
Connection - Hypnosis. 
Effect: Choose another Affliction below to apply to the Drowsy Enemy. When they become Cured of Drowsy, this Affliction is also removed. 
■ Dazed, Enraged, Entranced
Bonus: Whenever the user would inflict Drowsy, they may instead inflict any of the above Afflictions"
Ice Body,Scene - Swift Action,"Effect: The user restores two Ticks of Hit Points or gains 2 Ticks of Temporary Hit Points or is cured of a Physical Status Affliction. If the user is in Snowy Weather, the Frequency of Ice Body isn’t expended. This Ability can only ignore its Frequency twice in a Scene.",,,,"Scene - Swift Action
Effect: The user restores two Ticks of Hit Points or gains 2 Ticks of Temporary Hit Points or is cured of a Physical Status Affliction. If the user is in Snowy Weather, the Frequency of Ice Body isn’t expended. This Ability can only ignore its Frequency twice in a Scene."
Ice Face,Static,"Effect: The user has two sets of base stats; Ice Face and Noice Face. The Hit Points of both forms must be the same. When the user is in Ice Face Form and is reduced to half Maximum Hit Points or lower, it changes to Noice Form. The user returns to Ice Form while outside of combat if above half Maximum Hit Points.
Bonus: The user begins the battle with two Ticks of Temporary Hit Points. If the user starts their turn in Snowy or Rainy Weather then they gain a Tick of Temporary Hit Points.",,,Innate,"Static
Keywords - Innate
Effect: The user has two sets of base stats; Ice Face and Noice Face. The Hit Points of both forms must be the same. When the user is in Ice Face Form and is reduced to half Maximum Hit Points or lower, it changes to Noice Form. The user returns to Ice Form while outside of combat if above half Maximum Hit Points.
Bonus: The user begins the battle with two Ticks of Temporary Hit Points. If the user starts their turn in Snowy or Rainy Weather then they gain a Tick of Temporary Hit Points."
Ice Shield,Scene - Standard Action,"Effect: The user and all Adjacent Allies are instead not hit by the triggering Attack, do not take any damage, and are not affected by any of the triggering Attack's effects. 
Bonus: As a Swift Action, the user may choose up to 2 Adjacent Spaces to create [Breakable - Dense] Blocking Terrain in. ",The user or an Adjacent Ally are hit with an Attack,,Defensive,"Scene - Standard Action
Keywords - Defensive
Trigger - The user or an Adjacent Ally are hit with an Attack
Effect: The user and all Adjacent Allies are instead not hit by the triggering Attack, do not take any damage, and are not affected by any of the triggering Attack's effects. 
Bonus: As a Swift Action, the user may choose up to 2 Adjacent Spaces to create [Breakable - Dense] Blocking Terrain in. "
Illuminate,Static,"Connection - Flash. 
Effect: Attacks that Target the user have a penalty to Accuracy against them equal to your Tier Level (Doesn’t apply to other Targets). This penalty is doubled if the Attacker is adjacent to the user. This does not affect attackers with the Blindsense Capability. ",,,Defensive,"Static
Keywords - Defensive
Connection - Flash. 
Effect: Attacks that Target the user have a penalty to Accuracy against them equal to your Tier Level (Doesn’t apply to other Targets). This penalty is doubled if the Attacker is adjacent to the user. This does not affect attackers with the Blindsense Capability. "
Illusion,Scene - Free Action,"Connection - Double Team
Effect: The user gains an Illusion Coat. While they have an Illusion Coat, they may take the appearance of the Target. Any Combatant who fails an Intuition or Perception Check opposed by your Guile or Stealth will treat you as if you were that Target. Whenever you take Damage, the Illusion Coat is expended. *Grants Illusionist
Bonus: If the user has a Double Team Coat, they may destroy their Illusion Coat to use the Effects of the Double Team Coat without expending an activation.",A Scene starts,A Combatant within 10m,,"Scene - Free Action
Trigger - A Scene starts
Target - A Combatant within 10m
Connection - Double Team
Effect: The user gains an Illusion Coat. While they have an Illusion Coat, they may take the appearance of the Target. Any Combatant who fails an Intuition or Perception Check opposed by your Guile or Stealth will treat you as if you were that Target. Whenever you take Damage, the Illusion Coat is expended. *Grants Illusionist
Bonus: If the user has a Double Team Coat, they may destroy their Illusion Coat to use the Effects of the Double Team Coat without expending an activation."
Imposter,Scene - Free Action,"Effect: If the user is not Transformed, they may trigger Imposter to use Transform as a Free Action.",,,Innate,"Scene - Free Action
Keywords - Innate
Effect: If the user is not Transformed, they may trigger Imposter to use Transform as a Free Action."
Infiltrator,At-Will - Swift Action + Reaction,"Effect: Until the start of their next Turn, the user becomes Untargetable. Enemies ignore this Effect while they're within 3m of the user.
Bonus: The user ignores the Effects of Hazards and Terrain they move through. ",,,,"At-Will - Swift Action + Reaction
Effect: Until the start of their next Turn, the user becomes Untargetable. Enemies ignore this Effect while they're within 3m of the user.
Bonus: The user ignores the Effects of Hazards and Terrain they move through. "
Ink Spray,Scene x2 - Swift Action,"Effect: All Targets hit by the Triggering Attack gain an Ink Coat. Enemies with an Ink Coat have a penalty to Accuracy equal to your Tier Level. Ink Coats may be removed as a Swift+Movement Action.
Bonus: The user's Poison Type Attacks have a 15+ Effect Range to cause Targets hit by the Attack to gain an Ink Coat. ",You hit an Enemy with an Adjacent Attack or a Poison Type Attack,,,"Scene x2 - Swift Action
Trigger - You hit an Enemy with an Adjacent Attack or a Poison Type Attack
Effect: All Targets hit by the Triggering Attack gain an Ink Coat. Enemies with an Ink Coat have a penalty to Accuracy equal to your Tier Level. Ink Coats may be removed as a Swift+Movement Action.
Bonus: The user's Poison Type Attacks have a 15+ Effect Range to cause Targets hit by the Attack to gain an Ink Coat. "
Innards Out,Scene - Reaction,"Effect: The user resists the triggering attack one step further. After the attack is resolved, an Enemy within 2 meters loses Hit Points equal to twice the amount of Hit Points lost by the user from the triggering attack, even if the triggering attack caused the user to Faint. ",The user is hit by a Damaging Attack,,Defensive,"Scene - Reaction
Keywords - Defensive
Trigger - The user is hit by a Damaging Attack
Effect: The user resists the triggering attack one step further. After the attack is resolved, an Enemy within 2 meters loses Hit Points equal to twice the amount of Hit Points lost by the user from the triggering attack, even if the triggering attack caused the user to Faint. "
Inner Focus,Static,"Effect: The user has a bonus to Save Checks equal to their Tier Level. The user may perform a Respite Maneuver as a Standard Action, ignoring the negative effects of the Maneuver and they may instead choose two of the effects to apply. These negative effects include being unable to use it while there are enemies within 3m, having their positive CS set to default value, and becoming Vulnerable.",,,,"Static
Effect: The user has a bonus to Save Checks equal to their Tier Level. The user may perform a Respite Maneuver as a Standard Action, ignoring the negative effects of the Maneuver and they may instead choose two of the effects to apply. These negative effects include being unable to use it while there are enemies within 3m, having their positive CS set to default value, and becoming Vulnerable."
Interference,At-Will - Reaction,"Effect: The Enemy has a penalty to the Triggering roll equal to your Tier Level.
Bonus: The user may perform Hinder Maneuvers as if they were 5, 1 Target and may use their Focus Skill when making opposed checks. ",An Enemy within 3m would perform a Save Check or Accuracy Roll,,,"At-Will - Reaction
Trigger - An Enemy within 3m would perform a Save Check or Accuracy Roll
Effect: The Enemy has a penalty to the Triggering roll equal to your Tier Level.
Bonus: The user may perform Hinder Maneuvers as if they were 5, 1 Target and may use their Focus Skill when making opposed checks. "
Intimidate,At-Will - Reaction,"Effect: The Triggering Enemy loses -1 CS in Attack or Special Attack of your choice. If they ended their Turn Adjacent to the user, they instead lose -2 CS in Attack or Special Attack. ",An Enemy ends their Turn within 3m of you,,,"At-Will - Reaction
Trigger - An Enemy ends their Turn within 3m of you
Effect: The Triggering Enemy loses -1 CS in Attack or Special Attack of your choice. If they ended their Turn Adjacent to the user, they instead lose -2 CS in Attack or Special Attack. "
Iron Barbs,At-Will - Reaction,"Effect: The Triggering Enemy becomes Wounded. If they’re already Wounded, they lose a Tick of Hit Points and cannot cure it during their next Save Check. 
Bonus: The user’s Melee Attacks have a 16+ Effect Range to cause the Target to lose a Tick of Hit Points.",An Enemy Targets the user with an Attack while Adjacent to them,,Defensive,"At-Will - Reaction
Keywords - Defensive
Trigger - An Enemy Targets the user with an Attack while Adjacent to them
Effect: The Triggering Enemy becomes Wounded. If they’re already Wounded, they lose a Tick of Hit Points and cannot cure it during their next Save Check. 
Bonus: The user’s Melee Attacks have a 16+ Effect Range to cause the Target to lose a Tick of Hit Points."
Iron Body,At-Will - Reaction,"Effect: When calculating type effectiveness, the user is treated as only Steel Typed. 
Bonus: The user gains +2 DB to Steel Type Damaging Attacks. (This is not STAB)",The user is hit by a Damaging Attack,,Defensive,"At-Will - Reaction
Keywords - Defensive
Trigger - The user is hit by a Damaging Attack
Effect: When calculating type effectiveness, the user is treated as only Steel Typed. 
Bonus: The user gains +2 DB to Steel Type Damaging Attacks. (This is not STAB)"
Iron Fist,Scene x2 - Swift Action,"Effect: The Target cannot apply Physical Evasion against the Triggering Attack.
Bonus: The user gains +3 DB to Attacks with the Punch Keyword.","You use a Melee, 1 Target Attack",,,"Scene x2 - Swift Action
Trigger - You use a Melee, 1 Target Attack
Effect: The Target cannot apply Physical Evasion against the Triggering Attack.
Bonus: The user gains +3 DB to Attacks with the Punch Keyword."
Ionic Charge,At-Will - Swift Action,"Effect: All Targets hit by the Triggering Attack lose -1 CS in two Stats of the user’s choice or an Ally within 3m gains +1 CS to a Stat of the user’s choice. 
Bonus: While the Weather is Thunderstorm, the user has a bonus to Save Checks equal to their Tier Level.",The user hits with an Electric Type Attack,,,"At-Will - Swift Action
Trigger - The user hits with an Electric Type Attack
Effect: All Targets hit by the Triggering Attack lose -1 CS in two Stats of the user’s choice or an Ally within 3m gains +1 CS to a Stat of the user’s choice. 
Bonus: While the Weather is Thunderstorm, the user has a bonus to Save Checks equal to their Tier Level."
Juicy Energy,At-Will - Free Action,Effect: The Target gains a Tick of Temporary Hit Points. Temporary Hit Points gained this way stack on top of existing Temporary Hit Points. Juicy Energy may only be used once per Turn. ,,The user or an Adjacent Ally,,"At-Will - Free Action
Target - The user or an Adjacent Ally
Effect: The Target gains a Tick of Temporary Hit Points. Temporary Hit Points gained this way stack on top of existing Temporary Hit Points. Juicy Energy may only be used once per Turn. "
Kampfgeist,At-Will - Reaction,"Effect: The user’s Attack is set to +6 CS until the end of the next Round and you become Vulnerable for the same duration. After this Duration expires, you are set back to your Default Attack CS. 
Bonus: The user gains STAB on Fighting Type Attacks.",The user is hit with an Attack or the user causes an Enemy to Faint,,,"At-Will - Reaction
Trigger - The user is hit with an Attack or the user causes an Enemy to Faint
Effect: The user’s Attack is set to +6 CS until the end of the next Round and you become Vulnerable for the same duration. After this Duration expires, you are set back to your Default Attack CS. 
Bonus: The user gains STAB on Fighting Type Attacks."
Keen Eye,Static,"Effect: The user’s Accuracy cannot be lowered, their attacks cannot have Accuracy Penalties (Excluding Provoked), and the user ignores any non-stat Evasion. The user gains a bonus to Accuracy equal to their Tier Level. ",,,,"Static
Effect: The user’s Accuracy cannot be lowered, their attacks cannot have Accuracy Penalties (Excluding Provoked), and the user ignores any non-stat Evasion. The user gains a bonus to Accuracy equal to their Tier Level. "
Keystone Warp,At-Will - Swift Action,"Effect: The user may place an Odd Keystone Hazard in any adjacent Space or expend all Soul Charges in an adjacent Odd Keystone Hazard to restore a Tick of HIt Points per Charge. 
Bonus: The user gains the Teleporter Capability, but can only use it to teleport to a space with an Odd Keystone Hazard occupying it. The user may originate any Dark or Ghost Type Attacks from an Odd Keystone Hazard. Whenever a Combatant faints, all Odd Keystones within 5m of them gain Xd3 Soul Charges, where X is equal to your Tier Level.",,,,"At-Will - Swift Action
Effect: The user may place an Odd Keystone Hazard in any adjacent Space or expend all Soul Charges in an adjacent Odd Keystone Hazard to restore a Tick of HIt Points per Charge. 
Bonus: The user gains the Teleporter Capability, but can only use it to teleport to a space with an Odd Keystone Hazard occupying it. The user may originate any Dark or Ghost Type Attacks from an Odd Keystone Hazard. Whenever a Combatant faints, all Odd Keystones within 5m of them gain Xd3 Soul Charges, where X is equal to your Tier Level."
Klutz,Scene x2 – Reaction,"Effect: The user may Slide 1m, and then become Tripped. This Ability cannot be used if the user is Slowed, Grappled, or otherwise impaired from moving. This ability lets the user avoid Bursts, Blasts, or Lines if the movement removes them from the area of effect. ","The user is Hit by a Burst, Blast, or Line Attack.",,Defensive,"Scene x2 – Reaction
Keywords - Defensive
Trigger - The user is Hit by a Burst, Blast, or Line Attack.
Effect: The user may Slide 1m, and then become Tripped. This Ability cannot be used if the user is Slowed, Grappled, or otherwise impaired from moving. This ability lets the user avoid Bursts, Blasts, or Lines if the movement removes them from the area of effect. "
Lancer,Static,"Effect: All of the user’s Melee Attacks gain the Pass Keyword. Whenever the user activates the Pass Keyword, the Attack gains a bonus to Critical Hit Ranges equal to their Tier Level. Whenever the user ends their Turn without using a Movement Action, they gain Damage Reduction equal to their Tier Value until the start of their next Turn. ",,,,"Static
Effect: All of the user’s Melee Attacks gain the Pass Keyword. Whenever the user activates the Pass Keyword, the Attack gains a bonus to Critical Hit Ranges equal to their Tier Level. Whenever the user ends their Turn without using a Movement Action, they gain Damage Reduction equal to their Tier Value until the start of their next Turn. "
Lateral Senses,Static,"Effect: Attacks that Target the user have a penalty to Accuracy against them equal to your Tier Level (Doesn’t apply to other Targets). If the user is Water Type, they gain Evasion equal to their Tier Level if they’re under 50% or in Rainy Weather. If the user has the Blindsense Capability, they gain Evasion equal to their Tier Level if they’re under 50% or in Low Lighting. ",,,Defensive,"Static
Keywords - Defensive
Effect: Attacks that Target the user have a penalty to Accuracy against them equal to your Tier Level (Doesn’t apply to other Targets). If the user is Water Type, they gain Evasion equal to their Tier Level if they’re under 50% or in Rainy Weather. If the user has the Blindsense Capability, they gain Evasion equal to their Tier Level if they’re under 50% or in Low Lighting. "
Leaf Guard,Scene x2 - Swift Action,"Effect: The user gains a Leafy Coat. While the user has a Leafy Coat, they’re treated as being only grass Typed and they have Damage Reduction equal to their Tier Value.. After an Attack resolves where the user takes Super Effective Damage or a Critical Hit, they must pass a DC 15 Save Check or else the Leafy Coat is expended.  ",,,Defensive,"Scene x2 - Swift Action
Keywords - Defensive
Effect: The user gains a Leafy Coat. While the user has a Leafy Coat, they’re treated as being only grass Typed and they have Damage Reduction equal to their Tier Value.. After an Attack resolves where the user takes Super Effective Damage or a Critical Hit, they must pass a DC 15 Save Check or else the Leafy Coat is expended.  "
Legionnaire,At-Will - Swift Action,"Effect: Choose an effect below which persists until the start of your next Turn.
■ Tetsudo Formation - The user has Damage Reduction equal to their Tier Value against non-Adjacent Attacks.
■ Phalanx Formation - Choose up to 5 Unoccupied Spaces that are contiguous with the one the user is occupying. The user is considered to occupy all of these spaces and Enemies treat them as Blocking Terrain. 
■ Corona Formation - An Adjacent Enemy becomes Trapped. They cannot Target any Ally more than 3m away from you while Trapped.
■ Orbis Formation - The user cannot be Flanked or Surrounded. The user and Adjacent Allies have bonus Evasion equal to your Tier Level.",,,Innate,"At-Will - Swift Action
Keywords - Innate
Effect: Choose an effect below which persists until the start of your next Turn.
■ Tetsudo Formation - The user has Damage Reduction equal to their Tier Value against non-Adjacent Attacks.
■ Phalanx Formation - Choose up to 5 Unoccupied Spaces that are contiguous with the one the user is occupying. The user is considered to occupy all of these spaces and Enemies treat them as Blocking Terrain. 
■ Corona Formation - An Adjacent Enemy becomes Trapped. They cannot Target any Ally more than 3m away from you while Trapped.
■ Orbis Formation - The user cannot be Flanked or Surrounded. The user and Adjacent Allies have bonus Evasion equal to your Tier Level."
Levitate,Scene - Swift Action,"Effect: You may use the Flier Capability as a Free Action.
Bonus: When using the Flier Capability, the user does not become Grounded at the end of their Turn. While Airborne, the user is Immune to Ground Type and Groundsource Attacks and has Evasion against non-Adjacent Attacks equal to their Tier Level. *Grants Flier",A Round Starts,,Defensive,"Scene - Swift Action
Keywords - Defensive
Trigger - A Round Starts
Effect: You may use the Flier Capability as a Free Action.
Bonus: When using the Flier Capability, the user does not become Grounded at the end of their Turn. While Airborne, the user is Immune to Ground Type and Groundsource Attacks and has Evasion against non-Adjacent Attacks equal to their Tier Level. *Grants Flier"
Life Force,Scene x2 - Swift Action ,"Effect: The Target loses two Ticks of Hit Points and you gain two Ticks of Temporary Hit Points. 
Bonus: Once per Round as a Swift or Movement Action, the user may restore a Tick of Hit Points.",,An Adjacent Enemy that has an Affliction,Defensive,"Scene x2 - Swift Action 
Keywords - Defensive
Target - An Adjacent Enemy that has an Affliction
Effect: The Target loses two Ticks of Hit Points and you gain two Ticks of Temporary Hit Points. 
Bonus: Once per Round as a Swift or Movement Action, the user may restore a Tick of Hit Points."
Lightning Kicks,Scene - Reaction,"Effect: You may use a ""Kick"" Attack as a Standard Action against the Triggering Enemy. This Attack resolves before the Triggering Attack. If the Triggering Enemy were to faint, their Attack does not resolve. 
Bonus: The user’s Melee Attacks all gain the Dash Keyword and if Dash is activated, it ignores Speed Evasion. ",The user is Targeted by an Adjacent Attack,,,"Scene - Reaction
Trigger - The user is Targeted by an Adjacent Attack
Effect: You may use a ""Kick"" Attack as a Standard Action against the Triggering Enemy. This Attack resolves before the Triggering Attack. If the Triggering Enemy were to faint, their Attack does not resolve. 
Bonus: The user’s Melee Attacks all gain the Dash Keyword and if Dash is activated, it ignores Speed Evasion. "
Lingering Aroma,At-Will - Free Action,"Effect: The Triggering Enemy must expend a Reaction or pass a TN 12 Save Check. On a Failure, you may either choose one of their Abilities to become Disabled, or lower one of their Stats by -2 CS. If they got a 3 or less, both apply instead. ",An Enemy ends their Turn within 2m of you,,Defensive,"At-Will - Free Action
Keywords - Defensive
Trigger - An Enemy ends their Turn within 2m of you
Effect: The Triggering Enemy must expend a Reaction or pass a TN 12 Save Check. On a Failure, you may either choose one of their Abilities to become Disabled, or lower one of their Stats by -2 CS. If they got a 3 or less, both apply instead. "
Liquid Ooze,At-Will - Reaction,"Effect: The Triggering Enemy becomes Poisoned. If the Trigger was being hit with an Attack and the Triggering Enemy is already Poisoned, they cannot cure the Affliction during their next Save Check.  ",An Enemy ends their Turn Adjacent to the user or hits them with an Attack while Adjacent to them,,Defensive,"At-Will - Reaction
Keywords - Defensive
Trigger - An Enemy ends their Turn Adjacent to the user or hits them with an Attack while Adjacent to them
Effect: The Triggering Enemy becomes Poisoned. If the Trigger was being hit with an Attack and the Triggering Enemy is already Poisoned, they cannot cure the Affliction during their next Save Check.  "
Liquid Voice,At-Will - Swift Action,"Effect: The triggering Attack loses the Sonic keyword, but gains the Friendly keyword and becomes Water Typed. If the Attack was a Status Class Attack, you may treat it as a Special Attack with DB 4. This ability may not be used with Perish Song.",The user uses an Attack with the Sonic Keyword as a Standard Action,,,"At-Will - Swift Action
Trigger - The user uses an Attack with the Sonic Keyword as a Standard Action
Effect: The triggering Attack loses the Sonic keyword, but gains the Friendly keyword and becomes Water Typed. If the Attack was a Status Class Attack, you may treat it as a Special Attack with DB 4. This ability may not be used with Perish Song."
Long Reach,Static,"Effect: The user may use Damaging Attacks as if they had a range of ""6, 1 Target"" instead of their usual range. The user's Attack of Opportunity is modified, all mentions of ""Adjacent Enemy"" becomes ""an Enemy within 3m"". The final trigger becomes ""when an Enemy shifts out of a burst 3 range from the user"" rather than moving out of adjacency.",,,,"Static
Effect: The user may use Damaging Attacks as if they had a range of ""6, 1 Target"" instead of their usual range. The user's Attack of Opportunity is modified, all mentions of ""Adjacent Enemy"" becomes ""an Enemy within 3m"". The final trigger becomes ""when an Enemy shifts out of a burst 3 range from the user"" rather than moving out of adjacency."
Lullaby,Static,"Connection - Sing. 
Effect: Enemies that are Drowsy as a result of the user are Vulnerable while they're Drowsy. While a Drowsy Enemy is within 2m of you, they have a penalty to Save Checks equal to your Tier Level.",,,,"Static
Connection - Sing. 
Effect: Enemies that are Drowsy as a result of the user are Vulnerable while they're Drowsy. While a Drowsy Enemy is within 2m of you, they have a penalty to Save Checks equal to your Tier Level."
Magical Surge,Scene x2 - Free Action,"Effect: The user next Special Attack gains the Smite Keyword
Bonus: While the user is in Mystical Weather, their Special Damaging Attacks have a bonus to Critical Hit Ranges equal to your Tier Level.",The user drops below 50% Hit Points or ends their Turn in Mystical Weather,,,"Scene x2 - Free Action
Trigger - The user drops below 50% Hit Points or ends their Turn in Mystical Weather
Effect: The user next Special Attack gains the Smite Keyword
Bonus: While the user is in Mystical Weather, their Special Damaging Attacks have a bonus to Critical Hit Ranges equal to your Tier Level."
Magic Bounce,Scene x2 - Reaction,"Effect: After Damage Calculations, choose an Enemy within 2m to lose Hit Points equal to the amount lost from the Triggering Attack.  ",The user is hit with a Special Attack and doesn’t faint,,Defensive,"Scene x2 - Reaction
Keywords - Defensive
Trigger - The user is hit with a Special Attack and doesn’t faint
Effect: After Damage Calculations, choose an Enemy within 2m to lose Hit Points equal to the amount lost from the Triggering Attack.  "
Magic Guard,Static,"Effect: Whenever the user would lose Hit Points (Excluding Damage), they may subtract their Special Defense from the amount lost first. While the Weather is Mystical, the user gains Damage Reduction equal to their Tier Value against Special Attacks. ",,,Defensive,"Static
Keywords - Defensive
Effect: Whenever the user would lose Hit Points (Excluding Damage), they may subtract their Special Defense from the amount lost first. While the Weather is Mystical, the user gains Damage Reduction equal to their Tier Value against Special Attacks. "
Magician,Static,"Connection - Snatch. 
Effect: When using Snatch, you may choose to grant the benefits of the Self-Targeting Attack to both you and an ally within 6m. Whenever you hit an Adjacent Enemy with an Attack or Maneuver, you can perform a Disarm Maneuver against them as a Free Action and you may use Focus instead of Combat or Stealth.",,,,"Static
Connection - Snatch. 
Effect: When using Snatch, you may choose to grant the benefits of the Self-Targeting Attack to both you and an ally within 6m. Whenever you hit an Adjacent Enemy with an Attack or Maneuver, you can perform a Disarm Maneuver against them as a Free Action and you may use Focus instead of Combat or Stealth."
Magma Armor,Scene x2 - Reaction,"Effect: The Triggering Enemy becomes Burned after Damage Resolution
Bonus: Whenever you’re hit with a Melee Damaging Attack from a Burned Enemy, you treat the Type Effectiveness as if it were Resisted. ",You're hit with a Melee Attack,,Defensive,"Scene x2 - Reaction
Keywords - Defensive
Trigger - You're hit with a Melee Attack
Effect: The Triggering Enemy becomes Burned after Damage Resolution
Bonus: Whenever you’re hit with a Melee Damaging Attack from a Burned Enemy, you treat the Type Effectiveness as if it were Resisted. "
Magnet Pull,At-Will - Swift Action,"Effect: Pick up to Two Effects;
- The Target Slides X meters. X is up to 6 meters minus the target’s Weight Class.
- If the Target is within 3m of the user, they become Trapped. 
- The Target cannot enter any space within 2m of you until the start of your next Turn.",,A Combatant within 6m,,"At-Will - Swift Action
Target - A Combatant within 6m
Effect: Pick up to Two Effects;
- The Target Slides X meters. X is up to 6 meters minus the target’s Weight Class.
- If the Target is within 3m of the user, they become Trapped. 
- The Target cannot enter any space within 2m of you until the start of your next Turn."
Memory Wipe,Scene x2 - Special,"Effect: If used as a Swift Action, the last Attack used by the Target becomes Disabled. If used as a Standard Action, the Target becomes Dazed and Paralyzed. *Grants Mind Weaver",,An Enemy within 3m,,"Scene x2 - Special
Target - An Enemy within 3m
Effect: If used as a Swift Action, the last Attack used by the Target becomes Disabled. If used as a Standard Action, the Target becomes Dazed and Paralyzed. *Grants Mind Weaver"
Mental Assault,Static,"Effect: The user’s Psychic Type Damaging Attacks gain a Effect Range of 17+. When this Effect Range is Triggered, roll a d3. On a 1, all Targets become Dazed. On a 2, all Targets become Enraged. On a 3, all Targets become Suppressed. If an Enemy is suffering from a Mental Affliction, they cannot resist the user’s Special Attacks.",,,,"Static
Effect: The user’s Psychic Type Damaging Attacks gain a Effect Range of 17+. When this Effect Range is Triggered, roll a d3. On a 1, all Targets become Dazed. On a 2, all Targets become Enraged. On a 3, all Targets become Suppressed. If an Enemy is suffering from a Mental Affliction, they cannot resist the user’s Special Attacks."
Mental Force,Static,"Effect: Whenever the user hits a Special Attack against an Enemy with negative Combat Stages in Special Defense, it cannot be resisted by any means. While the Weather is Mystical, the user’s Dark, Fairy, Ghost and Psychic Type Attacks that are Special Category ignore Defensive Abilities.",,,,"Static
Effect: Whenever the user hits a Special Attack against an Enemy with negative Combat Stages in Special Defense, it cannot be resisted by any means. While the Weather is Mystical, the user’s Dark, Fairy, Ghost and Psychic Type Attacks that are Special Category ignore Defensive Abilities."
Migraine,Scene x2 - Swift Action,"Effect: The Target gains a Migraine Coat while they have the Triggering Affliction.
Bonus: When the user falls below 50% Hit Points or gains a Mental Affliction, they gain a Migraine Coat. Combatants with a Migraine Coat have a Bane to Skill Checks and a penalty to Save Checks equal to your Tier Level. If the user has a Migraine Coat, they also have a bonus to Effect Ranges equal to their Tier Level.",The user inflicts a Mental Affliction,,,"Scene x2 - Swift Action
Trigger - The user inflicts a Mental Affliction
Effect: The Target gains a Migraine Coat while they have the Triggering Affliction.
Bonus: When the user falls below 50% Hit Points or gains a Mental Affliction, they gain a Migraine Coat. Combatants with a Migraine Coat have a Bane to Skill Checks and a penalty to Save Checks equal to your Tier Level. If the user has a Migraine Coat, they also have a bonus to Effect Ranges equal to their Tier Level."
Mind's Eye,At-Will - Swift Action,"Effect: The Target becomes Marked with a Mind Mark. The user ignores the Special Evasion of Enemies with the Mind Mark. The user resists Special Category Attacks by an additional damage step if it derrives from an enemy with their Mind Mark
Bonus: Ghost Types are not Immune to the user’s Normal and Fighting Type Attacks.",,,,"At-Will - Swift Action
Effect: The Target becomes Marked with a Mind Mark. The user ignores the Special Evasion of Enemies with the Mind Mark. The user resists Special Category Attacks by an additional damage step if it derrives from an enemy with their Mind Mark
Bonus: Ghost Types are not Immune to the user’s Normal and Fighting Type Attacks."
Mirror Armor,Scene - Standard Action,"Effect: The triggering Attack instead misses you. In addition, you may Target an Enemy within 2m and perform an Accuracy Roll with the AC being the Triggering Attack as if you had used it. If the Attack would hit, the Target is instead hit by the Triggering Attack as if they were the original Target. 
Bonus: The user’s Defense and Special Defense Combat Stages cannot be lowered. ",The user would be hit by a non-Adjacent Attack,,Defensive,"Scene - Standard Action
Keywords - Defensive
Trigger - The user would be hit by a non-Adjacent Attack
Effect: The triggering Attack instead misses you. In addition, you may Target an Enemy within 2m and perform an Accuracy Roll with the AC being the Triggering Attack as if you had used it. If the Attack would hit, the Target is instead hit by the Triggering Attack as if they were the original Target. 
Bonus: The user’s Defense and Special Defense Combat Stages cannot be lowered. "
Missile Launch,At-Will - Swift Action,"Connection – Dragon Darts. 
Effect: Select an unoccupied space within 5m to create a Dreepy Token in. This Dreepy Token cannot move this Turn.  
Bonus: Dreepy Tokens have 1 Hit Point but share the creator’s Evasion and can be targeted with Attacks. Whenever the creator would Move, they may allocate movement to their Tokens for them to move. A Dreepy Token may be destroyed as a Free Action when they move into a space occupied by an Enemy. If they do so, the creator may perform a Dragon Type Basic Attack against that Enemy as a Free Action, ignoring range. When a Dreepy Token would faint, they are destroyed instead.  ",,,,"At-Will - Swift Action
Connection – Dragon Darts. 
Effect: Select an unoccupied space within 5m to create a Dreepy Token in. This Dreepy Token cannot move this Turn.  
Bonus: Dreepy Tokens have 1 Hit Point but share the creator’s Evasion and can be targeted with Attacks. Whenever the creator would Move, they may allocate movement to their Tokens for them to move. A Dreepy Token may be destroyed as a Free Action when they move into a space occupied by an Enemy. If they do so, the creator may perform a Dragon Type Basic Attack against that Enemy as a Free Action, ignoring range. When a Dreepy Token would faint, they are destroyed instead.  "
Misty Surge,Scene - Swift Action,"Connection - Misty Terrain. 
Effect: You may use Misty Terrain as a Free Action, however it only lasts until the end of the next Round.
Bonus: At the end of the Round, if the Weather is Mystical, you may use a Reaction to gain +1 CS in a Stat of your choice.",,,,"Scene - Swift Action
Connection - Misty Terrain. 
Effect: You may use Misty Terrain as a Free Action, however it only lasts until the end of the next Round.
Bonus: At the end of the Round, if the Weather is Mystical, you may use a Reaction to gain +1 CS in a Stat of your choice."
Mold Breaker,Static,"Effect: You may use your Physical Attacks as if they had the Full Action Keyword. If you do, they are treated as having the Unstoppable Keyword. ",,,,"Static
Effect: You may use your Physical Attacks as if they had the Full Action Keyword. If you do, they are treated as having the Unstoppable Keyword. "
Molten Ground,At-Will - Swift Action,"Connection - Fire Wall. 
Effect: During this Turn, whenever the user Moves, all spaces they pass through turn into Fire Hazards (See: Fire Wall). ",,,,"At-Will - Swift Action
Connection - Fire Wall. 
Effect: During this Turn, whenever the user Moves, all spaces they pass through turn into Fire Hazards (See: Fire Wall). "
Moody,At-Will - Free Action,"Effect: Roll a d2. On a 2, the user ignores the Trigger and gain a Bad Mood Counter. The user cannot gain more than 2 Bad Mood Counters per Round. 
Bonus: When hitting an Attack, the user may expend 2 Bad Mood Counters to make it become a Critical Hit. After the Attack resolves, they become Enraged. The user cannot expend Bad Mood Counters while Enraged.",The user gains CS or a positive modifier ,,,"At-Will - Free Action
Trigger - The user gains CS or a positive modifier 
Effect: Roll a d2. On a 2, the user ignores the Trigger and gain a Bad Mood Counter. The user cannot gain more than 2 Bad Mood Counters per Round. 
Bonus: When hitting an Attack, the user may expend 2 Bad Mood Counters to make it become a Critical Hit. After the Attack resolves, they become Enraged. The user cannot expend Bad Mood Counters while Enraged."
Mud Dweller,Static,Effect: The user resists Ground and Water Type Attacks by an additional Damage step. Enemies with a Mud Coat have double the Accuracy Penalty when Targeting the user.,,,Defensive,"Static
Keywords - Defensive
Effect: The user resists Ground and Water Type Attacks by an additional Damage step. Enemies with a Mud Coat have double the Accuracy Penalty when Targeting the user."
Mud Shield,Scene x2 - Swift Action ,"Connection - Mud Sport. 
Effect: The Target gains two Ticks of Temporary Hit Points.While they have Temporary Hit Points from this Ability, they are Immune to Electric Type Damage.
Bonus: The user has Damage Reduction equal to their Tier Value against Attacks from enemies that have a Mud Coat.",,The user or an Adjacent Ally ,,"Scene x2 - Swift Action 
Target - The user or an Adjacent Ally 
Connection - Mud Sport. 
Effect: The Target gains two Ticks of Temporary Hit Points.While they have Temporary Hit Points from this Ability, they are Immune to Electric Type Damage.
Bonus: The user has Damage Reduction equal to their Tier Value against Attacks from enemies that have a Mud Coat."
Multiscale,Static,"Effect: While the user is at Full Hit Points, they resist all damage by an additional step. While the user has Temporary Hit Points, they have Damage Reduction equal to their Tier Value. ",,,Defensive,"Static
Keywords - Defensive
Effect: While the user is at Full Hit Points, they resist all damage by an additional step. While the user has Temporary Hit Points, they have Damage Reduction equal to their Tier Value. "
Mummy,At-Will - Reaction,"Effect: A Random Attack or Ability of the Triggering Enemy is disabled. If the Enemy already has the Disabled Affliction, they may instead become Suppressed or Trapped if they’re within 3m of the user. ",The user is hit by an Attack,,Defensive,"At-Will - Reaction
Keywords - Defensive
Trigger - The user is hit by an Attack
Effect: A Random Attack or Ability of the Triggering Enemy is disabled. If the Enemy already has the Disabled Affliction, they may instead become Suppressed or Trapped if they’re within 3m of the user. "
Mycelium Might,At-Will - Swift Action,"Effect: Choose 6 Spaces within 6m to create Mycelium Hazards in, such that all 6 Spaces are Adjacent to at least one other Mycelium Hazard. Mycelium Hazards are treated as Slow Terrain. Any Enemy that passes through a Mycelium Hazard loses a Tick of Hit Points, then the user gains a Tick of Hit Points or a Temporary Tick of Hit Points. If the user faints or is recalled, all Mycelium Hazards are destroyed.",,,,"At-Will - Swift Action
Effect: Choose 6 Spaces within 6m to create Mycelium Hazards in, such that all 6 Spaces are Adjacent to at least one other Mycelium Hazard. Mycelium Hazards are treated as Slow Terrain. Any Enemy that passes through a Mycelium Hazard loses a Tick of Hit Points, then the user gains a Tick of Hit Points or a Temporary Tick of Hit Points. If the user faints or is recalled, all Mycelium Hazards are destroyed."
Mysticism,Static,"Effect: The user adds +5 Points to their Special Defense Stat in the Extras Column. When the user reaches Level 20 and every interval after that (20, 40, etc) they gain an additional +5. If the user is a Trainer, the Level Intervals are Level 4, 8, 12, 16, then 20. The user may use their Special Stat Evasion instead of Defense when Targeted by a Physical Attack if desired.",,,Innate,"Static
Keywords - Innate
Effect: The user adds +5 Points to their Special Defense Stat in the Extras Column. When the user reaches Level 20 and every interval after that (20, 40, etc) they gain an additional +5. If the user is a Trainer, the Level Intervals are Level 4, 8, 12, 16, then 20. The user may use their Special Stat Evasion instead of Defense when Targeted by a Physical Attack if desired."
Mystic Mist,At-Will - Swift Action,"Effect: The Weather becomes Mystical. 
Bonus: While the Weather is Mystical, the user has a bonus to Save Checks equal to their Tier Level and has a Boon to all Skill Checks while in Combat. ",,,,"At-Will - Swift Action
Effect: The Weather becomes Mystical. 
Bonus: While the Weather is Mystical, the user has a bonus to Save Checks equal to their Tier Level and has a Boon to all Skill Checks while in Combat. "
Mystic Veil,Scene x2 - Free Action,"Effect: The Triggering Ally regains a tick of hit points.
Bonus: The user and allies within 2m of the user have a bonus to Save Checks equal to their Tier Level.",An Ally ends their turn within 2m of the user.,,,"Scene x2 - Free Action
Trigger - An Ally ends their turn within 2m of the user.
Effect: The Triggering Ally regains a tick of hit points.
Bonus: The user and allies within 2m of the user have a bonus to Save Checks equal to their Tier Level."
Natural Cure,Scene - Swift Action,"Effect: The user is cured of all Physical Status Afflictions they have.
Bonus: The user has a bonus to Save Checks equal to double their Tier Level if they have a Physical Affliction.",,,,"Scene - Swift Action
Effect: The user is cured of all Physical Status Afflictions they have.
Bonus: The user has a bonus to Save Checks equal to double their Tier Level if they have a Physical Affliction."
Natural Regality,Scene - Free Action,"Effect: After the Triggering Attack resolves, choose a Manipulate Maneuver to use on all Targets hit by the Triggering Attack. The Maneuver automatically hits. 
Bonus: While the Weather is Sunny, the user's Combat Stages cannot be lowered below their Default CS Value.",The user hits with a Grass Type Attack,,,"Scene - Free Action
Trigger - The user hits with a Grass Type Attack
Effect: After the Triggering Attack resolves, choose a Manipulate Maneuver to use on all Targets hit by the Triggering Attack. The Maneuver automatically hits. 
Bonus: While the Weather is Sunny, the user's Combat Stages cannot be lowered below their Default CS Value."
Needles,At-Will - Reaction,"Effect: After the Trigger resolves, the Triggering Enemy or the Target, respectively, lose a Tick of Hit Points and gains a Needles Coat. While an Enemy has a Needles Coat, all Melee Attacks that hit them have a bonus to Damage Rolls equal to your Tier Value. The Needles coat can be removed as a Movement Action. ",The user is hit by a Melee Attack or hits a Melee Attack,,Defensive,"At-Will - Reaction
Keywords - Defensive
Trigger - The user is hit by a Melee Attack or hits a Melee Attack
Effect: After the Trigger resolves, the Triggering Enemy or the Target, respectively, lose a Tick of Hit Points and gains a Needles Coat. While an Enemy has a Needles Coat, all Melee Attacks that hit them have a bonus to Damage Rolls equal to your Tier Value. The Needles coat can be removed as a Movement Action. "
Neutralizing Gas,Static,"Effect: Enemy Abilities have no Effect while the user is Adjacent to them. If the user is Tier 3, this instead applies to Enemies within 2m of the user. If the user causes an Enemy to become Poisoned, their Abilities have no Effect while they are Poisoned this way. ",,,,"Static
Effect: Enemy Abilities have no Effect while the user is Adjacent to them. If the user is Tier 3, this instead applies to Enemies within 2m of the user. If the user causes an Enemy to become Poisoned, their Abilities have no Effect while they are Poisoned this way. "
Nightfall,At-Will - Swift Action,"Effect: The Weather becomes Foggy. 
Bonus: While the Weather is Foggy, the user has a bonus to Save Checks equal to their Tier Level and has a Boon to all Skill Checks while in Combat. ",,,,"At-Will - Swift Action
Effect: The Weather becomes Foggy. 
Bonus: While the Weather is Foggy, the user has a bonus to Save Checks equal to their Tier Level and has a Boon to all Skill Checks while in Combat. "
Nimble Strikes,Static,"Effect: The user may add half of their Speed Stat to the Damage Rolls of their Physical Normal Type Attacks or may use their Speed Stat instead of Attack as the Offensive Stat for them. Whenever the user uses Melee Normal Type Attacks, the Target cannot apply Speed Evasion against them.",,,,"Static
Effect: The user may add half of their Speed Stat to the Damage Rolls of their Physical Normal Type Attacks or may use their Speed Stat instead of Attack as the Offensive Stat for them. Whenever the user uses Melee Normal Type Attacks, the Target cannot apply Speed Evasion against them."
No Guard,Static,Effect: The user’s Melee Attacks ignore all Stat Evasion of their Targets. The user has a -3 penalty to Evasion.,,,,"Static
Effect: The user’s Melee Attacks ignore all Stat Evasion of their Targets. The user has a -3 penalty to Evasion."
Odious Spray,Scene x2 - Swift Action,"Connection - Poison Gas. 
Effect: The user creates Gas Hazards in a Ranged Blast 3 centered on one Target of the Attack. Enemies that Trigger this Hazard become Weakened until the end of their next Turn and Poisoned.
Bonus: The user may create a 2x2 Zone within 3m as a Standard Action. This Zone is filled with Gas Hazards that cause those who Trigger it to become Weakened until the end of the next Round and Poisoned.",The user hits with a Poison-Type Attack.,,,"Scene x2 - Swift Action
Trigger - The user hits with a Poison-Type Attack.
Connection - Poison Gas. 
Effect: The user creates Gas Hazards in a Ranged Blast 3 centered on one Target of the Attack. Enemies that Trigger this Hazard become Weakened until the end of their next Turn and Poisoned.
Bonus: The user may create a 2x2 Zone within 3m as a Standard Action. This Zone is filled with Gas Hazards that cause those who Trigger it to become Weakened until the end of the next Round and Poisoned."
Omen,Scene - Swift Action,"Effect: The Target gains an Ominous Coat. When a Combatant with an Ominous Coat misses an Attack or fails a Save Check, the Coat is expended and they become Cursed. A Combatant can only be Cursed this way once per Scene.
Bonus: The user’s Dark and Ghost Type Attacks used as a Standard Action have a 17+ Effect Range of causing the Target to gain an Ominous Coat.  ",,An Enemy within 5m,,"Scene - Swift Action
Target - An Enemy within 5m
Effect: The Target gains an Ominous Coat. When a Combatant with an Ominous Coat misses an Attack or fails a Save Check, the Coat is expended and they become Cursed. A Combatant can only be Cursed this way once per Scene.
Bonus: The user’s Dark and Ghost Type Attacks used as a Standard Action have a 17+ Effect Range of causing the Target to gain an Ominous Coat.  "
Opportunist,Scene x2 - Reaction,"Effect: The user increases their Combat Stages for the same Stat by the amount increased by the Triggering Combatant
Bonus: When the user performs an Attack of Opportunity, they may use an At-Will damaging Attack instead of a Basic Attack so long as the only Target is the Triggering Enemy. ",An Enemy within 5m increases their Combat Stages,,,"Scene x2 - Reaction
Trigger - An Enemy within 5m increases their Combat Stages
Effect: The user increases their Combat Stages for the same Stat by the amount increased by the Triggering Combatant
Bonus: When the user performs an Attack of Opportunity, they may use an At-Will damaging Attack instead of a Basic Attack so long as the only Target is the Triggering Enemy. "
Pack Hunt,Static,"Effect: The user’s Attack of Opportunity can also be triggered when an Adjacent Enemy is hit by a non-Basic Attack from an Ally who is also Adjacent to that Enemy. An Attack of Opportunity can only be Triggered by you this way once per Round. Whenever you Trigger an Attack of Opportunity, you may choose for them to lose a Tick of Hit Points instead of performing a Damage Roll.  ",,,,"Static
Effect: The user’s Attack of Opportunity can also be triggered when an Adjacent Enemy is hit by a non-Basic Attack from an Ally who is also Adjacent to that Enemy. An Attack of Opportunity can only be Triggered by you this way once per Round. Whenever you Trigger an Attack of Opportunity, you may choose for them to lose a Tick of Hit Points instead of performing a Damage Roll.  "
Parasitic Drain,Scene x2 - Swift Action,"Effect: The Attack is treated as having the Drain Keyword. If the user is at Full Hit Points, they instead gain Temporary Hit Points equal to the value they would have gained.",The user hits with an Adjacent Attack,,,"Scene x2 - Swift Action
Trigger - The user hits with an Adjacent Attack
Effect: The Attack is treated as having the Drain Keyword. If the user is at Full Hit Points, they instead gain Temporary Hit Points equal to the value they would have gained."
Parry,Scene x2 - Reaction,"Effect: The user resists the Attack by an additional Damage step. After this Ability resolves, the user may perform a Melee Attack as if it had the Priority and Sureshot Keyword but it must only be against the Triggering Enemy. ",The user is hit with an Attack from an Adjacent Enemy,,Defensive,"Scene x2 - Reaction
Keywords - Defensive
Trigger - The user is hit with an Attack from an Adjacent Enemy
Effect: The user resists the Attack by an additional Damage step. After this Ability resolves, the user may perform a Melee Attack as if it had the Priority and Sureshot Keyword but it must only be against the Triggering Enemy. "
Perish Body,At-Will - Reaction,"Effect: The Triggering Enemy loses -1 Perish Counter or gains a Perish Coat, then they lose a Tick of Hit Points.
Bonus: Whenever an Enemy ends their Turn within 3m of the user, they gain a Perish Coat with 3 Perish Counters or they lose -1 Perish Counter. Whenever an Enemy has 0 Perish Counters left, you may choose to expend their Perish Coat and they’re set to 0 Hit Points. Whenever an Enemy is set to 0 this way, the user loses 5 Ticks of Hit Points. ",The user is hit by an Attack from an Enemy within 3m,,Defensive,"At-Will - Reaction
Keywords - Defensive
Trigger - The user is hit by an Attack from an Enemy within 3m
Effect: The Triggering Enemy loses -1 Perish Counter or gains a Perish Coat, then they lose a Tick of Hit Points.
Bonus: Whenever an Enemy ends their Turn within 3m of the user, they gain a Perish Coat with 3 Perish Counters or they lose -1 Perish Counter. Whenever an Enemy has 0 Perish Counters left, you may choose to expend their Perish Coat and they’re set to 0 Hit Points. Whenever an Enemy is set to 0 this way, the user loses 5 Ticks of Hit Points. "
Pickpocket,At-Will - Free Action,"Effect: The user may either perform a Disarm Maneuver against the Target of the Triggering Attack as a Free Action, or have them lose -1 CS in a Stat they have Positive CS in. If they lose CS via this Ability, the user gains +1 CS in the same Stat.",The user hits an Adjacent Enemy with an Attack,,,"At-Will - Free Action
Trigger - The user hits an Adjacent Enemy with an Attack
Effect: The user may either perform a Disarm Maneuver against the Target of the Triggering Attack as a Free Action, or have them lose -1 CS in a Stat they have Positive CS in. If they lose CS via this Ability, the user gains +1 CS in the same Stat."
Piercing Vision,At-Will - Swift Action,"Effect: The user rolls twice, keeping the better result
Bonus: The user’s Accuracy cannot be lowered, their attacks cannot have Accuracy Penalties, and the user ignores any non-stat Evasion. This ability does not ignore accuracy penalties from the Provoked Condition.",The user makes an Accuracy Check,,,"At-Will - Swift Action
Trigger - The user makes an Accuracy Check
Effect: The user rolls twice, keeping the better result
Bonus: The user’s Accuracy cannot be lowered, their attacks cannot have Accuracy Penalties, and the user ignores any non-stat Evasion. This ability does not ignore accuracy penalties from the Provoked Condition."
Poison Point,Static,Effect: The user’s Melee Attacks that do not have a Poisoned Effect Range gain one at 17+. The user's Poison Effect Ranges (Excluding the one granted by Poison Point) are increased by +2. The user’s Melee Attacks have a bonus to Critical Hit Range equal to your Tier Level if the Target is Poisoned.,,,,"Static
Effect: The user’s Melee Attacks that do not have a Poisoned Effect Range gain one at 17+. The user's Poison Effect Ranges (Excluding the one granted by Poison Point) are increased by +2. The user’s Melee Attacks have a bonus to Critical Hit Range equal to your Tier Level if the Target is Poisoned."
Pollen Bomb,At-Will - Special,"Effect: Choose a Grass Type Damaging Attack on your Battle Attack List, then choose a space within 3m to create a Pollen Bomb Hazard. At the end of the next round, the Pollen Bomb Hazard is destroyed and the chosen Attack is used as a Free Action with its Range being a 3x3 Zone, centered on the Hazard and ignoring Frequency. This Ability costs a Swift Action to use as worded, but you may use it as a Full Action to create three Hazards instead and the range can be up to 6m. 
Note: If an Enemy would be hit by multiple Pollen Bombs at once, instead of applying the attack multiple times against them, it automatically hits but only applies once.",,,,"At-Will - Special
Effect: Choose a Grass Type Damaging Attack on your Battle Attack List, then choose a space within 3m to create a Pollen Bomb Hazard. At the end of the next round, the Pollen Bomb Hazard is destroyed and the chosen Attack is used as a Free Action with its Range being a 3x3 Zone, centered on the Hazard and ignoring Frequency. This Ability costs a Swift Action to use as worded, but you may use it as a Full Action to create three Hazards instead and the range can be up to 6m. 
Note: If an Enemy would be hit by multiple Pollen Bombs at once, instead of applying the attack multiple times against them, it automatically hits but only applies once."
Poltergeist,Static,"Effect: Rotom gains an Immunity to a Type of Damage depending on what Form it has taken. When using the Form Change Capability it may change to the form of its currently possessed item or back to Standard Rotom. These different forms may have different Battle Attack Lists. 

Standard Rotom: Ground
Rotom Heat: Fire
Rotom Wash: Water 
Rotom Frost: Ice 
Rotom Fan: Flying
Rotom Mow: Grass",,,Defensive,"Static
Keywords - Defensive
Effect: Rotom gains an Immunity to a Type of Damage depending on what Form it has taken. When using the Form Change Capability it may change to the form of its currently possessed item or back to Standard Rotom. These different forms may have different Battle Attack Lists. 

Standard Rotom: Ground
Rotom Heat: Fire
Rotom Wash: Water 
Rotom Frost: Ice 
Rotom Fan: Flying
Rotom Mow: Grass"
Polycephaly,Scene - Swift Action,"Effect: The Attack's Range is increased by +1 Target. If it misses all Targets, this Ability's Frequency is not expended.
Bonus: The user's Basic Attacks gain the Double Strike Keyword.",The user performs a Damaging X-Target Attack,,,"Scene - Swift Action
Trigger - The user performs a Damaging X-Target Attack
Effect: The Attack's Range is increased by +1 Target. If it misses all Targets, this Ability's Frequency is not expended.
Bonus: The user's Basic Attacks gain the Double Strike Keyword."
Power of Alchemy,Scene x2 - Free Action,Effect: Choose a non-Innate Ability that the Triggering Enemy or Target has. You learn that Ability until the end of the Scene or until you Faint or the Ability becomes Disabled. You cannot learn unique boss abilities this way. ,The user hits a Melee Attack or is hit by a Melee Attack,,Defensive,"Scene x2 - Free Action
Keywords - Defensive
Trigger - The user hits a Melee Attack or is hit by a Melee Attack
Effect: Choose a non-Innate Ability that the Triggering Enemy or Target has. You learn that Ability until the end of the Scene or until you Faint or the Ability becomes Disabled. You cannot learn unique boss abilities this way. "
Power Spot,At-Will - Swift + Movement Action,"Effect: Create a 3x3 Zone, centered on the user. Allies within this Zone gain a bonus to Damage Rolls equal to your Tier Value and a bonus to Accuracy equal to your Tier Level. When you Faint or gain a Mental Affliction, this Zone is removed. 
Bonus: Adjacent Allies gain these bonuses as well unless they're within this Zone.",,,,"At-Will - Swift + Movement Action
Effect: Create a 3x3 Zone, centered on the user. Allies within this Zone gain a bonus to Damage Rolls equal to your Tier Value and a bonus to Accuracy equal to your Tier Level. When you Faint or gain a Mental Affliction, this Zone is removed. 
Bonus: Adjacent Allies gain these bonuses as well unless they're within this Zone."
Prankster,Static,Effect: The user may use Status Attacks as Priority. This cannot be used if the Status Attack would use an Action other than Standard Action.,,,,"Static
Effect: The user may use Status Attacks as Priority. This cannot be used if the Status Attack would use an Action other than Standard Action."
Pressure,At-Will - Free Action,"Effect: The Triggering Enemy performs a TN 5 Save Check. On a failure, they become Suppressed. If they’re Adjacent, increase the TN by +5. If the user is Tier 3, increase the TN by +5. An Enemy can only become Suppressed this way once per Scene.
Bonus: The user’s Damaging Attacks cause Targets to become Suppressed on a 18+",An Enemy ends their Turn within 3m of you,,,"At-Will - Free Action
Trigger - An Enemy ends their Turn within 3m of you
Effect: The Triggering Enemy performs a TN 5 Save Check. On a failure, they become Suppressed. If they’re Adjacent, increase the TN by +5. If the user is Tier 3, increase the TN by +5. An Enemy can only become Suppressed this way once per Scene.
Bonus: The user’s Damaging Attacks cause Targets to become Suppressed on a 18+"
Pride,At-Will - Reaction,"Effect: After the Attack resolves, the user gains +1 CS in Special Attack or Special Defense.
Bonus: While the user has a Mental Affliction, they have a bonus to Damage Rolls equal to their Tier Value.",The user is hit by an Attack or gains a Mental Affliction,,,"At-Will - Reaction
Trigger - The user is hit by an Attack or gains a Mental Affliction
Effect: After the Attack resolves, the user gains +1 CS in Special Attack or Special Defense.
Bonus: While the user has a Mental Affliction, they have a bonus to Damage Rolls equal to their Tier Value."
Primal Drum,Scene x2 - Swift Action,"Effect: The Range of the user's next Grass Type or Groundsource Attack may be changed to your choice of Burst 2; 6, 2, Targets, or Line 8. 
Bonus: The user's Groundsource Attacks gain the Smite Keyword.",,,,"Scene x2 - Swift Action
Effect: The Range of the user's next Grass Type or Groundsource Attack may be changed to your choice of Burst 2; 6, 2, Targets, or Line 8. 
Bonus: The user's Groundsource Attacks gain the Smite Keyword."
Probability Control,At-Will - Reaction,"Effect: The Triggering d20’s result is replaced with your Stored d20’s value.
Bonus: As a Swift Action, you may roll a d20 and note its result. It becomes your Stored d20 Value. When you use Probability control, you no longer have a Stored d20 Value. If you use this Bonus Effect while you have a Stored d20 Value unused, it may replace the value with the new d20 result. ",You or an Ally roll a d20,,,"At-Will - Reaction
Trigger - You or an Ally roll a d20
Effect: The Triggering d20’s result is replaced with your Stored d20’s value.
Bonus: As a Swift Action, you may roll a d20 and note its result. It becomes your Stored d20 Value. When you use Probability control, you no longer have a Stored d20 Value. If you use this Bonus Effect while you have a Stored d20 Value unused, it may replace the value with the new d20 result. "
Protean,At-Will - Swift Action,"Effect: Before the Attack is performed, the user’s Type(s) changes to match the Type of the triggering Attack. The user returns to their original type(s)(or lack thereof) at the end of the Scene.",The user uses an Attack.,,,"At-Will - Swift Action
Trigger - The user uses an Attack.
Effect: Before the Attack is performed, the user’s Type(s) changes to match the Type of the triggering Attack. The user returns to their original type(s)(or lack thereof) at the end of the Scene."
Psychic Surge,Scene - Swift Action,"Connection - Psychic Terrain. 
Effect: You may use Psychic Terrain as a Free Action, however it only lasts until the end of the next Round.
Bonus: At the end of the Round, if the Weather is Mystical, you may use a Reaction to gain +1 CS in a Stat of your choice.",,,,"Scene - Swift Action
Connection - Psychic Terrain. 
Effect: You may use Psychic Terrain as a Free Action, however it only lasts until the end of the next Round.
Bonus: At the end of the Round, if the Weather is Mystical, you may use a Reaction to gain +1 CS in a Stat of your choice."
Punk Rock,At-Will - Swift Action,"Effect: The Attack is treated as a Special Attack with a Damage Base of 6 that cannot be modified. Its effects remain the same.  
Bonus: The user gains +3 DB to damaging attacks with the Sonic keyword.",The user uses a Status Class Attack with the Sonic Keyword as a Standard Action,,,"At-Will - Swift Action
Trigger - The user uses a Status Class Attack with the Sonic Keyword as a Standard Action
Effect: The Attack is treated as a Special Attack with a Damage Base of 6 that cannot be modified. Its effects remain the same.  
Bonus: The user gains +3 DB to damaging attacks with the Sonic keyword."
Pure Flame,Static,"Effect: While the user is Enraged, under 50% Max Hit Points or in Sunny Weather, their Fire Type Attacks have the following Modifiers. If it's Range is Blast, Burst or Line Range, it is increased by +1. Their Critical Hit and Effect Ranges are increased by your Tier Level. This bonus does not stack if multiple conditions are fulfilled.",,,,"Static
Effect: While the user is Enraged, under 50% Max Hit Points or in Sunny Weather, their Fire Type Attacks have the following Modifiers. If it's Range is Blast, Burst or Line Range, it is increased by +1. Their Critical Hit and Effect Ranges are increased by your Tier Level. This bonus does not stack if multiple conditions are fulfilled."
Queenly Majesty,Scene x2 - Swift Action,"Effect: The user automatically passes this Save Check without needing to roll. 
Bonus: After Queenly Majesty is used, the user’s next Damaging Attack gains the Smite Keyword. ",The user would perform a Save Check,,,"Scene x2 - Swift Action
Trigger - The user would perform a Save Check
Effect: The user automatically passes this Save Check without needing to roll. 
Bonus: After Queenly Majesty is used, the user’s next Damaging Attack gains the Smite Keyword. "
Quick Cloak,At-Will - Extended Action,"Effect: Burmy gathers materials from the nearby Terrain and creates a Cloak for Itself. The Forest or Grasslands Terrain gives it a Plant Cloak (Grass). Desert, Cave or Mountain Terrain give it a Sandy Cloak (Ground). Urban Terrain gives it Trash Cloak (Steel). While in a Cloak, Burmy gains the Type associated with the Cloak as a secondary Typing, which becomes permanent upon evolution into a Wormadam.",,,Innate,"At-Will - Extended Action
Keywords - Innate
Effect: Burmy gathers materials from the nearby Terrain and creates a Cloak for Itself. The Forest or Grasslands Terrain gives it a Plant Cloak (Grass). Desert, Cave or Mountain Terrain give it a Sandy Cloak (Ground). Urban Terrain gives it Trash Cloak (Steel). While in a Cloak, Burmy gains the Type associated with the Cloak as a secondary Typing, which becomes permanent upon evolution into a Wormadam."
Quick Curl,Scene x2 - Reaction,"Connection - Defense Curl. 
Effect: Before the Attack's Damage Roll, the user may use Defense Curl as a Free Action, then gain Damage Reduction equal to your Tier Value until the start of your next Turn. If the user has a Rolled Coat, they gain an extra +5 DR per Counter they have for the same duration. ",The user is hit by an Attack.,,Defensive,"Scene x2 - Reaction
Keywords - Defensive
Trigger - The user is hit by an Attack.
Connection - Defense Curl. 
Effect: Before the Attack's Damage Roll, the user may use Defense Curl as a Free Action, then gain Damage Reduction equal to your Tier Value until the start of your next Turn. If the user has a Rolled Coat, they gain an extra +5 DR per Counter they have for the same duration. "
Radiant Beam,Static,"Effect: The user may use Grass Type Damaging Attacks as if they had the Range of “Line X”. X is equal to 4 plus the number of Positive Combat Stages in their corresponding Offensive Stat. If the Weather is Sunny, Attacks used this way gain the Smite Keyword as well. ",,,,"Static
Effect: The user may use Grass Type Damaging Attacks as if they had the Range of “Line X”. X is equal to 4 plus the number of Positive Combat Stages in their corresponding Offensive Stat. If the Weather is Sunny, Attacks used this way gain the Smite Keyword as well. "
Ragelope,Static,"Effect: The user's Physical Attacks gain the following Effect Range: On 18+, the user gains +1 CS in either Attack or Speed. While the user is Enraged this Effect Range is changed to 15+. Whenever the user gains a Status Affliction, they may become Enraged.",,,,"Static
Effect: The user's Physical Attacks gain the following Effect Range: On 18+, the user gains +1 CS in either Attack or Speed. While the user is Enraged this Effect Range is changed to 15+. Whenever the user gains a Status Affliction, they may become Enraged."
Raging Inferno,At-Will - Reaction,"Effect: The user's Fire Type Damaging Attacks have their DB increased by +2 until the end of the Scene, then, if not already, the user becomes Enraged.
Bonus: While the user is Enraged, the user's Fire Type Damaging Attacks have the Smite Keyword and have all Area of Effect Ranges increased by +1. ",The user is hit by an Attack,,,"At-Will - Reaction
Trigger - The user is hit by an Attack
Effect: The user's Fire Type Damaging Attacks have their DB increased by +2 until the end of the Scene, then, if not already, the user becomes Enraged.
Bonus: While the user is Enraged, the user's Fire Type Damaging Attacks have the Smite Keyword and have all Area of Effect Ranges increased by +1. "
Rain Dish,Scene - Swift Action,"Effect: The user restores two Ticks of Hit Points or gains 2 Ticks of Temporary Hit Points or is cured of a Physical Status Affliction. If the user is in Rainy Weather, the Frequency of Rain Dish isn’t expended. This Ability can only ignore its Frequency twice in a Scene.",,,,"Scene - Swift Action
Effect: The user restores two Ticks of Hit Points or gains 2 Ticks of Temporary Hit Points or is cured of a Physical Status Affliction. If the user is in Rainy Weather, the Frequency of Rain Dish isn’t expended. This Ability can only ignore its Frequency twice in a Scene."
Rally,At-Will - Swift Action,"Effect: The Target gains a Tick of Temporary Hit Points. If the Target is Dazed, Enraged, Entranced or Provoked they may roll a DC 15 Save Check and if they pass, they may cure one of those Afflictions or Conditions.",,An Ally within 5m,,"At-Will - Swift Action
Target - An Ally within 5m
Effect: The Target gains a Tick of Temporary Hit Points. If the Target is Dazed, Enraged, Entranced or Provoked they may roll a DC 15 Save Check and if they pass, they may cure one of those Afflictions or Conditions."
Razor Edge,Static,"Connection - Poison Tail. The user gains a bonus to Critical Hit Ranges equal to their Tier Level. When using an Attack with “Tail” in its name, they have a Bonus to Damage Rolls equal to your Tier Value.",,,,"Static
Connection - Poison Tail. The user gains a bonus to Critical Hit Ranges equal to their Tier Level. When using an Attack with “Tail” in its name, they have a Bonus to Damage Rolls equal to your Tier Value."
Reckless,At-Will - Free Action ,"Effect: During this Turn you ignore Physical and Special Evasion on all Targets. The next Attack you're Targeted by treats you as if you were Vulnerable.
Bonus: The user gains +3 DB to Attacks with the Recoil or Reckless Keyword",,,,"At-Will - Free Action 
Effect: During this Turn you ignore Physical and Special Evasion on all Targets. The next Attack you're Targeted by treats you as if you were Vulnerable.
Bonus: The user gains +3 DB to Attacks with the Recoil or Reckless Keyword"
Refreshing Veil,Scene - Swift Action,"Connection - Aqua Ring. 
Effect: The Target is cured of all Physical Afflictions. If the Target is affected by an Aqua Ring Coat, this Frequency is not expended, however they cannot be Targeted by Refreshing Veil for the remainder of the Scene. 
Bonus: While the Weather is Rainy, the user and all allies within 2m have a bonus to Save Checks equal to your Tier Level. ",,An Ally within 5m,,"Scene - Swift Action
Target - An Ally within 5m
Connection - Aqua Ring. 
Effect: The Target is cured of all Physical Afflictions. If the Target is affected by an Aqua Ring Coat, this Frequency is not expended, however they cannot be Targeted by Refreshing Veil for the remainder of the Scene. 
Bonus: While the Weather is Rainy, the user and all allies within 2m have a bonus to Save Checks equal to your Tier Level. "
Regal Challenge,Scene - Swift Action,"Effect: Ask each Enemy within 5m if they will show Deference or Defiance. If a Combatant chooses Deference, they cannot Attack the user on their next turn (Ignoring Provoked), then lose -2 CS in a Stat of the user's Choice. If they choose Defiance, they become Provoked by the user until the end of their next Turn.  ",,,,"Scene - Swift Action
Effect: Ask each Enemy within 5m if they will show Deference or Defiance. If a Combatant chooses Deference, they cannot Attack the user on their next turn (Ignoring Provoked), then lose -2 CS in a Stat of the user's Choice. If they choose Defiance, they become Provoked by the user until the end of their next Turn.  "
Regenerator,At-Will - Reaction,"Effect: After Damage Resolution, the user restores a Tick of Hit Points.
Special: If the user was under 50% Hit Points when the Triggering Attack occurred, this may be used as a Free Action instead.",The user is hit by a Damaging Attack and doesn't Faint,,Defensive,"At-Will - Reaction
Keywords - Defensive
Trigger - The user is hit by a Damaging Attack and doesn't Faint
Effect: After Damage Resolution, the user restores a Tick of Hit Points.
Special: If the user was under 50% Hit Points when the Triggering Attack occurred, this may be used as a Free Action instead."
Reliquary,Scene x2 - Free Action,"Effect: The user may choose an Attack from their Known Attack List and use it as a Standard Action, as if it was on their Current Attack List.
Bonus: The user gains bonus Attack Slots equal to their Tier Level. Attacks that occupy these Slots must be Status Category.",,,,"Scene x2 - Free Action
Effect: The user may choose an Attack from their Known Attack List and use it as a Standard Action, as if it was on their Current Attack List.
Bonus: The user gains bonus Attack Slots equal to their Tier Level. Attacks that occupy these Slots must be Status Category."
Rip and Tear,Scene - Swift Action,"Effect: The user may either Initiate a Grapple Maneuver as a Free Action against the Target or cause them to become Wounded. 
Bonus: The user gains +3 DB to Attacks with the Bite Keyword.",The user hits with an Attack with the Bite Keyword,,,"Scene - Swift Action
Trigger - The user hits with an Attack with the Bite Keyword
Effect: The user may either Initiate a Grapple Maneuver as a Free Action against the Target or cause them to become Wounded. 
Bonus: The user gains +3 DB to Attacks with the Bite Keyword."
Retribution,Scene x2 - Reaction,"Effect: The user’s next Damaging Attack against the combatant that made the Triggering Attack has its DB increased by +3 and gains the Smite Keyword. If the Trigger was an Ally fainting, it gains the Sureshot Keyword instead of the Smite Keyword and has its Critical Hit Range increased by your Tier Level as well. ",An Ally within 5m takes damage from a Super Effective attack or a Critical Hit; or an Ally Faints,,,"Scene x2 - Reaction
Trigger - An Ally within 5m takes damage from a Super Effective attack or a Critical Hit; or an Ally Faints
Effect: The user’s next Damaging Attack against the combatant that made the Triggering Attack has its DB increased by +3 and gains the Smite Keyword. If the Trigger was an Ally fainting, it gains the Sureshot Keyword instead of the Smite Keyword and has its Critical Hit Range increased by your Tier Level as well. "
Rivalry,Scene - Free Action,"Effect: The Target becomes the user's Rival until the end of the Scene. 
Bonus: If the user's Rival causes a Combatant to Faint or a Boss to lose an HP Bar through a damaging attack, the user gains +2 CS in Attack or Special Attack. When Targeting an Enemy that the user’s Rival targeted since the user’s last Turn, the user gains a bonus to Damage Rolls equal to their Tier Value and a bonus to Accuracy equal to their Tier Level.  ",The Scene begins,A Combatant on the Field,,"Scene - Free Action
Trigger - The Scene begins
Target - A Combatant on the Field
Effect: The Target becomes the user's Rival until the end of the Scene. 
Bonus: If the user's Rival causes a Combatant to Faint or a Boss to lose an HP Bar through a damaging attack, the user gains +2 CS in Attack or Special Attack. When Targeting an Enemy that the user’s Rival targeted since the user’s last Turn, the user gains a bonus to Damage Rolls equal to their Tier Value and a bonus to Accuracy equal to their Tier Level.  "
Rock Head,Static,"Effect: The user ignores the Recoil Keyword when Attacking. Whenever the user activates the Dash or Pass Keyword, they may add a +2d6 Bonus to the Damage Roll against that Enemy. When the user reaches Level 20 and every interval after that (20, 40, etc), the Damage Bonus is increased by +1d6. (Ex: 4d6 At level 40)",,,,"Static
Effect: The user ignores the Recoil Keyword when Attacking. Whenever the user activates the Dash or Pass Keyword, they may add a +2d6 Bonus to the Damage Roll against that Enemy. When the user reaches Level 20 and every interval after that (20, 40, etc), the Damage Bonus is increased by +1d6. (Ex: 4d6 At level 40)"
Rocket,At-Will - Free Action,"Effect: The user may immediately take their Turn, ignoring Initiative and acting alone instead of with another Ally. 
Bonus: The user has bonus Evasion equal to their Tier Level. ",A Round begins,,,"At-Will - Free Action
Trigger - A Round begins
Effect: The user may immediately take their Turn, ignoring Initiative and acting alone instead of with another Ally. 
Bonus: The user has bonus Evasion equal to their Tier Level. "
Rocky Payload,Scene x2 - Swift Action ,"Effect: The next Rock Type Damaging Attack the user uses has its Range changed to 8, Ranged Blast 3, Smite; or has its area of effect increased by +2. If the Attack misses any Targets, you may create up to 3 Stone Hazards in unoccupied spaces within the Range of the Attack. At the end of the next Round, these Hazards explode, causing enemies within 2m to lose a Tick of Hit Points. 
Bonus: The user gains STAB on Rock Type Attacks if they're a Pokémon.",,,,"Scene x2 - Swift Action 
Effect: The next Rock Type Damaging Attack the user uses has its Range changed to 8, Ranged Blast 3, Smite; or has its area of effect increased by +2. If the Attack misses any Targets, you may create up to 3 Stone Hazards in unoccupied spaces within the Range of the Attack. At the end of the next Round, these Hazards explode, causing enemies within 2m to lose a Tick of Hit Points. 
Bonus: The user gains STAB on Rock Type Attacks if they're a Pokémon."
Root Down,At-Will - Movement Action,"Connection - Ingrain. 
Effect: While the user has the Ingrain Coat, they may activate this Ability to gain Damage Reduction equal to their Tier Value until the end of the next Round. Damage Reduction gained this way does not stack with itself.  ",,,Defensive,"At-Will - Movement Action
Keywords - Defensive
Connection - Ingrain. 
Effect: While the user has the Ingrain Coat, they may activate this Ability to gain Damage Reduction equal to their Tier Value until the end of the next Round. Damage Reduction gained this way does not stack with itself.  "
Rough Skin,Static,Effect: All Melee Damaging Attacks that hit the user are treated as having the Recoil (1/2) Keyword. ,,,,"Static
Effect: All Melee Damaging Attacks that hit the user are treated as having the Recoil (1/2) Keyword. "
Run Away,Static,Effect: The user cannot trigger Attacks of Opportunity by moving. The user cannot be Trapped. The user does not suffer any movement penalties when moving over Slowed Terrain.,,,,"Static
Effect: The user cannot trigger Attacks of Opportunity by moving. The user cannot be Trapped. The user does not suffer any movement penalties when moving over Slowed Terrain."
Sacred Bell,Scene - Swift Action,"Effect: Choose a type of Weather. The Weather becomes the chosen type. 
Bonus: The user resists Dark and Ghost Type Damage one step further. ",,,Defensive,"Scene - Swift Action
Keywords - Defensive
Effect: Choose a type of Weather. The Weather becomes the chosen type. 
Bonus: The user resists Dark and Ghost Type Damage one step further. "
Sand Force,At-Will- Swift Action,"Effect: All Targets have their Defense or Special Defense lowered by -2 CS. 
Bonus: While the Weather is Sandstorm, the user’s Ground and Rock Type Attacks ignore Defensive Abilities. ",The user hits a Ground or Rock Type Attack,,,"At-Will- Swift Action
Trigger - The user hits a Ground or Rock Type Attack
Effect: All Targets have their Defense or Special Defense lowered by -2 CS. 
Bonus: While the Weather is Sandstorm, the user’s Ground and Rock Type Attacks ignore Defensive Abilities. "
Sand Rush,Static,"Effect: The user may perform Ground or Rock Type Attacks as if they had the Priority (Advanced) Keyword. While the Weather is Sandstorm, the user cannot trigger Enemy's Attacks of Opportunity and cannot be Slowed.",,,,"Static
Effect: The user may perform Ground or Rock Type Attacks as if they had the Priority (Advanced) Keyword. While the Weather is Sandstorm, the user cannot trigger Enemy's Attacks of Opportunity and cannot be Slowed."
Sand Spit,Scene – Reaction,"Connection – Sand Attack. 
Effect: Before the Attack's Resolution, the Triggering Enemy becomes Blinded until the end of their next Turn.  
Bonus: The user’s Ground Type Attacks have a 15+ Effect Range to cause the Target to lose -1 Accuracy.  ",An enemy within 2m would use an Attack against an Ally or the user,,Defensive,"Scene – Reaction
Keywords - Defensive
Trigger - An enemy within 2m would use an Attack against an Ally or the user
Connection – Sand Attack. 
Effect: Before the Attack's Resolution, the Triggering Enemy becomes Blinded until the end of their next Turn.  
Bonus: The user’s Ground Type Attacks have a 15+ Effect Range to cause the Target to lose -1 Accuracy.  "
Sand Stream,At-Will - Swift Action,"Effect: The Weather becomes a Sandstorm. 
Bonus: While the Weather is Sandstorm, the user has a bonus to Save Checks equal to their Tier Level and has a Boon to all Skill Checks while in Combat. ",,,,"At-Will - Swift Action
Effect: The Weather becomes a Sandstorm. 
Bonus: While the Weather is Sandstorm, the user has a bonus to Save Checks equal to their Tier Level and has a Boon to all Skill Checks while in Combat. "
Sand Veil,Static,"Effect: The user and allies within 2m have a bonus to Evasion equal to your Tier Level. While the Weather is Sandstorm, Enemies within 2m have a penalty to Accuracy equal to your Tier Level.  ",,,Defensive,"Static
Keywords - Defensive
Effect: The user and allies within 2m have a bonus to Evasion equal to your Tier Level. While the Weather is Sandstorm, Enemies within 2m have a penalty to Accuracy equal to your Tier Level.  "
Schooling,Scene - Swift Action,"Effect: Create a 4x4 Zone with the user in one of the center 4 squares. Any other creatures within the Zone are then pushed to the nearest unoccupied space outside of the Blast. The user then changes to Schooling Form, centered on its current location, and gains Temporary Hit Points equal to half of its own maximum Hit Points. The user cannot gain Temporary Hit Points from other sources while in Schooling Forme. When the user is below half Maximum Hit Points and has no Temporary Hit Points left, they change back into Solo Forme. If the user would not be able to fit in the space around it at the end of this Ability, this Ability cannot be used.
Bonus: The user has two sets of base stats; Solo and Schooling. The Hit Points of both forms must be the same.",,,Innate,"Scene - Swift Action
Keywords - Innate
Effect: Create a 4x4 Zone with the user in one of the center 4 squares. Any other creatures within the Zone are then pushed to the nearest unoccupied space outside of the Blast. The user then changes to Schooling Form, centered on its current location, and gains Temporary Hit Points equal to half of its own maximum Hit Points. The user cannot gain Temporary Hit Points from other sources while in Schooling Forme. When the user is below half Maximum Hit Points and has no Temporary Hit Points left, they change back into Solo Forme. If the user would not be able to fit in the space around it at the end of this Ability, this Ability cannot be used.
Bonus: The user has two sets of base stats; Solo and Schooling. The Hit Points of both forms must be the same."
Scrappy,At-Will - Free Action,"Effect: The user gains +1 Blitz Counter. If the user uses a Respite Maneuver, Restores more than 2 Ticks of Hit Points or is Recalled, they lose all of their Blitz Counters. You cannot have more Blitz Counters than double your Tier Level. 
Bonus: The user gains +1 Accuracy and Critical Hit Range to Melee Attacks for each Blitz Counter they have. Ghost Types are not Immune to the user’s Normal and Fighting Type Attacks.",The user hits a Melee Attack,,,"At-Will - Free Action
Trigger - The user hits a Melee Attack
Effect: The user gains +1 Blitz Counter. If the user uses a Respite Maneuver, Restores more than 2 Ticks of Hit Points or is Recalled, they lose all of their Blitz Counters. You cannot have more Blitz Counters than double your Tier Level. 
Bonus: The user gains +1 Accuracy and Critical Hit Range to Melee Attacks for each Blitz Counter they have. Ghost Types are not Immune to the user’s Normal and Fighting Type Attacks."
Screen Cleaner,Scene x2 - Swift Action,"Connection - Barrier. 
Effect: Choose a Coat that the Target is affected by and destroy it.  
Bonus: Whenever the user creates a Blessing with a Standard Action, it has one more Activation or lasts one more Round from its listed Duration.",,The user or an Adjacent Combatant,,"Scene x2 - Swift Action
Target - The user or an Adjacent Combatant
Connection - Barrier. 
Effect: Choose a Coat that the Target is affected by and destroy it.  
Bonus: Whenever the user creates a Blessing with a Standard Action, it has one more Activation or lasts one more Round from its listed Duration."
Scorching Strikes,Scene x2 - Free Action,"Effect: The Target must use a Swift Action in order to perform a Save Check at the end of their Turn and cannot restore Hit Points while Burned this way.
Bonus: The user has a bonus to Effect Ranges equal to Tier Level if a Target has +2 CS or more in any Stat or is Burned. ",The user causes a single Enemy to become Burned,,,"Scene x2 - Free Action
Trigger - The user causes a single Enemy to become Burned
Effect: The Target must use a Swift Action in order to perform a Save Check at the end of their Turn and cannot restore Hit Points while Burned this way.
Bonus: The user has a bonus to Effect Ranges equal to Tier Level if a Target has +2 CS or more in any Stat or is Burned. "
Seasonal,Static,"Effect: The user’s Ability changes based on the Season.

Spring: Aroma Veil
Summer: Flower Veil
Autumn: Sweet Veil
Winter: Thick Fat",,,,"Static
Effect: The user’s Ability changes based on the Season.

Spring: Aroma Veil
Summer: Flower Veil
Autumn: Sweet Veil
Winter: Thick Fat"
Sentry Units,At-Will - Swift Action,"Effect: The user creates a Sentry Token in an Adjacent unoccupied space. The user may perform Attacks of Opportunity as if they occupied all spaces their Sentry Tokens are in, ignoring range. The user may originate any Maneuver or Attack from a space that a Sentry Token is occupying. As a Movement Action, the user may slide any number of Sentry Tokens up to 3m each. A Sentry Token is destroyed when Targeted by a Damaging Attack",,,,"At-Will - Swift Action
Effect: The user creates a Sentry Token in an Adjacent unoccupied space. The user may perform Attacks of Opportunity as if they occupied all spaces their Sentry Tokens are in, ignoring range. The user may originate any Maneuver or Attack from a space that a Sentry Token is occupying. As a Movement Action, the user may slide any number of Sentry Tokens up to 3m each. A Sentry Token is destroyed when Targeted by a Damaging Attack"
Seed Sower,Scene x3 - Free Action,"Connection - Grassy Terrain. 
Effect: Create a 3x3 Zone within 8m of the user. All spaces in the Zone are considered to be affected by the Grassy Terrain Attack. Only the user and Allies are affected by Grassy Terrain created this way. 
Bonus: While the user is on Grassy Terrain or the Field is Floral, they have a bonus to Save Checks equal to their Tier Level. ",The user is hit with an Attack,,Defensive,"Scene x3 - Free Action
Keywords - Defensive
Trigger - The user is hit with an Attack
Connection - Grassy Terrain. 
Effect: Create a 3x3 Zone within 8m of the user. All spaces in the Zone are considered to be affected by the Grassy Terrain Attack. Only the user and Allies are affected by Grassy Terrain created this way. 
Bonus: While the user is on Grassy Terrain or the Field is Floral, they have a bonus to Save Checks equal to their Tier Level. "
Serene Grace,Static,"Effect: The user has a bonus to Effect Ranges equal to their Tier Level. Whenever the user triggers an Effect Range, they gain a Tick of Temporary Hit Points.",,,,"Static
Effect: The user has a bonus to Effect Ranges equal to their Tier Level. Whenever the user triggers an Effect Range, they gain a Tick of Temporary Hit Points."
Serpent's Mark,Static,"Effect: Arbok’s Abilities depend on the Arbok’s hood pattern. To determine its pattern, roll 1d6 upon evolution or upon generation.

1. Attack Pattern - Huge Power
2. Fear Pattern - Regal Challenge
3. Life Pattern - Regenerator
4. Speed Pattern - Accelerate
5. Stealth Pattern - Ambush
6. Toxic Pattern - Deadly Poison",,,,"Static
Effect: Arbok’s Abilities depend on the Arbok’s hood pattern. To determine its pattern, roll 1d6 upon evolution or upon generation.

1. Attack Pattern - Huge Power
2. Fear Pattern - Regal Challenge
3. Life Pattern - Regenerator
4. Speed Pattern - Accelerate
5. Stealth Pattern - Ambush
6. Toxic Pattern - Deadly Poison"
Shackle,Scene - Swift Action,"Connection - Destiny Bond. 
Effect: The Marked Enemy becomes Suppressed and Trapped. 
Bonus: Your Ghost Type Attacks have a 15+ Effect Range to Trap all Legal Targets. This Effect Range does not apply to Enemies that are further than 3m away from you.",You hit an Enemy with Destiny Bond,,Defensive,"Scene - Swift Action
Keywords - Defensive
Trigger - You hit an Enemy with Destiny Bond
Connection - Destiny Bond. 
Effect: The Marked Enemy becomes Suppressed and Trapped. 
Bonus: Your Ghost Type Attacks have a 15+ Effect Range to Trap all Legal Targets. This Effect Range does not apply to Enemies that are further than 3m away from you."
Shadow Shield,Scene - Reaction,"Effect: The Target of the Triggering Attack gains 3 Ticks of Temporary Hit Points. If the user is in Foggy Weather, you may choose to not expend the Frequency of Shadow Shield but it only Triggers against non-Adjacent Damaging Attacks.",The user or an Ally within 2m is hit by a Damaging 1-Target Attack ,,Defensive,"Scene - Reaction
Keywords - Defensive
Trigger - The user or an Ally within 2m is hit by a Damaging 1-Target Attack 
Effect: The Target of the Triggering Attack gains 3 Ticks of Temporary Hit Points. If the user is in Foggy Weather, you may choose to not expend the Frequency of Shadow Shield but it only Triggers against non-Adjacent Damaging Attacks."
Shadow Tag,At-Will - Swift Action,Effect: The Target is considered to be Trapped as if it was Inflicted by their Shadow (Their current space). The Trapped Condition inflicted this way may be cured as a Swift+Movement Action.,,An adjacent Trainer or Pokémon,,"At-Will - Swift Action
Target - An adjacent Trainer or Pokémon
Effect: The Target is considered to be Trapped as if it was Inflicted by their Shadow (Their current space). The Trapped Condition inflicted this way may be cured as a Swift+Movement Action."
Shed Skin,At-Will - Swift or Movement Action  ,"Effect: The user loses all Temporary Hit Points and loses a Tick of HIt Points, then if they lost Hit Points this way, they are cured of a Physical Affliction.",,,,"At-Will - Swift or Movement Action  
Effect: The user loses all Temporary Hit Points and loses a Tick of HIt Points, then if they lost Hit Points this way, they are cured of a Physical Affliction."
Sheer Force,Static,"Effect: All of the user’s Damaging Attacks have their Effects Ranges replaced with the following text. “On a 17+, this Attack is one step more effective but cannot exceed 1.5x”. Effect Ranges Modifiers cannot apply to this Effect Range. Whenever the user hits a Damaging Attack that did not Trigger this Effect Range, they have a Damage Bonus equal to their Tier Value. ",,,,"Static
Effect: All of the user’s Damaging Attacks have their Effects Ranges replaced with the following text. “On a 17+, this Attack is one step more effective but cannot exceed 1.5x”. Effect Ranges Modifiers cannot apply to this Effect Range. Whenever the user hits a Damaging Attack that did not Trigger this Effect Range, they have a Damage Bonus equal to their Tier Value. "
Shell Armor,At-Will - Reaction,"Effect: The user gains a Tick of Temporary Hit Points, however the user's next Damaging Attack has its damage reduced by their Tick value (Rounded Down).",The user is hit by a Damaging Attack,,Defensive,"At-Will - Reaction
Keywords - Defensive
Trigger - The user is hit by a Damaging Attack
Effect: The user gains a Tick of Temporary Hit Points, however the user's next Damaging Attack has its damage reduced by their Tick value (Rounded Down)."
Shell Shield,Scene x2 - Free Action,"Connection - WIthdraw. 
Effect: The user gains a Shelled Coat that can be expended as a Reaction upon being hit with a Physical Attack. That Attack is resisted by an additional step. 
Bonus: While the user has a Shelled or Withdrawn Coat, they have Damage Reduction equal to their Tier Value. 
","The user uses a ""Self"" Range Attack",,,"Scene x2 - Free Action
Trigger - The user uses a ""Self"" Range Attack
Connection - WIthdraw. 
Effect: The user gains a Shelled Coat that can be expended as a Reaction upon being hit with a Physical Attack. That Attack is resisted by an additional step. 
Bonus: While the user has a Shelled or Withdrawn Coat, they have Damage Reduction equal to their Tier Value. 
"
Shields Down,Static,"Effect: While the user has more than 50% Hit Points, they remain in their Meteor Form. When they fall below 50% Hit Points, they change to their Core Form until the end of the Scene. While in their Meteor Form, they are Immune to Physical Afflictions. When the user enters Core Form, their Defense Combat Stages may switch with their Attack CS and their Special Defense CS may switch with their Special Attack CS.",,,Innate,"Static
Keywords - Innate
Effect: While the user has more than 50% Hit Points, they remain in their Meteor Form. When they fall below 50% Hit Points, they change to their Core Form until the end of the Scene. While in their Meteor Form, they are Immune to Physical Afflictions. When the user enters Core Form, their Defense Combat Stages may switch with their Attack CS and their Special Defense CS may switch with their Special Attack CS."
Silk Threads,At-Will - Swift Action,"Connection - String Shot. 
Effect: Choose an unoccupied Space within 3m of the Target to create a Silk Hazard. This Hazard has 1 HP but may be destroyed as a Swift Action by an Adjacent Enemy. While Hazard is not destroyed, the Target is Trapped by it. The Target however may ignore the Trapped Condition, moving more than 3m away from the Silk Hazard, but if they do, the Silk Hazard is destroyed then the Target becomes Slowed. 
Bonus: As a Movement Action, the user may create Slowed Terrain in a Close Blast 2 range. ","The user hits a Single Enemy with an Attack",,,"At-Will - Swift Action
Trigger - The user hits a Single Enemy with an Attack
Connection - String Shot. 
Effect: Choose an unoccupied Space within 3m of the Target to create a Silk Hazard. This Hazard has 1 HP but may be destroyed as a Swift Action by an Adjacent Enemy. While Hazard is not destroyed, the Target is Trapped by it. The Target however may ignore the Trapped Condition, moving more than 3m away from the Silk Hazard, but if they do, the Silk Hazard is destroyed then the Target becomes Slowed. 
Bonus: As a Movement Action, the user may create Slowed Terrain in a Close Blast 2 range. "
Simple,Static,"Effect: The first time the user would gain CS through an Attack or Ability each Round, it is increased by +1. The first time the user would lose CS through an Attack or Ability each Round, they lose an additional -1 CS in that Stat. ",,,,"Static
Effect: The first time the user would gain CS through an Attack or Ability each Round, it is increased by +1. The first time the user would lose CS through an Attack or Ability each Round, they lose an additional -1 CS in that Stat. "
Sky Diver,Scene x2 - Swift Action,"Effect: The user’s next Damaging Attack has its Range changed to Burst 1, Burst 2 or Melee, Pass. Enemies cannot apply Physical or Special Evasion against this Attack..",,,,"Scene x2 - Swift Action
Effect: The user’s next Damaging Attack has its Range changed to Burst 1, Burst 2 or Melee, Pass. Enemies cannot apply Physical or Special Evasion against this Attack.."
Slush Rush,Static,"Effect: The user may perform Ice Type Attacks as if they had the Priority Keyword. While the Weather is Snowy, the user cannot trigger Attacks of Opportunity and cannot be Slowed.",,,,"Static
Effect: The user may perform Ice Type Attacks as if they had the Priority Keyword. While the Weather is Snowy, the user cannot trigger Attacks of Opportunity and cannot be Slowed."
Sniper,Scene - Movement Action + Reaction,"Effect: The user’s next Ranged 1-Target Attack gains the Sureshot Keyword. If the user has no Combatants within 2m of them, the Frequency of this Ability is not expended.
Bonus: If the user Critically hits a Ranged 1-Target Attack, they gain a Damage Bonus equal to their Tier Value. 
",,,,"Scene - Movement Action + Reaction
Effect: The user’s next Ranged 1-Target Attack gains the Sureshot Keyword. If the user has no Combatants within 2m of them, the Frequency of this Ability is not expended.
Bonus: If the user Critically hits a Ranged 1-Target Attack, they gain a Damage Bonus equal to their Tier Value. 
"
Snow Cloak,Static,"Effect: The user and allies within 2m have a bonus to Evasion equal to your Tier Level. While the Weather is Snowy or the user is in Tundra Terrain, they are Immune to Critical Hits, instead becoming normal hits.  ",,,Defensive,"Static
Keywords - Defensive
Effect: The user and allies within 2m have a bonus to Evasion equal to your Tier Level. While the Weather is Snowy or the user is in Tundra Terrain, they are Immune to Critical Hits, instead becoming normal hits.  "
Snow Warning,At-Will - Swift Action,"Effect: The Weather becomes Snowy. 
Bonus: While the Weather is Snowy, the user has a bonus to Save Checks equal to their Tier Level and has a Boon to all Skill Checks while in Combat.",,,,"At-Will - Swift Action
Effect: The Weather becomes Snowy. 
Bonus: While the Weather is Snowy, the user has a bonus to Save Checks equal to their Tier Level and has a Boon to all Skill Checks while in Combat."
Snuggle,At-Will - Swift Action,Effect: The user and the Target gain a Tick of Temporary Hit Points and a bonus to their next Save Check equal to your Tier Level. ,,An Adjacent Ally,,"At-Will - Swift Action
Target - An Adjacent Ally
Effect: The user and the Target gain a Tick of Temporary Hit Points and a bonus to their next Save Check equal to your Tier Level. "
Solar Conversion,At-Will - Swift Action,"Effect: When the user uses Attacks this Turn, you are treated as being in Sunny Weather for the sake of their Effects.
Bonus: When the user ends their Turn in Sunny Weather or while under 50% Hit Points, they gain +1 CS in a Stat of their choice.",,,,"At-Will - Swift Action
Effect: When the user uses Attacks this Turn, you are treated as being in Sunny Weather for the sake of their Effects.
Bonus: When the user ends their Turn in Sunny Weather or while under 50% Hit Points, they gain +1 CS in a Stat of their choice."
Solar Power,At-Will - Swift Action,"Effect: The user loses a Tick of Hit Points, and gains a bonus to the Triggering Damage Roll equal to their Tick Value. If the Weather is Sunny, Solar Power may be used as a Free Action instead.",The user performs a Damage Roll,,,"At-Will - Swift Action
Trigger - The user performs a Damage Roll
Effect: The user loses a Tick of Hit Points, and gains a bonus to the Triggering Damage Roll equal to their Tick Value. If the Weather is Sunny, Solar Power may be used as a Free Action instead."
Solid Ice,Scene - Reaction,"Effect: The Triggering Attack is resisted by an additional damage step. 
Bonus: While the Weather is Snowy, the user has Damage Reduction against Physical Attacks equal to their Tier Value.",The user is hit by a Super Effective Attack,,Defensive,"Scene - Reaction
Keywords - Defensive
Trigger - The user is hit by a Super Effective Attack
Effect: The Triggering Attack is resisted by an additional damage step. 
Bonus: While the Weather is Snowy, the user has Damage Reduction against Physical Attacks equal to their Tier Value."
Solid Rock,Scene - Reaction,"Effect: The Triggering Attack is resisted by an additional damage step. 
Bonus: While the Weather is Sandstorm, the user has Damage Reduction against Super Effective Attacks equal to their Tier Value",The user is hit by a Super Effective Attack,,Defensive,"Scene - Reaction
Keywords - Defensive
Trigger - The user is hit by a Super Effective Attack
Effect: The Triggering Attack is resisted by an additional damage step. 
Bonus: While the Weather is Sandstorm, the user has Damage Reduction against Super Effective Attacks equal to their Tier Value"
Soothing Tone,At-Will - Swift Action,"Connection - Heal Bell. 
Effect: All Allied Targets of the Triggering Attack gain Temporary Hit Points equal to the higher of the user's Total Special Attack or Special Defense (Excludes CS). 
Bonus: Whenever the user uses a Sonic Attack, all allies within 3m have a bonus to their next Save Check equal to your Tier Level. ",You Target an Ally within 3m with an Attack,,,"At-Will - Swift Action
Trigger - You Target an Ally within 3m with an Attack
Connection - Heal Bell. 
Effect: All Allied Targets of the Triggering Attack gain Temporary Hit Points equal to the higher of the user's Total Special Attack or Special Defense (Excludes CS). 
Bonus: Whenever the user uses a Sonic Attack, all allies within 3m have a bonus to their next Save Check equal to your Tier Level. "
Sorcery,Static,"Effect: The user adds +5 Points to their Special Attack Stat in the Extras Column. When the user reaches Level 20 and every interval after that (20, 40, etc) they gain an additional +5. If the user is a Trainer, the Level Intervals are Level 4, 8, 12, 16, then 20. The user may use Physical Category Attacks as if they were Special. If they do, their Range is changed to 4, 1 Target.",,,Innate,"Static
Keywords - Innate
Effect: The user adds +5 Points to their Special Attack Stat in the Extras Column. When the user reaches Level 20 and every interval after that (20, 40, etc) they gain an additional +5. If the user is a Trainer, the Level Intervals are Level 4, 8, 12, 16, then 20. The user may use Physical Category Attacks as if they were Special. If they do, their Range is changed to 4, 1 Target."
Soulstealer,At-Will - Swift Action,"Effect: The user either restores 2 Ticks of Hit Points, or gains +1 CS in the Target’s highest Base Stat (Choose on tie). The user may only Target an Combatant once per Scene this way.",,An Adjacent Fainted Combatant,,"At-Will - Swift Action
Target - An Adjacent Fainted Combatant
Effect: The user either restores 2 Ticks of Hit Points, or gains +1 CS in the Target’s highest Base Stat (Choose on tie). The user may only Target an Combatant once per Scene this way."
Sound Lance,Scene x2 - Swift Action,"Connection - Supersonic. 
Effect: The range of the Attack is changed to Line 8. If the range would collide with Blocking or Cover Terrain, create a 3x3 Zone where the point of impact would be. All Combatants in that Zone are also Targeted by the Triggering Attack and it has Sureshot against them.",The user would use a Sonic Attack,,,"Scene x2 - Swift Action
Trigger - The user would use a Sonic Attack
Connection - Supersonic. 
Effect: The range of the Attack is changed to Line 8. If the range would collide with Blocking or Cover Terrain, create a 3x3 Zone where the point of impact would be. All Combatants in that Zone are also Targeted by the Triggering Attack and it has Sureshot against them."
Spectral Cloak,Static,"Effect: The user and allies within 2m have a bonus to Evasion equal to your Tier Level. While the Weather is Foggy or the user is in Low Lighting, they are Immune to Critical Hits, instead becoming normal hits. ",,,Defensive,"Static
Keywords - Defensive
Effect: The user and allies within 2m have a bonus to Evasion equal to your Tier Level. While the Weather is Foggy or the user is in Low Lighting, they are Immune to Critical Hits, instead becoming normal hits. "
Spectral Legion,Static,"Effect: Whenever the user attacks a single Pokemon that has a Size Category of Large or higher, their Damaging Attacks are treated as +3 higher Damage Base. Whenever the user causes one of these qualifying Pokemon to faint or lose an HP Bar, the user gains +2 CS in Attack.",,,,"Static
Effect: Whenever the user attacks a single Pokemon that has a Size Category of Large or higher, their Damaging Attacks are treated as +3 higher Damage Base. Whenever the user causes one of these qualifying Pokemon to faint or lose an HP Bar, the user gains +2 CS in Attack."
Speed Boost,Static,"Connection - Agility. 
Effect: At the end of each Round, the user gains +1 CS in Speed and is cured of the Slowed Affliction if applicable.  
Bonus: The user gains the Quick Capability",,,,"Static
Connection - Agility. 
Effect: At the end of each Round, the user gains +1 CS in Speed and is cured of the Slowed Affliction if applicable.  
Bonus: The user gains the Quick Capability"
Spiked Shelter,Scene x2 - Standard Action,"Effect: The Target cannot be Targeted by Attacks until the start of the user's next Turn. If they would be included in an Area of Effect, they take no Damage from the Attack. For this Duration, the user becomes Vulnerable but resists all Physical Attacks by an additional Damage Step and if they're hit by a Melee Attack, the Attack is treated as having the Recoil 1/2 Keyword.",,An Adjacent Ally,,"Scene x2 - Standard Action
Target - An Adjacent Ally
Effect: The Target cannot be Targeted by Attacks until the start of the user's next Turn. If they would be included in an Area of Effect, they take no Damage from the Attack. For this Duration, the user becomes Vulnerable but resists all Physical Attacks by an additional Damage Step and if they're hit by a Melee Attack, the Attack is treated as having the Recoil 1/2 Keyword."
Spike Shot,Static,"Effect: The user may use Attacks with a Range of “Melee, 1-Target” as if they had a Range of “8, 1-Target” instead.The user's attacks Bleed the target on 18+ or extend their Bleed effect range by +2.",,,,"Static
Effect: The user may use Attacks with a Range of “Melee, 1-Target” as if they had a Range of “8, 1-Target” instead.The user's attacks Bleed the target on 18+ or extend their Bleed effect range by +2."
Spirit Fire,Scene x2 - Swift Action,"Effect: They are also Burned. 
Bonus: The user’s Burn Effect Ranges have a bonus equal to your Tier Level. The user is Immune to Fire Type Attacks. ","The user Curses, Dazes or Suppresses an Enemy",,Defensive,"Scene x2 - Swift Action
Keywords - Defensive
Trigger - The user Curses, Dazes or Suppresses an Enemy
Effect: They are also Burned. 
Bonus: The user’s Burn Effect Ranges have a bonus equal to your Tier Level. The user is Immune to Fire Type Attacks. "
Spray Down,Scene x2 - Swift Action,"Effect: The Target becomes Slowed. While the Target is Slowed this way, their Movement Capabilities are disabled. If the Target is Flying Type, they are no longer Immune to Ground Type Attacks while Slowed this way. A Target can only be affected by Spray Down once per Scene. ",The user hits a 1-Target Ranged Attack,,,"Scene x2 - Swift Action
Trigger - The user hits a 1-Target Ranged Attack
Effect: The Target becomes Slowed. While the Target is Slowed this way, their Movement Capabilities are disabled. If the Target is Flying Type, they are no longer Immune to Ground Type Attacks while Slowed this way. A Target can only be affected by Spray Down once per Scene. "
Spirited Challenger,At-Will - Free Action,"Effect: The user is Provoked by the Target until they fall below 50% of their Maximum Hit Points
Bonus: The user’s damaging attacks against enemies they’re Provoked by have their DB increased by +3 and have a bonus to Effect Ranges and Crit Ranges equal to their Tier Level. ",,An Enemy within 5m that is above 50% Max Hit Points,,"At-Will - Free Action
Target - An Enemy within 5m that is above 50% Max Hit Points
Effect: The user is Provoked by the Target until they fall below 50% of their Maximum Hit Points
Bonus: The user’s damaging attacks against enemies they’re Provoked by have their DB increased by +3 and have a bonus to Effect Ranges and Crit Ranges equal to their Tier Level. "
Stakeout,Static,"Effect: Whenever the user targets an Enemy that has acted in this Round but didn’t target the user, the Target cannot apply Stat Evasion towards their Attacks. If the Target is Flanked, their Attacks that meet this condition instead have the Sureshot Keyword.",,,,"Static
Effect: Whenever the user targets an Enemy that has acted in this Round but didn’t target the user, the Target cannot apply Stat Evasion towards their Attacks. If the Target is Flanked, their Attacks that meet this condition instead have the Sureshot Keyword."
Stamina,At-Will - Reaction,Effect: The user gains + 1 CS in Defense and a Tick of Temporary Hit Points after Damage Calculations. ,The user is hit by a Damaging Attack while they do not have Temporary Hit Points,,Defensive,"At-Will - Reaction
Keywords - Defensive
Trigger - The user is hit by a Damaging Attack while they do not have Temporary Hit Points
Effect: The user gains + 1 CS in Defense and a Tick of Temporary Hit Points after Damage Calculations. "
Stance Change,At-Will - Free Action,"Effect: The user changes between to their Weapon Stance or Shield Stance. Stance Change may only be used once per Round. 
Bonus: While the user is in their Weapon Stance, their Attack Stat swaps with their Defense Stat and their Special Attack Swaps with their Special Defense Stat, without changing CS Values. While the user is in their Shield Stance, their Stat values are reverted to normal. When the user enters a Scene, they must choose a Stance to start in.",,,Innate,"At-Will - Free Action
Keywords - Innate
Effect: The user changes between to their Weapon Stance or Shield Stance. Stance Change may only be used once per Round. 
Bonus: While the user is in their Weapon Stance, their Attack Stat swaps with their Defense Stat and their Special Attack Swaps with their Special Defense Stat, without changing CS Values. While the user is in their Shield Stance, their Stat values are reverted to normal. When the user enters a Scene, they must choose a Stance to start in."
Starlight,Scene - Swift + Movement Action ,"Effect: Choose one of the following Effects to apply to the user. The user gains +1 CS in Defense and Special Defense. The user restores 2 Ticks of Hit Points. The user recovers from 1 Mental Affliction. If the Weather is Foggy or Mystical, all numerical values above are doubled or you may use Starlight without expending its Frequency. ",,,,"Scene - Swift + Movement Action 
Effect: Choose one of the following Effects to apply to the user. The user gains +1 CS in Defense and Special Defense. The user restores 2 Ticks of Hit Points. The user recovers from 1 Mental Affliction. If the Weather is Foggy or Mystical, all numerical values above are doubled or you may use Starlight without expending its Frequency. "
Stellar Gem,At-Will - Free Action,"Effect: The user gains +1 CS in Special Attack or Special Defense. Stellar Gem can only be Triggered twice per Round. 
Bonus: The user’s Psychic Type Attacks gain a bonus to their Effect Ranges equal to the higher Combat Stage of the user’s Special Attack or Special Defense. This bonus cannot exceed double their Tier Level. ",The user uses a Psychic Attack or ends their Turn in Mystical Weather,,,"At-Will - Free Action
Trigger - The user uses a Psychic Attack or ends their Turn in Mystical Weather
Effect: The user gains +1 CS in Special Attack or Special Defense. Stellar Gem can only be Triggered twice per Round. 
Bonus: The user’s Psychic Type Attacks gain a bonus to their Effect Ranges equal to the higher Combat Stage of the user’s Special Attack or Special Defense. This bonus cannot exceed double their Tier Level. "
Static,Scene x2 - Free Action,"Effect: The Triggering Enemy becomes Paralyzed. If the Trigger was being hit with an Attack and the Triggering Enemy is already Paralyzed, they cannot cure the Affliction during their next Save Check.  
Bonus: At the start of the user’s Turn, if they used an Electric Attack last round, all Adjacent Enemies must pass a Standard CR (2) Athletics Check or else they become Paralyzed. If the user is Tier 3, it is a Tough CR (3) Athletics Check instead. ",The user is hit by an Adjacent Attack,,Defensive,"Scene x2 - Free Action
Keywords - Defensive
Trigger - The user is hit by an Adjacent Attack
Effect: The Triggering Enemy becomes Paralyzed. If the Trigger was being hit with an Attack and the Triggering Enemy is already Paralyzed, they cannot cure the Affliction during their next Save Check.  
Bonus: At the start of the user’s Turn, if they used an Electric Attack last round, all Adjacent Enemies must pass a Standard CR (2) Athletics Check or else they become Paralyzed. If the user is Tier 3, it is a Tough CR (3) Athletics Check instead. "
Steam Engine,Scene x2 – Reaction,"Connection - Smokescreen. 
Effect: The user may use Smokescreen as a Free Action, ignoring Frequency, centered on the user.
Bonus: The user is Immune to Water Type Attacks and cannot have their Accuracy lowered. ","The user is hit by a Fire Type or Water Type Attack, or begins their turn in Sunny or Rainy Weather",,Defensive,"Scene x2 – Reaction
Keywords - Defensive
Trigger - The user is hit by a Fire Type or Water Type Attack, or begins their turn in Sunny or Rainy Weather
Connection - Smokescreen. 
Effect: The user may use Smokescreen as a Free Action, ignoring Frequency, centered on the user.
Bonus: The user is Immune to Water Type Attacks and cannot have their Accuracy lowered. "
Stench,At-Will - Reaction,"Effect: The Triggering Enemy has a penalty to Accuracy and Save Checks equal to your Tier Level until the end of their next Turn. 
Bonus: All Enemies within 2m of the user have a penalty to Accuracy and Save Checks equal to your Tier Level while within this range. This does not stack if an Enemy is affected by the Effect of Stench. 
",The user is hit by an Adjacent Attack,,Defensive,"At-Will - Reaction
Keywords - Defensive
Trigger - The user is hit by an Adjacent Attack
Effect: The Triggering Enemy has a penalty to Accuracy and Save Checks equal to your Tier Level until the end of their next Turn. 
Bonus: All Enemies within 2m of the user have a penalty to Accuracy and Save Checks equal to your Tier Level while within this range. This does not stack if an Enemy is affected by the Effect of Stench. 
"
Sticky Smoke,Scene x2 - Free Action,"Connection - Smokescreen. 
Effect: The Smoke Hazards created become Sticky. All Enemies that begin or end their turn in Sticky Smoke Hazards have their Accuracy lowered by -1. This penalty may occur multiple times, but only once per turn. This stacks with the usual penalties from Smoke Hazards.
Bonus: As a Swift Action, the user may create a 3x3 Zone, centered on themselves and create Smoke Hazards in all Spaces within the Zone. ",The user creates a Smoke Hazard,,,"Scene x2 - Free Action
Trigger - The user creates a Smoke Hazard
Connection - Smokescreen. 
Effect: The Smoke Hazards created become Sticky. All Enemies that begin or end their turn in Sticky Smoke Hazards have their Accuracy lowered by -1. This penalty may occur multiple times, but only once per turn. This stacks with the usual penalties from Smoke Hazards.
Bonus: As a Swift Action, the user may create a 3x3 Zone, centered on themselves and create Smoke Hazards in all Spaces within the Zone. "
Sticky Syrup,At-Will - Swift Action,"Effect: All Targets hit by the Triggering Attack gain a Sap Counter (Max 3). Combatants with a Sap Counter have a -2 Penalty to Accuracy for each Counter they have. One Sap Counter can be removed as a Swift Action and using the Respite Maneuver can remove as many Counters as they have.
Bonus: As a Swift Action, the user may turn a 2x2 Zone within 3m of them into Hazardous Terrain. This Hazard has the same Effects as Sticky Syrup’s Effect","The user hits with a Bug, Grass or Poison Type Attack",,,"At-Will - Swift Action
Trigger - The user hits with a Bug, Grass or Poison Type Attack
Effect: All Targets hit by the Triggering Attack gain a Sap Counter (Max 3). Combatants with a Sap Counter have a -2 Penalty to Accuracy for each Counter they have. One Sap Counter can be removed as a Swift Action and using the Respite Maneuver can remove as many Counters as they have.
Bonus: As a Swift Action, the user may turn a 2x2 Zone within 3m of them into Hazardous Terrain. This Hazard has the same Effects as Sticky Syrup’s Effect"
Stoicism,Static,"Effect: The user adds +5 Points to their Defense Stat in the Extras Column. When the user reaches Level 20 and every interval after that (20, 40, etc) they gain an additional +5. If the user is a Trainer, the Level Intervals are Level 4, 8, 12, 16, then 20. The user may use their Physical Stat Evasion instead of Special Defense when Targeted by a Special Attack if desired.",,,Innate,"Static
Keywords - Innate
Effect: The user adds +5 Points to their Defense Stat in the Extras Column. When the user reaches Level 20 and every interval after that (20, 40, etc) they gain an additional +5. If the user is a Trainer, the Level Intervals are Level 4, 8, 12, 16, then 20. The user may use their Physical Stat Evasion instead of Special Defense when Targeted by a Special Attack if desired."
Stormlord,At-Will - Swift Action,"Effect: The Weather becomes a Thunderstorm. 
Bonus: While the Weather is Thunderstorm, the user has a bonus to Save Checks equal to their Tier Level and has a Boon to all Skill Checks while in Combat. ",,,,"At-Will - Swift Action
Effect: The Weather becomes a Thunderstorm. 
Bonus: While the Weather is Thunderstorm, the user has a bonus to Save Checks equal to their Tier Level and has a Boon to all Skill Checks while in Combat. "
Strange Tempo,Scene x2 - Swift Action,"Effect: The user may activate this Ability if there is an Enemy that is Adjacent to them. The user becomes Dazed, then may perform an Attack of Opportunity against a random Adjacent Enemy as a Free Action.
Bonus: The user may still perform Tactics Maneuvers while Dazed and may cure themselves of other Afflictions while Dazed. ",,,,"Scene x2 - Swift Action
Effect: The user may activate this Ability if there is an Enemy that is Adjacent to them. The user becomes Dazed, then may perform an Attack of Opportunity against a random Adjacent Enemy as a Free Action.
Bonus: The user may still perform Tactics Maneuvers while Dazed and may cure themselves of other Afflictions while Dazed. "
Strong Jaw,Scene - Swift Action,"Effect: The Effect Range automatically Triggers.  
Bonus: The user gains +3 DB to Attacks with the Bite Keyword.",The user hits with an Attack with the Bite Keyword,,,"Scene - Swift Action
Trigger - The user hits with an Attack with the Bite Keyword
Effect: The Effect Range automatically Triggers.  
Bonus: The user gains +3 DB to Attacks with the Bite Keyword."
Suction Cups,At-Will - Movement Action,"Effect: The user gains Damage Reduction equal to their Tick Value until the end of the next Round. Damage Reduction gained this way does not stack with itself.
Bonus: The user cannot be Slid.",,,,"At-Will - Movement Action
Effect: The user gains Damage Reduction equal to their Tick Value until the end of the next Round. Damage Reduction gained this way does not stack with itself.
Bonus: The user cannot be Slid."
Sumo Stance,At-Will - Swift or Movement Action,"Effect: The user enters a Sumo Stance.  
Forceful Stance - The user has a Damage Bonus equal to their Tier Value. When the user hits a Melee Attack, they may use a Push Maneuver as a Free Action. 
Guarding Stance - The user has Damage Reduction equal to their Tier Value and cannot have Tactic Maneuvers used against them. ",,,Defensive,"At-Will - Swift or Movement Action
Keywords - Defensive
Effect: The user enters a Sumo Stance.  
Forceful Stance - The user has a Damage Bonus equal to their Tier Value. When the user hits a Melee Attack, they may use a Push Maneuver as a Free Action. 
Guarding Stance - The user has Damage Reduction equal to their Tier Value and cannot have Tactic Maneuvers used against them. "
Sunglow,Scene - Swift + Movement Action,"Effect: Choose one of the following Effects to apply to the user. The user gains +1 CS in Attack and Special Attack. The user restores 2 Ticks of Hit Points. The user recovers from 1 Physical Affliction. If the Weather is Sunny or Mystical, all numerical values above are doubled or you may use Sunglow without expending its Frequency. ",,,,"Scene - Swift + Movement Action
Effect: Choose one of the following Effects to apply to the user. The user gains +1 CS in Attack and Special Attack. The user restores 2 Ticks of Hit Points. The user recovers from 1 Physical Affliction. If the Weather is Sunny or Mystical, all numerical values above are doubled or you may use Sunglow without expending its Frequency. "
Super Luck,Scene - Swift Action,"Effect: The user may reroll the Triggering d20
Bonus: The user has a bonus to Critical Hit Ranges equal to their Tier Level",The user rolls a 1 on a d20,,,"Scene - Swift Action
Trigger - The user rolls a 1 on a d20
Effect: The user may reroll the Triggering d20
Bonus: The user has a bonus to Critical Hit Ranges equal to their Tier Level"
Supreme Overlord,At-Will - Swift Action,"Effect: The Target becomes Vulnerable until the start of your next Turn. A Combatant may only be affected by this Effect once per Scene.
Bonus: Whenever an Ally hits an Attack against an Enemy, that Enemy cannot apply Evasion against the user’s Attacks until the end of your next Turn.",The user hits with an Attack,,,"At-Will - Swift Action
Trigger - The user hits with an Attack
Effect: The Target becomes Vulnerable until the start of your next Turn. A Combatant may only be affected by this Effect once per Scene.
Bonus: Whenever an Ally hits an Attack against an Enemy, that Enemy cannot apply Evasion against the user’s Attacks until the end of your next Turn."
Surge Surfer,Static,"Effect: While the user is below 50% Hit Points or the Weather is Thunderstorm or Mystical, the user cannot trigger Attacks of Opportunity by moving and they can use Electric Attacks as if their Range was Melee, Pass or Line 4. ",,,,"Static
Effect: While the user is below 50% Hit Points or the Weather is Thunderstorm or Mystical, the user cannot trigger Attacks of Opportunity by moving and they can use Electric Attacks as if their Range was Melee, Pass or Line 4. "
Sweet Veil,Static,"Effect: The user and allies within 2m are Immune to the Drowsy Affliction and have a bonus to Save Checks equal to your Tier Level. If a Drowsy Ally enters a space within 2m of the user, they are cured of the Drowsy Affliction. ",,,Defensive,"Static
Keywords - Defensive
Effect: The user and allies within 2m are Immune to the Drowsy Affliction and have a bonus to Save Checks equal to your Tier Level. If a Drowsy Ally enters a space within 2m of the user, they are cured of the Drowsy Affliction. "
Symbiosis,Scene x2 - Reaction,Effect: The Target also has the same Stats increased or decreased by the same amount as the user. ,The user has their Combat Stages increased or decreased by an Attack,A Combatant within 5m,,"Scene x2 - Reaction
Trigger - The user has their Combat Stages increased or decreased by an Attack
Target - A Combatant within 5m
Effect: The Target also has the same Stats increased or decreased by the same amount as the user. "
Synchronize,Scene x2 - Swift Action ,"Effect: The Target gains all Status Afflictions that the user is affected by. If the Target is an Ally, instead, they are cured of all Status Afflictions and the user gains all Afflictions cured this way. ",,A Combatant within 5m,,"Scene x2 - Swift Action 
Target - A Combatant within 5m
Effect: The Target gains all Status Afflictions that the user is affected by. If the Target is an Ally, instead, they are cured of all Status Afflictions and the user gains all Afflictions cured this way. "
Tactical Wisdom,Scene - Reaction,"Effect: The Triggering Attack instead hits. 
Bonus: The user has a bonus to Accuracy and Effect Ranges on their Psychic Type Attacks equal to their Tier Level.",The user misses a Special Attack,,,"Scene - Reaction
Trigger - The user misses a Special Attack
Effect: The Triggering Attack instead hits. 
Bonus: The user has a bonus to Accuracy and Effect Ranges on their Psychic Type Attacks equal to their Tier Level."
Tangling Hair,Scene - Reaction,"Effect: The user may use a Grapple Maneuver as a Free Action against the Triggering Enemy. The user automatically passes the first Grapple Check
Bonus: Enemy Melee Attacks against you have a 15+ Effect Range to cause their user to become Slowed. Their Effect Range modifiers do not change this Effect Range. ",The user it hit by an Adjacent Attack,,,"Scene - Reaction
Trigger - The user it hit by an Adjacent Attack
Effect: The user may use a Grapple Maneuver as a Free Action against the Triggering Enemy. The user automatically passes the first Grapple Check
Bonus: Enemy Melee Attacks against you have a 15+ Effect Range to cause their user to become Slowed. Their Effect Range modifiers do not change this Effect Range. "
Targeting System,Static,"Connection – Lock-On. 
Effect: Your 1-Target Ranged Attacks ignore Accuracy Penalties as a result of Terrain. When using Lock-On, you may treat its Range as if it were “3, 2 Targets” or “6, Ranged Blast 3” instead of “10, 1 Target”",,,,"Static
Connection – Lock-On. 
Effect: Your 1-Target Ranged Attacks ignore Accuracy Penalties as a result of Terrain. When using Lock-On, you may treat its Range as if it were “3, 2 Targets” or “6, Ranged Blast 3” instead of “10, 1 Target”"
Teamwork,At-Will - Free Action,"Effect: The Triggering Ally has a bonus to Accuracy for the Triggering Attack equal to your Tier Level.
Bonus: If you have any Modifiers to Save Checks, Adjacent Allies are also treated as having them while next to you unless they have the same modifier from the same source. ",An Ally is Targeting an Enemy you’re Adjacent to with an Attack or Maneuver,,,"At-Will - Free Action
Trigger - An Ally is Targeting an Enemy you’re Adjacent to with an Attack or Maneuver
Effect: The Triggering Ally has a bonus to Accuracy for the Triggering Attack equal to your Tier Level.
Bonus: If you have any Modifiers to Save Checks, Adjacent Allies are also treated as having them while next to you unless they have the same modifier from the same source. "
Teardrop Feathers,Scene - Swift Action,"Effect: The Target becomes Entranced or gains the Wounded Affliction of your choice.
Bonus: The user has a Bonus to Critical Hit Ranges equal to half their Speed CS Value (Rounded Up)",The user hits a Damaging Water Type or Melee Attack,,,"Scene - Swift Action
Trigger - The user hits a Damaging Water Type or Melee Attack
Effect: The Target becomes Entranced or gains the Wounded Affliction of your choice.
Bonus: The user has a Bonus to Critical Hit Ranges equal to half their Speed CS Value (Rounded Up)"
Technician,Scene x2 - Swift Action,"Effect: The Target is treated as Vulnerable against the Attack. 
Bonus: Attacks with a Damage Base of 6 or lower have their Damage Base increased by +3. This bonus always applies to Attacks with the Double Strike or Five Strike Keywords.",The user uses an At-Will Attack,,,"Scene x2 - Swift Action
Trigger - The user uses an At-Will Attack
Effect: The Target is treated as Vulnerable against the Attack. 
Bonus: Attacks with a Damage Base of 6 or lower have their Damage Base increased by +3. This bonus always applies to Attacks with the Double Strike or Five Strike Keywords."
Telepathy,Scene - Standard Action,"Effect: The Triggering Attack misses the Triggering Ally. If the Triggering Attack would Target multiple Allies, this only applies to one of the Targeted Allies.  
Bonus: Whenever an Ally uses a Damaging AOE Attack that would hit you, you may Disengage as a Free Action before the attack resolves *Grants Telepath",An Ally would be hit by a non-Melee Attack that doesn’t Target you,,Defensive,"Scene - Standard Action
Keywords - Defensive
Trigger - An Ally would be hit by a non-Melee Attack that doesn’t Target you
Effect: The Triggering Attack misses the Triggering Ally. If the Triggering Attack would Target multiple Allies, this only applies to one of the Targeted Allies.  
Bonus: Whenever an Ally uses a Damaging AOE Attack that would hit you, you may Disengage as a Free Action before the attack resolves *Grants Telepath"
Temporal Boost,At-Will - Free Action,"Effect: The user gains +1 CS in their highest stat (Choose on a Tie). If this Ability Triggers three times this Scene, they instead gain +2 CS in their highest stat and for each subsequent time it triggers.",A Round Ends,,,"At-Will - Free Action
Trigger - A Round Ends
Effect: The user gains +1 CS in their highest stat (Choose on a Tie). If this Ability Triggers three times this Scene, they instead gain +2 CS in their highest stat and for each subsequent time it triggers."
Thermal Exchange,Scene - Free Action,"Effect: If this Ability was triggered by an Fire Type Attack, the user Ignores any Damage or Effects of the Triggering Attack. Raise the user's Attack by +1 CS. The user's next Damaging Ice Type Attack that successfully hits a Target adds its Damage Dice Roll an extra time to the Damage. If that Attack is avoided via a Defensive Ability or an Attack with the Shield Keyword, this effect is still expended. 
Bonus: The user is Immune to Burns. ","The user is hit with a Fire Type Attack, ends their Turn in Sunny Weather, or falls below 50% Hit Points",,Defensive,"Scene - Free Action
Keywords - Defensive
Trigger - The user is hit with a Fire Type Attack, ends their Turn in Sunny Weather, or falls below 50% Hit Points
Effect: If this Ability was triggered by an Fire Type Attack, the user Ignores any Damage or Effects of the Triggering Attack. Raise the user's Attack by +1 CS. The user's next Damaging Ice Type Attack that successfully hits a Target adds its Damage Dice Roll an extra time to the Damage. If that Attack is avoided via a Defensive Ability or an Attack with the Shield Keyword, this effect is still expended. 
Bonus: The user is Immune to Burns. "
Thick Fat,Scene x2 - Reaction,"Effect: The user resists the Triggering Attack by an additional step, however the user becomes Vulnerable after damage calculations until the end of the next Round. 
Bonus: The user resists Fire and Ice Type Attacks by an additional Damage step. ",The user is hit by a Physical or Adjacent Damaging Attack and is not Vulnerable,,Defensive,"Scene x2 - Reaction
Keywords - Defensive
Trigger - The user is hit by a Physical or Adjacent Damaging Attack and is not Vulnerable
Effect: The user resists the Triggering Attack by an additional step, however the user becomes Vulnerable after damage calculations until the end of the next Round. 
Bonus: The user resists Fire and Ice Type Attacks by an additional Damage step. "
Thrust,At-Will - Swift Action,"Effect: The Target is Slid up to 3m.
Bonus: The user’s Melee Attacks gain the Smite Keyword. The Push Maneuver gains the Sureshot Keyword.","The user hits a Melee, 1 Target Attack",,,"At-Will - Swift Action
Trigger - The user hits a Melee, 1 Target Attack
Effect: The Target is Slid up to 3m.
Bonus: The user’s Melee Attacks gain the Smite Keyword. The Push Maneuver gains the Sureshot Keyword."
Tidal Smash,At-Will - Swift Action,"Effect: The Target loses -2 CS in Defense. If they already had negative Combat Stages in Defense, they also become Vulnerable against the next Attack to Target them. 
Bonus: The user may perform any Water Type Damaging Attack as if its range was Close Blast 2 or Melee, 1 Target.","The user hits a Melee, 1 Target Attack",,,"At-Will - Swift Action
Trigger - The user hits a Melee, 1 Target Attack
Effect: The Target loses -2 CS in Defense. If they already had negative Combat Stages in Defense, they also become Vulnerable against the next Attack to Target them. 
Bonus: The user may perform any Water Type Damaging Attack as if its range was Close Blast 2 or Melee, 1 Target."
Tidal Trap,Static,"Effect: The user’s Water Type Damaging Attacks gain a 15+ Effect Range to cause the Target to become Slowed. If an Enemy is Trapped as a result of you, your Water Attacks have Sureshot against them.",,,,"Static
Effect: The user’s Water Type Damaging Attacks gain a 15+ Effect Range to cause the Target to become Slowed. If an Enemy is Trapped as a result of you, your Water Attacks have Sureshot against them."
Tinted Lens,Static,Effect: The user's Damaging Attacks are Resisted 1 Step Less (Up to Neutral Effectiveness). This does not increase the effectiveness for Attacks that deal Damage due to the Smite Keyword. ,,,,"Static
Effect: The user's Damaging Attacks are Resisted 1 Step Less (Up to Neutral Effectiveness). This does not increase the effectiveness for Attacks that deal Damage due to the Smite Keyword. "
Tochukaso,Scene x2 - Swift Action,"Connection - Poison Powder. 
Effect: While the Enemy is Poisoned this way, they cannot restore Hit Points. 
Bonus: The user is immune to Poison and Bug Type Attacks. ",The user Poisons a Single Enemy,,Defensive,"Scene x2 - Swift Action
Keywords - Defensive
Trigger - The user Poisons a Single Enemy
Connection - Poison Powder. 
Effect: While the Enemy is Poisoned this way, they cannot restore Hit Points. 
Bonus: The user is immune to Poison and Bug Type Attacks. "
Torrent,Static,"Effect: The user may use non-Self or Field Water Type Attacks as if their Range was Line 6 or Close Blast 2. If the Weather is Rainy or the user is Underwater, their Water Type Damaging Attacks have their area of effect increased by +1 and they have a bonus to Damage Rolls equal to their Tier Value.",,,,"Static
Effect: The user may use non-Self or Field Water Type Attacks as if their Range was Line 6 or Close Blast 2. If the Weather is Rainy or the user is Underwater, their Water Type Damaging Attacks have their area of effect increased by +1 and they have a bonus to Damage Rolls equal to their Tier Value."
Tough Claws,"Scene - Swift Action
","Effect: When Calculating Damage for the Triggering Attack, ignore all Damage Reduction and positive Combat Stages for the Defense Stat. The Target also cannot resist it through means other than Type Effectiveness. 
Bonus: Enemies cannot apply Physical Evasion against your Physical Melee Attacks",The user hits a Physical Melee Attack,,,"Scene - Swift Action

Trigger - The user hits a Physical Melee Attack
Effect: When Calculating Damage for the Triggering Attack, ignore all Damage Reduction and positive Combat Stages for the Defense Stat. The Target also cannot resist it through means other than Type Effectiveness. 
Bonus: Enemies cannot apply Physical Evasion against your Physical Melee Attacks"
Toxic Debris,At-Will - Reaction,"Connection - Toxic Spikes. 
Effect: The user uses Toxic Spikes as a Free Action, ignoring its Frequency, however the Attack’s Range is changed to either Burst 1 or Close Blast 3, laying corresponding Hazards in all affected spaces. ",The user is hit by an Adjacent Attack,,Defensive,"At-Will - Reaction
Keywords - Defensive
Trigger - The user is hit by an Adjacent Attack
Connection - Toxic Spikes. 
Effect: The user uses Toxic Spikes as a Free Action, ignoring its Frequency, however the Attack’s Range is changed to either Burst 1 or Close Blast 3, laying corresponding Hazards in all affected spaces. "
Trace,Scene - Swift Action,"Effect: The GM reveals the Abilities known by the Target(s). The user gains an Ability that one of the Targets know, provided it isn’t Innate or a Boss Ability. This Ability is removed at the end of the Scene. ",,An Combatant within 8m or all Combatants within 2m,,"Scene - Swift Action
Target - An Combatant within 8m or all Combatants within 2m
Effect: The GM reveals the Abilities known by the Target(s). The user gains an Ability that one of the Targets know, provided it isn’t Innate or a Boss Ability. This Ability is removed at the end of the Scene. "
Twisted Visions,Static,"Connection - Confuse Ray. 
Effect: The user's Damaging Attacks Daze Targets on an 18+. The user's Daze Effect Ranges (Excluding the one granted by Twisted Visions) are increased by +2. While an Enemy is Dazed as a result of the user, they have a penalty to Accuracy Rolls equal to your Tier Level.",,,,"Static
Connection - Confuse Ray. 
Effect: The user's Damaging Attacks Daze Targets on an 18+. The user's Daze Effect Ranges (Excluding the one granted by Twisted Visions) are increased by +2. While an Enemy is Dazed as a result of the user, they have a penalty to Accuracy Rolls equal to your Tier Level."
Type Aura,Static,"Effect: When the user performs an Attack that matches their Type, they have a bonus to Accuracy equal to their Tier Level and a bonus to Damage Rolls equal to their Tier Value. Whenever an Ally within 2m uses an Attack that matches the user’s Type(s), they also gain this bonus. Type Aura does not stack with multiple sources of itself if it’s the same Type.",,,,"Static
Effect: When the user performs an Attack that matches their Type, they have a bonus to Accuracy equal to their Tier Level and a bonus to Damage Rolls equal to their Tier Value. Whenever an Ally within 2m uses an Attack that matches the user’s Type(s), they also gain this bonus. Type Aura does not stack with multiple sources of itself if it’s the same Type."
Ugly,Static,Effect: All Combatants within 2m of the user are treated as Vulnerable while within this Range. This Pokemon will always have Inept Rank Charm and it cannot be raised. ,,,,"Static
Effect: All Combatants within 2m of the user are treated as Vulnerable while within this Range. This Pokemon will always have Inept Rank Charm and it cannot be raised. "
Unanimaus,At-Will - Swift Action,"Effect: Choose one of the Effects listed below to use when this Ability is Activated. You must have at least the listed number of Mice Token in order to use that Effect.  
2: The user or an Adjacent Ally gains a Tick of Temporary Hit Points
4: You may use an At-Will or EOT Normal Status Attack as a Free Action.
6: You may use an At-Will Damaging Attack as a Free Action, however it is reduced by a Damage Step.
Bonus: The user starts the Scene with 4 Mice Tokens, gaining 1 at the end of each Round and losing 1 whenever they would be hit with an Attack. As a Standard Action you may gain 2 Mice Tokens or reset to 4 Mice Tokens.",,,Innate,"At-Will - Swift Action
Keywords - Innate
Effect: Choose one of the Effects listed below to use when this Ability is Activated. You must have at least the listed number of Mice Token in order to use that Effect.  
2: The user or an Adjacent Ally gains a Tick of Temporary Hit Points
4: You may use an At-Will or EOT Normal Status Attack as a Free Action.
6: You may use an At-Will Damaging Attack as a Free Action, however it is reduced by a Damage Step.
Bonus: The user starts the Scene with 4 Mice Tokens, gaining 1 at the end of each Round and losing 1 whenever they would be hit with an Attack. As a Standard Action you may gain 2 Mice Tokens or reset to 4 Mice Tokens."
Unaware,Static,"Effect: When the User is attacking or being attacked, the Enemy must make all damage calculations as if their CS were at their Default Value.",,,Defensive,"Static
Keywords - Defensive
Effect: When the User is attacking or being attacked, the Enemy must make all damage calculations as if their CS were at their Default Value."
Unlocked Potential,At-Will - Swift Action,"Effect: The Attack has its range changed to one of the following: Line 6. Burst 2. 3, 2 Targets. Close Blast 3. 6, Ranged Blast 2. 
Bonus: As a Swift Action, the user may change the Type of Hidden Power to any other Type.",The user uses Hidden Power,,,"At-Will - Swift Action
Trigger - The user uses Hidden Power
Effect: The Attack has its range changed to one of the following: Line 6. Burst 2. 3, 2 Targets. Close Blast 3. 6, Ranged Blast 2. 
Bonus: As a Swift Action, the user may change the Type of Hidden Power to any other Type."
Unnerve,At-Will - Swift Action,"Effect: Until the end of their next Turn, the Target cannot gain Positive CS and has a Bane to any Skill Checks performed.",,An Enemy within 6 meters,,"At-Will - Swift Action
Target - An Enemy within 6 meters
Effect: Until the end of their next Turn, the Target cannot gain Positive CS and has a Bane to any Skill Checks performed."
Vanguard,Static,"Effect: Whenever the user Targets an Enemy that hasn't acted yet this Round with an Attack, the Target cannot apply Stat Evasion towards that Attack.",,,,"Static
Effect: Whenever the user Targets an Enemy that hasn't acted yet this Round with an Attack, the Target cannot apply Stat Evasion towards that Attack."
Vanish,Scene - Free Action,"Effect: Until the start of your next Turn, in order for the user to be Targeted by an Enemy, they must pass a Standard CR (2) Perception or Intuition Check. If the user is Tier 2, this becomes a Tough CR (3) Check instead. If they fail this check, they cannot Target the user with Attacks, Abilities, etc during that Turn. Vanish cannot be used if the user is the only Combatant on their Team.  
Bonus: If the Weather is Foggy, the user may perform the Hide Maneuver as a Swift Action instead of a Movement Action if desired.",The user uses the Hide Maneuver,,Defensive,"Scene - Free Action
Keywords - Defensive
Trigger - The user uses the Hide Maneuver
Effect: Until the start of your next Turn, in order for the user to be Targeted by an Enemy, they must pass a Standard CR (2) Perception or Intuition Check. If the user is Tier 2, this becomes a Tough CR (3) Check instead. If they fail this check, they cannot Target the user with Attacks, Abilities, etc during that Turn. Vanish cannot be used if the user is the only Combatant on their Team.  
Bonus: If the Weather is Foggy, the user may perform the Hide Maneuver as a Swift Action instead of a Movement Action if desired."
Vicious,Static,"Connection - Hone Claws. 
Effect: The user’s Damaging Attacks cannot be resisted by Enemies that have a Status Affliction or are under 50% Hit Points.",,,,"Static
Connection - Hone Claws. 
Effect: The user’s Damaging Attacks cannot be resisted by Enemies that have a Status Affliction or are under 50% Hit Points."
Vigor,Scene - Free Action,"Connection – Endure. 
Effect: You may either use Endure as a Free Action instead of a Reaction or after the Attack resolves, you restore two Ticks of Hit Points.",The user would use Endure,,Defensive,"Scene - Free Action
Keywords - Defensive
Trigger - The user would use Endure
Connection – Endure. 
Effect: You may either use Endure as a Free Action instead of a Reaction or after the Attack resolves, you restore two Ticks of Hit Points."
Vital Spirit,Scene x2 - Swift Action,"Effect: The user gains a bonus to Accuracy and Save Checks equal to their Tier Level until the start of their next Turn. 
Bonus: The user is immune to Drowsy",,,,"Scene x2 - Swift Action
Effect: The user gains a bonus to Accuracy and Save Checks equal to their Tier Level until the start of their next Turn. 
Bonus: The user is immune to Drowsy"
Volt Absorb,Scene x2 - Swift Action,"Effect: The Triggering Attack gains the Drain Keyword.
Bonus: At the end of the user’s Turn if the Weather is Thunderstorm, the user restores a Tick of Hit Points. ",The user hits an Electric Attack on an Adjacent Target,,Defensive,"Scene x2 - Swift Action
Keywords - Defensive
Trigger - The user hits an Electric Attack on an Adjacent Target
Effect: The Triggering Attack gains the Drain Keyword.
Bonus: At the end of the user’s Turn if the Weather is Thunderstorm, the user restores a Tick of Hit Points. "
Voodoo Doll,Scene x2 - Reaction,"Effect: The Target also gains the Triggering Status Affliction.
Bonus: Whenever an Ally within 3m takes Damage, as a Free Action, they may instead take none, but you lose Hit Points equal to the Damage they would have taken. This HP Loss cannot be prevented. ",The user gains a Status Affliction,An Enemy within 5m,,"Scene x2 - Reaction
Trigger - The user gains a Status Affliction
Target - An Enemy within 5m
Effect: The Target also gains the Triggering Status Affliction.
Bonus: Whenever an Ally within 3m takes Damage, as a Free Action, they may instead take none, but you lose Hit Points equal to the Damage they would have taken. This HP Loss cannot be prevented. "
Wallmaster,Static,"Connection - Barrier. 
Effect: When the user uses creates Wall Hazards, instead of being destroyed when hit by an Attack, they have Hit Points equal to double the user's level plus the higher of their Special Attack or Special Defense Stat upon creating it. Whenever a Wall Hazard created through Barrier is destroyed by an Enemy, all Enemies within 1m of that Hazard are hit with Psychic Typed Basic Attack as a Reaction.",,,,"Static
Connection - Barrier. 
Effect: When the user uses creates Wall Hazards, instead of being destroyed when hit by an Attack, they have Hit Points equal to double the user's level plus the higher of their Special Attack or Special Defense Stat upon creating it. Whenever a Wall Hazard created through Barrier is destroyed by an Enemy, all Enemies within 1m of that Hazard are hit with Psychic Typed Basic Attack as a Reaction."
Wallop,Scene - Free Action,"Connection - Gigaton Strike. 
Effect: All Targets become Dazed and lose -2 CS in Defense. 
Bonus: The user may use Melee Attacks as if they had a Range of Close Blast 2. These Attacks are still treated as “Melee” for the sake of triggers.",The user hits with a Melee Attack,,,"Scene - Free Action
Trigger - The user hits with a Melee Attack
Connection - Gigaton Strike. 
Effect: All Targets become Dazed and lose -2 CS in Defense. 
Bonus: The user may use Melee Attacks as if they had a Range of Close Blast 2. These Attacks are still treated as “Melee” for the sake of triggers."
Wash Away,Scene x2 - Free Action,"Effect: Before Damage Calculations, all CS on Targets hit by the Triggering Attack are reset to their Default and all Coats on the Targets may be destroyed.
Bonus: Once per Scene as a Swift Action, the user may remove a Coat from an Adjacent willing Ally.",The user hits with a Water Type Attack,,,"Scene x2 - Free Action
Trigger - The user hits with a Water Type Attack
Effect: Before Damage Calculations, all CS on Targets hit by the Triggering Attack are reset to their Default and all Coats on the Targets may be destroyed.
Bonus: Once per Scene as a Swift Action, the user may remove a Coat from an Adjacent willing Ally."
Water Compaction,Scene x2 - Reaction,"Effect: The user gains a Compaction Coat. When an Attack hits the user, as a Free Action, they may expend the Coat to resist the Attack one step further. Compaction Coats may be used immediately when gained if desired. ","The user is hit with a Water Type Attack, starts their Turn in Rainy Weather or in Underwater Terrain",,Defensive,"Scene x2 - Reaction
Keywords - Defensive
Trigger - The user is hit with a Water Type Attack, starts their Turn in Rainy Weather or in Underwater Terrain
Effect: The user gains a Compaction Coat. When an Attack hits the user, as a Free Action, they may expend the Coat to resist the Attack one step further. Compaction Coats may be used immediately when gained if desired. "
Water Weapons,At-Will - Swift Action,"Effect: Choose a Weapon. Depending on the Weapon chosen, the user's Water Type Damaging Attacks may be treated as the listed Range. The user can only be afffected by one Weapon at a time.
» Shuriken - 8, Ranged Blast 2.
» Kunai - Melee, Smite.
» Katana - Melee, Pass. 
Bonus: The user may use Water Type Damaging Attacks as if they were Physical or Special Category.",,,,"At-Will - Swift Action
Effect: Choose a Weapon. Depending on the Weapon chosen, the user's Water Type Damaging Attacks may be treated as the listed Range. The user can only be afffected by one Weapon at a time.
» Shuriken - 8, Ranged Blast 2.
» Kunai - Melee, Smite.
» Katana - Melee, Pass. 
Bonus: The user may use Water Type Damaging Attacks as if they were Physical or Special Category."
Wave Striker,Static,"Connection - Razor Shell. 
Effect: The user’s Attacks with a range of Melee, 1 Target gains the Pass keyword. Attacks with the Pass Keyword gain a 18+ effect range to inflict Wounded. The user's Wounded Effect Ranges (Excluding the one granted by Wave Striker) are increased by +2. ",,,,"Static
Connection - Razor Shell. 
Effect: The user’s Attacks with a range of Melee, 1 Target gains the Pass keyword. Attacks with the Pass Keyword gain a 18+ effect range to inflict Wounded. The user's Wounded Effect Ranges (Excluding the one granted by Wave Striker) are increased by +2. "
Weather Report,Scene x2 - Swift Action,Effect: Choose a Weather. The chosen Weather is then set on the field until the end the end fo the next Round.,,,,"Scene x2 - Swift Action
Effect: Choose a Weather. The chosen Weather is then set on the field until the end the end fo the next Round."
Web Mastery,Scene x2 - Free Action,"Effect: You may roll Accuracy for the Triggering Attack twice. Targets that would be hit by both rolls lose -2 CS in Speed. 
Bonus: Web Shot and Electroweb increase their Blast Range by +1. Spider Web is changed to 5, Ranged Blast 2. Sticky Web gains +2 Hazards.","The user uses an Attack with ""Web"" in its name or a Bug Type Attack",,,"Scene x2 - Free Action
Trigger - The user uses an Attack with ""Web"" in its name or a Bug Type Attack
Effect: You may roll Accuracy for the Triggering Attack twice. Targets that would be hit by both rolls lose -2 CS in Speed. 
Bonus: Web Shot and Electroweb increase their Blast Range by +1. Spider Web is changed to 5, Ranged Blast 2. Sticky Web gains +2 Hazards."
Weird Power,Static,Effect: The user may use their Attack as an Offensive Stat when calculating the Damage of their Special Attacks if desired. The user may use their Special Attack as an Offensive Stat when calculating the Damage of their Physical Attacks if desired.  ,,,,"Static
Effect: The user may use their Attack as an Offensive Stat when calculating the Damage of their Special Attacks if desired. The user may use their Special Attack as an Offensive Stat when calculating the Damage of their Physical Attacks if desired.  "
Well-Baked Body,Scene x2 - Reaction,"Effect: The user gains a Toasty Coat. When an Attack hits the user, as a Free Action, they may expend the Coat to resist the Attack one step further. Toasty Coats may be used immediately when gained if desired. ","The user is hit with a Fire Type Attack, starts their Turn in Sunny Weather or in Harsh Heat Terrain",,Defensive,"Scene x2 - Reaction
Keywords - Defensive
Trigger - The user is hit with a Fire Type Attack, starts their Turn in Sunny Weather or in Harsh Heat Terrain
Effect: The user gains a Toasty Coat. When an Attack hits the user, as a Free Action, they may expend the Coat to resist the Attack one step further. Toasty Coats may be used immediately when gained if desired. "
Whirlwind Kicks,Scene x2 - Free Action,"Connection – Triple Kick. 
Effect: The user may benefit from +2 accuracy and +2 to DB while using triple kick without giving up attacks.
Bonus: When the user uses the Attack “Rapid Spin” it may have a range of “Burst 1” and become Fighting Type if desired. Whenever the user would have an Attack of Opportunity triggered, they may instead use Rapid Spin, ignoring its Frequency.",,,,"Scene x2 - Free Action
Connection – Triple Kick. 
Effect: The user may benefit from +2 accuracy and +2 to DB while using triple kick without giving up attacks.
Bonus: When the user uses the Attack “Rapid Spin” it may have a range of “Burst 1” and become Fighting Type if desired. Whenever the user would have an Attack of Opportunity triggered, they may instead use Rapid Spin, ignoring its Frequency."
Wind Power,At-Will - Free Action,"Effect: The user gains +1 CS in Attack or Special Attack and is unaffected by the Triggering Enemy Attack, if any. Wind Power may only be Triggered twice per Round. ","The user is hit by a Flying Type Attack, uses a Flying Type Attack or starts their Turn in Windy Weather",,,"At-Will - Free Action
Trigger - The user is hit by a Flying Type Attack, uses a Flying Type Attack or starts their Turn in Windy Weather
Effect: The user gains +1 CS in Attack or Special Attack and is unaffected by the Triggering Enemy Attack, if any. Wind Power may only be Triggered twice per Round. "
Wind Rider,Static,"Effect: The user’s Melee Attacks gain the Pass Keyword. When using the Pass Keyword, they may move up to 6m instead of 4. If the Weather is Windy, the user cannot trigger Attacks of Opportunity by moving and may Sprint as a Free Action.",,,,"Static
Effect: The user’s Melee Attacks gain the Pass Keyword. When using the Pass Keyword, they may move up to 6m instead of 4. If the Weather is Windy, the user cannot trigger Attacks of Opportunity by moving and may Sprint as a Free Action."
Windstorm,At-Will - Swift Action,"Effect: The Weather becomes Windy. 
Bonus: While the Weather is Windy, the user has a bonus to Save Checks equal to their Tier Level and has a Boon to all Skill Checks while in Combat. ",,,,"At-Will - Swift Action
Effect: The Weather becomes Windy. 
Bonus: While the Weather is Windy, the user has a bonus to Save Checks equal to their Tier Level and has a Boon to all Skill Checks while in Combat. "
Winter's Kiss,Scene - Free Action ,"Effect: They instead are both Chilled and Entranced
Bonus: The user’s Chilled and Entranced Effect Ranges are extended by +2. ",The user would Chill or Entrance an Enemy,,,"Scene - Free Action 
Trigger - The user would Chill or Entrance an Enemy
Effect: They instead are both Chilled and Entranced
Bonus: The user’s Chilled and Entranced Effect Ranges are extended by +2. "
Wistful Melody,Scene - Free Action,"Connection – Sing. 
Effect: The Targets lose -1 CS in Attack and Special Attack. If the Triggering Attack was Sing, they instead reset their Attack and Special Attack to their Default Value, then lose -2 CS in them. ",The user uses an Attack with the Sonic Keyword,,,"Scene - Free Action
Trigger - The user uses an Attack with the Sonic Keyword
Connection – Sing. 
Effect: The Targets lose -1 CS in Attack and Special Attack. If the Triggering Attack was Sing, they instead reset their Attack and Special Attack to their Default Value, then lose -2 CS in them. "
Wobble,At-Will - Reaction,"Effect: The Triggering Attack is treated as having the Recoil ½ Keyword. If the Triggering Attack was from an Adjacent Enemy, this may be used as a Free Action instead.",The user is hit by a Damaging Attack,,,"At-Will - Reaction
Trigger - The user is hit by a Damaging Attack
Effect: The Triggering Attack is treated as having the Recoil ½ Keyword. If the Triggering Attack was from an Adjacent Enemy, this may be used as a Free Action instead."
Wonder Guard,Static,"Effect: The user resists all Damaging Attacks that aren’t Super Effective by an additional damage step. If the user’s Typing would change, this Ability has no Effect.",,,"Defensive, Innate","Static
Keywords - Defensive, Innate
Effect: The user resists all Damaging Attacks that aren’t Super Effective by an additional damage step. If the user’s Typing would change, this Ability has no Effect."
Wonder Skin,Static,Effect: The user gains Evasion against Status Attacks equal to double their Tier Level. Effect Ranges cannot Trigger against the user. ,,,Defensive,"Static
Keywords - Defensive
Effect: The user gains Evasion against Status Attacks equal to double their Tier Level. Effect Ranges cannot Trigger against the user. "
Zero To Hero,Scene - Free Action,"Effect: The user gains +2 CS to two Stats of their choice and may choose to use a Damaging Attack as if it had the Priority (Advanced) Keyword, however it must be against the Enemy that caused this ability to trigger. If the user is Tier 2+, they may activate the Form Change Capability and evolve into Palafin until the end of the Scene",An Ally drops below 50% Hit Points from an Enemy Attack,,,"Scene - Free Action
Trigger - An Ally drops below 50% Hit Points from an Enemy Attack
Effect: The user gains +2 CS to two Stats of their choice and may choose to use a Damaging Attack as if it had the Priority (Advanced) Keyword, however it must be against the Enemy that caused this ability to trigger. If the user is Tier 2+, they may activate the Form Change Capability and evolve into Palafin until the end of the Scene"