Attack Name,Type,Class,Frequency,Range,AC,DB,Effect,Versatile Effect,Attack Tier
Attack Order,Bug,Physical,EOT,"6, 1 Target, Full Action",3,8,"If Attack Order misses, an Ally that is Adjacent to the Target triggers an Attack of Opportunity against the Target. Spirit Surge.",--,Tier 2
Bug Bite,Bug,Physical,At-Will,"Melee, 1 Target, Bite",2,6,"On a roll of 17+, the Target becomes Wounded.",--,Tier 1
Bug Buzz,Bug,Special,Scene x2,Close Blast 2 or Burst 1; Sonic,6,9,"On a roll of 18+, all Targets become Dazed. If a Target has negative Special Defense CS, the Effect Range automatically Triggers against them. Smite",--,Tier 2
Defend Order,Bug,Status,EOT,"Close Blast 2, Sonic",,,All Targets gain DR equal to double your Tier Value until the start of your next Turn or gains +2 CS in Defense. Sureshot,"When used this way, the range become Self. All Adjacent Allies may use the Defend Maneuver with you as a Target as a Priority Free Action.",Tier 1
Dull Drone,Bug,Special,At-Will,"4, 1 Target, Sonic",3,4,"On a roll of 18+, all Targets become Dazed.",--,Tier 1
Fell Stinger,Bug,Physical,At-Will,"Melee, 1 Target",2,5,"If the Target faints as a result of being hit by Fell Stinger, the user gains +2 CS in Attack. ",--,Tier 1
First Impression,Bug,Physical,EOT,"Melee, 1 Target",3,8,"If the user entered the Scene this round, this has the Sureshot Keyword. After this Attack resolves, the user may perform a Full Switch as a Free Action. Spirit Surge",--,Tier 2
Fury Cutter,Bug,Physical,At-Will,"Melee, 1 Target",3,4,"If the user is Provoked, Enraged, or as a Full Action, Fury Cutter may be used as if it was Close Blast 2 or Pass. ",--,Tier 1
Giga Leech,Bug,Physical,Scene x2,"Melee, 1 Target",5,10,"On a roll of 15+, choose a Stat. The Target is lowered by -1 CS in that Stat and the user gains +1 CS to that Stat. Drain.",--,Tier 3
Heal Order,Bug,Status,Scene x2,"6m, 1 Target, Healing, Versatile",,,The Target restores 5 Ticks of Hit Points.,"The Target restores a Tick of Hit Points. When used this way, it doesn't expend the Frequency of Heal Order.",Tier 2
Infestation,Bug,Status,Scene x2,"8, Ranged Blast 3, Hazard, Versatile",,,"All Spaces within the Range of this Attack have Infestation Hazards created in them. 

Infestation Hazards - Any Enemy who starts their Turn or moves through an Infestation Hazard has a penalty to Accuracy and Save Checks equal to your Tier Level until the end of their Turn",Same as the normal Effects but the Hazards are removed at the end of the Round. ,Tier 2
Insect Cleave,Bug,Physical,EOT,"Melee, Pass or Close Blast 2",5,6,"As a Full Action, or if the Target is Wounded, this Attack has the Smite Keyword.",--,Tier 1
Lance Stinger,Bug,Physical,Scene x2,"Melee, Full Action, Pass",6,13,Lance Stinger ignores any positive Defense Combat Stages of its Targets and cannot trigger Reactions.,--,Tier 3
Leech Life,Bug,Physical,Scene x2,"4, 1 Target",5,8,Drain. ,--,Tier 2
Locust Swarm,Bug,Status,Scene x2,"Field, Versatile",,,"The Field becomes Swarmed for the next 5 Rounds. While the Field is Swarmed, non Bug Type Enemies lose a Tick of Hit Points at the start of their Turn and Bug Type Pokemon gain a Tick of Temporary Hit Points at the start of their Turn.","Same as the normal Effect, but at the end of the Round, roll a Luck Check and with an 8 or less, the Field is no longer affected by this Attack.",Tier 2
Lunge,Bug,Physical,EOT,"Melee, 1 Target, Dash",3,8,"Lunge gains the Sureshot Keyword if the Target is Slowed, Trapped or Vulnerable or if the Dash Keyword is Activated.",--,Tier 2
Megahorn,Bug,Physical,Scene x2,"Melee, 1 Target",4,12,"The Target loses -1 CS in Defense. If they already have negative CS in Defense, they also become Vulnerable against Melee Attacks until the end of the next Round.",--,Tier 3
Pheromone Haze,Bug,Status,Scene x2,"Blessing, Versatile",,,"Blessing - Any user affected by Pheromone Haze may activate it as a Free Action when using a Bug Type Damaging Attack to grant it the Smite Keyword. If the Attack hits, it hits, it is also increased by one damage step. (Max 1.5x Effectiveness). Pheromone Haze may be Activated 3 times and then disappears. ","Same as the normal Effect, but it only has 1 Activation.",Tier 2
Pheromone Spray,Bug,Special,EOT,Close Blast 2,5,4,"One Target becomes Marked with a Haze Mark. Attacks against Enemies with a Haze Mark have a bonus to Effect Ranges equal to your Tier Level. When an Effect Range Triggers against an Enemy with a Haze Mark, the Haze Mark is removed. Spirit Surge",--,Tier 1
Pin Missile,Bug,Physical,EOT,"6, 1 Target",5,4,"If Pin Missile hits at least 4 times, the Target becomes Wounded. Five Strike",--,Tier 1
Pollen Puff,Bug,Special,EOT,"6, 1 Target",4,8,"If Pollen Puff targets an Ally instead of dealing damage, they restore 2 Ticks of Hit Points or Temporary Hit Points.",--,Tier 2
Powder,Bug,Status,Scene x2,"6, Ranged Blast 3, Versatile",4,,"The Target gains a Flammable Coat. Whenever a Combatant with a Flammable Coat is hit with a 1 Target Ranged Damaging Attack, the Attacker may expend the Coat. Once expended, a Burst 2 explosion occurs originating from the Enemy with the Coat and all Combatants within this Range are also hit with the Triggering Attack. ","Same as the normal Effects, but the Range is changed to 3, 1 Target and the explosion is a Burst 1 instead.",Tier 2
Powder Storm,Bug,Special,Scene,"Close Blast 3, Full Action, Reckless",6,13,"After Damage Calculations, lower the Offensive Stat used for this Attack by -2 CS. Smite",--,Tier 3
Quiver Dance,Bug,Status,Scene x2,"Self, Versatile",,,"The user gains +2 CS in Special Attack, Special Defense and Speed.","Choose Special Attack, Special Defense or Speed to gain +1 CS in.",Tier 2
Rage Powder,Bug,Status,Scene x2,Burst 1 or Close Blast 2; Versatile,5,,"All Targets hit by Rage Powder become Provoked by the user until the end of their next Turn. On a roll of 15+, they also become Enraged. Friendly.","All Spaces in the Range of this Attack gain Powder Hazards until the end of the Round. Enemies that Trigger this Hazard become Provoked by their nearest Enemy Combatant that they can legally Target. 

Powder Hazard - Whenever an Enemy passes through or ends their turn on a Powder Hazard the Effect listed is applied. Users with the Breathless Capability ignore this Hazard.",Tier 2
Skitter Dance,Bug,Status,At-Will,"Self, Movement Action",,,The user’s next Melee Attack this Turn ignores Speed Evasion or they gain +1 Evasion.,--,Tier 1
Skitter Smack,Bug,Physical,EOT,"Melee, 1 Target",2,7,"The user may declare the usage of Skitter Smack at the start of their Turn. When Moving this turn, they do not provoke Attacks of Opportunity and do not trigger Reactions.",--,Tier 1
Silk Trap,Bug,Status,Scene,"4, 1 Target, Versatile",5,,"The Target becomes Slowed. While Slowed this way, their Melee Attacks are resisted an additional Damage step. If this Attack misses, they instead are Slowed without any additional effects. Spirit Surge",--,Tier 3
Silk Weave,Bug,Status,Scene x2,"4m, 1 Target or Self; Coat",,,The Target gains a Silk Coat. The Target may expend a Silk Coat to become cured of a Physical Affliction or to reset a Stat to its Default Value,--,Tier 2
Silver Cyclone,Bug,Special,Scene x2,"6, Ranged Blast 3, Full Action",5,11,"If the Weather is Windy, Silver Cyclone has the Friendly Keyword. Smite",--,Tier 3
Signal Beam,Bug,Special,EOT,"6, 1 Target",4,8,"On a roll of 18+ or if the Target is Dazed, they lose -2 CS in Special Attack or Special Defense. Smite",--,Tier 2
Silver Gale,Bug,Special,EOT,"8, 1 Target, Priority",3,7,"If Silver Gale is used with Priority, it may use the user's Speed Stat as an Offensive Stat instead of their Special Attack.",--,Tier 1
Silver Wind,Bug,Special,At-Will,"4, Ranged Blast 2",5,5,"If the Weather is Windy, this has the Sureshot Keyword.",--,Tier 1
Spider Fang,Bug,Physical,EOT,"Melee, 1 Target, Bite",3,8,"On a roll of 17+, roll a 1d3. The Target gains that Status Affliction. On a roll of 1, the Target is Paralyzed. On a 2, the Target is Poisoned. On a 3, the Target is Weakened until the end of the next Round.",--,Tier 2
Spider Web,Bug,Status,Scene x2,"3, 1 Target or Close Blast 2, Versatile",,,The Target becomes Slowed and is Trapped while Slowed and within 3m of the user. Sureshot.,"The Target becomes Slowed. When used this way, Spider Web has an AC of 6.",Tier 2
Steamroller,Bug,Physical,EOT,"Melee, Pass",5,7,"If the Target is smaller than the User, they cannot apply Physical Evasion or use Reactions against this Attack. ",--,Tier 1
Sticky Web,Bug,Status,EOT,"6, Hazard, Swift Action",,,"Choose 8 Spaces within the Range of this Attack to create Web Hazards in, such that all 8 Spaces are Adjacent to at least one other Web Hazard. Enemies that Trigger this Web Hazard become Slowed at the end of their Turn. 

Web Hazard - Spaces with Web Hazards are treated as Slow Terrain. Whenever an Enemy passes through or ends their turn on a Web Hazard, they have their Speed lowered by -3 CS. ",--,Tier 1
String Shot,Bug,Status,EOT,"Close Blast 2 or 6m, 1 Target; Versatile",6,,"All Targets become Slowed. While Slowed this way, they have a -3 Accuracy Penalty. *Grants Threaded","The Target loses -2 CS in Speed, or -1 CS if the Attack misses. Spirit Surge",Tier 1
Struggle Bug,Bug,Special,At-Will,Close Blast 2,5,4,"On a roll of 17+, the user gains +1 CS in Special Attack.",--,Tier 1
Swift Sting,Bug,Physical,At-Will,"Melee, 1 Target, Priority",2,4,--,--,Tier 1
Tail Glow,Bug,Status,Scene,"Self, Versatile",,,The user gains +3 CS in Special Attack. Attacks have a -3 Penalty to Accuracy when Targeting the user until the start of their next Turn.*Grants Glow,"The user gains +1 CS in Special Attack, then all Adjacent Enemies lose -2 to their next Accuracy Roll. ",Tier 3
Twineedle,Bug,Physical,At-Will,"Melee, 1 Target ",3,3,"On a roll of 16+, roll a d2. On a 1, they become Poisoned. On a 2, they become Wounded. Double Strike",--,Tier 1
U-Turn,Bug,Physical,At-Will,"Melee, 1 Target, Dash",2,7,"After Damage Calculations, the user may Disengage or perform a Full Switch as a Free Action.",--,Tier 1
Web Shot,Bug,Special,EOT,"6, Ranged Blast 2",5,6,"If this Attack misses all Targets, you may place Web Hazards in all spaces within the Range of this Attack. Enemies that Trigger this Web Hazard become Slowed at the end of their Turn. 

Web Hazard - Spaces with Web Hazards are treated as Slow Terrain. Whenever an Enemy passes through or ends their turn on a Web Hazard, they have their Speed lowered by -3 CS.",--,Tier 1
X-Scissor,Bug,Physical,EOT,"Melee, Pass ",6,8,"X-Scissor Inflicts Wounded on a roll of 18+. If this Attack is used without activating the Pass Keyword, this Effect Range automatically Triggers on a hit. Smite",--,Tier 2
Ambush,Dark,Physical,EOT,"Melee, 1 Target, Priority",3,8,"If the Target is Flanked, they're treated as Vulnerable against this Attack instead and cannot use Reactions against it. ",--,Tier 2
Assurance,Dark,Physical,EOT,"Melee, 1 Target",3,6,"This Attack's Damage Base is increased by +2 for each time the Target was targeted by an Attack this Round (Max 12). If the Target hit the user with an Attack this Round, this has the Sureshot Keyword.",--,Tier 2
Backlash,Dark,Special,EOT,"Melee, 1 Target",2,7,"When calculating Weakness and Resistance for Backlash, Fairy Typed Targets calculate damage as if Fairy was weak to Dark. If the Target of this Attack hit the user with an Attack this round, Backlash has the Sureshot Keyword.",--,Tier 1
Beat Up,Dark,Physical,Scene x2,"Melee, 1 Target",,,The user and an ally adjacent to the Target may each make a Basic Attack as a Free Action against the Target. These Basic Attacks hit for Dark Type Damage instead of their usual Type.,--,Tier 2
Bite,Dark,Physical,At-Will,"Melee, 1 Target, Bite",2,5,"On a roll of 16+, the Target becomes Wounded.",--,Tier 1
Blindside,Dark,Physical,EOT,"Melee, 1 Target",3,6,"Until the end of your Turn, if you use a Manipulate or Tactics Maneuver against the Target, it has the Sureshot Keyword and you have a Boon to any Opposed Checks. If the Target is Vulnerable or Flanked, they lose -2 CS to Defense or Special Defense.",--,Tier 1
Brutal Swing,Dark,Physical,EOT,Burst 1 ,5,7,"If a Target hit by this Attack Slides into a Space that is Adjacent to Blocking Terrain, they become Vulnerable against the next Attack that Targets them this Round. Slide 1 (Away).",--,Tier 1
Carrion Feast,Dark,Physical,Scene x2,"Melee, 1 Target, Trigger",4,9,"If an Adjacent Enemy is hit with an Attack, Carrion Feast can be used against that Enemy as a Standard Action + Reaction after the Attack's resolution. Excess HP from the Drain Keyword is converted into Temporary HP. Drain",--,Tier 2
Cackle,Dark,Status,Scene x2,"Burst 1, Sonic, Versatile",3,,"Choose a Stat on each Target to lower by -2 CS. If the chosen Stat had a positive CS Value or they're Provoked by the user, they lose -4 CS instead. Friendly.",Choose a Stat that has Positive Combat Stages on each Target if applicable. The chosen Stat is lowered by -2 CS. Friendly.,Tier 2
Chaos Strike,Dark,Special,Scene x2,"Melee, 1 Target, Recoil 1/3",3,12,"On a roll of 16+, the Target gains a Mental Affliction the user is affected by or becomes Suppressed if the user doesn't have any.",--,Tier 3
Crunch,Dark,Physical,EOT,"Melee, 1 Target, Bite",3,8,"On a roll of 17+, the Target either becomes Wounded or loses -2 CS in Defense",--,Tier 2
Dark Blade,Dark,Physical,Scene x2,"Melee, Pass",6,7,"Dark Blade is a Critical Hit on a roll of 17+. If this Attack misses all Targets, the user becomes Enraged and gains +1 CS in Attack. Spirit Surge",--,Tier 2
Dark Pulse,Dark,Special,EOT,"8, 1 Target, Aura",4,8,"On a roll of 18+, the Target becomes Suppressed. If the Weather is Foggy or the user has a Mental Affliction, this may be used as if its Range was Burst 1.",--,Tier 2
Dark Waves,Dark,Special,At-Will,"Burst 1 or 3, 2 Targets",5,4,--,--,Tier 1
Darkest Lariat,Dark,Physical,EOT,"Melee, 1 Target",3,8,"This Attack ignores the Target’s positive Defense CS, Damage Reduction, Blessings, Items, Physical Evasion and Abilities. Smite",--,Tier 2
Embargo,Dark,Status,EOT,"5, 1 Target, Swift Action",6,,"The Target becomes Marked with an Embargo Mark. While a Combatant is affected by an Embargo Mark, they cannot use or benefit from Equipment Items or Consumable Items and cannot be recalled. ",--,Tier 1
Fake Tears,Dark,Status,EOT,"Burst 1, Social, Versatile",4,,"For each Target, choose Attack or Special Attack. The chosen Stat is lowered by -3 CS. If a Target is Entranced, this cannot miss them. ",All Targets hit by this Attack cannot Target the user with their next Attack if there is another legal Target. ,Tier 1
False Surrender,Dark,Physical,EOT,"Melee, 1 Target",4,8,"If the user is Flanked, False Surrender has the Sureshot Keyword. If the user is Surrounded, False Surrender may be used as if its Range were Burst 1.",--,Tier 2
Feint Attack,Dark,Physical,EOT,"Melee, 1 Target ",,6,Sureshot.,--,Tier 1
Flatter,Dark,Status,EOT,"2, 1 Target, Social, Versatile",,,"The Targeted Enemy becomes Entranced. If this Targets an Ally that has hit an Attack this Round, the Ally gains +2 CS in a Stat of your choice. Sureshot",The Target becomes Entranced. This may only Target an Enemy that has hit an Attack this Round. Sureshot,Tier 1
Fling,Dark,Physical,Scene x2,"8, 1 Target ",4,8,"The user may use the environment or expend an Item in their Inventory to change the Type of Fling, within the GMs Discretion. If an Item is expended, Fling's Effect becomes the Item's Effect as if they used the Throw Maneuver. ",--,Tier 2
Foul Play,Dark,Physical,Scene x2,"Melee, 1 Target",3,10,"The Target reveals its Attack stat. When calculating damage, your Offensive Stat is treated as the Target's Attack value.",--,Tier 3
Gash,Dark,Status,Scene x2,"Melee, Pass, Versatile",5,,"Any Coats of the user’s choice currently affecting the Target are removed. When this Attack hits, the Target becomes Wounded. Spirit Surge","The Target becomes Wounded. When used this way, Gash loses the Pass Keyword and its AC becomes 3. ",Tier 2
Hone Claws,Dark,Status,EOT,"Self, Versatile",,,"Choose one of the following to gain a +2 to. Attack CS, Accuracy, Critical Hit Range.",Same as the normal Effect but gain +1 instead. ,Tier 1
Jaw Lock,Dark,Physical,Scene x2,"Melee, 1 Target, Bite",4,8,"On a 15+, the Target cannot use a Movement Action during their next Turn. This Turn, you may perform a Grapple Maneuver against the Target as a Swift Action if desired.",--,Tier 2
Knock Off,Dark,Physical,Scene x2,"Melee, 1 Target",3,7,"When this Attack hits, you may use a Disarm Maneuver as a Free Action against the Target. Perform the Opposed Check with a Boon.",--,Tier 2
Kowtow Cleave,Dark,Physical,Scene x2,Close Blast 2 ,,8,"On a roll of 17+, all Targets become Wounded. Sureshot",--,Tier 2
Lash Out,Dark,Physical,EOT,"Melee, 1 Target",4,8,"If the user is Enraged or has an Affliction, Lash Out is instead DB 12",--,Tier 2
Lunar Beam,Dark,Special,Scene,"Line X, Set-Up",4,8,"Charge Effect: If the Weather is Sunny, you cannot use this Charge Effect. If the Weather is Foggy, you instead gain 2 Charge Tokens. 
Resolution Effect: X is equal to 4 plus the number of Charge Tokens you expend. This Attack’s Damage Base is increased by +2 for each Charge Token you expend. Smite",--,Tier 2
Marked Prey,Dark,Status,Scene x2,"Melee, 1 Target, Swift Action",3,,"The Target becomes Marked with a Scent Mark. The user gains +2 Accuracy and Effect Range against Combatants with a Scent Mark.
*Grants Tracker",--,Tier 2
Memento,Dark,Status,Scene,"8, 1 Target, Trigger, Free Action",,,"Memento may be used as a Free Action when the user becomes Fainted, targeting the Combatant who caused it to Faint. Lower each of the Target's stats by -2 CS. Sureshot",--,Tier 3
Nasty Plot,Dark,Status,EOT,"Self, Versatile",,,The user gains +2 CS in Special Attack. Their next Special Attack gains the Smite Keyword.,The user gains +1 CS in Special Attack. ,Tier 1
New Moon,Dark,Status,Scene x2,"Blessing, Versatile, Weather",,,"Blessing - Any user affected by New Moon may activate it as a Free Action when using a Dark Type Damaging Attack to grant it the Smite Keyword. If the Attack hits, it hits, it is also increased by one damage step. (Max 1.5x Effectiveness). New Moon may be Activated 3 times and then disappears. While this Blessing persists, the Weather becomes Foggy.","Same as the normal Effect, but it only has 1 Activation.",Tier 2
Night Daze,Dark,Special,EOT,Burst 1,6,9,"Targets become Dazed on a 16+. If the Weather is Foggy, Night Daze has the Friendly Keyword. ",--,Tier 2
Night Slash,Dark,Physical,EOT,"Melee, Pass",5,7,Night Slash is a Critical Hit on a roll of 18+.,--,Tier 1
Obstruct,Dark,Status,Scene,"Self, Coat",,,"The user gains an Obstructed Coat until the start of their next Turn. While they have this Coat, Adjacent Allies cannot be Targeted by 1-Target Attacks, Adjacent Allies resist damage by an additional step and the Enemies cannot move through the space the user occupies. ",--,Tier 3
Parting Shot,Dark,Status,EOT,"6, 1 Target, Social, Movement Action",,,"The user may perform a Provoke Maneuver against the Target as a Free Action as if it had the Sureshot Keyword. The user then either Disengages or performs a Full Switch, both as a Free Action. If they were Switched out and the Maneuver was successful, they are Provoked by the replacing Pokemon until the end of their next Turn. Sureshot",--,Tier 1
Payback,Dark,Physical,EOT,"Melee, 1 Target",4,6,"If the Target hit the user with an Attack since the user's last turn, Payback instead has a Damage Base of 12.",--,Tier 2
Power Trip,Dark,Physical,Scene x2,"Melee, 1 Target",4,2,"This Attack gains +2 to its Damage Base for every positive CS held by the user, to a maximum of DB 20. Smite",--,Tier 2
Punishment,Dark,Physical,EOT,"Melee, 1 Target",4,2,"This Attack gains +2 to its Damage Base for every positive CS held by the Target, to a maximum of DB 20. Smite",--,Tier 2
Pursuit,Dark,Physical,At-Will,"Melee, 1 Target ",2,5,"The Target becomes Marked with a Pursuit Mark. Whenever an Enemy with a Pursuit Mark moves, you may Slide into an Adjacent Space as a Reaction. If they would exceed a number of spaces more than your Movement Value, you cannot use this Effect. ",--,Tier 1
Quash,Dark,Status,At-Will,"10, 1 Target, Social, Versatile",5,,"If the user has witnessed the Target use an Attack or Ability this Scene, you may choose one of them to become Disabled. When this Attack hits, the Target becomes Suppressed. Spirit Surge.",Choose an Attack or Ability that the user has witnessed the Target use to become Disabled.,Tier 1
Ripping Abyss,Dark,Status,Scene x2,"Field, Versatile, Weather",,,"The Field becomes Abyssal for the next 5 Rounds. While the Field is Abyssal, non Dark Type Enemies lose a Tick of Hit Points at the start of their Turn and Dark Type Pokemon gain a Tick of Temporary Hit Points at the start of their Turn. While the Field is Abyssal, the Weather becomes Foggy.","Same as the normal Effect, but at the end of the Round, roll a Luck Check and on a 10 or less, the Field is no longer affected by this Attack.",Tier 2
Sabotage,Dark,Special,At-Will,"Melee, 1 Target",3,4,"When this Attack hits, choose a Stat the Target has Positive CS in. They lose -1 CS in that Stat.",--,Tier 1
Savage Roar,Dark,Status,Scene x2,"Burst 2, Sonic, Social, Versatile",,,"Perform a Command or Intimidate Check. If you get at least 3 Successes, all Targets become Suppressed. Additionally they suffer a penalty to their next Accuracy or Save Check (of your choice) equal to half the number of Successes (Rounded Up). Friendly, Sureshot.","Same as the Normal Effects, but the Range is changed to Melee, 1 Target, Sonic. Sureshot.",Tier 2
Scornful Vortex,Dark,Physical,Scene,"Burst 2, Full Action, Reckless",6,13,The user loses a Tick of Hit Points for each combatant that takes damage from this Attack. Smite,--,Tier 3
Shadow Bolt,Dark,Special,Scene,"10, 1 Target ",5,10,"On a roll of 18+ or if Shadow Bolt misses, roll a 1d3. On a roll of 1, the Target becomes Suppressed. On a 2, the Target becomes Dazed. On a 3, the Target becomes Enraged. If the Weather is Foggy, you may choose instead of rolling a 1d3. Spirit Surge.",--,Tier 3
Shadow Snare,Dark,Special,EOT,"3, 1 Target",5,8,"The Target becomes Trapped. If the Weather is Foggy, Shadow Snare has the Sureshot Keyword.",--,Tier 2
Shadow Strike,Dark,Special,EOT,"Melee, 1 Target",3,6,"If the Weather is Foggy, Shadow Strike has a damage base of 10 and the Target cannot apply Speed Evasion against this Attack.",--,Tier 1
Shadow Veil,Dark,Status,Scene x2,"Blessing, Versatile",,,"Blessing – Any user affected by Shadow Veil may activate it as a Free Action when they’re Targeted by an Attack. The Attacker suffers a -3 Penalty to its Accuracy Roll. If the Weather is Foggy, this instead becomes a -6 Penalty. Shadow Veil may be Activated 2 times, and then disappears.","Same as the normal Effect, but it requires a Reaction to activate the Blessing instead of a Free Action.",Tier 2
Siphon Life,Dark,Special,Scene x2,"4, 1 Target ",5,8,Drain. ,--,Tier 2
Snarl,Dark,Special,At-Will,"Close Blast 2, Sonic",5,5,"This Attack may also be used as a Full Action to perform a Command or Intimidate Check. For each success, Targets apply -1 less Evasion against this Attack. ",--,Tier 1
Snatch,Dark,Status,Scene x2,"Self, Trigger",,,"Snatch can only be used as a Reaction whenever an Enemy within 2m uses an Attack with the Self Range. You also gain the benefits of the Triggering Attack. If used as a Standard Action + Reaction, the Enemy does not gain the benefits of the Triggering Attack as well.",--,Tier 2
Sucker Punch,Dark,Physical,At-Will,"Melee, 1 Target, Priority, Trigger, Punch",3,7,"Whenever you’re targeted with an Attack by an Adjacent Enemy, you may use a Standard Action + Reaction to use this Attack. This Attack resolves before the Triggering Attack. If the Triggering Enemy were to faint, their Attack does not resolve. ",--,Tier 1
Switcheroo,Dark,Status,EOT,"Melee, 1 Target, Versatile",2,,"You and the Target are cured of all Status Affliction. Then, the Target is inflicted with all Status Afflictions you were cured of. You are then inflicted with all Status Afflictions that the Target was cured of, if any.",Choose one Status Affliction that you and the Target are affected by and swap them.,Tier 1
Taunt,Dark,Status,EOT,"4, 1 Target, Social, Versatile",,,"The Target becomes Provoked by you until the end of their next Turn. If they’re already Provoked by you or have been in this Scene, you may instead cause them to become Enraged. Sureshot.","Same as the normal effects, but if the Target passes a Tough CR (3) Focus Check, the Attack does nothing. Sureshot",Tier 1
Thief,Dark,Physical,At-Will,"Melee, 1 Target",3,6,"You may perform a Disarm Maneuver against the Target as a Free Action. If an Item is disarmed and the user has an empty Inventory Slot, they may add it to their Inventory after Damage Calculations.",--,Tier 1
Throat Chop,Dark,Physical,EOT,"Melee, 1 Target",3,8,The Target cannot use Attacks with the Sonic keyword until the end of their next Turn.,--,Tier 2
Topsy-Turvy,Dark,Status,Scene x2,Burst 2,6,,The user and all Combatants hit by this Attack lose -4 CS in Stats that they have Positive CS in and gain +4 CS in Stats that they have Negative CS in. Any Combatants that this Attack misses instead lose -2 CS in Stats they have Positive CS in. Spirit Surge.,--,Tier 2
Torment,Dark,Status,Scene x2,"8, 1 Target, Social, Versatile",5,,"The Target becomes Suppressed. If this Attack hits, while Suppressed this way, the user cannot cure Mental Afflictions while they're within 3m of the user. Spirit Surge.",The Target becomes Suppressed.,Tier 2
Umbral Assault,Dark,Special,At-Will,"Melee, 1 Target",3,4,Double Strike.,--,Tier 1
Ancestral Fury,Dragon,Physical,EOT,Close Blast 2 ,6,8,Ancestral Fury is a Critical Hit on a roll of 18+. This Crit Range is increased by +2 if the user is Enraged or Provoked. After Damage Calculations the user may become Enraged. Spirit Surge.,--,Tier 2
Breaking Swipe,Dragon,Physical,EOT,Close Blast 2,5,6,"On a roll of 18+, all Targets become Wounded. Smite",--,Tier 1
Breath Blast,Dragon,Special,EOT,"6, Ranged Blast 2",5,6,"On a roll of 18+, all Targets become Paralyzed. Smite",--,Tier 1
Clanging Scales,Dragon,Special,Scene x2,"6, 1 Target or Burst 1, Sonic",6,11,"The user may add half their Defense Stat to Clanging Scale's Damage Roll. After Damage Calculations, if they do, the user loses -2 CS in Defense.",--,Tier 3
Clangorous Soul,Dragon,Status,Scene,"Burst 3, Full Action; or Burst 3",,,"The user gains +2 CS in each Stat and all Allies within the range of this Attack gain +1 CS to a Stat of their Choice. This Attack can only be used as a Full Action or as a Standard Action + Reaction upon falling below 50% of their Max Hit Points. If used as a Reaction, the user also gains 2 Ticks of Temporary Hit Points. ",--,Tier 3
Draco Meteor,Dragon,Special,Scene,"10, Ranged Bast 2, Set-Up",6,10,"Charge Effect: No Effect 
Resolution Effect: You may select a Range for this Attack a number of times equal to the expended Charge Tokens and it Targets all Combatants in these Ranges. These Ranges cannot overlap and an Enemy cannot be Targeted more than once this way. Smite",--,Tier 3
Draconic Aura,Dragon,Status,Scene x2,"Blessing, Versatile",,,"Blessing - Any user affected by Draconic Aura may activate it as a Free Action when using a Dragon Type Damaging Attack to grant it the Smite Keyword. If the Attack hits, it hits, it is also increased by one damage step. (Max 1.5x Effectiveness). Draconic Aura may be Activated 3 times and then disappears. ","Same as the normal Effect, but it only has 1 Activation.",Tier 2
Draconic Roar,Dragon,Status,EOT,"Burst 2, Sonic, Versatile",6,,"Choose a Stat the Target has Positive CS in. They lose -3 CS in that Stat. On a 15+, all you may choose any number of Targets hit to become Provoked by you until the end of their next Turn. Friendly",Choose any number of Targets hit by this Attack to become Provoked until the end of their next Turn. Friendly,Tier 1
Dragon Axe,Dragon,Physical,Scene x2,"Melee, 1 Target",4,10,"On Even rolls, the Target becomes Wounded. On Odd rolls, the Target becomes Vulnerable until the end of the Round. Spirit Surge.",--,Tier 3
Dragon Breath,Dragon,Special,At-Will,"6, 1 Target or Line 3",3,4,"On a roll of 18+, the Target becomes Paralyzed. If this is used as a Line 3 Range, the AC becomes 5.",--,Tier 1
Dragon Claw,Dragon,Physical,At-Will,"Melee, 1 Target",3,8,"If the Target is suffering from a Physical Affliction or has negative Defense Combat Stages, this Attack is treated as one step more Effective but cannot surpass 1.5x Effectiveness. Its Damage Effectiveness can only be increased this way once per Scene per Target.",--,Tier 2
Dragon Dance,Dragon,Status,At-Will,"Self, Versatile",,,The user gains +2 CS in Attack. The user is cured of one Physical Affliction.,"If the user is affected by a Physical Affliction, they pass their next Save Check, regardless of the result.",Tier 1
Dragon Darts,Dragon,Physical,EOT,"6, 1 Target; or 6, 2 Targets",6,5,"If this Attack is used as a 1 Target, it has the Double Strike Keyword and has an AC of 4.",--,Tier 1
Dragon Dash,Dragon,Physical,At-Will,"Melee, 1 Target, Dash",2,4,"If the Dash Keyword is Activated, increase the Slide by +2. Slide 2 (Away)",--,Tier 1
Dragon Force,Dragon,Status,Scene x2,"Melee, 1 Target, Versatile",5,,"The Target loses -3 CS in Defense and Special Defense and you may remove any Coats applied to them. If this Attack hits, they also become Weakened until the end of their next Turn. Spirit Surge.",The Target loses -2 CS in Defense and Special Defense and becomes Vulnerable against the next Attack to target them.,Tier 2
Dragon Hammer,Dragon,Physical,EOT,"Melee, 1 Target; or Line 3",6,9,"If the Target's size is Small, this Attack is treated as one step more Effective but cannot surpass 1.5x Effectiveness. Its Damage Effectiveness can only be increased this way once per Scene per Target. If this is used as a Melee Attack it has the Smite Keyword.",--,Tier 2
Dragon Pulse,Dragon,Special,EOT,"8, 1 Target, Aura",4,9,If the Target has negative CS in Special Defense this Attack is treated as one step more Effective but cannot surpass 1.5x Effectiveness. Its Damage Effectiveness can only be increased this way once per Scene per Target.,--,Tier 2
Dragon Rage,Dragon,Status,EOT,"Self, Swift Action",,,"The user becomes Enraged. If the user is already Enraged, their next Damaging Attack gains the Smite Keyword. This may be used even if the user is Enraged, ignoring its effects. ",--,Tier 1
Dragon Rush,Dragon,Physical,Scene x2,"Melee, 1 Target, Dash",3,10,"If the Dash Keyword is Activated, this Attack ignores Positive CS in Defense. Slide 3 (Away), Smite.",--,Tier 3
Dragon Spirit,Dragon,Status,At-Will,"Self, Versatile",,,The user gains +2 CS in Special Attack. The user is cured of one Mental Affliction.,"If the user is affected by a Mental Affliction, they pass their next Save Check, regardless of the result.",Tier 1
Dragon Tail,Dragon,Physical,EOT,"Melee, 1 Target",3,7,You may perform a Trip Maneuver against the Target as a Free Action. The Maneuver automatically hits but you still need to perform the Opposed Check. ,--,Tier 1
Dual Chop,Dragon,Physical,EOT,"Melee, 1 Target",3,5,Double Strike. ,--,Tier 1
Fickle Beam,Dragon,Special,Scene x2,"6, 1 Target or 6, 3 Targets",7,6,"If this Attack has only one Target, it has the Five Strike Keyword and an AC of 4.",,Tier 2
Glaive Rush,Dragon,Physical,Scene x2,"Melee, Pass, Dash, Reckless",5,12,"On a roll of 15+, the Target becomes Wounded. After Damage Resolution, if the Dash Keyword wasn't Activated, the user is Vulnerable against the next Attack to target them.",--,Tier 3
Imposing Stare,Dragon,Status,Scene x2,"Close Blast 3, Social, Versatile",,,"The user may perform a Terrorize Maneuver against all Targets as a Free Action. When used this way, the AC becomes 2. All Targets who fail the Opposed Check also become Trapped and during their next Turn their Damaging Attacks are resisted by an additional damage step. Friendly, Sureshot.","All Legal Targets become Trapped. Friendly, Sureshot. ",Tier 2
Mystic Aura,Dragon,Special,Scene x2,"Burst 1, Aura",5,9,"This Attack does not damage allies. All allies within a Burst 3 of the user gain a +3 bonus to their next Save Check. If the Weather is Mystical, this has the Sureshot Keyword.",--,Tier 2
Outrage,Dragon,Physical,Scene x2,"Melee, All Adjacent Enemies, Full Action, Reckless",6,12,"After Damage Calculations the user becomes Enraged. If the user was Provoked by one of the Targets, this Attack is one more step Effective against them. Smite",--,Tier 3
Primal Storm,Dragon,Status,Scene x2,"Field, Versatile",,,"The Field becomes Primal for the next 5 Rounds. While the Field is Primal, non Dragon Type Enemies lose a Tick of Hit Points at the start of their Turn and Dargon Type Pokemon gain a Tick of Temporary Hit Points at the start of their Turn.","Same as the normal Effect, but at the end of the Round, roll a Luck Check and on a 10 or less, the Field is no longer affected by this Attack.",Tier 2
Primal Energy,Dragon,Status,Scene x2,Burst 1 or Self; Set-Up,,,"Charge Effect: At the end of your Turn if you didn’t use a Damaging Attack, gain an additional Charge Token
Resolution Effect: For each Charge Token expended, choose a Target to gain +1 CS in a Stat of your choice. You cannot choose the same Target more than twice unless the only Target is the user. ",--,Tier 2
Rending Swipe,Dragon,Physical,Scene x2,"Melee, 1 Target",4,8,"On Even rolls, the Target becomes Wounded. On Odd rolls, the Target’s Defense is set to -2 CS. If the user is Enraged, this has the Spirit Surge Keyword.",--,Tier 2
Scale Shield,Dragon,Status,Scene,"Self, Shield, Trigger",,,"If the user is hit by an Attack, the user may use Scale Shield as a Standard Action + Reaction. The user and all Adjacent Targets resist the Attack by an additional Damage Step. Additionally the Triggering Attack is treated as having the Recoil 1/2 Keyword. ",--,Tier 3
Scale Shot,Dragon,Physical,EOT,"6, 1 Target",4,4,"If Scale Shot hits at least 4 times, the Target becomes Wounded. Five Strike",--,Tier 1
Scorched Earth,Dragon,Special,Scene,"Close Blast 3 or Line 6; Full Action, Hazard",7,11,"On a roll of 17+, all Targets become Burned. Scorched Earth creates Fire Hazards in all Spaces within the Range of this Attack. Smite, Spirit Surge.

Fire Hazards - Any Combatant who ends their turn on or moves through a Fire Hazard becomes Burned. Ground and Rock Type Pokemon  are immune to Fire Hazards and destroy them when Moving through them. Ground, Rock, and Water Type Attacks that affect these Spaces also destroy these Hazards. ",--,Tier 3
Scorching Breath,Dragon,Special,EOT,"6, 1 Target",4,9,"On a roll of 18+, the Target becomes Burned. This Attack may be used as a Full Action to use it as if it were a Fire Type Attack instead or treat its Range as if it were Close Blast 2.",--,Tier 2
Spitfire,Dragon,Special,At-Will,"4, 1 Target",3,4,"On a roll of 18+, the Target becomes Burned. This Attack may be used as a Full Action to use it as if it were a Fire Type Attack instead.",--,Tier 1
Twister,Dragon,Special,EOT,"6, Ranged Blast 2",5,6,"You may choose to destroy all Hazards within the range of this Attack. This Attack is treated as one step more Effective against Targets with the Flier Capability, but cannot surpass 1.5x Effectiveness. ",--,Tier 1
Aura Wheel,Electric,Physical,Scene x2,"Melee, Pass, Dash",5,10,"If the Dash Keyword is Activated, a Coat may be removed from each Target hit by this Attack. If the user is in Hangry Mode, Aura Wheel is Dark Typed.",--,Tier 3
Bolt Beak,Electric,Physical,EOT,"Melee, 1 Target",3,9,"If the Target is Paralyzed or the Weather is Thunderstorm, the Target cannot apply Physical Evasion against this Attack.",--,Tier 2
Charge,Electric,Status,EOT,"Self, Versatile",,,"The user gains a Charged Coat. The user may expend a Charge Coat when successfully hitting an Electric Damaging Attack to add its Damage Dice an extra time to the Damage Roll. This applies after any other Damage Base Modifiers such as a Critical Hit. 
Note: If the Damage Base would have the Attack be 2d6+8, this expended Coat turns it into 4d6+16. ",The user's next Electric Type Damaging Attack adds +2 to its Damage Base and has the Smite Keyword.,Tier 2
Charge Beam,Electric,Special,EOT,"Line 3, Full Action",5,4,The user gains +1 CS in Special Attack. Spirit Surge,--,Tier 1
Charged Spikes,Electric,Status,Scene x2,"Self, Trigger",,,"Charged Spikes can only be used as a Reaction whenever you’re hit with a Melee Attack. The Triggering Attack gains the Recoil ⅓ Keyword. If the Triggering Attack was a Super Effective, they also become Paralyzed.",--,Tier 2
Charged Velocity,Electric,Status,Scene x2,"Self, Versatile",,,"The user gains +2 CS in Attack, Special Attack or Speed. They then may use a Sprint or Disengage Maneuver as a Free Action.","Choose Attack, Special Attack or Speed to gain +1 CS in.",Tier 2
Discharge,Electric,Special,EOT,"Burst X, Set-Up",6,8,"Charge Effect: You may use the Resolution Effect this Turn if desired, ignoring the Set-Up Keyword. 
Resolution Effect: X is equal to 1 plus the number of Charge Tokens expended (Or any lesser value). Targets become Paralyzed on a 18+. This gains the Smite Keyword if at least 2 Charge Counters are expended this way. ",--,Tier 2
Eerie Impulse,Electric,Status,EOT,"Burst 1, Versatile",5,,"All Targets have their Special Attack lowered by -3 CS. When this Attack hits, all Targets also become Dazed. Friendly, Spirit Surge. *Grants Glow","All Targets lose -2 CS in Special Attack. If this misses, they instead lose -1 CS. Friendly.",Tier 1
Electric Terrain,Electric,Status,Scene x2,"Field, Versatile, Weather",,,"The field becomes Electrified for the next 5 Rounds. While the field is Electrified, grounded Combatants are immune to Drowsy, and Electric Type attacks ignore Speed Evasion. While the Field is Electrified, the Weather may become Thunderstorm. ","Same as the normal Effect, but at the end of the Round, roll a Luck Check and on a 10 or less, the Field is no longer affected by this Attack.",Tier 2
Electrify,Electric,Status,Scene x2,"Burst 2, Coat, Versatile",6,,"The Target gains an Electrified Coat. While the combatant is Electrified, all Electric Type Damaging Attacks that would miss the combatant instead deal Smite Damage or hit if the Attack has the Smite Keyword already. Whenever the combatant would be hit by an Electric Type Damaging Attack with an Effect Range that causes Paralysis, the Attacker may expend this Coat to trigger that Effect Range. Friendly.","Same as the normal Effects, but the Range is changed to 4, 1 Target. ",Tier 2
Electro Ball,Electric,Special,EOT,"10, 1 Target",3,6,Electro Ball may use the user's Speed Stat as an Offensive Stat instead of their Special Attack.,--,Tier 1
Electro Burst,Electric,Status,Scene x2,"Burst 2, Versatile",6,,"All Targets become Paralyzed. If they're already Paralyzed, they instead become Dazed. If this Attack misses, their Movement Value is halved during their next Turn. Spirit Surge",All Paralyzed Targets cannot cure the Paralyzed Affliction until the end of the next Round.,Tier 2
Electro Shot,Electric,Special,Scene,"Line X, Set-Up",4,8,"Charge Effect: If the Weather is Sandstorm, you cannot use this Charge Effect. If the Weather is Thunderstorm, you instead gain 2 Charge Tokens. 
Resolution Effect: X is equal to 4 plus the number of Charge Tokens you expend. This Attack’s Damage Base is increased by +2 for each Charge Token you expend. Smite",--,Tier 2
Electroweb,Electric,Special,EOT,"6, Ranged Blast 2",5,6,"If this Attack misses all Targets, you may place Web Hazards in all spaces within the Range of this Attack. Enemies that Trigger this Web Hazard become Paralyzed. 

Web Hazard - Spaces with Web Hazards are treated as Slow Terrain. Whenever an Enemy passes through or ends their turn on a Web Hazard, they have their Speed lowered by -3 CS.",--,Tier 1
Energy Bomb,Electric,Special,Scene,"Burst 2, Recoil 1/2, Set-Up",5,,"Charge Effect: No Effect. Whenever you end your Turn with a Charge Counter from this Attack, you lose a Tick of Hit Points.
Resolution Effect: X is equal to your expended Charge Tokens multiplied by 5, then add +5. Smite",--,Tier 3
Gigavolt,Electric,Physical,Scene x2,"Close Blast 3, Full Action, Recoil 1/3, Reckless",5,10,"Gigavolt cannot miss Paralyzed Targets. If the Weather is Thunderstorm, the Recoil Keyword is ignored. Smite",--,Tier 3
Ion Capture,Electric,Status,Scene x2,"Self, Healing, Versatile",,,"The user restores 5 Ticks of Hit Points. If the Field or Space the user is standing on is affected by an Electric Attack or the Weather is Thunderstorm, the user is also cured of a Status Affliction. This cannot be used if there is weather other than Thunderstorm on the Field.",The user restores 2 Ticks of Hit Points. Ion Capture can only be used this way if the Field is affected by an Electric Attack or the Weather is Thunderstorm and there is no other Weather on the Field.,Tier 2
Ion Deluge,Electric,Status,Scene x2,"5, Ranged Blast 3 or Burst 2, Hazard, Versatile",,,"Gas Hazards are created in all Spaces within the Range of this Attack. Enemies that Trigger this Hazard become Paralyzed and cannot increase their Combat Stages until the end of their next Turn.

Gas Hazards - Any Enemy who ends their Turn on or moves through a Gas Hazard loses one Tick of Hit Points and suffers any additional effects derived from the source. This Effect is ignored by Combatants with the Breathless Capability. ","Same as the normal Effects, but Ion Deluge can only be used this way if you used a non-Field or Self Status Attack this Turn. Gas Hazards are then created on each space within the Range of that Attack.",Tier 2
Lightning Lance,Electric,Special,Scene x2,"Line 6, Full Action, Recoil 1/3",6,13,"On a roll of 17+, all Legal Targets become Paralyzed. If the Weather is Thunderstorm, Lighting Lance ignores Special Evasion. Smite. ",--,Tier 3
Magnet Rise,Electric,Status,Scene,"Self, Trigger, Shield, Versatile",,,"If the user is hit by an Groundsource or Burst Attack, the user may use Magnet Rise as a Standard Action + Reaction. The user is instead not hit by the Attack. The user does not take any damage nor is affected by any of the Attack's effects.","You ignore the effects of all Hazards until the end of your Turn. When used this way, the Frequency of this Attack is not expended.",Tier 3
Magnetic Flux,Electric,Status,Scene x2,"Field, Versatile",,,"The Field becomes Fluxed for the next 5 Rounds. At the start of each Round, all Combatants that are Electric Type or have the Magnetic Capability gain +1 CS to a Stat of their Choice. If the Weather is Thunderstorm, they also gain a Tick of Temporary Hit Points.","Same as the normal Effect, but at the end of the Round, roll a Luck Check and on a 10 or less, the Field is no longer affected by this Attack.",Tier 2
Nuzzle,Electric,Physical,Scene x2,"Melee, 1 Target",4,2,The Target becomes Entranced or Paralyzed of your choice.,--,Tier 2
Overdrive,Electric,Special,EOT,"Close Blast 2, Sonic, Set-Up",6,4,"Charge Effect: While you have a Charge Token gained through this Attack, whenever your CS increases, gain a Charge Token. You cannot gain more than 3 Charge Tokens per Round for this Attack. 
Resolution Effect: After this Attack resolves, if all Targets were hit, all of the user's Stats with Positive CS are set to their Default Value. The Damage Base of this Attack is increased by +2 for each Charge Token expended. (Max 20). Smite",--,Tier 2
Parabolic Charge,Electric,Special,Scene x2,"Close Blast 2, Full Action ",5,7,The user restores Hit Points equal to half of the total damage taken by all Targets. This Attack cannot be affected by the Drain Keyword. ,--,Tier 2
Plasma Bolt,Electric,Physical,Scene,"Line 6, Full Action",6,12,"On a roll of 15+, all Targets become Burned. If any Targets are Paralyzed, this Effect Range automatically Triggers. Smite",--,Tier 3
Plasma Fists,Electric,Physical,Scene x2,"Melee, 1 Target, Punch",3,10,"If the Target of this Attack has a lower Speed than the user they are treated as Vulnerable against this Attack. If the Target of this Attack was already Vulnerable, they lose -2 CS in Defense after Damage Calculations.",--,Tier 3
Plasma Storm,Electric,Status,Scene x2,"Field, Versatile, Weather",,,"The Field becomes Plasmic for the next 5 Rounds. While the Field is Plasmic, non Electric Type Enemies lose a Tick of Hit Points at the start of their Turn and Electric Type Pokemon gain a Tick of Temporary Hit Points at the start of their Turn. While the Field is Plasmic, the Weather becomes Thunderstorm.","Same as the normal Effect, but at the end of the Round, roll a Luck Check and on a 10 or less, the Field is no longer affected by this Attack.",Tier 2
Plasma Tail,Electric,Physical,Scene x2,"Melee, 1 Target",5,11,"On  an Even Roll, the Target becomes Tripped. On an Odd Roll, the Target becomes Paralyzed. Smite",--,Tier 3
Rising Voltage,Electric,Special,Scene x2,"Burst 1, Full Action, Groundsource ",5,8,"If the Field is affected by an Electric Attack or the Weather is Thunderstorm, Rising Voltage may increase its Burst Range by up to +2. Smite",--,Tier 2
Shock Wave,Electric,Special,EOT,"6, 1 Target or Close Blast 2 ",4,5,"If this Attack only has one Target, it has the Sureshot Keyword.",--,Tier 1
Spark,Electric,Physical,EOT,"Melee, 1 Target",2,7,"On a roll of 15+, the Target becomes Paralyzed. ",--,Tier 1
Static Jolt,Electric,Physical,At-Will,"Melee, 1 Target",2,5,"On a roll of 18+, the Target becomes Paralyzed. Smite",--,Tier 1
Thunder,Electric,Special,Scene x2,"12, 1 Target",5,12,"On a roll of 15+, the Target becomes Paralyzed. If the Weather is Thunderstorm, Windy or Rainy, Thunder has the Sureshot Keyword. Smite",--,Tier 3
Thunder Cage,Electric,Special,Scene,"Close Blast 3, Full Action",8,8,"After this Attack resolves, create a Zone within the Range of the Attack. If any Combatant enters the Zone or leaves the Zone, they become Paralyzed. Unless the Weather is Thunderstorm, this Zone lasts until you use a Reaction, use an Attack or Faint. Spirit Surge. Smite. ",--,Tier 3
Thunder Fang,Electric,Physical,At-Will,"Melee, 1 Target, Bite",2,7,"On a roll of 17+, Roll a d2. On a roll of 1, the Target becomes Paralyzed. On a 2, the Target becomes Wounded.",--,Tier 1
Thunder Punch,Electric,Physical,At-Will,"Melee, 1 Target, Punch",3,8,Thunder Punch Paralyzes the Target on a roll of 18+.,--,Tier 2
Thunder Shock,Electric,Special,At-Will,"4, 1 Target",3,4,Thunder Shock Paralyzes the Target on a roll of 17+. Smite,--,Tier 1
Thunder Spear,Electric,Physical,EOT,"8, 1 Target",4,6,"If there is an Enemy within 2m of the Target that is Paralyzed, this Attack also Targets them but is resisted an additional step.",--,Tier 1
Thunder Wave,Electric,Status,EOT,"6, 1 Target or Close Blast 2, Versatile",6,,The Target becomes Paralyzed. ,"Same as the normal Effects, however the Range is changed to 3, 1 Target. ",Tier 1
Thunderbolt,Electric,Special,EOT,"6, 1 Target",4,9,"On a roll of 19+, the Target becomes Paralyzed. Smite",--,Tier 2
Thunderstorm,Electric,Status,Scene x2,"Blessing, Versatile, Weather",,,"Blessing - Any user affected by Thunderstorm may activate it as a Free Action when using an Electric Type Damaging Attack to grant it the Smite Keyword. If the Attack hits, it hits, it is also increased by one damage step. (Max 1.5x Effectiveness). Thunderstorm may be Activated 3 times and then disappears. While this Blessing persists, the Weather becomes Thunderstorm.","Same as the normal Effect, but it only has 1 Activation.",Tier 2
Volt Crush,Electric,Physical,Scene x2,"6, 1 Target",3,8,"If a Target hit by this Attack is Paralyzed, you may cure them of the Affliction. If they are cured this way, they lose three Ticks of Hit Points.",--,Tier 2
Volt Switch,Electric,Special,At-Will,"5, 1 Target",3,7,"After Damage Calculations, the user may Disengage as a Free Action or they may perform a Full Switch as a Free Action.",--,Tier 1
Volt Tackle,Electric,Physical,Scene x2,"Melee, 1 Target, Dash, Recoil 1/3",3,12,"Volt Tackle Paralyzes the Target on a roll of 19+. If the Dash Keyword is Activated, Volt Tackle instead Paralyzes the Target on a roll of 15+ and it has the Smite Keyword.",--,Tier 3
Wild Charge,Electric,Physical,At-Will,"Melee, 1 Target, Dash, Recoil 1/4",2,9,"Wild Charge Paralyzes the Target on a roll of 18+. If the Dash Keyword is Activated, the Recoil Keyword is ignored.",--,Tier 2
Zap Cannon,Electric,Special,EOT,"10, 1 Target",5,10,Zap Cannon Paralyzes the Target. Zap Cannon treats the Target as Vulnerable if there are no Combatants or Blocking Terrain adjacent to them or if the Weather is Thunderstorm.,--,Tier 3
Zing Zap,Electric,Physical,EOT,"Melee, 1 Target",3,8,"On a roll of 17+, the Target becomes Vulnerable until the end of the Round.",--,Tier 2
Alluring Voice,Fairy,Special,Scene x2,"6, 1 Target, Sonic",4,7,"On a roll of 17+, the Target becomes Entranced. All Entranced Enemies within 3m that have the User as their Fixation become Provoked until the end of their next Turn, ignoring the Entranced Limitations. Spirit Surge",--,Tier 2
Aromatic Mist,Fairy,Status,EOT,"Burst 2, Healing, Versatile",7,,All Allies within the range of this Attack are cured of a Mental Affliction and may reset Negative CS to their default CS. All Enemies hit by this Attack become Suppressed.  ,"Same as the normal Effects. When used this way, the Range is changed to Melee, 1 Target and it can only Target Allies.",Tier 1
Baby-Doll Eyes,Fairy,Status,EOT,"Close Blast 2, Social",5,,All Targets hit by this Attack become Entranced. Each Target loses -1 CS in Attack or Special Attack of your choice. Spirit Surge. ,--,Tier 1
Charm,Fairy,Status,EOT,"6, 1 Target, Social, Versatile",5,,"All Legal Targets lose -2 CS in Attack. On a Hit, the Target also becomes Entranced. Spirit Surge.","All Targets have their Attack lowered by -2 CS. If this misses, it instead lowers it by -1. Spirit Surge. ",Tier 1
Cosmic Curse,Fairy,Status,EOT,"4, 1 Target, Versatile",4,,"The Target loses -2 CS in a Stat of your choice. If the Target is Cursed, instead set it to -2 CS. On a roll of 17+, they also become Cursed. ","The Target loses -2 CS in a Stat of your choice. When used this way, the AC becomes 6.",Tier 1
Crafty Shield,Fairy,Status,Scene x2,"Melee, 1 Target, Coat, Versatile",,,The Target gains a Crafty Coat. This Coat may be activated as a Free Action to resist a Special Attack by an additional Damage step or ignore a Triggered Effect Range of an Attack they're hit by. This Coat may be activated twice before being expended.,Same as the normal Effects but the Coat is expended at the start of the Target's next Turn and is expended as a Reaction instead of Free Action.,Tier 2
Dazzling Gleam,Fairy,Special,EOT,Close Blast 2,6,8,"If the Weather is Mystical or on a Miss, the Target has a -2 Penalty to Accuracy until the end of their next Turn. Spirit Surge",--,Tier 2
Decorate,Fairy,Status,Scene x2,"Melee, 1 Target, Versatile",,,"The Target gains +2 CS in both Attack and Special Attack, then gains a Tick of Temporary Hit Points.",You may swap the CS Values of two Stats on the Targeted Ally.,Tier 2
Disarming Voice,Fairy,Special,At-Will,"Burst 1, Sonic",3,4,"Until the end of their turn, if the user performs the Terrorize Maneuver against a Target hit by this Attack, it gains the Sureshot Keyword and the user may use Charm instead of Command or Intimidate for the Skill Check.",--,Tier 1
Draining Kiss,Fairy,Special,EOT,"Melee, 1 Target ",5,5,"If the Target is Entranced with the User as their Fixation, any excess Hit Points recovered from the Drain Keyword instead becomes Temporary Hit Points. Drain.",--,Tier 1
Enchanting Aria,Fairy,Special,EOT,"Burst 1, Sonic",6,6,"Each Ally within 3m of the user may roll their next Save Check this round twice, taking the higher result. Spirit Surge.",--,Tier 1
Fae Blessing,Fairy,Status,EOT,"4, 1 Target, Coat, Versatile",,,"The Target gains a Blessed Coat. A Blessed Coat may be Activated as a Free Action when missing an Attack in order to reroll the Accuracy Roll or when failing a Save Check to reroll it. Each Blessed Coat may be Activated thrice, then it is expended afterwards.","Same as the normal Effects, however it can only be Activated as a Reaction and the Coat only has one Activation.",Tier 1
Fairy Lock,Fairy,Status,Scene,"3, 1 Target, Versatile",,,"The Target becomes Marked with a Lock Mark. While a Target has a Lock Mark they are Trapped. Whenever a Combatant with the Lock Mark misses an Attack, they become Dazed. If they were already Dazed this way, they instead cannot cure it on their next Save Check. Sureshot.","The Target becomes Trapped. When used this way, Fairy Lock's Frequency is not expended. Sureshot.",Tier 3
Fairy Wind,Fairy,Special,At-Will,"6, 1 Target",3,4,All Allies adjacent to the Target gain a Tick of Temporary Hit Points. Spirit Surge.,--,Tier 1
Fey Storm,Fairy,Status,Scene x2,"Field, Versatile, Weather",,,"The Field becomes Mystical for the next 5 Rounds. While the Field is Mystical, non Fairy Type Enemies lose a Tick of Hit Points at the start of their Turn and Fairy Type Pokemon gain a Tick of Temporary Hit Points at the start of their Turn. While the Field is Mystical, the Weather becomes Mystical.","Same as the normal Effect, but at the end of the Round, roll a Luck Check and on a 10 or less, the Field is no longer affected by this Attack.",Tier 2
Floral Healing,Fairy,Status,Scene x2,"8, Ranged Blast 2, Healing, Versatile",,,"The Targets restore 3 Ticks of Hit Points. If the Field or Space the user is standing on is affected by an Fairy or Grass Attack or the Weather is Mystical, the Target is also cured of a Status Affliction. ","The Targets restores a Tick of Hit Points. Floral Healing can only be used this way if the Field is affected by a Fairy or Grass Attack or the Weather is Mystical. When used this way, it doesn't expend the Frequency of Floral Healing.",Tier 2
Flower Shield,Fairy,Status,Scene x2,"Burst 2, Coat, Versatile",,,"The user and all Allies within the Range of this Attack gain a Flower Coat. Whenever a Combatant with a Flower Coat gains a Status Affliction, they may expend the Flower Coat as a Reaction to cure it. Additionally as a Swift Action, Combatants with a Flower Coat may expend it to cure one Affliction currently affecting them. ","Same as the normal Effects, but its Range is changed to Melee, 1 Target. ",Tier 2
Glitter Bomb,Fairy,Physical,Scene x2,"6, Ranged Blast 2, Full Action",5,10,All Targets lose Accuracy equal to double the number of Mental Afflictions they’re affected by until the end of their next Turn. Smite,--,Tier 3
Glitter Darts,Fairy,Physical,At-Will,"4, 2 Targets",6,4,"If a Target is Dazed, this Attack has the Sureshot Keyword against them.",--,Tier 1
Glittering Mist,Fairy,Status,Scene x2,"Blessing, Versatile, Weather",,,"Blessing - Any user affected by Glittering Mist may activate it as a Free Action when using a Fairy Type Damaging Attack to grant it the Smite Keyword. If the Attack hits, it hits, it is also increased by one damage step. (Max 1.5x Effectiveness). Glittering Mist may be Activated 3 times and then disappears. While this Blessing persists, the Weather becomes Mystical.","Same as the normal Effect, but it only has 1 Activation.",Tier 2
Healing Wish,Fairy,Status,Scene,"5, 1 Target or Self; Set-Up",,,"Charge Effect: The user gains a Tick of Temporary Hit Points.
Resolution Effect: If the Target is fainted, they’re revived and set to 1 HP. The Target then restores two Ticks of Hit Points for each Charge Token expended. This may also Target Pokemon inside a Pokeball if the Trainer is within Range. ",The Target gains a Wish Coat. The Coat may be expended as a Full Action by them to have the user restore 5 Ticks of Hit Points.,Tier 3
Light of Ruin,Fairy,Special,Scene,"8, Ranged Blast 3, Full Action, Recoil 1/2",8,14,"If the Weather is Mystical or Sunny, Light of Ruin ignores the Recoil Keyword and Special Evasion. Smite",--,Tier 3
Love Bite,Fairy,Physical,At-Will,"Melee, 1 Target, Bite",2,7,"On a roll of 18+, Roll a 1d2. On a roll of 1, the Target becomes Entranced. On a 2, the Target becomes Wounded.",--,Tier 1
Magical Bomb,Fairy,Special,Scene,"8, Ranged Blast 3",8,12,"Targets who are affected by a Mental Affliction are treated as Vulnerable against this Attack. Smite, Friendly",--,Tier 3
Misty Eruption,Fairy,Special,Scene x2,"Burst 1, Full Action, Groundsource ",5,8,"If the Field is affected by an Fairy Attack or the Weather is Mystical, Misty Eruption may increase its Burst Range by up to +2. Smite",--,Tier 2
Misty Guard,Fairy,Status,Scene x2,"Melee, 1 Target, Coat, Versatile",,,The Target gains a Misty Coat. A Misty Coat may be expended as a Reaction when the Target is hit with an Attack to instead not be hit by it. The Target does not take any Damage nor is affected by any of the Attack's Effects.,The Target gains a Misty Coat. A Misty Coat may be expended as a Reaction when the Target is hit with an Attack to resist it by an additional Damage Step. ,Tier 2
Misty Terrain,Fairy,Status,Scene x2,"Field, Versatile",,,"The field becomes Misty for the next 5 Rounds. While the field is Misty, grounded Combatants gain +2 to Save Checks, and Fairy Type attacks ignore Speed Evasion. While the Field is Misty, the Weather may become Mystical.","Same as the normal Effect, but at the end of the Round, roll a Luck Check and on a 10 or less, the Field is no longer affected by this Attack.",Tier 2
Moonblast,Fairy,Special,EOT,"6, 1 Target",4,10,"If the Weather is Foggy or Mystical, Moonblast has the Sureshot Keyword.",--,Tier 3
Moonlight,Fairy,Status,Scene x2,"Self, Healing, Versatile",,,"The user restores 5 Ticks of Hit Points. If the Weather is Foggy or Mystical, the user is also cured of a Status Affliction. This cannot be used if there is Weather other than Foggy or Mystical affecting the Field.",The user restores 2 Ticks of Hit Points. Moonlight can only be used this way if the Weather is Foggy or Mystical.,Tier 2
Moral Support,Fairy,Status,Scene x2,"Burst 5, Priority, Sonic, Versatile",,,"For each Ally within Range of this Attack, choose a Combat Value below for them to gain +4 Modifier in until the end of the Round. 
■ Accuracy, Evasion or Save Checks","Same as the normal Effects, but the Modifiers are +2 instead of +4 and the Range is Burst 2.",Tier 2
Mystic Circle,Fairy,Status,Scene x2,"Burst 2, Healing, Versatile",,,"Create up to a 5x5 Zone centered on the user. Spaces in this Zone are treated as Blessed Terrain and being affected by the Mystical Weather. The user and Allies that start their Turn in this Zone restore a Tick of Hit Points. The user and Allies in this Zone have a +3 Modifier to Save Checks. If the user Faints, this Zone is removed. ","Same as the normal Effects, but the Zone is removed at the end of the next Round. ",Tier 2
Play Rough,Fairy,Physical,EOT,"Melee, 1 Target, Reckless",3,9,"When using Play Rough, the user may choose to become Vulnerable against the next Attack to Target them. If they do, the Target is Vulnerable against this Attack.",--,Tier 2
Pixie Dust,Fairy,Status,Scene x2,"5, Ranged Blast 3",,,"Choose a Mental Affliction. Powder Hazards are set on the spaces in the range of this Attack until the end of the next Round. Whenever an Enemy triggers this Hazard they gain the chosen Affliction.  

Powder Hazard - Whenever an Enemy passes through or ends their turn on a Powder Hazard the Effect listed is applied. Users with the Breathless Capability ignore this Hazard.",,Tier 2
Pungent Aroma,Fairy,Status,Scene x2,"Burst 1, Versatile",5,,"Choose Dazed, Enraged, Entranced or Suppressed. All Targets of this Attack gain that Status Affliction.","Same as the normal Effects, but the Range is changed to Melee, 1 Target.",Tier 2
Snuggle,Fairy,Physical,At-Will,"Melee, 1 Target",3,4,"If the Target is Grappled by the user, they become Entranced while Grappled.",--,Tier 1
Sweet Kiss,Fairy,Status,Scene x2,"6, 1 Target, Social, Versatile",5,,"The Target becomes Dazed or Entranced of your choice. On a Miss, the Target becomes Vulnerable until the end of the Round. Spirit Surge. ","The Target becomes Entranced. When used this way, the Range is changed to Melee, 1 Target",Tier 2
Sparkling Slam,Fairy,Physical,Scene x2,"Melee, 1 Target, Dash, Recoil 1/3",4,12,"If the Dash Keyword is Activated, the Target loses -2 CS in Defense before Damage Calculations.",--,Tier 3
Spellbind,Fairy,Special,EOT,"3, 1 Target",5,8,"On a roll of 17+ or on a Miss, choose one of the following for the Target to be unable to do until the end of the Round. Spirit Surge
■ Restore Hit Points
■ Gain Combat Stages
■ Use Reactions",--,Tier 2
Spirit Break,Fairy,Physical,EOT,"Melee, 1 Target",3,8,"If the Target has a negative CS in any Stat, this has the Sureshot Keyword.",--,Tier 2
Stardust,Fairy,Status,Scene x2,"Field, Versatile, Weather",,,"The Field becomes Stardusted until you Faint. While Stardusted, whenever a Combatant would gain CS, they gain 1 less. Enemies also suffer a -2 to Save Checks. While the Field is Stardusted, you may have the Weather become Mystical. ","Same as the normal Effect, but at the end of the Round, roll a Luck Check and on a 10 or less, the Field is no longer affected by this Attack.",Tier 2
Starfall,Fairy,Special,Scene x2,"8, Ranged Blast 2, Full Action",5,10,"On a roll of 15+, the Target lose -2 CS in Special Defense. If the Weather is Mystical, Starfall has the Smite Keyword.",--,Tier 3
Starlight Spark,Fairy,Special,Scene,"Line 6, Full Action, Reckless",6,15,"If there is no Mystical Weather on the Field, the user becomes Suppressed after Damage Calculations. Smite, Spirit Surge",--,Tier 3
Star Slash,Fairy,Physical,EOT,"Melee, Pass",4,5,"If this Attack only has one Target, it has the Sureshot Keyword.",--,Tier 1
Star Strike,Fairy,Special,EOT,"6, 1 Target ",3,6,"If the Weather is Mystical, Star Strike becomes a Ranged Blast 2 Attack and gains the Friendly Keyword.",--,Tier 1
Strange Steam,Fairy,Special,Scene x2,Burst 1 or Line 4,5,8,"On a roll of 17+, the Target becomes Burned or Dazed.",--,Tier 2
Sweet Splash,Fairy,Special,EOT,"8, 1 Target",4,8,"If the Target is Entranced or Poisoned, Sweet Splash ignores Damage Reduction and cannot be Resisted. Smite",--,Tier 2
Wish,Fairy,Status,Scene x2,"10, 1 Target or Self; Coat, Healing",,,"The Target gains a Wish Coat. The Coat may be expended as a Full Action by them to have the user restore 5 Ticks of Hit Points and become cured of all Status Afflictions. If a Combatant with a Wish Coat would faint while they have at least 10% Max HP, the Coat is expended and they are set to 1 Hit Point.",--,Tier 2
Adrenaline Boost,Fighting,Status,Scene x2,"Self, Versatile",,,This Attack may be used even if the user is Enraged. Choose 2 different Effects to apply. The user gains +2 CS in Attack. The user gains +2 CS in Speed. The user gains +2 Crit Range. The user gains 2 Ticks of Temporary Hit Points.,"Choose Attack, Defense or Speed to gain +1 CS in. This Attack may be used even if the user is Enraged.",Tier 2
Arm Thrust,Fighting,Physical,EOT,"Melee, 1 Target",4,4,"If Arm Thrust hits at least 4 times, the Target becomes Vulnerable for the rest of the Round. Five Strike",--,Tier 1
Aura Blast,Fighting,Special,EOT,"6, Ranged Blast 2, Aura",5,5,This Attack may also be used as a Full Action to treat the Range as if it were Close Blast 3 or as if it had the Smite Keyword.,--,Tier 1
Aura Burst,Fighting,Special,Scene,"Burst 1, Set-Up, Aura",6,10,"Charge Effect: If you used an Aura or Self Attack this Round, gain 2 Charge Tokens instead. 
Resolution Effect: For every Charge Token expended you may either increase the Burst by +1, the DB by +2 or the AC by -1. If the Burst is 3 or higher, this has the Recoil 1/2  Keyword. ",--,Tier 2
Aura Sphere,Fighting,Special,EOT,"8, 1 Target, Set-Up, Aura",4,8,"Charge Effect: If you used an Aura or Self Attack this Round, gain 2 Charge Tokens instead. 
Resolution Effect: This Attack may ignore the Set-Up Keyword if desired and be used without expending Charge Tokens. This Attack has a +1 bonus to Crit Range for each Charge Token expended. If you expend at least 3 Charge Tokens, this has the Sureshot Keyword.",--,Tier 2
Aura Tempest,Fighting,Status,Scene x2,"Field, Versatile",,,"The Field becomes Aurized for the next 5 Rounds. While the Field is Aurized, non Fighting Type Enemies lose a Tick of Hit Points at the start of their Turn and Fighting Type Pokemon gain a Tick of Temporary Hit Points at the start of their Turn.","Same as the normal Effect, but at the end of the Round, roll a Luck Check and on a 10 or less, the Field is no longer affected by this Attack.",Tier 2
Axe Kick,Fighting,Physical,Scene x2,"Melee, 1 Target, Reckless",3,12,"If Axe Kick misses, the user loses Hit Points equal to 1/4th of their Max Hit Points. On a roll of 15+, the Target becomes Dazed. A failure to hit due to an Attack with the Shield keyword does not count as a miss. ",--,Tier 3
Body Press,Fighting,Physical,EOT,"Melee, 1 Target",3,8,The user may use their Defense as the Offensive Stat for this Attack instead of Attack.,--,Tier 2
Brick Break,Fighting,Physical,EOT,"Melee, 1 Target",3,8,"Blessings cannot be Activated in response to Brick Break. On a roll of 15+, destroy a Coat the Target has applied to them.",--,Tier 2
Bulk Up,Fighting,Status,EOT,"Self, Versatile",,,Choose two different Effects to apply to the user: The user gains +2 CS in Attack. The user gains +2 CS in Defense. The user is cured of a Physical Affliction,The user gains 1 Tick of Temporary Hit Points.,Tier 1
Chakra Block,Fighting,Status,Scene x2,"Melee, Trigger, Aura",6,,"Chakra Block may be used as an Reaction when an Adjacent Enemy would gain CS. They don't gain the triggering CS. If the Attack would hit, they also become Suppressed. Spirit Surge",--,Tier 2
Circle Throw,Fighting,Physical,At-Will,"Melee, 1 Target",2,6,"If the user's Power Value is higher than the Target's Weight Class, they may Slide the Target a number of meters equal to or less than the difference. ",--,Tier 1
Close Combat,Fighting,Physical,Scene x2,"Melee, 1 Target",4,12,The Target cannot apply Speed Evasion against Close Combat.,--,Tier 3
Coaching,Fighting,Status,EOT,"Melee, 1 Target, Full Action, Versatile",,,The Target gains +2 CS in a Stat of your Choice and +2 to their next Accuracy or Save Check of your choice.,"The Target gains +1 CS in a Stat of your Choice. When used this way, Coaching is not a Full Action.",Tier 1
Concentration,Fighting,Status,EOT,"Self, Versatile",,,"Choose one of the following Effects. You pass your next Save Check, then gain +2 to Save Checks for the rest of the Scene. Your next Damaging Attack has the Sureshot Keyword, then gain +2 Accuracy.","Choose Accuracy or Save Checks. The next time you perform the chosen roll, roll it twice, taking the higher result.",Tier 1
Counter,Fighting,Physical,Scene x2,"Melee, 1 Target, Trigger",,,"Counter can only be used as a Standard Action + Reaction whenever you’re hit with a Damaging Physical Attack from an Enemy in Range. After the Triggering Attack is resolved, if the user isn’t Fainted, perform this Attack against the Triggering Enemy. The Damage Base is equal to the Triggering Attack’s DB plus double your Tier Level. Sureshot",--,Tier 2
Cross Chop,Fighting,Physical,Scene x2,"Melee, 1 Target",3,10,Cross Chop is a Critical Hit on a roll of 17+. Smite.,--,Tier 3
Detect,Fighting,Status,Scene x2,"4, 1 Target, Priority, Swift Action, Aura",,,Detect must be used at the start of the Round. The Target is Marked with a Detect Mark until the start of the next Round. You are Provoked by any Enemy with your Detect Mark. You resist Attacks derrived from enemies with your Detect Mark by an additional Damage step and you have a Boon to any Skill Checks opposed by them. Sureshot,--,Tier 2
Double Kick,Fighting,Physical,At-Will,"Melee, 1 Target",3,3,Double Strike.,--,Tier 1
Drain Punch,Fighting,Physical,Scene x2,"Melee, 1 Target, Punch",4,8,Drain.,--,Tier 2
Dynamic Punch,Fighting,Physical,EOT,"Melee, 1 Target, Punch, Reckless",4,10,"Targets hit by this Attack becomes Dazed. If the user misses this Attack, they become Dazed. Smite. Spirit Surge",--,Tier 3
Flying Press,Fighting,Physical,EOT,"Melee, Dash, 1 Target",4,9,"When the Dash Keyword is Activated, Flying Press has the Smite Keyword and may deal Flying Type damage if the user wishes. ",--,Tier 2
Focus Blast,Fighting,Special,Scene x2,"6, 1 Target, Aura",5,12,"If the Target has Negative CS in Special Defense, they cannot apply Evasion against this Attack. Smite",--,Tier 3
Focus Punch,Fighting,Physical,Scene x2,"Melee, 1 Target, Set-Up, Aura, Punch",,13,"Charge Effect: This can only be used as a Swift Action, Priority at the start of the Round. If you use this effect, you can only take your Turn at the end of the Round unless you lose this Charge Token. If you’re hit by a Damaging Attack, you lose this Charge Token unless you pass a CR 4 Focus Check.
Resolution Effect: Focus Punch is a Critical Hit on a 17+. Sureshot.",--,Tier 3
Force Bullet,Fighting,Special,At-Will,"6, 1 Target, Aura",3,4,"If the Target has no Combatants that are Adjacent to them, they cannot apply Evasion against this Attack. ",--,Tier 1
Force Palm,Fighting,Physical,At-Will,"Melee, 1 Target",2,6,"On a roll of 18+, the Target becomes Paralyzed. This may also be used as if it were a Special Category Attack. ",--,Tier 1
Hammer Arm,Fighting,Physical,EOT,"Melee, 1 Target, Recoil 1/3, Reckless, Punch",4,11,"If the Target is smaller than the user, this has the Sureshot Keyword.",--,Tier 3
High Jump Kick,Fighting,Physical,EOT,"Melee, Dash, 1 Target, Recoil 1/3, Reckless",4,12,"If the Dash Keyword is Activated, the Recoil Keyword is ignored. If this Attack misses, the user loses a Tick of Hit Points. Smite",--,Tier 3
Intense Aura,Fighting,Status,Scene x2,"Blessing, Aura, Versatile",,,"Blessing - Any user affected by Intense Aura may activate it as a Free Action when using a Fighting Type Damaging Attack to grant it the Smite Keyword. If the Attack hits, it hits, it is also increased by one damage step. (Max 1.5x Effectiveness). Intense Aura may be Activated 3 times and then disappears. ","Same as the normal Effect, but it only has 1 Activation.",Tier 2
Jump Kick,Fighting,Physical,At-Will,"Melee, 1 Target, Dash",3,10,"If the Dash Keyword is not Activated, this Attack's DB is 6 instead. ",--,Tier 2
Karate Chop,Fighting,Physical,At-Will,"Melee, 1 Target",2,5,Karate Chop is a Critical Hit on a roll of 17+.,--,Tier 1
Lotus Palm,Fighting,Physical,EOT,"Melee, 1 Target",2,6,"If the Target has a Physical Affliction, they have a -2 Penalty to Save Checks until the end of their next Turn.",--,Tier 1
Low Kick,Fighting,Physical,EOT,"Melee, 1 Target ",3,,"On a roll of 17+, the Target is Tripped. Low Kick's Damage Base is equal to 3 plus the Target's Weight Class Value. ",--,Tier 2
Low Sweep,Fighting,Physical,EOT,"Melee, 1 Target",2,6,"On a roll of 17+, the Target is Tripped. If the Target is Slowed or has Negative Speed CS, this Effect Range automatically triggers.",--,Tier 1
Mach Punch,Fighting,Physical,At-Will,"Melee, 1 Target, Priority, Punch",2,4,--,--,Tier 1
Mat Block,Fighting,Status,Scene x2,"Self, Trigger, Shield",,,"If the user or an adjacent ally is hit by a damaging attack, the user may use Mat Block as a Standard Action + Reaction. The attack instead does not hit any Targets, and it deals no damage and has no effects. The user must be adjacent to Cover or Blocking Terrain in order to use this Attack. ",--,Tier 2
Megaton Shove,Fighting,Physical,EOT,"Melee, 1 Target",3,8,"The Target is Tripped on a roll of 18+. When declaring Megaton Shove you may increase the AC by up to +5. If the Target is hit, they Slide X (Away), where X is the amount of AC increased. Smite. Spirit Surge",--,Tier 2
Meteor Assault,Fighting,Physical,Scene,"Melee, Pass, Set-Up, Reckless",,13,"Charge Effect: No Effect.
Resolution Effect: Unless at least 3 Charge Tokens were expended, the user becomes Vulnerable for the rest of the Scene and Slowed. Sureshot.",--,Tier 3
No Retreat,Fighting,Status,Scene,"Self, Coat",,,"The user gains a Bravery Coat. While the user has a Bravery Coat, at the end of their Turn they gain +1 CS in a Stat of their choice, they gain a Tick of Temporary Hit Points and they restore a Tick of Hit Points. While the user has a Bravery Coat they cannot be recalled.",--,Tier 3
Octolock,Fighting,Status,Scene,"Melee, 1 Target",3,,"The user initiates a Grapple Maneuver with the Target, which automatically hits. If successful, until the user no longer has Dominance in the grapple, the Target is Trapped and loses -1 CS in Defense and Special Defense at the end of each of their turns.",--,Tier 3
Power-Up Punch,Fighting,Physical,EOT,"Melee, 1 Target, Full Action, Punch",3,5,The user gains +1 CS in Attack. Spirit Surge,--,Tier 1
Pressure Point,Fighting,Special,EOT,"Melee, 1 Target",3,8,"On a roll of 17+, the Target becomes Weakened until the end of their next Turn. A Combatant can only be Weakened this way once per Scene.",--,Tier 2
Quick Guard,Fighting,Status,Scene x2,"Self, Shield, Trigger",,,"If an adjacent ally is hit by a 1-Target Attack, Quick Guard may be declared as a Swift Action + Reaction, causing the triggering attack to hit you instead. You may use your Speed Stat instead of the relevant Defense Stat when calculating damage.",--,Tier 2
Raging Bull,Fighting,Physical,EOT,"Melee, Pass or all Adjacent Enemies",5,9,"The Target cannot use Attacks with the Shield Keyword as a response to this Attack. If the user is Enraged, Raging Bull has the Smite Keyword.",--,Tier 2
Revenge,Fighting,Physical,EOT,"Melee, 1 Target",4,6,"If the Target hit the user with an Attack since the user's last turn, Revenge instead has a Damage Base of 12.",--,Tier 2
Reversal,Fighting,Physical,EOT,"Melee, 1 Target",3,7,"If the user has less than 50% of their Maximum Hit Points, Reversal has the Sureshot Keyword and is a Critical Hit on a roll of 17+. ",--,Tier 1
Rock Smash,Fighting,Physical,At-Will,"Melee, 1 Target",2,4,"On a roll of 15+ the Target loses -1 CS in Defense. If the Target’s highest stat is Defense, they instead lose -2 CS in Defense. ",--,Tier 1
Rolling Kick,Fighting,Physical,At-Will,"Melee, 1 Target, Dash",2,6,"If the Dash Keyword is Activated, this has the Smite Keyword and ignores Physical Evasion.",--,Tier 1
Sacred Sword,Fighting,Physical,EOT,"Melee, 1 Target",,8,Sureshot.,--,Tier 2
Seismic Toss,Fighting,Status,Scene x2,"Melee, 1 Target, Versatile",3,,"The Target becomes Tripped. For each Size Category you are larger than the Target, add +2 to the Slide Keyword. Slide 4 (Away)","You may use a Trip Maneuver against the Target as a Free Action. If they are Tripped this way, you may Slide them into any space that is Adjacent to you.",Tier 2
Sky Uppercut,Fighting,Physical,EOT,"Melee, 1 Target, Punch",3,9,Sky Uppercut has the Sureshot Keyword against any Target with the Flier Capability.,--,Tier 2
Storm Throw,Fighting,Physical,EOT,"Melee, 1 Target",5,6,"If Storm Throw hits, it is a Critical Hit. Smite",--,Tier 1
Submission,Fighting,Physical,EOT,"Melee, 1 Target, Recoil 1/3",4,8,"If Submission hits a Target smaller than the user, they may initiate a Grapple Maneuver against the Target as a Free Action.",--,Tier 2
Superpower,Fighting,Physical,Scene x2,"Melee, 1 Target, Reckless",3,13,"After Damage Calculations, lower the Offensive Stat used for this Attack by -2 CS. Smite",--,Tier 3
Triple Arrow,Fighting,Physical,Scene x2,"4, 1 Target; or 6, 2 Targets; or 8, 3 Targets",7,4,"On a roll of 15+, the Target(s) lose -1 CS in Defense.If Triple Arrow has 1 Target, it has the Five Strike Keyword. If it has 2 Targets, it has the Double Strike and Full Action Keyword. If it has 3 Targets, it has the Full Action Keyword.",--,Tier 2
Triple Kick,Fighting,Physical,EOT,"Melee, 1 Target",5,6,"After attacking with Triple Kick, hit or miss, the user may Disengage 2m and attack a different Target with Triple Kick. This effect may be repeated a second time, Targeting a combatant that has not been Targeted by either prior attack. Before making each attack roll, the user may choose to not trigger all remaining additional shifts and attacks. Triple Kick gains +1 Accuracy and +1 DB for each Attack that is given up. Triple Kick always benefits from the Technician Ability.",--,Tier 2
Vacuum Wave,Fighting,Special,At-Will,"4, 1 Target, Priority, Aura",3,4,--,--,Tier 1
Victory Dance,Fighting,Status,Scene,"Self, Trigger",,,"Upon an Enemy fainting, Victory Dance may be used as a Standard Action + Reaction. The user gains a Victory Coat and +1 CS in a Stat of their choice. The user may expend a Victory Coat when successfully hitting a Fighting Damaging Attack to add its Damage Dice an extra time to the Damage Roll. This applies after any other Damage Base Modifiers such as a Critical Hit. 
Note: If the Damage Base would have the Attack be 2d6+8, this expended Coat turns it into 4d6+16.",--,Tier 2
Vital Throw,Fighting,Physical,EOT,"Melee, 1 Target, Trigger",,7,"Vital Throw can only be used as a Standard Action + Reaction when the user is hit with a Melee Attack. This resolves after the Triggering Attack. Slide 2 (Away), Sureshot.",--,Tier 1
Wake-Up Slap,Fighting,Physical,At-Will,"Melee, 1 Target",3,6,"If the Target is Drowsy, the Damage Base for this Attack becomes 12, then it becomes a Critical Hit. After Damage Calculations the Target is cured of the Drowsy Affliction.",--,Tier 2
Armor Cannon,Fire,Special,Scene x2,"8, 1 Target",5,12,"On a roll of 18+, the Target becomes Burned. If the Target has no Adjacent Allies, this Effect Range is extended by +2",--,Tier 3
Bitter Blade,Fire,Physical,Scene x2,"Melee, Pass ",6,9,This has the Drain Keyword against Targets who are Suppressed or Cursed. Smite,--,Tier 2
Blast Burn,Fire,Special,Scene,"Close Blast 3, Full Action ",8,15,"All Targets hit by Blast Burn become Burned. Blast Burn created Fire Hazards in all Spaces within the Range of this Attack. Smite, Spirit Surge

Fire Hazards - Any Combatant who ends their turn on or moves through a Fire Hazard becomes Burned. Ground and Rock Type Pokemon  are immune to Fire Hazards and destroy them when Moving through them. Ground, Rock, and Water Type Attacks that affect these Spaces also destroy these Hazards. ",--,Tier 3
Blaze Kick,Fire,Physical,EOT,"Melee, 1 Target, Dash",3,9,"Blaze Kick is a Critical Hit on a roll of 18+. If the Dash Keyword is Activated, the Target is Burned.",--,Tier 2
Blazing Sun,Fire,Status,Scene x2,"Field, Versatile, Weather",,,"The Field becomes Blazing for the next 5 Rounds. While the Field is Blazing, non Fire Type Enemies lose a Tick of Hit Points at the start of their Turn and Fire Type Pokemon gain a Tick of Temporary Hit Points at the start of their Turn. While the Field is Blazing, the Weather becomes Sunny.","Same as the normal Effect, but at the end of the Round, roll a Luck Check and on a 10 or less, the Field is no longer affected by this Attack.",Tier 2
Burning Jealousy,Fire,Special,Scene x2,Burst 1,6,8,"If a Target of this Attack had their Combat Stages raised since the user's last turn, they become Burned. Spirit Surge.",--,Tier 2
Burn Up,Fire,Special,Scene x2,"Burst 1, Full Action ",7,13,"Until the end of the encounter, the user loses its Fire Type (Pure Fire Types become Normal Type). The user may cure themselves of the Burned Affliction and if they do, Burn Up is a Critical Hit and the user regains its Fire Type. Smite. Spirit Surge.",--,Tier 3
Cleansing Flames,Fire,Special,Scene x2,"6, Ranged Blast 2",5,7,All Targets have all Physical Afflictions removed except for Burn. Any Targets that have an Affliction removed this way take one step more damage from Cleansing Flames. Allies within the range of Cleansing Flames take no damage from this Attack. ,--,Tier 2
Ember,Fire,Special,At-Will,"4, 1 Target or Close Blast 2",3,4,"On a roll of 18+, the Target becomes Burned. If this is used with the Close Blast Range, the AC is increased by +2.",--,Tier 1
Eruption,Fire,Special,Scene,"10, Ranged Blast 3, Set-Up",5,8,"Charge Effect: While the user has Eruption Charge Tokens, Combatants Adjacent to the user are Burned whenever the user is hit by an Attack.
Resolution Effect: All Targets become Burned on an 18+. For each Charge Token expended, increase the DB by +2 and this Effect Range by +1. Smite",--,Tier 2
Explosive Punch,Fire,Physical,Scene,"Melee, 1 Target, Punch, Recoil 1/3",6,12,Explosive Punch is a Critical Hit on a roll of 17+. Explosive Punch also Targets all Enemies that are Adjacent to the Target. Smite,--,Tier 3
Fiery Dance,Fire,Special,Scene x2,"3, 3 Targets, Full Action + Movement Action",7,7,"On a roll of 17+, the Target becomes Burned. If you only choose two Targets, all hit Targets become Burned. If you only choose one, all Targets become Burned and this has the Sureshot Keyword.",--,Tier 2
Fire Blast,Fire,Special,Scene x2,"6, 1 Target; or Close Blast 2, Full Action",6,11,"On a roll of 17+, the Target becomes Burned. If the Weather is Sunny, Targets cannot apply Special Defense Evasion against this Attack. Smite",--,Tier 3
Fire Claw,Fire,Physical,At-Will,"Melee, Pass",4,4,"On a roll of 17+, the Target becomes Burned.  ",--,Tier 1
Fire Fang,Fire,Physical,At-Will,"Melee, 1 Target, Bite",2,7,"On a roll of 17+, Roll a 1d2. On a 1, the Target becomes Burned. On a 2, the Target becomes Wounded.",--,Tier 1
Fire Lash,Fire,Physical,EOT,"2, 1 Target",3,8,"The Target loses -1 CS in Defense. If the Target is Burned or the Weather is Sunny, they instead lose -2 CS in Defense.",--,Tier 2
Fire Pledge,Fire,Special,Scene x2,"6, 1 Target",4,8,"If an Ally has used a Fire Type Attack since your last turn, this Attack can instead used as a 6, Ranged Blast 3, Full Action, Smite Range, burns on a roll of 15+ and creates Fire Hazards in all Spaces within the Range of this Attack.

Fire Hazards - Any Combatant who ends their turn on or moves through a Fire Hazard becomes Burned. Ground and Rock Type Pokemon  are immune to Fire Hazards and destroy them when Moving through them. Ground, Rock, and Water Type Attacks that affect these Spaces also destroy these Hazards.",--,Tier 2
Fire Punch,Fire,Physical,At-Will,"Melee, 1 Target, Punch",3,8,"On a roll of 17+, the Target becomes Burned.  ",--,Tier 2
Fire Spin,Fire,Special,Scene x2,"4, Ranged Blast 2",5,6,"After this Attack resolves, create a Zone within the Range of the Attack. If any Combatant enters the Zone or leaves the Zone, they become Burned. Unless the Weather is Sunny, this Zone lasts until you use a Reaction, use an Attack or Faint. Spirit Surge",--,Tier 2
Firestorm,Fire,Physical,Scene x2,"8, Ranged Blast 3, Full Action",6,11,"On a roll of 16+, all Targets become Burned. If the Weather is Sunny this has the Smite Keyword. If a Target is Burned, they cannot apply Evasion against this Attack. ",--,Tier 3
Fire Wall,Fire,Status,Scene x2,"6, Hazard, Versatile",,,"Choose 8 Spaces within the Range of this Attack to create Fire Hazards in, such that all 8 Spaces are Adjacent to at least one other Fire Hazard.

Fire Hazards - Any Combatant who ends their turn on or moves through a Fire Hazard becomes Burned. Ground and Rock Type Pokemon  are immune to Fire Hazards and destroy them when Moving through them. Ground, Rock, and Water Type Attacks that affect these Spaces also destroy these Hazards.","Same as the normal Effects, but you can only choose 4 Spaces and they must be unoccupied.",Tier 2
Flame Barrage,Fire,Special,Scene x2,"8, 1 Target; or 8, 2 Targets",6,6,"On a roll of 17+, all Targets become Burned. If Flame Barrage has 1 Target, it has the Double Strike Keyword. Smite",--,Tier 2
Flame Burst,Fire,Special,EOT,"6, 1 Target; or Burst 1, Full Action",4,7,"You may originate this Attack from a Burned Combatant within 5m instead of the user. If Flame Burst is performed this way, all Targets are considered Vulnerable against it. ",--,Tier 1
Flame Charge,Fire,Physical,At-Will,"Melee, 1 Target, Dash",2,5,"On a roll of 17+, the Target becomes Burned. If the Dash Keyword is Activated, this Effect Range automatically triggers.",--,Tier 1
Flame Rush,Fire,Physical,At-Will,"Melee, 1 Target, Dash, Recoil 1/3",2,9,"Flame Rush Burns the Target on a roll of 18+. If the Dash Keyword is Activated, the Recoil Keyword is ignored.",--,Tier 2
Flame Wheel,Fire,Physical,At-Will,"Melee, 1 Target, Dash",2,6,"On a roll of 17+, the Target becomes Burned. If the Dash Keyword is Activated, Flame Wheel has the Pass Keyword.",--,Tier 1
Flamethrower,Fire,Special,EOT,"6, 1 Target or Line 3, Full Action",5,9,"On a roll of 18+, the Target becomes Burned. If this Attack only has one Target, this has the Smite Keyword.",--,Tier 2
Flaming Dash,Fire,Physical,EOT,"Melee, 1 Target, Dash",3,8,"If the Dash Keyword is Activated, all spaces the user moves through have Fire Hazards created on them.

Fire Hazards - Any Combatant who ends their turn on or moves through a Fire Hazard becomes Burned. Ground and Rock Type Pokemon  are immune to Fire Hazards and destroy them when Moving through them. Ground, Rock, and Water Type Attacks that affect these Spaces also destroy these Hazards. ",--,Tier 2
Flare Blitz,Fire,Physical,Scene x2,"Melee, 1 Target, Dash, Reckless, Recoil 1/3",3,12,"Flare Blitz Burns the Target on a roll of 17+. If the Dash Keyword is Activated, both the user and the Target become Burned on a hit. This bypasses Fire Type Immunity to the Burned Affliction.",--,Tier 3
Heat Crash,Fire,Physical,EOT,"Melee, 1 Target, Dash",3,4,"For each Weight Class the user is above the Target, increase Heat Crash’s Damage Base by +2, or +3 if the Dash Keyword was Activated. ",--,Tier 2
Heat Wave,Fire,Special,Scene x2,Close Blast 3 or Burst 1; Full Action,7,10,"On a roll of 18+, all Targets become Burned. If the Weather is Sunny, this Effect Range automatically triggers. Smite",--,Tier 3
Heat Veil,Fire,Status,Scene x2,"4, 1 Target or Self; Coat, Versatile",,,"The Target gains a Heated Coat. While affected by a Heated Coat, the Combatant treats Water and Ice Type Attacks as if they were resisted, ignoring their Type Effectiveness. In addition, while affected by a Heated Coat, the Weather is considered to be Sunny for any of their Attacks, Features or Abilities that would Reference it. After the user is hit by a Water or Ice Type Attack, this Coat is expended.","Same as the normal Effects, however you don't treat Water and Ice Type Attacks as if they were Resisted.",Tier 2
Hellfire,Fire,Special,Scene x2,"8, 1 Target ",6,10,"When this Attack hits, Hellfire burns the Target. On a miss, the Target is Suppressed. Hellfire may be used as a Full Action to be treated as if it were a Dark Type Attack. Spirit Surge.",--,Tier 3
Ignition,Fire,Special,Scene x2,"6, 1 Target",3,8,"If a Target hit by this Attack is Burned, you may cure them of the Affliction. If they are cured this way, they lose three Ticks of Hit Points.",--,Tier 2
Incinerate,Fire,Special,At-Will,Line 3,5,5,"On a Roll of 17+ or if the Target is Burned, you may destroy a Coat they're affected by.",--,Tier 1
Inferno,Fire,Special,At-Will,"10, 1 Target",5,10,Inferno Burns the Target. Inferno treats the Target as Vulnerable if there are no Combatants or Blocking Terrain adjacent to them or if the Weather is Sunny.,--,Tier 3
Kindle,Fire,Status,EOT,"Self, Versatile",,,"The user gains a Kindled Coat. The user may expend a Kindled Coat when successfully hitting an Fire Damaging Attack to add its Damage Dice an extra time to the Damage Roll. This applies after any other Damage Base Modifiers such as a Critical Hit. 
Note: If the Damage Base would have the Attack be 2d6+8, this expended Coat turns it into 4d6+16. ",The user's next Fire Type Damaging Attack adds +2 to its Damage Base and has the Smite Keyword.,Tier 2
Lava Armor,Fire,Status,Scene,"Self, Coat, Versatile",,,"The user gains a Molten Coat. While the user is affected by a Molten Coat, whenever a Melee Attack hits them, the Attacker become Burned. The Molten Coat can be expended as a Reaction to resist a Physical Attack by an additional Damage step. It also can be expended when the user hits a Physical Fire Type Attack to cause all Targets to become Burned. ","The user gains a Molten Coat until the start of their next Turn. It cannot be expended through listed means. When used this way, Lava Armor's Frequency is not expended. ",Tier 3
Lava Plume,Fire,Special,EOT,Burst 1 ,6,8,"On a roll of 18+, all Targets become Burned. This Attack may also be used as a Full Action to treat its Range as Burst 2. Smite",--,Tier 2
Mind Blown,Fire,Special,Scene,"6, Ranged Blast 5, Full Action",8,15,The Target in the center of Mind Blown's Range resists this Attack one less Step. The user loses a Tick of Hit Points per Target hit by this Attack. Smite,--,Tier 3
Molten Rupture,Fire,Physical,EOT,"4, Ranged Blast 2, Groundsource",6,8,Molten Rupture may be used as a Full Action to treat it as if it were Ground Type instead. ,--,Tier 2
Mystical Fire,Fire,Special,EOT,"6, 1 Target",5,8,"If the Target is suffering from a Mental Affliction, they become Burned. ",--,Tier 2
Overheat,Fire,Special,Scene,"Close Blast 3, Full Action, Reckless",6,13,"After Damage Calculations, lower the Offensive Stat used for this Attack by -2 CS. Smite",--,Tier 3
Pyro Ball,Fire,Physical,Scene x2,"5, 1 Target",4,10,"If the user has at least +3 CS in Speed, this has the Sureshot Keyword. The user may perform this Attack as a Standard + Movement Action to cause the Target to become Burned on a hit. Smite",--,Tier 3
Raging Fire,Fire,Physical,EOT,"6, Ranged Blast 2",6,8,"If the user is Enraged this is changed to 8, Ranged Blast 3, Full Action and Targets cannot apply Physical Evasion  against this Attack.",--,Tier 2
Shell Trap,Fire,Special,Scene,"Melee, 1 Target, Trigger",4,13,Shell Trap can only be used as a Standard Action + Reaction when the user is hit by an Adjacent Enemy and it must only Target them. Shell Trap is a Critical Hit on a 17+. Smite.,--,Tier 3
Sunny Day,Fire,Status,Scene x2,"Blessing, Versatile, Weather",,,"Blessing - Any user affected by Sunny Day may activate it as a Free Action when using a Fire Type Damaging Attack to grant it the Smite Keyword. If the Attack hits, it hits, it is also increased by one damage step. (Max 1.5x Effectiveness). Sunny Day may be Activated 3 times and then disappears. While this Blessing persists, the Weather becomes Sunny.","Same as the normal Effect, but it only has 1 Activation.",Tier 2
Temper Flare,Fire,Physical,EOT,"Melee, 1 Target",4,8,"If the user's last Attack missed or they are Enraged, Temper Flare is DB 13 instead.",--,Tier 2
Torch Song,Fire,Special,Scene x2,"Close Blast 2, Sonic",6,6,The user's Special Attack is raise by +1 CS on a Miss or 16+. Spirit Surge.,--,Tier 2
Twin Flames,Fire,Special,EOT,"6, 2 Targets",6,5,Twin Flames Burns all Targets on a roll of 18+,--,Tier 1
Wildfire,Fire,Status,EOT,"Close Blast 3, Versatile",5,,All Targets become Burned. All Targets that were already Burned lose two Ticks of Hit Points and cannot cure Burn during their next Save Check. Any Fire Typed Allies within the Range of this Attack instead gain 2 Ticks of Temporary Hit Points.,All Targets become Burned. ,Tier 1
Will-O-Wisp,Fire,Status,EOT,"6, 1 Target, Versatile",3,,"The Target becomes Burned. If the Target is already Burned, they become Cursed or Suppressed instead. ","The Target becomes Burned. When used this way, the AC becomes 5.",Tier 1
Acrobatics,Flying,Physical,EOT,"Melee, Dash, 1 Target",3,6,"At the start of your Turn you may declare the usage of Acrobatics. During this Turn you do not Provoke Attacks of Opportunity. You must then use this Attack while activating the Dash Keyword. if you do so, the Damage Base becomes 10 instead. ",--,Tier 2
Aerial Ace,Flying,Physical,EOT,"Melee, 1 Target, Dash",,6,"If the Dash Keyword is Activated, Aerial Ace is a Critical hit on a roll of 18+. Sureshot.",--,Tier 1
Aerial Combat,Flying,Physical,Scene x2,"Melee, 1 Target",4,12,"If the Target has the Flier Capability or the Weather is Windy, they cannot apply Evasion against this Attack. ",--,Tier 3
Air Cutter,Flying,Special,At-Will,Close Blast 2,5,5,Air Cutter is a Critical Hit on a roll of 18+ or 16+ if the Weather is Windy.,--,Tier 1
Air Slash,Flying,Special,EOT,"6, 1 Target",4,8,"On a roll of 17+, the Target becomes Wounded. If the Weather is Windy, the Target cannot apply Speed Evasion  against Air Slash.",--,Tier 2
Beak Blast,Flying,Physical,Scene x2,"Close Blast 2, Full Action, Priority",6,10,"Beak Blast must be declared at the start of the round as a Priority Action. If the user is hit by a Melee attack this round, the triggering attacker is Burned. At the end of the round, the user may use a Movement Action, then attacks with Beak Blast.",--,Tier 3
Bounce,Flying,Physical,EOT,"Melee, 1 Target",3,8,"The user may declare the usage of Bounce at the start of their Turn and must use this Attack after their Movement Action is used. When Moving this turn, they use the Jump Capability as a Free Action, going up to 4m in the air and ignoring Attacks of Opportunity. ",--,Tier 2
Brave Bird,Flying,Physical,Scene x2,"Melee, 1 Target, Dash, Recoil 1/3",3,12,"If the Dash Keyword is Activated, Brave Bird has Sureshot against Targets with lower Speed than them. ",--,Tier 3
Chatter,Flying,Special,EOT,"4, 1 Target, Sonic",4,7,"On a roll of 16+, the Target becomes Enraged. ",--,Tier 1
Concussive Burst,Flying,Special,EOT,"4, 1 Target",4,6,"Targets hit by this Attack Slide up to X Meters (Away), where X is 6 minus their Weight Class.",--,Tier 1
Cyclone,Flying,Special,EOT,"6, Ranged Blast 3, Full Action",6,8,"If the Weather is Windy, this has the Smite Keyword. After this Attack’s Resolution, you may choose to destroy all Hazards within this Range or Slide them up to 3m. Spirit Surge. ",--,Tier 2
Defog,Flying,Status,Scene x2,"Field, Versatile",,,"You may Destroy/Remove any amount of the following:
» Weather on the Field
» Blessings on the Field
» Coats on the Field
» Hazards on the Field ","When used this way, the range becomes Close Blast 2 and has an AC of 4. Destroy any Hazards within the Range of this Attack and any Coats on Combatants hit by this Attack.",Tier 2
Drill Peck,Flying,Physical,At-Will,"Melee, 1 Target",3,8,"On a roll of 17+, the Target becomes Wounded.",--,Tier 2
Dual Wingbeat,Flying,Physical,EOT,"4, 1 Target",4,4,Double Strike.,--,Tier 1
Feather Dance,Flying,Status,EOT,"Burst 1, Versatile",4,,All Enemies have their Attack lowered by -3 CS and have all Coats removed. You may choose to remove any Coats affecting Allies within this range as well. ,"Remove all Coats from the Target. When used this way, the Range becomes Melee, 1 Target; or Self. ",Tier 1
Feather Storm,Flying,Special,Scene x2,"8, Ranged Blast 2, Full Action",5,10,"If the Weather is Windy, you may also use this Attack as if it’s Range was 6, 3 Targets, Full Action.",--,Tier 3
Gale Force,Flying,Special,EOT,"6, 1 Target",3,6,"The Target is Tripped on a roll of 16+. If the Weather is Windy, this Effect Range automatically Triggers if they fail a CR 4 Acrobatics Check. Slide 4 (Away).",--,Tier 1
Gust,Flying,Special,At-Will,"4, 1 Target",3,4,"If the Weather is Windy, this Attack may be used as if it were 4, Ranged Blast 2.",--,Tier 1
Heavy Winds,Flying,Status,Scene x2,"Blessing, Versatile, Weather",,,"Blessing - Any user affected by Heavy Winds may activate it as a Free Action when using a Flying Type Damaging Attack to grant it the Smite Keyword. If the Attack hits, it hits, it is also increased by one damage step. (Max 1.5x Effectiveness). Heavy Winds may be Activated 3 times and then disappears. While this Blessing persists, the Weather becomes Windy.","Same as the normal Effect, but it only has 1 Activation.",Tier 2
Hurricane,Flying,Special,Scene x2,"6, 1 Target",5,12,"After this Attack’s Resolution, You may Slide any number of Targets or Hazards within this Range or Adjacent to Targets up to 3m. If the Weather is Windy, the Range may be used as if it were 6, Ranged Blast 3. Spirit Surge. Smite",--,Tier 3
Mach Speed,Flying,Physical,EOT,"Melee, 1 Target, Dash, Priority",3,8,"If the Weather is Windy or the Dash Keyword is Activated, the Target cannot apply Speed Evasion against this Attack.",--,Tier 2
Molt Feathers,Flying,Status,Scene ,"Self, Movement Action",,,"The user may cure as many Physical Afflictions as they wish that affect them, then they become Vulnerable until the end of the next Round.",--,Tier 2
Mirror Move,Flying,Special,Scene x2,"6, 1 Target",,,Use the Attack the Target has used on their last turn. You may choose new Targets for the Attack. The Attack may deal Damage as if it were Physical or Special. Sureshot,--,Tier 2
Peck,Flying,Physical,At-Will,"Melee, 1 Target",2,4,"On a roll of 16+, the Target becomes Wounded.",--,Tier 1
Pluck,Flying,Physical,At-Will,"Melee, 1 Target",3,6,"The user may perform a Disarm Manuever as a Free Action against the Target. If used this way, Disarm automatically hits.",--,Tier 1
Quick Strike,Flying,Physical,EOT,"Melee, 1 Target, Dash",3,7,"After damage Calculations the user may disengage as a Free Action. If you activate the Dash Keyword or attack a Flanked Target, this Attack has the Sureshot Keyword.",--,Tier 1
Raven Claw,Flying,Physical,Scene x2,"Melee, 1 Target",3,9,"Raven Claw is a Critical Hit on a roll of 18+. If the Target has any Mental Afflictions, this Crit Range is extended by +1 per Mental Affliction they have.",--,Tier 2
Razor Wind,Flying,Special,Scene x2,"10, X Targets, Set-Up",7,8,"Charge Effect: You instead gain 2 Charge Tokens if the Weather is Windy. If you have at least 3 Charge Tokens, you treat the Weather as if it were Windy for any other Attack or Ability.
Resolution Effect: X is equal to 1+ the number of Charge Tokens expended. Smite",--,Tier 2
Roost,Flying,Status,Scene x3,"Self, Versatile",,,The user restores 5 Ticks of Hit points. The user loses the Flier Capability and Ground Immunity (Treated as Neutral) until the end of the next Round if they have it.,Same as the normal Effects but it also costs a Movement Action and it only restores two Ticks of Hit Points.,Tier 2
Sky Attack,Flying,Physical,Scene x2,"Melee, Pass, Set-Up",,10,"Charge Effect: The user flies up, leaving the Field and becoming Untargetable. When the User starts their turn with Sky Attack Charge Tokens, they immediately use Sky Attack’s Resolution Effect as a Standard Action. If the User is unable to do so they lose all Sky Attack Charge Tokens, reappear anywhere on the Field, and lose Untargetable.
Resolution Effect: The user reappears anywhere on the Field. The user may then activate Sky Attack’s Pass keyword, ignoring the usual requirements, then use Sky Attack. Sureshot.",--,Tier 3
Sky Bomb,Flying,Physical,Scene x2,"Burst 2, Set-Up",6,10,"Charge Effect: The user flies up, leaving the Field and becoming Untargetable. When the User starts their turn with Sky Bomb Charge Tokens, they immediately use Sky Bomb’s Resolution Effect as a Standard Action. If the User is unable to do so they lose all Sky Bomb Charge Tokens, reappear anywhere on the Field, and lose Untargetable. 
Resolution Effect: The user reappears anywhere on the Field and uses Sky Bomb. The user then loses Untargetable. Smite.",--,Tier 3
Sky Drop,Flying,Physical,Scene x2,"Special, Set-Up",,,"Charge Effect: This Effect can only be used if you have Dominance in a Grapple with an Enemy. You and the Grappled Enemy ascend 20m into the air to a limit of 100m. While you have Charge Tokens for this Attack, members of the Grapple cannot Target Combatants outside the Grapple or take an Action that would end the Grapple. If you start two consecutive Turns at the same height, the Grappler with Dominance uses the Resolution Effect as a Free Action on the other Grappler using both Grapplers’ combined Sky Drop Charge Tokens, regardless of whether it’s on their Move List.

Resolution Effect: The user reappears anywhere on the Field, placing their Target in an adjacent space before using Sky Drop on them. X is equal to triple the number of Charge Tokens expended. If at least 5 Charge Tokens were expended, this Attack instead sets the Target’s HP to 0. Sureshot, Unstoppable.",--,Tier 3
Tailwind,Flying,Status,Scene x2,"3, 1 Target or Self; Coat, Versatile",,,The Target gains a Tailwind Coat. Combatants affected by a Tailwind Coat cannot be Slowed and have bonus Evasion equal to double their Tier Level. A Tailwind Coat can be expended as a Reaction to use an Attack as if it had the Priority Keyword or cause a Ranged Attack to miss them.,The Target gains a Tailwind Coat. The Tailwind Coat can be expended as a Reaction when using an Attack to ignore Speed Evasion or when they're hit by a Ranged Attack to resist it by an additional damage step.,Tier 2
Tempest,Flying,Status,Scene x2,"6, Ranged Blast 3, Versatile",,,"Tempest Hazards are created in the Range of this Attack. Whenever the user moves from their current space, the Hazards are removed. 

Tempest Hazards - When Tempest Hazards are created, note where the Attacker is on the Field, which is the direction the wind is coming from. Whenever a Combatant would move into a Tempest Hazard, if they are moving against the wind, they must make a CR 5 Athletics or Acrobatics Check. If they fail this check, they cannot enter the space and Slide to the nearest Space without a Tempest Hazard. Otherwise, they treat it as Slowed Terrain. Additionally, Ranged Attacks that would cross a Tempest Hazard have a -3 Accuracy Penalty. ",Same as the normal Effects but the Hazards are removed at the end of the Round and the CR is 3.,Tier 2
Wind Blades,Flying,Physical,EOT,"6, 1 Target",3,7,Wind Blades is a Critical Hit on a roll of 18+,--,Tier 1
Wind Shift,Flying,Status,Scene x2,"3, 1 Target, Trigger",,,"Wind Shift can only be used as a Swift Action + Reaction when an Enemy uses a 1 Target, Ranged Attack on an Ally within 3m of you. Choose another Ally within 3m of you or yourself to become the new Target. ",--,Tier 2
Wind Storm,Flying,Status,Scene x2,"Field, Versatile, Weather",,,"The Field becomes Storming for the next 5 Rounds. While the Field is Storming, non Flying Type Enemies lose a Tick of Hit Points at the start of their Turn and Flying Type Pokemon gain a Tick of Temporary Hit Points at the start of their Turn. While the Field is Storming, the Weather becomes Windy.","Same as the normal Effect, but at the end of the Round, roll a Luck Check and on a 10 or less, the Field is no longer affected by this Attack.",Tier 2
Wind Wall,Flying,Status,Scene x2,"6, Hazard, Versatile, Trigger",,,"Choose 8 Spaces within the Range of this Attack to create Gale Hazards in such that all 8 Spaces are Adjacent to at least one other Gale Hazard. This Attack may also be Triggered as a Standard Action + Reaction when a Ranged 1 Target or Line Attack is used. If used this way and the Triggering Attack’s Line of Sight would pass through a Gale Hazard, the Attack resisted an Additional Damage Step.

Gale Hazard - Spaces with Gale Hazards are treated as Slow Terrain. Ranged Attacks that Target any Combatant in a Gale Hazard or derive from a Combatant in a Gale Hazard suffer a -3 Penalty to Accuracy.","Same as the normal Effects, but you can only choose 4 Spaces, they must be unoccupied and this can’t use the Trigger Keyword.",Tier 2
Wing Attack,Flying,Physical,At-Will,"Melee, 1 Target, Pass",5,6,--,--,Tier 1
Whirlwind,Flying,Status,Scene x2,Line 6 or Burst 1 or Close Blast 3; Versatile,3,,"You may destroy any Non-Blocking Hazards within the Range of this Attack. Targets hit by this Attack must perform an Acrobatics Check. You may Slide any Targets hit this way a number of meters at most equal to 6 minus their rolled successes. If they rolled less than 2 Successes, they become Tripped. Spirit Surge","When used this way, the Range becomes Close Blast 2. You may Slide Enemies hit by this Attack up to 3m. You may destroy any non-Blocking Hazards within the Range of this Attack. Spirit Surge",Tier 2
Astonish,Ghost,Physical,At-Will,"Melee, 1 Target",2,5,"If the Target is Flanked, they cannot use Reactions in response to this Attack.",--,Tier 1
Baneful Claw,Ghost,Physical,Scene x2,Close Blast 2,6,7,"On Even rolls, all Targets become Wounded. On Odd rolls, all Targets become Suppressed",--,Tier 2
Confuse Ray,Ghost,Status,EOT,"6, 1 Target, Versatile",4,,"The Target becomes Dazed. While Dazed this way, their Damaging Attacks have the Recoil 1/2 Keyword. ",The Target becomes Dazed.,Tier 1
Curse,Ghost,Status,Scene x2,"3, 1 Target, Versatile",4,,"The Target becomes Cursed. This may also be used as a Full Action to give it the Sureshot Keyword, but you lose 2 Ticks of Hit Points after the Attack's resolution.","On a hit, the Target becomes Cursed. The user loses a Tick of Hit Points, or two if it hits. Spirit Surge",Tier 2
Dark Fog,Ghost,Status,Scene x2,"Blessing, Versatile, Weather",,,"Blessing - Any user affected by Dark Fog may activate it as a Free Action when using a Ghost Type Damaging Attack to grant it the Smite Keyword. If the Attack hits, it hits, it is also increased by one damage step. (Max 1.5x Effectiveness). Dark Fog may be Activated 3 times and then disappears. While this Blessing persists, the Weather becomes Foggy.","Same as the normal Effect, but it only has 1 Activation.",Tier 2
Deathly Wail,Ghost,Special,Scene,"Burst 2, Full Action, Sonic",8,10,"On Even Rolls, all Targets become Dazed. On Odd Rolls, all Targets become Cursed. Spirit Surge.",--,Tier 3
Deception,Ghost,Status,Scene,"3, 1 Target or Self; Coat",,,The Target gains a Deception Coat. They may activate this Coat when an Enemy misses them with an Attack to cause them to become Dazed. They also may activate this Coat as a Reaction when they miss an Attack against a single Target to instead cause it to hit. This Coat is expended after it is activated twice.,--,Tier 3
Destiny Bond,Ghost,Status,Scene,"3, 1 Target",,,"The Target becomes Marked with a Destiny Mark. Whenever the user takes damage or loses Hit Points from a source other than itself, their ally or another Destiny Mark, the Combatant with your Destiny Mark loses Hit Points equal to the amount lost. Sureshot.",--,Tier 3
Devious Strike,Ghost,Physical,EOT,"Melee, 1 Target",2,6,"If the user performs a Distract or Hinder Maneuver against the Target this turn, they have a Boon to the opposed check.",--,Tier 1
Ghastly Scream,Ghost,Special,At-Will,"Close Blast 2, Sonic",5,5,"On a roll of 18+, the Target becomes Dazed.",--,Tier 1
Grudge,Ghost,Status,Scene,"3, 1 Target, Trigger ",,,You may only use Grudge as a Free Action when a Damaging Attack causes the user to faint. The Attacker becomes Cursed. An Enemy can only be affected by this Attack once per Scene. Sureshot,--,Tier 3
Haunted Breeze,Ghost,Special,At-Will,"6, 1 Target",3,4,All Enemies adjacent to the Target lose a Tick of Hit Points. Spirit Surge,--,Tier 1
Haunting Aura,Ghost,Status,Scene x2,"Burst 2, Versatile",6,,"All Targets have a -3 penalty to their next Save Check. If this Attack hits, they also become Suppressed. Friendly, Spirit Surge.",All Targets have a -2 penalty to their next Save Check. Friendly.,Tier 2
Haunting Visage,Ghost,Special,Scene,"6, 1 Target, Illusion",,,Choose a Damaging Attack that has been used by the Target this Scene. You may use the chosen Attack as if it was a Ghost Type Attack and may be used as if it were Physical or Special. Sureshot,--,Tier 3
Hex,Ghost,Special,EOT,"6, 1 Target",4,8,The Target loses a Tick of Hit Points for each Status Affliction they're affected by (Max 3).,--,Tier 2
Last Respects,Ghost,Physical,Scene,"Melee, 1 Target",5,5,"This Attack’s Damage Base is increased by +5 for each allied Combatant that fainted this Scene. If all of the user’s allies are fainted or the user is the last non-Fainted Pokemon of their corresponding Trainer’s Party, Last Respects has the Sureshot Keyword.",--,Tier 2
Lick,Ghost,Physical,At-Will,"Melee, 1 Target",2,4,"On a roll of 17+, the Target becomes Paralyzed.",--,Tier 1
Malice,Ghost,Status,At-Will,"6, 1 Target, Trigger",,,"Upon being hit by a Physical or Special Attack, the user may use Malice as a Reaction. The triggering Target loses -1 CS in Attack if it was Physical or -1 CS in Special Attack if it was Special Category. Sureshot.",--,Tier 1
Night Shade,Ghost,Status,Scene x2,Burst 1 or Line 4; Versatile,4,,"The Target loses all of their Temporary Hit Points, a Tick of Hit Points, and an additional Tick for every Mental Affliction they have.  ",The Target loses a Tick of Hit Points for every Mental Affliction they have. This Attack can only be used this way if the Weather is Foggy.,Tier 2
Nightmare,Ghost,Status,Scene x2,"3, 1 Target",3,,"Nightmare can only hit Targets that are Drowsy. The Target gains a Nightmare Mark while they're Drowsy. While they have the Nightmare Mark, their Allies cannot cure them of the Drowsy Affliction. While they have the Nightmare Mark, whenever they fail a Save Check, they lose 1d4 Ticks of Hit Points. ",--,Tier 2
Ominous Wind,Ghost,Special,At-Will,"4, Ranged Blast 2",5,5,"If the Weather is Foggy, this has the Sureshot Keyword.",--,Tier 1
Phantom Force,Ghost,Physical,Scene x2,"Melee, 1 Target, Set-Up",,10,"Charge Effect: The user vanishes, leaving the Field and becoming Untargetable. When the User starts their turn with Charge Tokens, they immediately use Phantom Force’s Resolution Effect as a Standard Action. If they are unable to do so, they lose all Phantom Force Charge Tokens, reappear within 5m of their original space, and lose Untargetable.
Resolution Effect: Unstoppable, Sureshot. ",--,Tier 3
Phantom Fright,Ghost,Special,At-Will,"Melee, 1 Target",3,6,"If the user performs a Terrorize Maneuver against the Target this Round, the Maneuver has the Sureshot Keyword.",--,Tier 1
Phantom Fury,Ghost,Physical,Scene x2,"Melee, 1 Target ",3,12,"If the Target is Flanked or the Weather is Foggy, they cannot apply Evasion against Phantom Fury.",--,Tier 3
Poltergeist,Ghost,Status,Scene x2,"5, Ranged Blast 3, Swift Action",,,"Create a 3x3 Zone in the Range of this Attack which persists until you Faint. After this Attack resolves and at the end of each Round, You may Slide any number of Combatants, Hazards or interactable objects within GM discretion within this Zone up to 3m. If Combatants chosen this way pass a CR 3 Acrobatics or Athletics Check, they're unaffected.",--,Tier 2
Rage Fist,Ghost,Physical,EOT,"Melee, 1 Target",4,8,"Each time the user is hit with a Damaging Attack, increase this Attack's Damage Base by +2 (Max 20) until the end of the Scene. If the user is Enraged, the Target cannot apply Physical Evasion against it.",--,Tier 2
Shadow Ball,Ghost,Special,EOT,"8, 1 Target",4,8,"On a roll of 17+, the Target loses -1 CS in Special Defense. Smite",--,Tier 2
Shadow Bone,Ghost,Physical,EOT,"Melee, 1 Target",3,9,"If the Target has an Affliction, they cannot apply Physical Evasion against this Attack.",--,Tier 2
Shadow Claw,Ghost,Physical,EOT,"Melee, Pass",5,7,Shadow Claw is a Critical Hit on a roll of 18+.,--,Tier 1
Shadow Punch,Ghost,Physical,EOT,"4, 1 Target, Punch",,6,Sureshot.,--,Tier 1
Shadow Realm,Ghost,Status,Scene x2,"Field, Versatile, Weather",,,"The Field becomes Shadowed for the next 5 Rounds. While the Field is Shadowed, non Ghost Type Enemies lose a Tick of Hit Points at the start of their Turn and Ghost Type Pokemon gain a Tick of Temporary Hit Points at the start of their Turn. While the Field is Shadowed, the Weather becomes Foggy.","Same as the normal Effect, but at the end of the Round, roll a Luck Check and on a 10 or less, the Field is no longer affected by this Attack.",Tier 2
Shadow Sneak,Ghost,Physical,At-Will,"Melee, 1 Target, Priority",2,4,--,--,Tier 1
Soul Drain,Ghost,Special,EOT,"4, 1 Target",4,6,"If the Target is Cursed or Suppressed, Soul Drain may be used as a Full Action. When used this way, the user is cured of a Status Affliction, then the Target is cured of one of those Afflictions of your choice. Drain.",--,Tier 1
Spectral Flame,Ghost,Special,Scene x2,"6, 1 Target",4,8,"On a roll of 17+, the Target becomes Burned. Spectral Flame may be used as a Full Action to be treated as if it were a Fire Type Attack.",--,Tier 2
Spectral Storm,Ghost,Special,Scene x2,"8, Ranged Blast 3, Full Action",6,11,"On a roll of 16+, all Targets become Suppressed. If the Weather is Foggy this has the Smite Keyword. If a Target is Cursed, they’ cannot apply Evasion against this Attack. ",--,Tier 3
Spirit Shackle,Ghost,Physical,EOT,"3, 2 Targets, Full Action",6,8,"The Target becomes Trapped. If the Weather is Foggy, Spirit Shackle loses the Full Action Keyword. Spirit Surge",--,Tier 2
Spite,Ghost,Status,Scene x2,"4, 1 Target, Trigger ",,,Spite can only be used as a Reaction whenever the user is hit by an Attack. The Triggering Enemy becomes Suppressed after the Attack’s Resolution.,--,Tier 2
Spiteful Fury,Ghost,Physical,EOT,"Melee, 1 Target",3,4,"Whenever the user misses an Attack or is hit by an Attack during this Scene, increase the Damage Base of Spiteful Fury by +2 for the rest of the Scene. (Max 12).",--,Tier 2
Terrify,Ghost,Special,EOT,"4, 1 Target",4,9,"If the Weather is Foggy or the Target is Flanked, the user may perform a Terrorize Manuever against the target as a Free Action. If used this way, Terrorize automatically hits.",--,Tier 2
Tormenting Spirits,Ghost,Special,Scene x2,"4, Ranged Blast 2",4,6,"After this Attack resolves, create a Zone within the Range of the Attack. Enemies within this Zone cannot cure Mental Afflictions. Unless the Weather is Foggy, this Zone lasts until you use a Reaction, use an Attack or Faint. Spirit Surge",--,Tier 2
Trick-or-Treat,Ghost,Status,Scene x2 ,Burst 2,5,,"Choose a Trick to apply to each Enemy listed below, then choose a Treat to apply to each Ally listed below.
- The Target becomes Cursed (Trick)
- The Target sets a Stat of your choice to -1 CS (Trick)
- The Target restores 2 Ticks of Hit Points (Treat)
- The Target gains +1 CS in a Stat of your Choice (Treat)",--,Tier 2
Vengeance,Ghost,Physical,Scene x2,"Melee, 1 Target",4,7,"Since your last Turn, if the Target inflicted a Status Affliction on you or caused an Ally to Faint, Vengeance's Damage Base becomes 13. ",--,Tier 2
Wrathful Blitz,Ghost,Physical,Scene x2,"Melee, Dash, Recoil 1/3, Reckless",3,13,"If the Dash Keyword is Activated or if the user has a Mental Affliction, the Target cannot apply Physical Evasion against Wrathful Blitz.",--,Tier 3
Absorb,Grass,Special,At-Will,"4, 1 Target ",4,4,Drain.,--,Tier 1
Apple Acid,Grass,Special,EOT,Close Blast 2 ,6,8,"On an Even Roll, all Targets become Poisoned. On an Odd Roll, all Targets lose -2 CS in Special Defense. Spirit Surge.",--,Tier 2
Aromatherapy,Grass,Status,Scene x2,"Burst 1, Healing, Versatile",,,The user and all allies in this Range are cured of one Status Affliction of their choice. This may also be used as a Full Action to treat its range as Burst 2 instead.,"When used this way, the range becomes Melee, 1 Target or Self, Healing. The Target is cured of one Status Affliction.",Tier 2
Branch Poke,Grass,Physical,At-Will,"2, 1 Target",2,4,"On a roll of 17+, the Target becomes Wounded.",--,Tier 1
Bullet Seed,Grass,Physical,EOT,"6, 1 Target",5,4,"If Bullet Seed hits at least 4 times, the Target becomes Wounded. Five Strike",--,Tier 1
Burn Powder,Grass,Status,Scene x2,"6, Ranged Blast 2, Hazard, Versatile",5,,"The Target becomes Burned. Powder Hazards may then be set on the spaces in the range of this Attack until the end of the next Round. Whenever an Enemy triggers this Hazard they become Burned or lose a Tick of Hit Points if they're already Burned. 

Powder Hazard - Whenever an Enemy passes through or ends their turn on a Powder Hazard the Effect listed is applied. Users with the Breathless Capability ignore this Hazard.","When used this way, the Attack's range becomes 4, 1 Target. The Target becomes Burned.",Tier 2
Chloroblast,Grass,Special,Scene,"Burst 2 or Close Blast 3, Full Action, Reckless",7,13,"Unless the Weather is Sunny, the user loses a Tick of Hit Points per Combatant that took Damage from Chloroblast. Smite. Spirit Surge.",--,Tier 3
Cotton Cloak,Grass,Status,Scene x2,"6, 1 Target or Self, Coat, Versatile",3,,"The Target gains a Cotton Coat. If the Target is an enemy, the coat is automatically expended upon being hit by a Flying or Fire Type Damaging Attack, the resulting Attack is increased by one damage step. If the Target is an ally or the user, the coat may be expended as a Free Action to have a Physical Attack that hits the Target deal one step resisted damage.  ","The Target gains a Cotton Coat until the end of their next Turn. If the Target is an Enemy they have a -2 penalty to Accuracy while affected by the Coat. If the Target is an Ally or the user, they have DR against Physical Attacks equal to the user's Tier Value while affected by the Coat.",Tier 2
Cotton Guard,Grass,Status,Scene,"Self, Shield, Trigger",,,"If the user or an Adjacent Ally is hit by an Attack, the user may use Cotton Guard as a Standard Action + Reaction. The user and all Adjacent Targets resist the Attack by an additional Damage Step. Additionally if the Attacker was Adjacent to the user, they become Blinded, which can only be cured by using a Movement Action..",--,Tier 3
Cotton Shower,Grass,Status,Scene x2,"Blessing, Versatile",,,"Blessing – Any user affected by Cotton Shower may activate it as a Swift Action to gain +1 Combat Stage in any Stat of their Choosing. If the benefiting combatant is Grass Type, they may instead activate it once during their Turn as a Free Action. Cotton Shower may be Activated 3 times, and then disappears.","Same as the normal Effect, but it only has 2 activations. In addition, regardless of their Type, it requires a Swift + Movement Action to activate the blessing.",Tier 2
Cotton Spore,Grass,Status,EOT,"Burst 1, Versatile",7,,"All Targets become Blinded until the end of their next Turn. A target cannot be Blinded by Cotton Spore more than once per Scene. If this Attack Misses, they instead have a -2 Penalty to their next Accuracy Roll. Spirit Surge. ","All Targets have a -2 Penalty to Accuracy until the end of their next Turn. On a miss, they instead have a -1 Penalty to Accuracy until the end of their next Turn. Spirit Surge.",Tier 1
Drum Beating,Grass,Physical,EOT,"3, 2 Targets, Groundsource, Sonic",6,8,The user may expend a Movement Action to give this Attack the Smite Keyword.,--,Tier 2
Energy Ball,Grass,Special,EOT,"8, 1 Target",4,9,"On a roll of 17+, the Target loses -1 CS in Special Defense. Smite",--,Tier 2
Floral Burst,Grass,Special,Scene x2,"Burst 1, Full Action, Groundsource ",6,8,"If the Field is affected by an Grass Attack or the Weather is Sunny, Floral Burst may increase its Burst Range by up to +2. Smite",--,Tier 2
Flower Trick,Grass,Physical,EOT,"6, 1 Target",3,7,"If the user hit the Target with a Maneuver this Round, this has the Sureshot Keyword. Flower Trick is a Critical Hit on a roll of 17+. ",--,Tier 1
Forest's Curse,Grass,Status,Scene x2,"6, 1 Target",6,,"The Target becomes Cursed. While Cursed this way, Grass Type Attacks have the Sureshot and Unstoppable Keyword when Targeting only them. If the Weather is Foggy, the Target cannot apply Stat Evasion against this Attack",--,Tier 2
Frenzy Plant,Grass,Special,Scene,"5, 3 Targets, Full Action, Groundsource",8,13,"All Targets of Frenzy Plant become Slowed. On a roll of 17+, they cannot use a Movement Action during their next Turn. Smite, Spirit Surge",--,Tier 3
Giga Drain,Grass,Special,Scene x2,"6, 1 Target ",5,9,Drain.,--,Tier 2
Grass Knot,Grass,Special,EOT,"6, 1 Target ",3,,"On a roll of 18+, the Target is Tripped. Grass Knot's Damage Base is equal to 3 plus the Target's Weight Class Value. ",--,Tier 2
Grass Pledge,Grass,Special,Scene x2,Burst 1,6,8,"On a roll of 15+, the Target becomes Slowed. If an Ally has used a Grass Type Attack since your last turn, this Attack’s range can become Burst 2 and has the Full Action and Friendly Keyword.",--,Tier 2
Grass Whistle,Grass,Status,Scene x2,"6, 1 Target, Sonic, Versatile",5,,"The Target becomes Drowsy or Entranced. On a Miss, they instead become Vulnerable until the end of the Round. Spirit Surge.",The Target becomes Drowsy until the end of their next Turn.,Tier 2
Grassy Glide,Grass,Physical,EOT,"Melee, Dash ",4,6,"If the Dash Keyword is Activated, this can gain either the Pass or Unstoppable Keyword.",--,Tier 1
Grassy Terrain,Grass,Status,Scene x2,"Field, Versatile",,,"The field becomes Floral for the next 5 Rounds. While the field is Floral, Combatants restore a Tick of Hit Points at the start of their Turn, and Grass Type attacks ignore Speed Evasion.","Same as the normal Effect, but at the end of the Round, roll a Luck Check and on a 10 or less, the Field is no longer affected by this Attack.",Tier 2
Grav Apple,Grass,Physical,EOT,"6, 1 Target",4,8,"On an Even Roll, all Targets become Poisoned. On an Odd Roll, all Targets lose -2 CS in Defense.",--,Tier 2
Horn Leech,Grass,Physical,Scene x2,"Melee, 1 Target",3,8,Drain.,--,Tier 2
Ingrain,Grass,Status,Scene x2,"Self, Coat, Versatile",,,"The user gains an Ingrain Coat. While affected by this Coat, they recover a Tick of Hit Points at the start of each Turn. This Coat may be expended as a Standard Action to gain 5 Ticks of Hit Points and become cured of a Physical Affliction.","The user gains an Ingrain Coat. While affected by this Coat, they recover a Tick of Hit Points at the start of each Turn. This Coat becomes expended if the user performs a Movement Action or laves the space they used this Attack in. ",Tier 2
Ivy Leech,Grass,Status,Scene,"3, 3 Targets, Coat, Versatile",6,,"All Targets gain an Seeded Coat. When a Combatant with an Seeded Coat ends their Turn, they lose two Ticks of Hit Points and the Combatant who inflicted the Coat gains a Tick of Temporary Hit Points.  ",All Targets become Trapped.,Tier 3
Leaf Blade,Grass,Physical,EOT,"Melee, Pass",6,8,"Leaf Blade is a Critical Hit on a roll of 18+. If this Attack is used without activating the Pass Keyword, thiis has the Smite Keyword.",--,Tier 2
Leaf Storm,Grass,Special,Scene,"8, Ranged Blast 3, Full Action, Reckless",6,13,"After Damage Calculations, lower the Offensive Stat used for this Attack by -2 CS. Smite",--,Tier 3
Leaf Tornado,Grass,Special,EOT,"6, Ranged Blast 2",5,6,"After this Attack resolves, create a Zone within the Range of the Attack. Enemies within this Zone are Vulnerable against Grass Type Attacks. This Zone lasts until you use a Reaction, use an Attack or Faint. Spirit Surge",--,Tier 1
Leafage,Grass,Physical,At-Will,"5, 1 Target or Close Blast 2",5,4,Smite,--,Tier 1
Leech Seed,Grass,Status,Scene x2,"6, 1 Target, Coat, Versatile",3,,"The Target gains a Seeded Coat. When a Combatant with an Seeded Coat ends their Turn, they lose two Ticks of Hit Points and the Combatant who inflicted the Coat gains a Tick of Temporary Hit Points.  ","Same as the normal Effects, but the Seeded Combatant only loses one Tick.",Tier 2
Magical Leaf,Grass,Special,EOT,"8, 1 Target or Close Blast 2",5,6,"If this Attack only has one Target, it has the Sureshot Keyword.",--,Tier 1
Matcha Gotcha,Grass,Special,Scene x2,"4, 1 Target",4,8,"On a roll of 15+, the Target becomes Burned. If the Target is Burned, this Attack has the Drain Keyword.",,Tier 2
Mega Drain,Grass,Special,EOT,"6, 1 Target ",4,6,Drain.,--,Tier 1
Mystic Powder,Grass,Status,Scene x2,"6, Ranged Blast 2, Hazard, Versatile",6,,"All Targets hit by this Attack become Dazed. Powder Hazards may then be set on the spaces in the range of this Attack until the end of the next Round. Whenever an Enemy triggers this Hazard they become Dazed or lose a Tick of Hit Points if they're already Dazed. 

Powder Hazard - Whenever an Enemy passes through or ends their turn on a Powder Hazard the Effect listed is applied. Users with the Breathless Capability ignore this Hazard.","When used this way, the Attack's range becomes 4, 1 Target. The Target becomes Dazed.",Tier 2
Needle Arm,Grass,Physical,At-Will,"Melee, 1 Target",2,6,"On a roll of 15+, the Target becomes Wounded.",--,Tier 1
Petal Blizzard,Grass,Physical,EOT,Burst 1,6,8,"When Declaring Petal Blizzard, as a Movement Action you may change this Attack's Range to Burst 2. ",--,Tier 2
Petal Dance,Grass,Special,Scene x2,"Melee, All Adjacent Enemies, Full Action, Reckless ",6,12,"When Declaring Petal Dance, as a Movement Action you may change this Attack's Range from Melee, All Adjacent Enemies to Burst 2. After Damage Calculations the user becomes Dazed. Smite",--,Tier 3
Pollen Storm,Grass,Status,Scene x2,"Field, Versatile",,,"The Field becomes Pollenized for the next 5 Rounds. While the Field is Pollenized, non Grass Type Enemies lose a Tick of Hit Points at the start of their Turn and Grass Type Pokemon gain a Tick of Temporary Hit Points at the start of their Turn.","Same as the normal Effect, but at the end of the Round, roll a Luck Check and on a 10 or less, the Field is no longer affected by this Attack.",Tier 2
Power Whip,Grass,Physical,Scene x2,"8, 1 Target ",5,12,Power Whip is a Critical Hit on a roll of 18+. Smite. *Grants Threaded,--,Tier 3
Razor Leaf,Grass,Physical,At-Will,Close Blast 2,5,6,Razor Leaf is a Critical Hit on a roll of 18+.,--,Tier 1
Seed Bomb,Grass,Physical,EOT,"8, 1 Target",4,8,"On a roll of 15+, you may choose to destroy a Coat on the Target. If they have Negative CS in Defense, this automatically triggers.",--,Tier 2
Sleep Powder,Grass,Status,Scene x2,"6, Ranged Blast 2, Hazard, Versatile",7,,"All Targets hit by this Attack become Drowsy. Powder Hazards may then be set on the spaces in the range of this Attack until the end of the next Round. Whenever an Enemy triggers this Hazard they become Drowsy or lose a Tick of Hit Points if they're already Drowsy. 

Powder Hazard - Whenever an Enemy passes through or ends their turn on a Powder Hazard the Effect listed is applied. Users with the Breathless Capability ignore this Hazard.","When used this way, the Attack's range becomes 4, 1 Target. The Target becomes Drowsy.",Tier 2
Snap Trap,Grass,Physical,Scene x2,"Melee, 1 Target",3,8,"On a 15+, the Target cannot perform a Movement Action during their next Turn. You may perform a Grapple Maneuver against the Target as a Swift Action if desired.",--,Tier 2
Solar Beam,Grass,Special,Scene,"Line X, Set-Up",4,8,"Charge Effect: If the Weather is Foggy, you cannot use this Charge Effect. If the Weather is Sunny, you instead gain 2 Charge Tokens. 
Resolution Effect: X is equal to 4 plus the number of Charge Tokens you expend. This Attack’s Damage Base is increased by +2 for each Charge Token you expend. Smite",--,Tier 2
Solar Blade,Grass,Physical,Scene,"Melee, Pass, Set-Up",5,10,"Charge Effect: If the Weather is Sunny, you instead gain 2 Charge Tokens. 
Resolution Effect: For each Charge Token you expend when using this Attack, extend the Pass Range by +1 Space. If you expend at least 3 Charge Tokens and Pass is used, you may change your direction once during the movement. Smite",--,Tier 3
Spicy Extract,Grass,Status,Scene x2,"Melee, 1 Target, Versatile",,,The Target gains +2 CS in Attack or Special Attack. Their Damaging Attacks also gain a 15+ Effect Range to Burn their Targets. This Effect Range is removed after it is Triggered.  ,The Target's next Effect Range that would burn is automatically Triggered if it hits a Target. This may also target the user when used this way.  ,Tier 2
Spiky Shield,Grass,Status,Scene,"Self, Shield, Trigger",,,"If the user is hit by an Attack, the user may use Spiky Shield as a Standard Action + Reaction. The user and all Adjacent Targets resist the Attack by an additional Damage Step. Additionally if the Attacker was Adjacent to the user, they become Wounded.",--,Tier 3
Spore,Grass,Status,Scene,"4, 1 Target",,,The Target becomes Drowsy. Sureshot.,"The Target becomes Drowsy. When used this way, its AC becomes 8 and it loses the Sureshot Keyword. If this Attack misses, its Frequency is not expended. ",Tier 3
Strength Sap,Grass,Status,Scene x2,"Melee, 1 Target, Versatile",4,,"On a hit, the user restores Hit Points or gains Temporary Hit Points equal to the higher of the Target's Attack or Special Attack. The Target loses -2 CS in Attack or Special Attack. Spirit Surge.",The Target becomes Weakened until the end of their next Turn.,Tier 2
Stun Spore,Grass,Status,Scene x2,"6, Ranged Blast 2, Hazard, Versatile",6,,"All Targets hit by this Attack become Paralyzed. Powder Hazards may then be set on the spaces in the range of this Attack until the end of the next Round Whenever an Enemy triggers this Hazard they become Paralyzed or lose a Tick of Hit Points if they're already Paralyzed. 

Powder Hazard - Whenever an Enemy passes through or ends their turn on a Powder Hazard the Effect listed is applied. Users with the Breathless Capability ignore this Hazard.","When used this way, the Attack's range becomes 4, 1 Target. The Target becomes Paralyzed.",Tier 2
Synthesis,Grass,Status,Scene x2,"Self, Healing, Versatile",,,"The user restores 5 Ticks of Hit Points. If the Field or Space the user is standing on is affected by an Grass Attack or the Weather is Sunny, the user is also cured of a Status Affliction. This cannot be used if there is Weather other than Sunny on the Field.",The user restores 2 Ticks of Hit Points.Synthesis can only be used this way if the Field is affected by an Grass Attack or the Weather is Sunny and there is no other Weather on the Field.,Tier 2
Syrup Bomb,Grass,Special,EOT,"5, 1 Target; or Close Blast 2",5,7,"On a roll of 17+, the Target becomes Slowed. If this Attack only has one Target, the AC becomes 3.",--,Tier 1
Trop Kick,Grass,Physical,EOT,"Melee, 1 Target, Dash",2,6,"If the Dash Keyword is Activated, the Target loses -2 CS in Defense.",--,Tier 1
Vine Whip,Grass,Physical,At-Will,"4, 1 Target",3,4,Smite. Grants Threaded,--,Tier 1
Twin Rose Beam,Grass,Special,Scene x2,"8, 1 Target",4,9,"On a roll of 15+, the Target gains a Status Affliction. If this effect is triggered, roll a 1d3; on a 1 the Target is Paralyzed; on a 2 the Target is Poisoned; on a 3 the Target becomes Drowsy.",--,Tier 2
Wild Growth,Grass,Status,Scene x2,"Blessing, Versatile",,,"Blessing - Any user affected by Wild Growth may activate it as a Free Action when using a Grass Type Damaging Attack to grant it the Smite Keyword. If the Attack hits, it hits, it is also increased by one damage step. (Max 1.5x Effectiveness). Wild Growth may be Activated 3 times and then disappears. ","Same as the normal Effect, but it only has 1 Activation.",Tier 2
Wood Hammer,Grass,Physical,Scene x2,"Melee, 1 Target, Recoil 1/3, Reckless",2,11,"If the Target is smaller than the user, they cannot Trigger Reactions against this Attack.",--,Tier 3
Worry Seed,Grass,Status,Scene x2,"8, 1 Target",3,,"The Target becomes Worried. Worried is considered a Mental Affliction that makes the user immune to becoming Drowsy. While Worried, a Combatant has all of their Abilities Disabled. ",The Target becomes Worried until the end of the next Round.,Tier 2
Vine Shield,Grass,Status,Scene,"Self, Shield, Trigger",,,"If the user is hit by an attack, the user may use Vine Shield as a Standard Action + Reaction. The user is instead not hit by the Attack. The user does not take any damage nor are they affected by any of the Attack’s effects. In addition, if the Weather is Sunny, the user restores two Ticks of Hit Points.  ",--,Tier 3
Aftershock,Ground,Special,EOT,"Burst 1, Groundsource",5,8,"If a Groundsource Attack has been used in this round or the previous round, all Targets cannot apply Evasion against this Attack.",--,Tier 2
Bone Club,Ground,Physical,At-Will,"Melee, 1 Target",2,7,"On a roll of 18+, the Target becomes Wounded.",--,Tier 1
Bone Rush,Ground,Physical,EOT,"Melee, 1 Target",4,4,"If Bone Rush hits at least 4 times, the Target becomes Wounded. Five Strike",--,Tier 1
Bonemerang,Ground,Physical,EOT,"6, 1 Target or 3, 2 Targets",5,5,"If this Attack only has one Target, it has the Double Strike Keyword. ",--,Tier 1
Bulldoze,Ground,Physical,EOT,"Burst 1, Groundsource",5,6,"All Cover Terrain within 3m may be destroyed. Within GM Discretion, Blocking Terrain within 3m may become Cover Terrain instead.",--,Tier 1
Drill Run,Ground,Physical,EOT,"Melee, 1 Target, Dash",3,8,"Drill Run is a Critical Hit on a roll of 18+. If the Dash Keyword is Activated, on a roll of 15+, the Target becomes Wounded.",--,Tier 2
Dual Quake,Ground,Physical,Scene x2,"3, 2 Targets, Full Action, Groundsource",5,9,Smite. *Grants Groundshaper,--,Tier 2
Dust Cloud,Ground,Status,EOT,"5, Ranged Blast 3, Hazard, Versatile",,,"Dust Cloud creates Smoke Hazards within the Range of this Attack. All Non-Ground and Rock Type Combatants are Vulnerable while on Smoke Hazards created this way

Smoke Hazard - Smoke Hazards break line of sight. Combatants on a Smoke Hazards are treated as Untargetable by all other Combatants that aren't in a contiguous Smoke Hazard. Combatants on a Smoke Hazard treat all Combatants that aren't in a contigous Smoke Hazard as if they were Untargetable. These Effects are ignored by Combatants with Tremorsense or Blindsense. You can still be Untargetable this way even if you were last Round.",Same as the normal Effects but the Hazards are removed at the end of the Round unless the Weather is Sandstorm,Tier 1
Dust Storm,Ground,Status,Scene x2,"Field, Versatile, Weather",,,"The Field becomes Dusty for the next 5 Rounds. While the Field is Dusty, non Ground Type Enemies lose a Tick of Hit Points at the start of their Turn and Ground Type Pokemon gain a Tick of Temporary Hit Points at the start of their Turn. While the Field is Dusty, the Weather becomes Sandstorm.","Same as the normal Effect, but at the end of the Round, roll a Luck Check and on a 10 or less, the Field is no longer affected by this Attack.",Tier 2
Dusty Day,Ground,Status,Scene x2,"Field, Blessing, Versatile, Weather",,,"Blessing - Any user affected by Dusty Day may activate it as a Free Action when using a Ground Type Damaging Attack to grant it the Smite Keyword. If the Attack hits, it hits, it is also increased by one damage step. (Max 1.5x Effectiveness). Dusty Day may be Activated 3 times and then disappears. While this Blessing persists, the Weather becomes Sandstorm.","Same as the normal Effect, but it only has 1 Activation.",Tier 2
Earth Power,Ground,Special,EOT,"6, 1 Target, Groundsource",4,9,"On a roll of 17+, the Target becomes Tripped. *Grants Groundshaper",--,Tier 2
Earth Shard,Ground,Physical,At-Will,"6, 1 Target, Priority",3,4,--,--,Tier 1
Earthquake,Ground,Physical,Scene x2,"Burst 1 or Burst 2 or Burst 3; Full Action, Groundsource",7,10,Smite. *Grants Groundshaper,--,Tier 3
Headlong Rush,Ground,Physical,Scene x2,"Melee, 1 Target, Dash, Reckless",4,12,"If the Dash Keyword is Activated, both the user and the Target lose -3 CS in Defense. Smite. ",--,Tier 3
High Horsepower,Ground,Physical,Scene x2,"Melee, 1 Target, Dash",3,10,"If the Dash Keyword is Activated, High Horsepower has the Smite Keyword.",--,Tier 3
Landslide,Ground,Physical,EOT,"6, Ranged Blast 2, Full Action",5,8,"You may create Blocking Terrain [Breakable - Dense], in all unoccupied spaces in the Range of this Attack. If the user is Large Size+, the Blocking Terrain created this way is Large, otherside it is Small. Spirit Surge.",--,Tier 2
Magnitude,Ground,Physical,EOT,"Burst 1 or Burst 2; Full Action, Groundsource",6,,"When you use Magnitude, roll a d10. Magnitude’s Damage Base is equal to 3+X, where X is the value of the d10.  *Grants: Groundshaper",--,Tier 2
Mud Bomb,Ground,Special,EOT,"4, 1 Target or Burst 1",4,7,"This Attack may originate from any Enemy with a Mud Coat. If it does, the Mud Coat is destroyed and they lose a Tick of Hit Points per Mud Counter they had. Spirit Surge",--,Tier 1
Mud Hurl,Ground,Special,At-Will,"4, 1 Target, Coat",2,4,"All Targets gain a Mud Coat. 

Combatants with a Mud Coat start with 1 Mud Counter and gain 1 more each time they would gain a Mud Coat while already having one. They have a -1 Penalty to Accuracy for each Mud Counter they have. As a Swift+Movement Action, they may remove 2 of their Mud Counters. If they would ever result in 0 Mud Counters, the Mud Coat is expended.",--,Tier 1
Mud Shot,Ground,Special,At-Will,"Line 3, Coat",5,6,"All Targets gain a Mud Coat. 

Combatants with a Mud Coat start with 1 Mud Counter and gain 1 more each time they would gain a Mud Coat while already having one. They have a -1 Penalty to Accuracy for each Mud Counter they have. As a Swift+Movement Action, they may remove 2 of their Mud Counters. If they would ever result in 0 Mud Counters, the Mud Coat is expended.",--,Tier 1
Mud Sport,Ground,Status,EOT,"Burst 1 or Burst 2; Coat, Versatile",5,,"All Targets gain a Mud Coat. If this Attack hits and they already had a Mud Coat, roll 1d4 and they gain that many Mud Counters instead.  

Combatants with a Mud Coat start with 1 Mud Counter and gain 1 more each time they would gain a Mud Coat while already having one. They have a -1 Penalty to Accuracy for each Mud Counter they have. As a Swift+Movement Action, they may remove 2 of their Mud Counters. If they would ever result in 0 Mud Counters, the Mud Coat is expended. Spirit Surge","All Targets gain a Mud Coat. When used this way, the Range becomes Burst 1.",Tier 1
Mud-Slap,Ground,Special,At-Will,"Close Blast 2, Coat",5,4,"All Targets gain a Mud Coat. 

Combatants with a Mud Coat start with 1 Mud Counter and gain 1 more each time they would gain a Mud Coat while already having one. They have a -1 Penalty to Accuracy for each Mud Counter they have. As a Swift+Movement Action, they may remove 2 of their Mud Counters. If they would ever result in 0 Mud Counters, the Mud Coat is expended.",--,Tier 1
Quicksand,Ground,Special,EOT,"3, 1 Target, Groundsource",4,8,"On a roll of 15+, the Target becomes Slowed. The Target's Movement Speed is halved until the end of their next Turn. Spirit Surge",--,Tier 2
Rototiller,Ground,Status,Scene x2,"Burst 2, Versatile",,,"Create a 5x5 Zone centered on the user. Whenever you or a Bug or Grass Type Ally end their Turn in this Zone, they gain +1 CS to a Stat of their Choice. Spaces in this Zone that were Slow or Rough Terrain become Normal Terrain.","Same as the normal Effects, but the Zone becomes 3x3 and the user cannot benefit from Terrain created this way.",Tier 2
Sand Attack,Ground,Status,EOT,"2, 1 Target, Versatile",,,The Target becomes Blinded until the end of their next Turn. The Target loses -1 Accuracy. Sureshot.,The Target loses -1 Accuracy. Sureshot.,Tier 1
Sand Cannon,Ground,Physical,EOT,"6, 1 Target",4,8,"On a roll of 17+, the Target loses -1 Accuracy. If the Weather is Sandstorm, Sand Cannon has the Smite Keyword.",--,Tier 2
Sand Pit,Ground,Status,EOT,"4, 1 Target, Groundsource, Versatile",4,,"The Target becomes Slowed and is Vulnerable while Slowed this way. On a roll of 15+, they lose -3 Evasion.",The Target loses -3 Evasion.,Tier 1
Sand Tomb,Ground,Physical,Scene x2,"4, Ranged Blast 2",5,6,"After this Attack resolves, create a Zone within the Range of this Attack. All Combatants are Blinded while they’re within this Zone. Unless the Weather is Sandstorm, the Zone lasts until you use a Reaction, use an Attack or Faint. Spirit Surge",--,Tier 2
Sandy Terrain,Ground,Status,Scene x2,"Field, Versatile, Weather",,,"The field becomes Sandy for the next 5 Rounds. While the field is Sandy, all spaces are treated as Slow Terrain for Combatants without the Naturewalk (Desert) Capability, and Ground Type attacks ignore Speed Evasion. While the Field is Sandy, the Weather may become Sandstorm.","Same as the normal Effect, but at the end of the Round, roll a Luck Check and on a 10 or less, the Field is no longer affected by this Attack.",Tier 2
Scorching Sands,Ground,Special,EOT,"4, 1 Target",4,8,"On a roll of 15+, the Target becomes Burned. If the Weather is Sandstorm, this Effect Range automatically triggers.",--,Tier 2
Shifting Soil,Ground,Special,Scene x2,"6, 1 Target, Groundsource",4,10,Slide 2.,--,Tier 3
Shore Up,Ground,Status,Scene x2,"Self, Healing, Versatile",,,"The user restores 5 Ticks of Hit Points. If the Field or Space the user is standing on is affected by an Ground Attack or the Weather is Sandstorm, the user is also cured of a Status Affliction. This cannot be used if there is weather other than Sandstorm on the Field.",The user restores 2 Ticks of Hit Points. Shore Up can only be used this way if the Field is affected by an Ground Attack or the Weather is Sanstorm and there is no other Weather on the Field.,Tier 2
Sinkhole,Ground,Status,EOT,"6, Ranged Blast 3, Hazard, Versatile",,,"Sinkhole creates Sinking Hazards within each Space of this Attack's Range. Combatants with the Naturewalk (Desert) or Naturewalk (Wetlands) Capability are Immune to the Effects of Sinking Hazards created this way.

Sinking Hazards - Spaces with Sinking Hazards are treated as Slow Terrain. Any Combatant who ends their Turn on a Sinking Hazard becomes Slowed and cannot use Bolster Maneuvers while Slowed this way. The Slowed Affliction cannot be cured by Combatants on this Hazard. If any Combatant ends their Turn within 1m of this Hazard, they are Slid into a Space affected by this Hazard.","Same as the normal Effects, but the range instead becomes 6, Ranged Blast 2, Hazard.",Tier 1
Spikes,Ground,Status,At-Will,"6, Hazard, Swift Action",,,"Choose 8 Spaces within the Range of this Attack to create Spike Hazards in, such that all 8 Spaces are Adjacent to at least one other Spike Hazard.

Spike Hazards - Spaces with Spike Hazards are treated as Slow Terrain. Any Enemy that passes through a Spike Hazard loses one Tick of Hit Points and cannot gain Hit Points or Temporary Hit Points until the end of the Round.",--,Tier 1
Stomping Tantrum,Ground,Physical,EOT,"Melee, 1 Target",4,8,"If the user's last Attack missed or they are Enraged, Stomping Tantrum is DB 13 instead.",--,Tier 2
Tectonic Burst,Ground,Physical,Scene,"8, Ranged Blast 3, Full Action, Groundsource",7,10,"Tectonic Burst has the Sureshot Keyword against Targets that are Vulnerable, Tripped, Trapped or Slowed. Smite",--,Tier 3
Terraform,Ground,Status,Scene x2,"6, Trigger, Groundsource, Versatile",,,"Choose 6 Unoccupied Spaces within the Range of this Attack to create Blocking Terrain in, such that all 6 Spaces are Adjacent to at least one other Blocking Terrain. Blocking Terrain created this way is [Breakable - Fragile]. Terraform may also be used as an Standard Action + Reaction when an Enemy uses a Physical Ranged Attack, in which you must place the Terrain in a way to block the Line of Sight for that Attack. *Grants Groundshaper ",Same as the normal Effects but you may only choose 2 Unoccupied Spaces and this can't be used as an Reaction.,Tier 2
Tremor,Ground,Physical,At-Will,"6, 1 Target, Groundsource",3,4,"On a roll of 17+, the Target becomes Tripped. *Grants Groundshaper",--,Tier 1
Arctic Quake,Ice,Physical,Scene x2,"Burst 2, Full Action, Groundsource",7,10,"If desired, the user may turn all spaces within the range of this Attack into rough terrain. Terrain created this way can be ignored by any combatant with the Naturewalk (Tundra) Capability. Smite. Spirit Surge.",--,Tier 3
Aurora Beam,Ice,Special,EOT,"4, 1 Target",3,7,The user may use their Special Defense as the Offensive Stat for this Attack instead of Special Attack.,--,Tier 1
Aurora Veil,Ice,Status,Scene x2,"Blessing, Versatile",,,"Blessing – Any user affected by Aurora Veil may activate it as a Free Action when receiving Damage to gain DR against it equal to their Tier Value. Aurora Veil may be Activated 3 times, and then disappears. ","The Weather must be Snowy or Mystical in order to use this Attack this way. Same as the normal Effect, but it only has one Activation.",Tier 2
Avalanche,Ice,Physical,EOT,"6, Ranged Blast 2, Full Action",5,8,"You may create Blocking Terrain [Breakable - Dense], in all unoccupied spaces in the Range of this Attack. If the user is Large Size+, the Blocking Terrain created this way is Large, otherside it is Small. Spirit Surge.",--,Tier 2
Blizzard,Ice,Special,Scene x2,"5, Ranged Blast 3, Full Action",7,11,"Blizzard Chills all Targets on a roll of 15+. If the Weather is Snowy, Blizzard has the Sureshot Keyword. Smite",--,Tier 3
Cleansing Aurora,Ice,Status,Scene x2,"Blessing, Versatile",,,Blessing - Any user affected by Cleansing Aurora may activate it as a Free Action when gaining a Status Affliction to instead not gain that affliction. Cleansing Aurora may also be Activated as a Swift Action to restore 2 Ticks of Hit Points to the activator or cure an affliction they have. Cleansing Aurora may be Activated three times before disappearing. ,"The Weather must be Snowy or Mystical in order to use this Attack this way. Same as the normal Effect, but it only has one Activation.",Tier 2
Crystal Slash,Ice,Physical,EOT,"Melee, Pass",6,8,"Crystal Slash is a Critical Hit on a roll of 18+. If this Attack is used without activating the Pass Keyword, thiis has the Smite Keyword.",--,Tier 2
Freeze-Dry,Ice,Special,EOT,"6, 1 Target",3,7,"When calculating Weakness and Resistance for Freeze-Dry, Water Typed Targets calculate damage as if Water was weak to Ice. If the Weather is Snowy or the Target is Water Type, on a Roll of 16+, the Target becomes Chilled.",--,Tier 1
Frostbite,Ice,Status,Scene x2,"Melee, 1 Target, Versatile",6,,"On a Hit, the Target becomes Chilled. On a Miss, the Target becomes Wounded. On a roll of 18+, they gain both. Spirit Surge.","The Target becomes Wounded. If the Target is already Wounded, they become Chilled instead.",Tier 2
Frost Blast,Ice,Special,EOT,Close Blast 2,6,8,"On a roll of 16+, all Targets becomes Slowed. If the Weather is Snowy, this may also be used as if it were Close Blast 3.",--,Tier 2
Frost Breath,Ice,Special,EOT,Line 4,5,6,"On a roll of 18+, all Targets become Chilled. If the Weather is Snowy or as a Swift+Movement Action, this Attack gains the Smite Keyword.",--,Tier 1
Frost Typhoon,Ice,Special,Scene,"8, Ranged Blast 3, Full Action",7,12,"On a roll of 16+, all Targets become Chilled. If the Weather is Snowy this has the Smite Keyword. This Attack is a Critical hit on a 17+ against Chilled Targets. ",--,Tier 3
Frozen Claw,Ice,Physical,EOT,"Melee, 1 Target",3,8,"On a roll of 17+, the Target gains the Wounded or Chilled Affliction.",--,Tier 2
Frozen Rush,Ice,Physical,EOT,"Melee, 1 Target, Dash",3,8,"If the Weather is Snowy, or the Dash Keyword is Activated, Frozen Rush has Sureshot against Targets that are Medium or Small Sized.",--,Tier 2
Frozen Terrain,Ice,Status,Scene x2,"Field, Versatile, Weather",,,"The field becomes Frozen for the next 5 Rounds. While the field is Frozen, Melee Attacks have a 16+ Effect Range to Trip their Target, and Ice Type attacks ignore Speed Evasion. While the Field is Frozen, the Weather may become Snowy.","Same as the normal Effect, but at the end of the Round, roll a Luck Check and on a 10 or less, the Field is no longer affected by this Attack.",Tier 2
Glaciate,Ice,Special,EOT,Burst 1 or Burst 2; Full Action,6,9,All Targets hit by this Attack have their Movement Value halved until the end of their next Turn. Spirit Surge,--,Tier 2
Hail,Ice,Status,Scene x2,"Field, Versatile, Weather",,,"The Field becomes Hailing for the next 5 Rounds. While the Field is Hailing, non Ice Type Enemies lose a Tick of Hit Points at the start of their Turn and Ice Type Pokemon gain a Tick of Temporary Hit Points at the start of their Turn. While the Field is Hailing, the Weather becomes Snowy.","Same as the normal Effect, but at the end of the Round, roll a Luck Check and on a 10 or less, the Field is no longer affected by this Attack.",Tier 2
Haze,Ice,Status,Scene x2,"Burst 5, Versatile",5,,"Enemies and any Allies of your choice within the Range of this Attack have all of their Stats increased or lowered to their Default CS Value. On a hit, the Target cannot increase their CS for the rest of the Round. Spirit Surge","Powder Hazards are created in a Ranged Blast 3 centered on the User, which last until the end of the next Round. Enemies who Trigger this Hazard have their Stats increased or lowered to their Default Value. 

Powder Hazard - Whenever an Enemy passes through or ends their turn on a Powder Hazard the Effect listed is applied. Users with the Breathless Capability ignore this Hazard.",Tier 2
Ice Ball,Ice,Physical,At-Will,"Melee, Pass, Dash ",5,5,"The user gains 2 Rolled Counters. The user has a bonus to Damage Base for their Dash Attacks equal to their Rolled Counters. While they have Rolled Counters, they do not trigger Attacks of Opportunity when moving. The user loses all Rolled Counters if they miss a Dash Attack. Spirit Surge.",--,Tier 2
Ice Beam,Ice,Special,EOT,"6, 1 Target",4,9,"On a roll of 19+, the Target becomes Chilled. Smite",--,Tier 2
Ice Fang,Ice,Physical,At-Will,"Melee, 1 Target, Bite",2,7,"On a roll of 18+, Roll a d2. On a 1, the Target becomes Chilled. On a 2, the Target becomes Wounded.",--,Tier 1
Ice Hammer,Ice,Physical,Scene x2,"Melee, 1 Target, Recoil 1/3, Reckless",4,11,"If the Target is smaller than the user, this has the Sureshot Keyword. Smite",--,Tier 3
Ice Punch,Ice,Physical,At-Will,"Melee, 1 Target, Punch",3,8,"On a roll of 18+, the Target becomes Chilled.",--,Tier 2
Ice Shard,Ice,Physical,At-Will,"4, 1 Target, Priority ",3,4,--,--,Tier 1
Ice Spinner,Ice,Physical,EOT,"Burst 1, Dash",5,7,"If the Dash Keyword is Activated, the user destroys any Cover or Rough Terrain or Hazards they move through or are adjacent to while moving, ignoring their Effects and turning them to Basic Terrain or destroying them.",--,Tier 1
Icicle Crash,Ice,Physical,EOT,"6, 1 Target",4,9,"This may be used as a Full Action to treat its Range as if it were 6, Ranged Blast 2.",--,Tier 2
Icicle Spear,Ice,Physical,EOT,"6, 1 Target",5,4,"If Icicle Spear hits 5 times, the Target becomes Chilled. Five Strike",--,Tier 1
Icicle Storm,Ice,Physical,Scene,"8, Ranged Blast 2, Full Action",7,10,"If the Weather is Snowy, this gains the Five Strike Keyword. Smite.",--,Tier 3
Icy Wind,Ice,Special,EOT,Close Blast 2,5,6,"On a roll of 16+, all Targets become Slowed. If the Weather is Snowy, Icy Wind has the Sureshot Keyword. ",--,Tier 1
Mist,Ice,Status,Scene x2,"5, Ranged Blast 3, Hazard, Versatile",,,"Mist creates Smoke Hazards within the Range of this Attack. Whenever an Enemy passes through a Smoke Hazard created this way, all of their Stats are raised or lowered to their Default Value. Combatants within a Smoke Hazard created this way cannot have their CS increased or decreased.

Smoke Hazard - Smoke Hazards break line of sight. Combatants on a Smoke Hazards are treated as Untargetable by all other Combatants that aren't in a contiguous Smoke Hazard. Combatants on a Smoke Hazard treat all Combatants that aren't in a contigous Smoke Hazard as if they were Untargetable. These Effects are ignored by Combatants with Tremorsense or Blindsense. You can still be Untargetable this way even if you were last Round.",Same as the normal Effects but the Hazards are removed at the end of the Round unless the Weather is Snowy.,Tier 2
Powder Snow,Ice,Special,At-Will,Close Blast 2,5,4,"If the Weather is Snowy, all Targets have a -2 Accuracy Penalty to their next Attack this Round.",--,Tier 1
Soft Served,Ice,Status,Scene x2,"Melee, 1 Target, Healing, Versatile",,,The Target restores 5 Ticks of Hit Points.,"The user may lose any number of Ticks of Hit Points, then the Target gains the amount of Hit Points you lost.",Tier 2
Snowstorm,Ice,Status,Scene x2,"Blessing, Versatile, Weather",,,"Blessing - Any user affected by Snowstorm may activate it as a Free Action when using a Ice Type Damaging Attack to grant it the Smite Keyword. If the Attack hits, it hits, it is also increased by one damage step. (Max 1.5x Effectiveness). Snowstorm may be Activated 3 times and then disappears. While this Blessing persists, the Weather becomes Snowy.","Same as the normal Effect, but it only has 1 Activation.",Tier 2
Thermodrain,Ice,Special,EOT,"6, 1 Target",3,7,"If this Targets a Fire Type Pokemon, they're considered to be Weak to Ice when calculating damage. If the Weather is Snowy or the Target is Fire Type, Thermodrain has the Drain Keyword.",--,Tier 1
Triple Axel,Ice,Physical,EOT,"Melee, 1 Target",5,6,"After attacking with Triple Axel, hit or miss, the user may Slide up to 2m and attack a different Target with Triple Axel. This effect may be repeated a second time, Targeting a combatant that has not been Targeted by either prior attack. Before making each attack roll, the user may choose to not trigger all remaining additional slides and attacks. Triple Axel gains +1 Accuracy and +1 DB for each Attack that is given up. Triple Axel always benefits from the Technician Ability.",--,Tier 2
Whiteout,Ice,Status,Scene x2,"5, Ranged Blast 3, Versatile",,,"Create a Zone within the Range of the Attack. Any Enemy within this Zone without the Naturewalk (Tundra) Capability must make a CR 4 Perception Check at the start of their Turn or else they become Blinded until the end of their Turn. Spaces in this Zone are treat the Weather as if it were Snowy. If the user Faints, this Zone is removed.",Same as the normal Effects but the Zone is removed at the end of the Round. ,Tier 2
Acupressure,Normal,Status,EOT,"Melee, 1 Target",4,,"The Target becomes Vulnerable or Weakened of your choice until the end of the next Round. On a roll of 17+, they instead have both applied for the same duration. If the Target is an Ally, they instead have a Random Stat increased by +2 CS.","Roll a d2. On a 1, the Target becomes Vulnerable until the end of the Round, or on a 2, the Target becomes Weakened until the end of the Round.",Tier 1
After You,Normal,Status,Scene x2,"6, 1 Target ",,,"After You can only be used as a Reaction when you use an Attack against a Single Enemy and it must Target the Ally that is acting alongside you during this Initiative. The Target may immediately use an Attack if they have an Action to do so, resolving it before the Triggering Attack, but it must Target only the Enemy the Triggering Attack Targeted. Their Attack has the Sureshot Keyword. After their Attack resolves, you may finish resolving the Triggering Attack. If they fainted, you do not regain the Action spent to use the Triggering Attack. ",--,Tier 2
Assist,Normal,Status,Scene x2,"Melee, 1 Target, Swift Action",,,The Target may choose to perform their next Accuracy Check or Save Check this round twice. ,--,Tier 2
Attract,Normal,Status,Scene x2,"Burst 2, Social",,,"The user uses a Intrigue Maneuver against all Targets as a Free Action. If the Maneuver Hits, the Target automatically fails the opposed Check. Friendly, Sureshot.",--,Tier 2
Barrage,Normal,Physical,EOT,"6, 1 Target ",4,6,"If this Attack hits, roll 5d20. For each one that resulted in a  Natural 16+, they lose -1 CS in Defense. Smite",--,Tier 1
Battle Rage,Normal,Status,Scene,"Self, Versatile",,,"The user gains +3 CS in Attack and becomes Enraged, if not already. This Attack may be used even if the user is Enraged.",The user becomes Enraged and their next Damaging Attack has the Smite Keyword.,Tier 3
Baton Pass,Normal,Status,At-Will,"Self, Movement Action, Versatile",,,"The user is replaced with another Pokémon from their trainer’s roster, performing a full switch. All CS Values and Coats on Baton Pass’ user are transferred to the replacement. The replacement’s default combat stages are ignored in any stat that has CS transferred to it.","The Target's CS Values become replaced by the users, then the user's CS is set to its Default Stages. When used this way, the range becomes Melee, 1 Target and can only Target an Ally",Tier 1
Belly Drum,Normal,Status,Scene,"Self, Full Action + Movement Action, Priority",,,"Belly Drum must be declared at the start of a Round as a Priority Free Action. The user then becomes Vulnerable until the end of the Round. At the end of the Round, if you have an Action to do so, you must use Belly Drum as a Full Action + Movement Action. You then gain +6 Attack CS.",--,Tier 3
Bestow,Normal,Status,EOT,"Melee, 1 Target, Movement Action",,,"This Attack can only Target an Ally. Choose a Item you have equipped or a Stat. If you chose an Item, you unequip that Item and it is moved to the Target's Empty Inventory or Equipment Slot. If you chose a Stat, their CS is increased or decreased to match your CS for the corresponding Stat, then your CS for that Stat is set to its Default Value.",--,Tier 1
Bide,Normal,Physical,Scene x2,"Burst 1, Set-Up",5,,"Charge Effect: Any time you take Damage from an Enemy Attack while you have Charge Tokens for Bide, gain an additional Charge Token for Bide. If the Damage from the Attack caused you to lose at least 50% of your total Hit Points, gain two additional Charge Tokens instead of one.
Resolution Effect: All Targets hit by this Attack lose Hit Points equal to your Tier Value times the number of Charge Tokens expended or half this amount if it misses. Spirit Surge ",--,Tier 2
Bind,Normal,Physical,At-Will,"Melee, 1 Target",2,4,"You may choose to mark the Target with a Bind Mark. While an Enemy has a Bind Mark, whenever they would move, you must Slide into an Adjacent unoccupied space. If you have a higher Weight Class than the Target, they cannot move on their Turn while marked this way. If you would ever enter a space not Adjacent to them, they lose the Bind Mark. You cannot apply Evasion against Attacks derrived from Enemies with your Bind Mark.",--,Tier 1
Blinding Radiance,Normal,Status,Scene x2,"Field, Versatile, Weather",,,"The Field becomes Radiant for the next 5 Rounds. While the Field is Radiant, non Normal Type Enemies lose a Tick of Hit Points at the start of their Turn and Normal Type Pokemon gain a Tick of Temporary Hit Points at the start of their Turn. While the Field is Radiant, the Weather becomes Sunny.","Same as the normal Effect, but at the end of the Round, roll a Luck Check and on a 10 or less, the Field is no longer affected by this Attack.",Tier 2
Block,Normal,Status,EOT,"Melee, 1 Target, Versatile",3,,"The Target becomes Marked with a Blocked Mark. While a Combatant with a Blocked Mark is adjacent to the user, if they use an Attack without the Self Range, it must include the user. While a Combatant has a Blocked Mark and are within 3m of you, they are Trapped.","Same as the normal Effects, but Combatants that gain Blocked Marks this way are not Trapped. ",Tier 1
Blood Moon,Normal,Special,Scene,"8, Ranged Blast 2, Full Action, Reckless",5,14,"After Damage Calculations, the user becomes Vulnerable until the end of the next Round. Smite",--,Tier 3
Body Slam,Normal,Physical,EOT,"Melee, 1 Target, Dash",3,9,"The user may use their Total HP Stat (not Hit Points) as the Offensive Stat instead of the Attack Stat. If the Dash Keyword is Activated, on a 15+, both the user and the Target become Tripped.",--,Tier 2
Boomburst,Normal,Special,Scene,"Burst 2 or Close Blast 3; Full Action, Sonic",8,12,"All Adjacent Targets become Dazed. Smite, Spirit Surge.",--,Tier 3
Burning Light,Normal,Special,Scene x2,"5, 1 Target",3,7,"On a roll of 16+, the Target becomes Blinded until the end of their next Turn or Burned. Smite",--,Tier 2
Camouflage,Normal,Status,EOT,"Self, Swift + Movement Action, Coat",,,"The user gains a Camouflage Coat. While the user has a Camouflage Coat, they cannot be Targeted by any 1 Target Attacks and have +6 Evasion against all other Attacks. The Camouflage Coat is expended whenever the user is hit with an Attack or performs a non-Movement Action. 
*Grants Blender",--,Tier 1
Captivate,Normal,Status,EOT,"Close Blast 2, Social, Versatile",4,,"All Targets lose -2 CS in Attack or Special Attack of your choice. On a hit, the Target becomes Entranced or Provoked by you of your choice until the end of their next Turn. Spirit Surge. Friendly.",All Targets become Provoked by you until the end of their next Turn. This may only Target Enemies that are Entranced by you and it ignores the limitations of Entranced.,Tier 1
Chip Away,Normal,Physical,EOT,"Melee, 1 Target ",3,7,"The Target loses -1 CS in Defense. If they had Positive CS in Defense, they instead lose -2 CS in Defense. Spirit Surge.",--,Tier 1
Comet Punch,Normal,Physical,At-Will,"Melee, 1 Target, Punch",5,3,X is equal to the number of times this Attack would hit. Five Strike. Slide X (Away),--,Tier 1
Confide,Normal,Status,EOT,"Melee, 1 Target, Social",,,"The Target loses -2 CS in a Stat of your choice. If the Target of Confide is Targeted by a Manipulate Maneuver during your Turn, it automatically hits but must still perform the opposed Skill Check. Sureshot.",--,Tier 1
Constrict,Normal,Physical,At-Will,"Melee, 1 Target",4,5,"The Target becomes Grappled. If the user is smaller than the Target, they instead become Slowed until the end of their next Turn. ",--,Tier 1
Conversion,Normal,Status,At-Will,"Self, Versatile",,,"Choose an Attack the user knows. Until the end of the Scene, the user loses all their Types and becomes the Type of the chosen Attack. You may then turn any number of Attacks on your Attack List into the new Type until the end of the Scene. ",Choose two Attacks the user knows. Their Types are either Swapped or turn into the user's Type until the end of the Scene.,Tier 1
Copycat,Normal,Special,Scene x2,"4, 1 Target",,,Use the Attack the Target has used on their last turn. You may choose new Targets for the Attack and the Attack may be used as if it were Physical or Special. Sureshot.,--,Tier 2
Covet,Normal,Physical,At-Will,"Melee, 1 Target",2,6,"You may perform a Disarm Maneuver against the Target as a Free Action. If an Item is disarmed and the user has an empty Inventory Slot, they may equip it after Damage Calculations.",--,Tier 1
Crush Claw,Normal,Physical,EOT,"Melee, 1 Target",2,7,"If the Target has Negative Defense CS or is Vulnerable, this Attack is treated as one step more Effective but cannot surpass 1.5x Effectiveness. Its Damage Effectiveness can only be increased this way once per Scene per Target.",--,Tier 1
Cut,Normal,Physical,At-Will,"Melee, Pass",5,5,"On a roll of 15+, the Target becomes Wounded. If this hits a Target that is already Wounded, they lose two Ticks of Hit Points. ",--,Tier 1
Defense Curl,Normal,Status,EOT,"Self, Coat, Versatile",,,The user gains +2 CS in Defense and gains a Curled Coat. While the user has a Curled Coat they cannot become Tripped. The user may expend as a Reaction the Curled Coat when using a Melee Attack to treat it as if it had the Sureshot and Slide 3 (Away) Keywords.,The user gains +1 CS in Defense or +2 Rolled Counters if they already have Rolled Counters.,Tier 1
Disable,Normal,Status,At-Will,"1 Target, Trigger",,,Disable can only be used as a Reaction whenever the user is hit by an Attack. The Triggering Attack becomes Disabled after the Attack’s Resolution. Sureshot.,--,Tier 1
Dizzy Punch,Normal,Physical,At-Will,"Melee, 1 Target, Punch",2,7,"On a roll of 16+, the Target becomes Dazed. Dizzy Punch has the Sureshot Keyword if the user is Dazed.",--,Tier 1
Doodle,Normal,Status,Scene,"6, 3 Targets",,,"When using Doodle, choose 1 of the Targets and a non-Boss or Innate Ability they know. The other Targets of this Attack learn that Ability until the end of the Scene. The user may choose themselves as one Target of this Attack. Sureshot.",--,Tier 3
Double Hit,Normal,Physical,EOT,"Melee, 1 Target ",3,4,Double Strike.,--,Tier 1
Double Team,Normal,Status,Scene x2,"Self, Coat, Versatile",,,"The user gains a Double Team Coat. The user may expend an activation of the Double Team Coat as a Free Action when being Targeted by an Attack to gain +3 Evasion against it or when using an Attack to gain a +3 Modifier to their Accuracy Roll. Activations may be expended after seeing the roll result. This Coat may be activated twice, then is removed.","Same as the normal Effects, however they can only be expended before seeing the roll result. ",Tier 2
Double-Edge,Normal,Physical,Scene x2,"Melee, 1 Target, Dash, Recoil 1/3",3,12,"If the user is at least two Size Categories larger than the Target, this Attack is treated as one step more Effective but cannot surpass 1.5x Effectiveness. If the Dash Keyword is Activated, the Recoil Keyword is ignored.",--,Tier 3
Double Slap,Normal,Physical,At-Will,"Melee, 1 Target",4,3,"If Double Slap hits at least 4 times, the Target becomes Enraged. Five Strike",--,Tier 1
Echoed Voice,Normal,Special,EOT,"3, 1 Target, Sonic",4,,"Choose a Sonic Attack used by you or an Ally this Scene. This Attack has the same Damage Base (If any) and Effect the chosen Attack. If no Sonic Attack was used this Scene, the DB for this Attack is 6. You cannot choose the same Attack twice during a Scene.",--,Tier 2
Egg Bomb,Normal,Special,Scene x2,"4, Ranged Blast 2",6,10,Any allies that are hit by this Attack gain a Tick of Temporary Hit Points instead of taking damage. Smite,--,Tier 3
Encore,Normal,Status,Scene x2,"3, 1 Target, Social, Versatile",4,,"This cannot Target an Ally. The Target gains an Encore Coat. While a Target has an Encore Coat, they can only use the last Attack they performed before gaining this Coat. When they use that Attack, it ignores and doesn't expend its Frequency. The Target may expend the Encore Coat as a Swift Action, but then they become Suppressed and that Attack becomes Disabled.",Same as the normal Effects but the Encore Coat is removed at the end of their next Turn. ,Tier 2
Endure,Normal,Status,Scene,"Self, Trigger",,,Endure can only be used as a Reaction when the user is hit by a Damaging Attack while they are at 10% Hit Points or higher. The user's hp cannot be reduced below 1 by the Triggering Attack.,--,Tier 3
Entrainment,Normal,Status,Scene x2,"4, 1 Target",,,The Target gains one of the user’s Abilities. Boss Abilities or Innate Abilites cannot be gained this way.,--,Tier 2
Extreme Speed,Normal,Physical,EOT,"Melee, 1 Target, Dash, Priority",3,8,"If the Dash or Priority Keyword is Activated, this Attack ignores Speed Evasion.",--,Tier 2
Facade,Normal,Physical,EOT,"Melee, 1 Target",3,7,This Attack's Damage Base is increased by +3 for each Affliction the user is affected by.,--,Tier 2
Fake Out,Normal,Physical,At-Will,"Melee, 1 Target, Priority ",5,5,"If Fake Out misses the Target, you may perform a Basic Attack against them as a Free Action. Spirit Surge",--,Tier 1
False Swipe,Normal,Physical,EOT,"Melee, Pass",5,6,False Swipe cannot Trigger Attacks with the Shield Keyword in response to this Attack. Smite,--,Tier 1
Feint,Normal,Status,Scene x2,"Self, Trigger",,,"Feint can only be used as a Reaction when a Target of your Attack uses a Reaction or avoids your Melee Damaging Attack. If they used a Reaction, the Effect they used it for fails and no longer applies, but doesn’t expend its Frequency (Still uses their Reaction). If they avoided the Melee Attack, the Attack is treated as having the Smite Keyword.",--,Tier 2
Fillet Away,Normal,Status,EOT,"Self, Versatile",,,"The user loses two Ticks of Hit Points, then gains +3 CS in Attack, Special Attack or Speed.","The user loses a Tick of Hit Points, then gains +1 CS in Attack, Special Attack or Speed. Fillet Away cannot be used this way if the user has a Physical Affliction.",Tier 1
Final Flash,Normal,Special,Scene,"Close Blast 2, Full Action, Reckless",5,13,"After Damage Calculations, lower the Offensive Stat used for this Attack by -2 CS. Smite",--,Tier 3
Flail,Normal,Physical,EOT,Burst 1,5,7,"On a roll of 16+, this Attack may be treated as one step more Effective but cannot surpass 1.5x Effectiveness, however the user becomes Dazed after. Smite",--,Tier 1
Flash,Normal,Status,EOT,"Close Blast 2, Versatile",5,,"Lower the Accuracy of all Targets by -2. On a roll of 16+, all Targets become Blinded until the end of their next Turn. *Grants Glow",All Targets have a -2 Penalty to Accuracy until the end of their next Turn.,Tier 1
Flashbang,Normal,Status,Scene x2,"Close Blast 2, Versatile",6,,"The Target becomes Blinded until the end of their next Turn. On a miss, the Target instead loses -3 Accuracy for their next attack that requires an Accuracy Roll. Spirit Surge",All Targets have a -3 Penalty to Accuracy until the end of their next Turn.,Tier 2
Focus Energy,Normal,Status,EOT,"Self, Movement Action",,,"The user’s next Attack gains +2 Critical Hit Range. If the Attack has a Melee Range, they instead gain +3 Critical Hit Range and treat the Target as Flanked. Focus Energy can also be used as a Standard Action to gain +2 Critical Hit Range for the rest of the Scene. ",--,Tier 1
Follow Me,Normal,Status,Scene x2,"Burst 2, Social, Versatile",,,"All Targets become Provoked until the end of their next Turn. Friendly, Sureshot.","Same as the normal Effects, but the range becomes 3, 1 Target.",Tier 2
Foresight,Normal,Status,EOT,"6, 1 Target, Swift Action",,,The Target gains a Foresight Mark. The user's Normal and Fighting Type Attacks may deal Damage Ghost Types with the Foresight Mark as if they were Neutral Effectiveness instead of Immune. Sureshot,--,Tier 1
Frustration,Normal,Physical,At-Will,"Melee, 1 Target",3,6,Add +3 DB to this Attack for each time the user was hit with an Attack since their last Turn and for each Mental Affliction they're affected by (Max DB 15),--,Tier 2
Fury Attack,Normal,Physical,At-Will,"Melee, 1 Target",4,3,"If the user is Enraged, the Target is treated as Vulnerable against this Attack. Five Strike",--,Tier 1
Fury Swipes,Normal,Physical,EOT,"Melee, 1 Target",4,4,"If Fury Swipes hits at least 4 times, the Target becomes Wounded. Five Strike",--,Tier 1
Giga Impact,Normal,Physical,Scene,"Melee, 1 Target, Full Action, Dash",5,15,"If this Attack is used through the Dash Keyword and the user is larger than the Target, this Attack is also treated as one step more Effective but cannot surpass 1.5x Effectiveness. Smite",--,Tier 3
Glare,Normal,Status,Scene x2,"3, 1 Target, Social, Versatile",4,,"The Target becomes Trapped. If this Attack hits, they also become Paralyzed. Spirit Surge.",The Target becomes Trapped. ,Tier 2
Growl,Normal,Status,EOT,"Burst 2, Sonic, Social, Versatile",4,,All Targets lose -2 CS in Attack or Special Attack (Choose for each). On a roll of 16+  they become Suppressed. Friendly.,All Targets lose -1 CS in Attack or Special Attack. Friendly.,Tier 1
Growth,Normal,Status,EOT,"Self, Versatile",,,The user gains +2 CS in a Stat of their choice and a Tick of Temporary Hit Points.,The user gains +1 CS to a Stat of their Choice. Growth may only be used this way if the Weather is Sunny.,Tier 1
Harden,Normal,Status,EOT,"Self, Coat, Versatile",,,"The user’s Defense is raised by +2 CS and the user gains a Hardened Coat. The user may expend the Hardened Coat as a Reaction when hit by a Physical Attack to gain DR against that Attack, equal to the user’s Tick Value.","The user gains a Hardened Coat. The user may expend the Hardened Coat as a Free Action when hit by a Physical Attack to gain DR against that Attack, equal to the user’s Tick Value.",Tier 1
Headbutt,Normal,Physical,EOT,"Melee, 1 Target, Dash",2,7,"On a roll of 16+, the Target becomes Tripped. If the Dash Keyword is Activated, this Attack has the Slide 2 (Away) Keyword.",--,Tier 1
Head Charge,Normal,Physical,Scene x2,"Melee, 1 Target, Dash, Recoil 1/3",3,12,"If the Dash Keyword is Activated, this Attack has the Slide 3 (Away) Keyword and the Recoil Keyword is ignored.",--,Tier 3
Heal Bell,Normal,Status,Scene x2,"Burst 3, Sonic, Healing, Versatile",,,Choose Physical or Mental. Allies within the Range of this Attack are cured of all their Afflictions that match your chosen Category.,"All Targets are cured of one Status Affliction of their choice. If used this way, its Range is changed to Burst 1.",Tier 2
Helping Hand,Normal,Status,EOT,"4, 1 Target, Versatile",,,"Choose one of the following Effects to apply to the Target.
■ They are cured of a Status Affliction
■ They roll their next Accuracy Roll twice, taking either result
■ Their next Damaging Attack also adds half of your corresponding Attack Stat as a Damage Bonus.","The Target gains +2 to their next Accuracy Roll or Save Check of your choice, or +3 if they're Adjacent to the user.",Tier 1
Hidden Power,Normal,Special,EOT,Burst 1,5,7,"When a Pokémon first obtains the Attack Hidden Power, roll 1d20. Hidden Power’s Elemental Type will be changed from Normal to Bug on a result of 1; Dark on a 2; Dragon on a 3; Electric on a 4; Fairy on a 5; Fighting on a 6; Fire on a 7; Flying on a 8; Ghost on a 9; Grass on a 10; Ground on a 11; Ice on a 12; Normal on a 13; Poison on a 14; Psychic on a 15; Rock on a 16; Steel on a 17; Water on a 18; and on a 19 or 20, reroll until you roll another number. This effect is permanent – if Hidden Power is forgotten and relearned, the chosen Type remains the same.",--,Tier 1
Hold Hands,Normal,Status,Scene x2,"Melee, 1 Target, Versatile",,,The Target and the user each have a +4 Bonus to their next Save Check and gain three ticks of Temporary Hit Points.,The Target gains two Ticks of Temporary Hit Points.,Tier 2
Horn Attack,Normal,Physical,At-Will,"Melee, 1 Target, Dash",2,7,"On a roll of 18+, the Target becomes Wounded. If the Dash Keyword was Activated, it becomes a 15+ Effect Range and this has the Smite Keyword.",--,Tier 1
Horn Drill,Normal,Physical,Scene x2,"Melee, 1 Target",3,10,"The Target becomes Wounded. If the Target is already Wounded, this has a Critical Hit on a 16+.",--,Tier 3
Howl,Normal,Status,EOT,"Burst 3, Sonic, Versatile",,,The user and all allies in this Range gain +1 CS in Attack and are cured of one Mental Affliction. ,"All Targets are cured of a Mental Affliction. When used this way, Howl's Range is changed to Burst 1.",Tier 1
Hyper Beam,Normal,Special,Scene,"Line 4, Full Action, Set-Up",6,10,"Charge Effect: While the user has Charge Tokens for Hyper Beam their Movement Value is set to 2 and cannot be raised.
Resolution Effect: For each Charge Token expended, increase the Line Range by +2 and the DB by +2. If you expended at least 2, this has the Sureshot Keyword. If you expended at least 3, this is always treated as Super Effective and cannot have its Effectiveness modified. Smite",--,Tier 2
Hyper Drill,Normal,Physical,Scene x2,"Melee, 1 Target",3,10,This Attack ignores Damage Reduction and positive CS in Defense and Special Defense. Unstoppable. Smite,--,Tier 3
Hyper Fang,Normal,Physical,At-Will,"Melee, 1 Target, Bite",3,8,"On a roll of 16+, the Target becomes Wounded.",--,Tier 2
Hyper Voice,Normal,Special,Scene x2,"Close Blast 2, Full Action, Sonic",,8,"Slide 2 (Away), Sureshot.",--,Tier 2
Laser Focus,Normal,Status,Scene x2,"Self, Coat, Versatile",,,"The user gains a Focused Coat. Whenever the user hits a Damaging Attack, this Coat may be expended to treat it as if it were a Critical Hit. ",The user's next Damaging Attack gains a +3 to its Critical Hit Range.,Tier 2
Last Resort,Normal,Physical,Scene,"Melee, 1 Target",4,15,"After this Attack resolves, the user's Hit Points are set to 0 and they Faint. If the user is Surrounded or under 10% of their Maximum Hit Points, Last Resort is a Critical Hit on a roll of 15+. Smite",--,Tier 3
Leer,Normal,Status,At-Will,"Close Blast 2, Social, Versatile",,,"All Targets have their Attack or Defense lowered by -2 CS. Friendly, Slide 2 (Away), Sureshot.",The user may make a Command or Intimidate Check opposed by each Target's Focus or Intimidate. Those who fail this Check are Slid up to 2m Away from the User. Sureshot.,Tier 1
Light Daze,Normal,Status,Scene x2,Close Blast 2 or Burst 1; Versatile,5,,All Targets are Blinded until the end of their next turn.,"Same as the normal Effects, but the AC becomes 8. ",Tier 2
Lock-On,Normal,Status,At-Will,"10, 1 Target, Versatile",,,The Target becomes Marked with a Locked Mark. The next Attack that the user uses against the Target that requires an Accuracy Check has the Sureshot Keyword. The user gains +2 to Accuracy Rolls against Combatants with the Locked Mark. Sureshot.,"The user becomes Provoked by the Target until the end of your next Turn. While Provoked this way, you have a +3 bonus to Accuracy against them. Sureshot.",Tier 1
Lovely Kiss,Normal,Status,Scene x2,"6, 1 Target, Social, Versatile",5,,"The Target becomes Drowsy. If the Target is Entranced, this Attack has the Sureshot Keyword.","The Target becomes Drowsy. When used this way, the AC becomes 8 and the Range becomes Melee, 1 Target.",Tier 2
Lucky Chant,Normal,Status,Scene x2,"Blessing, Versatile",,,"Blessing - Any user affected by Lucky Chant may activate it as a Free Action when receiving a Critical Hit or when rolling a 5 or less on a d20. If they would receive a Critical Hit, the Attack instead deals damage as if it was not a Critical Hit. If they rolled a 5 or less, they may reroll it with a +2 Modifier. Lucky Chant may be Activated 3 times and then disappears. ","Same as the normal Effect, but it only has 1 Activation.",Tier 2
Luster Shock,Normal,Special,EOT,"5, 1 Target ",4,5,Double Strike.,--,Tier 1
Me First,Normal,Status,Scene x2,"Self, Trigger",,,"Me First can only be used as a Reaction when an Enemy Targets the user with an Attack and the user has a higher Speed than them. You may use a Damaging Attack as a Standard Action, but only the Attacker can be a Target of this Attack. After this Attack resolves, the Triggering Attack resolves as normal unless they were to Faint. ",--,Tier 2
Mean Look,Normal,Status,Scene x2,"3, 1 Targe or Close Blast 3, Social, Versatile",,,All Targets become Trapped. Sureshot.,Perform a Terrorize Maneuver against all Targets. All who fail the Opposed check become Trapped instead of the listed effects of the Terrorize Maneuver. Sureshot.,Tier 2
Mega Kick,Normal,Physical,Scene x2,"Melee, 1 Target",4,12,"If the Target is Vulnerable, Mega Kick has the Sureshot Keyword. Smite",--,Tier 3
Mega Punch,Normal,Physical,At-Will,"Melee, 1 Target, Punch",3,8,Smite,--,Tier 2
Metronome,Normal,Status,At-Will,"Self, Versatile",,,"Your GM rolls an Attack on the Metronome Roller. The user may then Move with a Movement Action if able, then immediately use that rolled Attack. If the Attack is Damaging, the DB (Including Modifiers) cannot exceed 10. If it were to exceed this, it is treated as being DB 10 and cannot be modified. (Ex: If you’re Tier 1 and roll Earthquake as a Ground Type, it becomes DB 10). If the user can learn Tier 3 Attacks, this restriction is ignored","The next time you use Metronome, the GM rolls three times instead, and you choose which Attack to use.",Tier 2
Milk Drink,Normal,Status,Scene,"Melee, 1 Target; or Self",,,The Target restores 5 Ticks of Hit Points.,"The Target restores a Tick of Hit Points or gains +2 to their next Save Check. When used this way, it doesn't expend Milk Drink's Frequency.",Tier 3
Mimic,Normal,Special,Scene x2,"6, 1 Target",,,"Choose an Attack that the Target has used during the encounter. For the remainder of the encounter, that Attack is added to the user’s Move List and may be used as if it were Physical or Special, then the user may immediately use that Attack as a Free Action. Sureshot.",--,Tier 2
Mind Reader,Normal,Status,Scene x2,"6, 1 Target, Versatile",,,The Target gains the Forseen Mark. The user cannot miss Combatants with the Forseen Mark and gains +3 Evasion  against attacks from Combatants with the Forseen Mark. Mind Reader cannot Target Combatants with the Mindlock Capability. Sureshot.,"Same as the Normal Effects, but the Forseen Mark is removed at the end of the next Round.",Tier 2
Minimize,Normal,Status,Scene x2,"Self, Versatile",,,"Until the end of the start of your next Turn, Enemies have a -6 Accuracy penalty against you and your size is changed to Small. While affected by this, you cannot inflict Damage on Enemies. ","Until the end of your Turn, you cannot provoke Attacks of Opportunity by moving and your size is changed to Small. ",Tier 2
Morning Sun,Normal,Status,Scene x2,"Self, Healing, Versatile",,,"The user restores 5 Ticks of Hit Points. If the Weather is Sunny, the user is also cured of a Status Affliction. This cannot be used if there is weather other than Sunny on the Field.",The user restores 2 Ticks of Hit Points. Morning Sun can only be used this way if the Weather is Sunny and there is no other Weather on the Field.,Tier 2
Noble Roar,Normal,Status,EOT,"Burst 2, Social, Sonic, Versatile",4,,"All Targets have their Attack and Special Attack lowered by -2 CS. On a roll of 15+, all Targets may become Provoked by you until the end of their next Turn. Friendly.","Same as the Normal Effects, but the Range is changed to Melee, 1 Target, Sonic, Social.",Tier 1
Odor Sleuth,Normal,Status,EOT,"Melee, 1 Target, Swift Action",,,The Target becomes Marked with a Tracked Mark. The user gains +3 Evasion against Combatants with the Tracked Mark. Sureshot. *Grants Tracker,--,Tier 1
Pain Split,Normal,Status,Scene,"Shield, Trigger",,,"Pain Split may be used as a Standard Action+Reaction or Reaction when the user is hit by a Damaging Attack. After the Triggering Attack’s Damage Roll, instead of applying resistances and defenses, half the amount rolled. You lose Hit Points equal to the halved amount. If this is used as a Reaction, an Ally within 3m loses Hit Points equal to the halved amount as well and the Frequency of this Attack isn’t expended. If this is used as a Standard Action + Reaction, an Enemy within 3m loses Hit Points equal to the halved amount as well. Sureshot.",--,Tier 3
Pay Day,Normal,Physical,EOT,Close Blast 2,5,5,"The user may expend $250 to apply any of the effects below. This Effect may be purchased multiple times:
■ The Attack becomes Steel Type
■ The Attack gains +2 Accuracy or Crit Range
■ The Attack's Blast Range increases by +1
■ The Attack's Damage Base increases by +3 (Max 18)",--,Tier 2
Perish Song,Normal,Status,Scene,"Burst 15, Sonic",,,"All Targets, Including the user become Marked with a Perish Mark, with a Perish Count of 3. This mark is not removed when user Faints. When a Combatant with a Perish Mark starts their Turn, their Perish Count is lowered by 1. When a Perish Marked Combatant would have a Perish Count of 0, they are set to 0 Hit Points (Or the highest Hit Point value that would cause them to Faint) and the Perish Mark is removed. This HP loss cannot be prevented. This Attack cannot gain the Friendly Keyword. Sureshot",--,Tier 3
Play Nice,Normal,Status,EOT,"6, 1 Target, Social, Versatile",3,,"The Target loses -2 CS in Attack or Special Attack. If the Target is Entranced with you as the Fixation, you may instead choose to set it to its Default Value.","The Target loses -1 CS to your choice of Attack or Special Attack. If the Target is Entranced with you as the Fixation, this has the Sureshot Keyword. ",Tier 1
Population Bomb,Normal,Physical,Scene x2,"Melee, 1 Target ",5,4,"When applying the Five Strike Keyword to this Attack, the Maximum number of times it can hit is equal to double your current Mice Tokens. Whenever you would miss with Population Bomb, you may reroll the Accuracy Check. This may be done a number of times per Attack equal to half your current Mice Tokens (Rounded Up). This Attack cannot result in a Critical Hit. When calcuating DB with this Attack, the Five Strike Keyword's cap is +16DB instead of +8DB. Five Strike.",--,Tier 2
Pound,Normal,Physical,At-Will,"Melee, 1 Target",2,5,Smite,--,Tier 1
Present,Normal,Physical,Scene x2,"4, 1 Target, Healing",4,,"Roll 2d3, then multiply the added result by your Tier Level. That results becomes the DB of this Attack. If this Targets a willing Ally, this Attack instead heals the Target for 3 Ticks of Hit Points.",--,Tier 2
Prismatic Shot,Normal,Special,EOT,"10, 1 Target; or 4, 2 Targets, Full Action",5,8,--,--,Tier 2
Protect,Normal,Status,Scene x2,"Self, Trigger, Shield",,,"This Attack can only be used when the user is hit by a Damaging Attack. As a Reaction, they resist it by an additional Damage Step. As a Standard Action + Reaction, the user is instead not hit by the Attack, does not take any damage nor are they affected by any of the Attack’s effects.",--,Tier 2
Psych Up,Normal,Status,Scene x2,"6, 1 Target, Versatile",,,The user's Combat Stage Values are replaced with the Values of the Target. Sureshot.,Choose one Stat. The user's Combat Stage Value for that Stat is replaced by the Value of the Target in the same Stat. Sureshot.,Tier 2
Quick Attack,Normal,Physical,At-Will,"Melee, 1 Target, Dash, Priority",2,4,"If the Dash Keyword is Activated, this Attack ignores Speed Evasion.",--,Tier 1
Radiant Beam,Normal,Special,EOT,"6, 1 Target",4,9,"On a roll of 18+, the Target becomes Dazed. Smite",--,Tier 2
Rage,Normal,Physical,At-Will,"Melee, 1 Target",2,5,"The user becomes Enraged. Until the end of the next Round, if the user is Enraged, the user gains +1 Attack or Special Attack CS whenever they are damaged by an Attack. Spirit Surge.",--,Tier 1
Rapid Spin,Normal,Physical,EOT,Burst 1,5,4,Rapid Spin destroys all non-Blocking Hazards within 3m and removes all Coats the user is affected by. Spirit Surge.,--,Tier 1
Recover,Normal,Status,Scene x2,"Self, Healing, Versatile",,,The user chooses to either restore 5 Ticks of Hit Points or become cured of all Physical Afflictions.,The user is cured of a Physical Affliction.,Tier 2
Recycle,Normal,Status,Scene x2,"Self, Versatile",,,The user gains Temporary Hit Points equal to their Maximum Hit Points minus their Current Hit Point Value. Temporary Hit Points gained this way are removed at the start of your next Turn.,The user gains a Tick of Temporary Hit Points.   ,Tier 2
Reflect Type,Normal,Status,Scene x2,"5, 1 Target, Swift Action",,,"The user loses all of their Types. Choose a Type that the Target has, then the user becomes that Type. All changes made this way revert at the end of the Scene. Sureshot.",--,Tier 2
Refresh,Normal,Status,Scene x2,"Melee, 1 Target or Self, Healing, Versatile",,,"Choose one to apply to the Target:
■ Their Negative CS is reset to their Default Value
■ They are cured of a Physical Affliction
■ They remove all Coats they're affected by","If the Target has a Physical Affliction, they pass their next Save Check. ",Tier 2
Retaliate,Normal,Physical,Scene x2,"Melee, 1 Target",3,6,"This Attack's Damage Base is increased by +3 for each time the user was targeted with an Attack this Round. If an Ally fainted this Round, this has the Sureshot Keyword.",--,Tier 2
Return,Normal,Physical,At-Will,"Melee, 1 Target",3,,Return's Damage Base is equal to 4 plus two times the number of allies that have hit the Target since the end of this Pokemon's last turn (to a maximum of DB 12).,--,Tier 2
Revelation Dance,Normal,Special,EOT,"6, 1 Target",4,9,Revelation Dance is the same Type as the user’s primary Type (aka the first one in its Pokedex listing).,--,Tier 2
Roar,Normal,Status,Scene x2,"Burst 1, Sonic, Social",,,"All Targets lose -1 CS in Attack and Special Attack. X is equal to the Target's Movement Value. Slide X (Away), Sureshot.",--,Tier 2
Rock Climb,Normal,Physical,At-Will,"Melee, 1 Target ",3,8,"At the start of the user's Turn they may declare the usage of Rock Climb. During this Turn when moving, you ignore all Movement Penalties. *Grants Climber",--,Tier 2
Round,Normal,Special,EOT,"Burst 1, Sonic",5,6,"If an Attack with the Sonic Keyword was used against the Target this Round, they cannot apply Evasion against this Attack. ",--,Tier 1
Safeguard,Normal,Status,Scene x2,"Blessing, Versatile",,,"Blessing – Any user affected by Safeguard may activate it as a Free Action when receiving a Status Affliction from an Enemy to instead not gain that Affliction. The user or Allies additionally may use a Swift Action to expend an Activation and become cured of a Status Affliction. Safeguard may be Activated 3 times, and then disappears.",Same as the normal Effect but it only has 1 Activation.,Tier 2
Scary Face,Normal,Status,EOT,"Close Blast 2, Versatile",6,,"All Targets become Suppressed. On a 15+, they cannot activate Reactions until the start of your next Turn. ","Each Target may either Slide 2 (Away), or cannot use Reactions until the start of your next Turn. You may choose which effect applies to each Target. ",Tier 1
Scratch,Normal,Physical,At-Will,"Melee, Pass",5,4,"On a roll of 18+, the Target becomes Wounded. Smite",--,Tier 1
Screech,Normal,Status,EOT,"Burst 1, Sonic, Versatile",5,,"All Targets have their Defense lowered by -3 CS. When this Attack hits, all Targets also become Dazed. Friendly, Spirit Surge.","All Targets have their Defense lowered by -2 CS. If this misses, it instead lowers it by -1. Friendly. Spirit Surge.",Tier 1
Sharpen,Normal,Status,EOT,"Self, Coat, Versatile",,,"The user’s Attack or Special Attack are raised by +2 CS and the user gains a Sharp Coat. The user may expend the Sharp Coat as a Reaction when your Melee Attack is Resisted by a Target (By Type or Effect). When Expended this way, the Attack becomes one step more Effective against the Target who Resisted it.","The user gains a Sharp Coat. The user may expend the Sharp Coat as a Reaction when your Melee Attack is Resisted by a Target (By Type or Effect). When Expended this way, the Attack becomes one step more Effective against the Target who Resisted it.",Tier 1
Shell Smash,Normal,Status,Scene x2,"Self, Versatile",,,"The user gains +3 CS in Attack, Special Attack, and Speed, then becomes Vulnerable until the end of the next Round.","The user gains +1 CS in Attack, Special Attack, and Speed, then becomes Vulnerable against the next Attack to Target them.",Tier 2
Shed Tail,Normal,Status,Scene ,"Self, Shield, Trigger",,,"If the user is hit by a Melee Attack, the user may use Shed Tail as a Reaction. The user Resists the Attack by an additional damage step. You may then Disengage as a Free Action. ",--,Tier 2
Shining Shroud,Normal,Status,EOT,"5, Ranged Blast 3",,,"Create a Zone within the Range of the Attack. Any Enemy without the Blindsense Capability is Blinded while they're in this Zone. This Zone is removed when you Faint or at the end of the next Round, whichever comes first.",--,Tier 1
Simple Beam,Normal,Status,Scene x2,"Line 5, Versatile",5,,Choose one effect to apply to each Target. A random ability becomes Disabled. Their Attacks become Normal Type until the end of their next Turn. A Stat of the Target is reset to its Default Value.,"Same as the normal effects but the range becomes 4, 1 Target.",Tier 2
Sing,Normal,Status,Scene x2,"Burst 1, Sonic, Versatile",7,,"All Targets hit by Sing become Drowsy. On a Miss, they instead become Vulnerable against the next Attack that targets them until the end of the next Round. Friendly, Spirit Surge.","Same as the normal Effects, but its Range is changed to Melee, 1 Target.",Tier 2
Sketch,Normal,Status,Scene,"15, 1 Target",,,"Once Sketch has been used, remove Sketch from the user's Attack List. The last Attack that the Target used is added to the user's Attack List permanently. Sketch cannot be Reacted to or Intercepted. Once used, Sketch is replaced for the user with the added Attack for the purposes of things such as relearning. Sketch cannot be used to gain an Attack unique to a Boss Pokemon or a Legendary Signature Attack. Sureshot.",--,Tier 3
Skull Bash,Normal,Physical,Scene x2,"Melee, 1 Target, Set-Up",4,12,"Charge Effect: The user gains DR equal to their Tier Value until the start of their next Turn. While you have Charge Tokens from this Attack, your Movement Value is halved.
Resolution Effect: This Attack is one step more effective for every 3 Charge Tokens expended (max 1.5x). The user may use their Defense as if it were the Offensive Stat for this Attack. Smite",--,Tier 3
Slack Off,Normal,Status,Scene x2,"Self, Healing, Versatile",,,The user restores 5 Ticks of Hit Points and is cured of a Mental Affliction.,The user may spent a Movement Action when using Slack Off this way to restore 2 Ticks of Hit Points.,Tier 2
Slam,Normal,Physical,At-Will,"Melee, 1 Target, Dash",3,8,"If the Dash Keyword is Activated, this has the Smite Keyword. If the user is larger than the Target, this is a Critical Hit on a roll of 17+. ",--,Tier 2
Slash,Normal,Physical,EOT,"Melee, Pass",5,8,"Slash is a Critical Hit on a roll of 18+. If Slash is used without the Pass Keyword, on a roll of 16+, the Target becomes Wounded.",--,Tier 2
Sleep Talk,Normal,Status,Scene x2,"Self, Full Action",,,"Sleep Talk may only be used if the user is Drowsy. Choose a different Attack to use as a Free Action, following Frequency as normal. The chosen Attack ignores the effects of Drowsy and isn't resisted.",--,Tier 2
Smelling Salts,Normal,Physical,Scene x2,"Melee, 1 Target",2,7,"If the Target is Paralyzed or Drowsy, Smelling Salts is automatically a Critical Hit. After Damage Calculations the Target is cured of those Afflictions.",--,Tier 2
Smokescreen,Normal,Status,EOT,"5, Ranged Blast 3, Versatile",,,"Smokescreen creates Smoke Hazards within the Range of this Attack

Smoke Hazard - Smoke Hazards break line of sight. Combatants on a Smoke Hazards are treated as Untargetable by all other Combatants that aren't in a contiguous Smoke Hazard. Combatants on a Smoke Hazard treat all Combatants that aren't in a contigous Smoke Hazard as if they were Untargetable. These Effects are ignored by Combatants with Tremorsense or Blindsense. You can still be Untargetable this way even if you were last Round.",Same as the normal effect but the Range becomes Burst 1 or Close Blast 2 and the Hazards are removed at the end of the next Round.,Tier 1
Snore,Normal,Special,At-Will,"Burst 1, Sonic, Movement Action",,8,"Snore can only be used if the user is Drowsy and is not changed to a Full Action. This cannot be used twice in a Round. Each Turn this is used in succession, you may add +1 to the Burst Range. Sureshot.",--,Tier 2
Soft-Boiled,Normal,Status,Scene,"Melee, 1 Target; or Self",,,The Target is cured of all Status Afflictions or restores 3 Ticks of Hit Points,"The Target is cured of a Status Affliction. When used this way, it doesn't expend Soft-Boiled's Frequency.",Tier 3
Solar Eclipse,Normal,Status,Scene,"Field, Weather",,,"Solar Eclipse may only be used if the Weather is Foggy, Mystical or Sunny. For the rest of the Scene while the Weather persists, once per Round, the user and allies may use a Blessing on the Field without expending an Activation. ",--,Tier 3
Solar Flare,Normal,Special,EOT,Burst 1,6,8,"If the Weather is Sunny, this Attack may be used as if it were 10, Ranged Blast 3.",--,Tier 2
Solstice Dance,Normal,Status,Scene x2,"Blessing, Versatile, Weather",,,"Blessing - Any user affected by Solstice Dance may activate it as a Free Action when using a Normal Type Damaging Attack to grant it the Smite Keyword. If the Attack hits, it hits, it is also increased by one damage step. (Max 1.5x Effectiveness). Solstice Dance may be Activated 3 times and then disappears. While this Blessing persists, the Weather becomes Sunny.","Same as the normal Effect, but it only has 1 Activation.",Tier 2
Sonic Boom,Normal,Status,Scene x2,"Close Blast 3, Sonic, Versatile",5,,All Targets of this Attack lose 3 Ticks of Hit Points. On a roll of 15+ the Target also becomes Vulnerable until the end of the Round.,All Targets become Vulnerable against the next Attack that targets them.,Tier 2
Spike Cannon,Normal,Physical,EOT,"6, 1 Target",5,4,"If Spike Cannon hits at least 4 times, the Target becomes Wounded. Five Strike",--,Tier 1
Spit Up,Normal,Special,Scene x2,"4, 1 Target ; or Close Blast 2",5,5,"The user may expend any number of Stockpile Counters upon declaration of this Attack. For each Counter Expended, increase this Attacks' Damage base by +5. (Refer: Stockpile)",--,Tier 2
Splash,Normal,Status,EOT,"Self, Movement Action",,,The user may perform a Jump Maneuver as a Free Action and cannot Trigger Attacks of Opportunity this way. The user gains +3 Evasion until the start of their next Turn.,--,Tier 1
Spotlight,Normal,Status,Scene,"3, 1 Target or Self, Versatile",,,"If the Target was an Enemy, they become Vulnerable until the end of the Round. If the Target was the user or an Ally, all Enemies within 2m of the Target become Provoked by them until the end of their next Turn. Sureshot","All Enemies within 1m of the Target become Provoked by them until the end of their next Turn. When used this way, it does not expend Spotlight's Frequency. Sureshot.",Tier 3
Starbeam,Normal,Special,At-Will,"6, 1 Target",3,6,"On a roll of 18+, the Target becomes Dazed. Smite",--,Tier 1
Stockpile,Normal,Status,At-Will  ,"Self, Versatile",,,"After this Attack's Resolution, gain +1 Stockpile Counter (Max 3), Choose two different Effects to apply from the following list (You may expend Stockpile Counters to increase any of the Effects by +1 per Counter Expended). The user gains +1 Cs in Defense. The user gains +1 CS in Special Defense. The user gains 2 Ticks of Temporary Hit Points. The user gains 2 Ticks of Hit Points. ",The user gains +1 Stockpile Counter.,Tier 2
Stomp,Normal,Physical,EOT,"Melee, 1 Target",2,7,"Stomp has the Sureshot Keyword against Targets that are smaller than the user. If they're two Size Categories smaller, it is a Critical Hit on a roll of 15+.",--,Tier 1
Strength,Normal,Physical,EOT,"Melee, 1 Target",3,8,"You may immediately initiate a Push Maneuver as a Free Action. The Maneuver automatically hits, but you must still make the Opposed Roll.  ",--,Tier 2
Stuff Cheeks,Normal,Status,Scene,Self,,,"Choose two different Effects to apply.
■ The user gains +2 CS in Defense
■ The user gains +2 CS in Special Defense
■ The user gains 3 Ticks of Temporary Hit Points",--,Tier 3
Substitute,Normal,Status,Scene,"Self, Coat",,,"The user loses 1/4 of their maximum Hit Points, which cannot be prevented in any way, then creates a Substitute Coat. A substitute coat has HP equal to the amount lost in using this Attack. While affected by a Substitute Coat, you are immune to Status Afflictions and Status Attacks. When hit by an Attack, you subtract from the Substitute coat instead. If the substitute coat runs out of HP, it is expended. Damage does not carry over to the user. This cannot be used if the user has less than 1/4 of their Full Hit Points. ",--,Tier 3
Sunburst,Normal,Status,EOT,Burst 1,,,"The user and all Targets gain +1 CS in Attack and Special Attack. If the Weather is Sunny, they gain +2 instead or are also cured of a Status Affliction.",The user and all Targets gain +1 CS in Attack and Special Attack. This Attack can only be used this way if the Weather is Sunny.,Tier 1
Sunspot,Normal,Status,EOT,"Burst 1; or 5, Ranged Blast 3",4,,"All Targets lose -2 CS in Attack and Special Attack. If the Weather is Sunny, they instead lose it in any two different Stats of your choosing.",All Targets lose -1 CS in Attack and Special Attack. This Attack can only be used this way if the Weather is Sunny.,Tier 1
Super Fang,Normal,Physical,Scene x2,"Melee, 1 Target",4,,Roll 2d3. The Target loses that many Ticks of Hit Points.,--,Tier 2
Supernova,Normal,Special,Scene,"Burst 2, Full Action, Recoil 1/2, Reckless",7,12,"If the Weather is Sunny, this Attack ignores the Recoil Keyword. Smite",--,Tier 3
Supersonic,Normal,Status,Scene x2,"4, 1 Target, Sonic, Versatile",4,,"The Target suffers a -3 Penalty to Accuracy Rolls until the end of their next Turn. When this Attack hits, the Target also becomes Dazed. Spirit Surge.","The Target becomes Dazed. When used this way, the AC becomes 6.",Tier 2
Swagger,Normal,Status,EOT,"Self, Social, Versatile",,,The user gains +2 CS in Attack or Special Attack and is cured of one Mental Affliction.,The user is cured of a Mental Affliction.,Tier 1
Swallow,Normal,Status,Scene x2,Self,,,The user restores three Ticks of Hit Points. The user may expend any number of Stockpile Counters to increase this by one Ticks per Counter expended. (Refer: Stockpile),--,Tier 2
Sweet Scent,Normal,Status,Scene x2,"Burst 1, Versatile",,,"All Targets become Entranced. Friendly, Sureshot. *Grants Alluring",All Targets become Vulnerable against the next Attack that targets them. When used this way the AC becomes 4. Friendly.,Tier 2
Swift,Normal,Special,EOT,"8, Ranged Blast 2",,5,"Friendly, Sureshot.",--,Tier 1
Swords Dance,Normal,Status,EOT,"Self, Versatile",,,The user gains +2 CS in Attack. Their next Physical Attack gains the Smite Keyword.,The user gains +1 CS in Attack.,Tier 1
Synchronoise,Normal,Special,Scene x2,"Burst 3, Full Action",6,12,"Any Target who does not share a Type with the user resists this Attack by an additional Damage Step. If they're an Ally, they are instead are not damaged.",--,Tier 3
Tackle,Normal,Physical,At-Will,"Melee, 1 Target, Dash",2,5,"When the Dash Keyword is Activated, Tackle has the Smite Keyword. Slide 3 (Away).",--,Tier 1
Tail Slap,Normal,Physical,EOT,"Melee, 1 Target ",2,7,"If the user is Flanked, this Attack has the Sureshot Keyword.",--,Tier 1
Tail Whip,Normal,Status,EOT,Burst 1,5,,"You may immediately initiate a Trip Maneuver against all Targets hit by this Attack as a Free Action. The Maneuver automatically hits, but you must still make the Opposed Roll. All Targets who become Tripped this way also lose -3 CS in Defense. Friendly.",--,Tier 1
Take Down,Normal,Physical,EOT,"Melee, 1 Target, Dash, Recoil 1/3, Reckless",2,9,"When the Dash Keyword is Activated and you're larger than the Target, both the user and the Target become Tripped after the Attack's resolution.",--,Tier 2
Tearful Look,Normal,Status,EOT,"Close Blast 2, Social",5,,"For each Target, choose Attack or Special Attack. The Target loses -2 CS in the chosen Stat. When this Attack hits, the user resists the next Damaging Attack the Target makes against them by an additional Step. Friendly, Spirit Surge.","If the Target would Attack the user during their next Turn, the user resists it by an additional Damage Step. Friendly.",Tier 1
Teatime,Normal,Status,Scene,"Burst 2, Versatile",7,,All Enemies hit by this Attack become Cursed. The user and all Allies within this Range gain two Ticks of Temporary Hit Points. Spirit Surge.,"The user and the Target gain a Tick of Temporary Hit Points or a +3 to Save Checks this Round. When used this way, its range is changed to Melee, 1 Target and it does not expend Teatime's Frequency.",Tier 3
Teeter Dance,Normal,Status,Scene x2,"Burst 1, Dance, Movement Action",6,,"All Targets become Dazed. If the user is Dazed, Teeter Dance has the Sureshot Keyword.",--,Tier 2
Terrain Pulse,Normal,Special,EOT,Close Blast 3 or Burst 1; Full Action,5,8,"When declaring Terrain Pulse, you may choose a Blessing, Field or Weather Attack that is currently affecting the Field. Terrain Pulse deals damage as if it were the Type of the chosen Attack.",--,Tier 2
Thrash,Normal,Physical,Scene x2,"Melee, All Adjacent Enemies, Full Action, Reckless",5,10,"After Damage Calculations the user becomes Enraged. If the user is already Enraged, this Attack is also treated as one step more Effective but cannot surpass 1.5x Effectiveness. Smite",--,Tier 3
Tickle,Normal,Status,EOT,"Melee, 1 Target, Versatile",4,,The Target becomes Weakened until the end of the next Round. This can only affect a target once per scene.,"Same as the normal Effects, but Tickle can only be used this way if the Target is Grappled or Trapped by the user.",Tier 1
Tidy Up,Normal,Status,Scene x2,"Burst 3, Swift Action",,,All non-Blocking Hazards within this range destroyed. You may choose to remove any Coat that is applied to the user or an Ally within this range. ,--,Tier 2
Transform,Normal,Status,Scene x2,"10, 1 Target",,,"The user Targets a Pokemon within 10 meters and assumes the form of the Target. It replaces its Attacks with the Target's, gains the Target's Abilities, and copies the Target's Weight, Height, Size, Type and Capabilities. Transform lasts until the user is switched out, KO'd or until the end of the Scene. The user may choose to end the Transformation on its turn as a Free Action, losing everything it gained and reverting. The user's Stats do not change from using Transform. Transform fails if the GM would determine the Target untransformable such as a Legendary. This Attack cannot be added to anyone's Attack List other than the User by any means. Sureshot.",--,Tier 2
Tri Attack,Normal,Special,Scene x2,"6, 1 Target or 3, 3 Targets",7,8,"If this Attack only has one Target, as a Full Action, this Attack's Type can either be Electric, Fire or Ice. Smite",--,Tier 2
Trump Card,Normal,Special,EOT,Close Blast 2,5,4,"For each Tick of Hit Point the user is missiing, the DB of this Attack is increased by +1. If the user is Surrounded, this has the Sureshot Keyword.",--,Tier 2
Uproar,Normal,Special,Scene x2,"Burst 1, Sonic",6,9,All Combatants within 5 meters of the user are cured of the Drowsy Affliction. Spirit Surge.,--,Tier 2
Vice Grip,Normal,Physical,At-Will,"Melee, 1 Target, Full Action",3,4,The Target becomes Wounded. ,--,Tier 1
Weather Ball,Normal,Special,EOT,"8, 1 Target",4,9,"If there is Weather on the Field, you may deal Damage with Weather Ball as if it was a different Type, from the options listed below.
■ Foggy - Dark or Ghost
■ Mystical - Fairy or Psychic
■ Rainy - Ice or Water
■ Snowy - Ice or Water
■ Sandstorm - Ground or Rock
■ Sunny - Fire
■ Thunderstorm - Electric
■ Windy - Flying",--,Tier 2
Work Up,Normal,Status,EOT,"Self, Versatile",,,The user gains +2 CS to a Stat of their Choice and has a +2 Modifier to Accuracy or Save Checks until the end of their turn. ,The user gains a +2 modifier to their next Accuracy or Save Check.,Tier 1
Wrap,Normal,Physical,At-Will,"Melee, 1 Target",3,4,"You may choose to mark the Target with a Wrap Mark. While an Enemy has a Wrap Mark, whenever they use a Movement Action they lose a Tick of Hit Points and whenever they would move, you must Slide into an Adjacent unoccupied space. If you would ever move into a space not Adjacent to them, they lose the Wrap Mark. You cannot apply Evasion against Attacks derrived from Enemies with your Wrap Mark.",--,Tier 1
Wring Out,Normal,Special,Scene x2,"Melee, 1 Target",3,10,This has the Sureshot Keyword against Targets that are Trapped or Grappled.,--,Tier 3
Yawn,Normal,Status,Scene x2,"2, 1 Target, Sonic, Coat, Versatile",,,The Target becomes Drowsy at the end of their next Turn. Sureshot.,"The Target gains a Dozing Coat. When a Combatant with a Dozing Coat ends their Turn, they must make a TN 5 Save Check or else they become Drowsy. When they become Drowsy this way, the Dozing Coat is expended. Sureshot.",Tier 2
Acid,Poison,Special,At-Will,Close Blast 2,5,4,"The Target loses -1 CS in Defense or Special Defense, of your choice. Spirit Surge",--,Tier 1
Acid Armor,Poison,Status,Scene x2,"Self, Coat, Versatile",,,"The user gains a Toxic Coat. While the user is affected by a Toxic Coat, whenever a Melee Attack hits them, the Attacker become Poisoned. The Toxic Coat can be expended as a Reaction to resist a Physical Attack by an additional Damage step. It also can be expended when the user hits a Special Poison Type Attack to cause all Targets to become Poisoned. ",The user gains a Toxic Coat until the start of their next Turn. It cannot be expended through listed means. ,Tier 2
Acid Breath,Poison,Special,EOT,"6, 1 Target; or Line 3",5,7,"On a Roll of 17+, all Targets become Poisoned. When calculating Weakness and Resistance for Acid Breath, Steel Typed Targets calculate damage as if Steel was weak to Poison and are hit despite normally being Immune.",--,Tier 1
Acid Rain,Poison,Status,Scene x2,"Field, Versatile",,,"The Field becomes Acidic for the next 5 Rounds. While the Field is Acidic, non Poison Type Enemies lose a Tick of Hit Points at the start of their Turn and Poison Type Pokemon gain a Tick of Temporary Hit Points at the start of their Turn.","Same as the normal Effect, but at the end of the Round, roll a Luck Check and on a 10 or less, the Field is no longer affected by this Attack.",Tier 2
Acid Spray,Poison,Special,EOT,"4, 1 Target",3,4,"The Target loses -2 CS in Defense or Special Defense, of your choice. ",--,Tier 1
Acidic Impact,Poison,Physical,Scene x2,"Melee, Dash, Recoil 1/3",3,12,"If the Dash Keyword is Activated or the Target is Poisoned, this has the Smite Keyword.",--,Tier 3
Assassinate,Poison,Physical,Scene x2,"Melee, 1 Target",3,7,"If the Target’s Hit Points are under 50% or they are Poisoned, Assassinate is automatically a Critical Hit",--,Tier 2
Baneful Bunker,Poison,Status,Scene,"Self, Shield, Trigger",,,"If the user is hit by an attack, the user may use Baneful Bunker as a Standard Action + Reaction. The user is instead not hit by the Attack. You do not take any damage nor are you affected by any of the Attack’s effects. In addition, if the triggering attack was Melee, the attacker is Poisoned. ",--,Tier 3
Barb Barrage,Poison,Physical,Scene x2,"6, 1 Target or Burst 1",6,4,"If Barb Barrage hits at least 3 times, the Target becomes Poisoned. Five Strike",--,Tier 2
Belch,Poison,Special,Scene x2,"Close Blast 2, Full Action",6,10,"If the user was affected by a Consumable Item this Scene, Belch has the Sureshot Keyword. Smite",--,Tier 3
Blighted Touch,Poison,Status,Scene x2,"Melee, 1 Target, Versatile",3,,"The Target becomes Poisoned. If the Target is already Poisoned you may instead inflict Cursed, Paralyzed or Weakened. If Weakened is chosen it lasts until the end of the Round.",The Target becomes Poisoned. ,Tier 2
Clear Smog,Poison,Special,Scene x2,Close Blast 2,5,4,"All Targets have one of their Coats removed of your choice. On a 15+, if this hits, the Target has the CS for all of their Stats set to their Default Value. Spirit Surge",--,Tier 2
Coil,Poison,Status,Scene x2,"Self, Coat, Versatile",,,"The user gains the Coiled Coat. While a Combatant has a Coiled Coat, they are Slowed and resist Physical Attacks by an additional Damage Step. The user may expend the Coiled Coat when using a Melee Attack to give it the Sureshot Keyword. Each time the user is hit by an Attack, they must make a TN 8 Save Check or else the Coiled Coat becomes expended.","The user gains the Coiled Coat and cannot expend it through a Melee Attack. At the start of your next Turn, the Coat is expended.",Tier 2
Corrosive Gas,Poison,Status,Scene x2,"Burst 2 or Close Blast 2; Coat, Versatile",4,,"All Targets gain a Corrosion Coat. If a Combatant with the Corrosion Coat would be Immune or Resist Poison Type Attacks, it is treated as Neutral Effectiveness again. Combatants with the Corrosion Coat are no longer Immune to the Poisoned Affliction if they would be. When a Combatant with a Corrosion Coat ends their Turn, they lose -2 CS in Defense.",The Target loses -2 CS in Defense or Special Defense.  ,Tier 2
Cross Poison,Poison,Physical,EOT,"Melee, Pass",5,7,Cross Poison Inflicts Wounded on a roll of 17+. If they're already Wounded they instead become Poisoned.,--,Tier 1
Dire Claw,Poison,Physical,EOT,"Melee, Pass",6,8,"Dire Claw gives the Target a Status Affliction on a roll of 17+. If this effect is triggered, roll 1d3; on a 1 the Target is Paralyzed; on a 2 the Target is Poisoned; on a 3 the Target becomes Wounded.",--,Tier 2
Gastro Acid,Poison,Status,Scene x2,4. 1 Target,,,Choose an Ability on the Target to become Disabled. (The GM reveals the options) Sureshot.,The Target has a random Ability disabled until the end of your next Turn. Sureshot.,Tier 2
Gunk Shot,Poison,Physical,Scene x2,"6, Ranged Blast 2",6,10,"On a roll of 15+, the Target becomes Poisoned. Smite",--,Tier 3
Noxious Gas,Poison,Special,EOT,Close Blast 2,5,5,All Target have a -2 Accuracy Penalty until the end of their next Turn. Spirit Surge.,--,Tier 1
Numbing Venom,Poison,Special,EOT,"6, 1 Target",4,8,"You may cure the Target of the Poisoned Affliction. If you do, they become Paralyzed.",--,Tier 2
Petal Burst,Poison,Special,Scene x2,"Burst 1, Full Action",7,10,"Petal Burst Poisons all Targets hit with this Attack. On all non-Occupied Spaces in the Range of this Attack, Spike Hazards are created. Enemies that Trigger Spike Hazards created this way become Poisoned. Poison Type Pokemon  are Immune to Spike Hazards created this way and may destroy it when Moving over a Space with this Hazard. Smite. Spirit Surge.

Spike Hazards - Spaces with Spike Hazards are treated as Slow Terrain. Any Grounded Enemy that passes through a Spike Hazard loses one Tick of Hit Points and cannot gain Hit Points or Temporary Hit Points until the end of the next Round.",--,Tier 3
Plague Breath,Poison,Special,Scene x2,"Close Blast 3, Full Action",6,7,All Targets hit by Plague Breath become Poisoned. If the Target is already Poisoned they instead lose -2 CS to all Stats with Positive CS. Smite,--,Tier 2
Poison Dart,Poison,Physical,EOT,"6, 1 Target, Priority ",3,4,--,--,Tier 1
Poison Fang,Poison,Physical,At-Will,"Melee, 1 Target, Bite",2,7,"On a roll of 17+, Roll a d2. On a 1, the Target becomes Poisoned. On a 2, the Target becomes Wounded.",--,Tier 1
Poison Gas,Poison,Status,EOT,"5, Ranged Blast 3, Hazard, Versatile",,,"Poison Gas creates Gas Hazards within the Range of this Attack. Gas Hazards created this way also Poison Enemies that are affected by them. The Poisoned Affliction cannot be cured by Combatants standing in Gas Hazards created this way.

Gas Hazards - Any Enemy who ends their Turn on or moves through a Gas Hazard loses one Tick of Hit Points and suffers any additional effects derived from the source. This Effect is ignored by Combatants  with the Breathless Capability. ",Same as the normal effect but the Range becomes Burst 1 or Close Blast 2.,Tier 1
Poison Jab,Poison,Physical,EOT,"Melee, 1 Target",3,8,"On a roll of 15+, the Target becomes Poisoned.",--,Tier 2
Poison Powder,Poison,Status,Scene x2,"6, Ranged Blast 2, Hazard, Versatile",4,,"All Targets hit by this Attack become Poisoned. Powder Hazards may then be set on the spaces in the range of this Attack until the end of the next Round. Whenever an Enemy triggers this Hazard they become Poisoned or lose a Tick of Hit Points if they're already Poisoned. 

Powder Hazard - Whenever an Enemy passes through or ends their turn on a Powder Hazard the Effect listed is applied. Users with the Breathless Capability ignore this Hazard.","When used this way, the Attack's range becomes 4, 1 Target. The Target becomes Poisoned.",Tier 2
Poison Sting,Poison,Physical,At-Will,"6, 1 Target",3,4,"On a roll of 17+, the Target becomes Poisoned.",--,Tier 1
Poison Tail,Poison,Physical,EOT,"Melee, 1 Target",3,6,"On an Even Roll, the Target becomes Poisoned. On an Odd Roll, they become Tripped.",--,Tier 1
Poisonous Wind,Poison,Special,Scene x2,"8, 1 Target",5,8,"On Even Rolls, all Targets become Poisoned. On Odd Rolls, all Targets become Paralyzed. Spirit Surge",--,Tier 2
Purify,Poison,Status,Scene x2,"Melee, 1 Target or Self; Healing",,,"The Target is cured of all their Physical Afflictions. For every Affliction removed, the user restores a Tick of Hit Points.",--,Tier 2
Shell Side Arm,Poison,Special,EOT,"6, 1 Target",4,9,"On a roll of 17+, the Target becomes Poisoned. You may use either Attack or Special Attack as the Offensive Stat for this Attack. When calculating Damage, you may choose for the Target to apply either their Defense or Special Defense against this Attack, ignoring its Category. ",--,Tier 2
Sludge,Poison,Special,EOT,"6, 1 Target",3,6,"On a roll of 16+, the Target becomes Poisoned or Slowed.",--,Tier 1
Sludge Bomb,Poison,Special,EOT,"8, 1 Target",4,9,"On a roll of 16+, the Target becomes Poisoned. Smite",--,Tier 2
Sludge Wave,Poison,Special,Scene x2,"Burst 1 or Close Blast 2, Full Action",6,10,"On a roll of 18+, all Targets become Poisoned or Slowed. Smite",--,Tier 3
Smog,Poison,Special,EOT,"Close Blast 2, Hazard",5,4,"Smog may create Smoke Hazards within the Range of this Attack. If a Combatant begins or ends their turn in a Smoke Hazard created this way they become Poisoned. Spirit Surge

Smoke Hazard - Smoke Hazards break line of sight. Combatants on a Smoke Hazards are treated as Untargetable by all other Combatants that aren't in a contiguous Smoke Hazard. Combatants on a Smoke Hazard treat all Combatants that aren't in a contigous Smoke Hazard as if they were Untargetable. These Effects are ignored by Combatants with Tremorsense or Blindsense. You can still be Untargetable this way even if you were last Round.",--,Tier 1
Smog Cloud,Poison,Status,Scene x2,"5, Ranged Blast 3, Hazard",,,"Smog Cloud creates Smoke Hazards within the Range of this Attack. If a Combatant begins or ends their turn in a Smoke Hazard created this way they become Poisoned. 

Smoke Hazard - Smoke Hazards break line of sight. Combatants on a Smoke Hazards are treated as Untargetable by all other Combatants that aren't in a contiguous Smoke Hazard. Combatants on a Smoke Hazard treat all Combatants that aren't in a contigous Smoke Hazard as if they were Untargetable. These Effects are ignored by Combatants with Tremorsense or Blindsense. You can still be Untargetable this way even if you were last Round.",Same as the normal Effects but all Hazards created this way are removed at the end of the next Round.,Tier 2
Sulfur Plume,Poison,Special,EOT,Burst 1 ,6,8,"On a roll of 16+, all Targets become Poisoned. This Attack may also be used as a Full Action to treat its Range as Burst 2.",--,Tier 2
Toxic,Poison,Status,Scene x2,"4, 1 Target, Versatile",,,The Target becomes Poisoned and it cannot be cured during their next Turn. Sureshot.,"Same as the normal Effects, but the AC becomes 5 and ignores the Sureshot Keyword. ",Tier 2
Toxic Mist,Poison,Status,Scene x2,"Blessing, Versatile",,,"Blessing - Any user affected by Toxic Mist may activate it as a Free Action when using a Poison Type Damaging Attack to grant it the Smite Keyword. If the Attack hits, it is also increased by one damage step. (Max 1.5x Effectiveness). Toxic Mist may be Activated 3 times and then disappears. ","Same as the normal Effect, but it only has 1 Activation.",Tier 2
Toxic Spikes,Poison,Status,EOT,"6, Hazard, Swift Action",,,"Choose 8 Spaces within the Range of this Attack to create Spike Hazards in, such that all 8 Spaces are Adjacent to at least one other Spike Hazard. Enemies that Trigger Spike Hazards created this way also become Poisoned. Poison Type Pokemon are Immune to Spike Hazards created this way and may destroy it when Moving over a Space with this Hazard.

Spike Hazards - Spaces with Spike Hazards are treated as Slow Terrain. Any Grounded Enemy that passes through a Spike Hazard loses one Tick of Hit Points and cannot gain Hit Points or Temporary Hit Points until the end of the next Round.",--,Tier 1
Toxic Threads,Poison,Status,Scene x2,"6, 1 Target, Versatile",4,,The Target becomes Slowed and Poisoned. *Grants Threaded,The Target becomes Slowed or Poisoned. ,Tier 2
Toxin Drain,Poison,Status,Scene x2,"Self, Versatile",,,"The user restores 5 Ticks of Hit Points. Additionally, the user may remove the Poisoned Affliction from any Combatant(s) within 3m of them. If they do, they gain two Ticks of Temporary Hit Points per Combatant cured this way.","The Target is cured of the Poisoned Affliction. When used this way, its Range is changed to Melee, 1 Target.",Tier 2
Toxin Rain,Poison,Status,Scene x2,"6, Ranged Blast 3, Versatile",5,,"On a hit, all Targets become Poisoned. After this Attack resolves, create a Zone within the range of this Attack. Whenever a Combatant ends their Turn in this Zone, they become Poisoned. This Zone lasts until you Faint. ",All Targets become Poisoned.  ,Tier 2
Toxin Splash,Poison,Special,At-Will,"6, 1 Target",3,4,"On a roll of 17+, the Target becomes Poisoned.",--,Tier 1
Venom Claw,Poison,Physical,Scene x2,"Melee, 1 Target",4,6,"On an Even Roll, the Target becomes Poisoned. On an Odd Roll, they become Wounded.",--,Tier 2
Venom Drench,Poison,Status,EOT,"Close Blast 2, Versatile",,,"All Targets lose -2 CS in a Stat of your Choice. If they're Poisoned, they instead lose -2 CS in two stats of your choice and become Vulnerable until the end of the Round. Sureshot.","All Targets become Poisoned. When used this way, the AC becomes 4.",Tier 1
Venoshock,Poison,Special,Scene x2,"6, 1 Target",3,8,"If a Target hit by this Attack is Poisoned, you may cure them of the Affliction. If they are cured this way, they lose three Ticks of Hit Points.",--,Tier 2
Agility,Psychic,Status,EOT,"Self, Versatile",,,The user gains +2 CS in Speed. Their next Dash Attack gains the Smite Keyword.,The user gains +1 CS in Speed or they may perform their next Damaging Attack as if it had the Priority Keyword.,Tier 1
Ally Switch,Psychic,Status,Scene x2,"3, 1 Target, Trigger",,,"Ally Switch may be declared when an Enemy hits an Attack as a Standard Action + Reaction. The user chooses one willing ally within 3 meters; the Target and the user switch places. If the ally was a Target of an Attack, the user is now the Target; If the user was a Target of an Attack, the ally is now the Target. ",--,Tier 2
Amnesia,Psychic,Status,EOT,"Self, Versatile",,,The user gains +2 CS in Special Defense and is cured of a Mental Affliction,The user gains +1 CS in Special Defense.,Tier 1
Barrier,Psychic,Status,Scene x2,"6, Trigger, Versatile",,,"Choose 6 Unoccupied Spaces within the Range of this Attack to create Blocking Terrain in, such that all 6 Spaces are Adjacent to at least one other Blocking Terrain. Blocking Terrain created this way is [Breakable - Fragile]. Barrier may also be used as a Standard Action + Reaction when an Enemy uses a Ranged 1-Target or Line Attack, in which you must place the Terrain in a way to block the Line of Sight for that Attack.",Same as the normal Effects but you may only choose 2 Unoccupied Spaces and this can't be used as a Standard Action+Reaction.,Tier 2
Calm Mind,Psychic,Status,EOT,"Self, Versatile",,,Choose two different Effects to apply to the user: The user gains +2 CS in Special Attack. The user gains +2 CS in Special Defense. The user is cured of a Mental Affliction,The user gains +3 to their next Save Check this Round.,Tier 1
Cognition Strike,Psychic,Physical,EOT,"6, 1 Target",5,5,Double Strike.,--,Tier 1
Confusion,Psychic,Special,At-Will,"6, 1 Target",3,5,"On a roll of 19+, the Target becomes Dazed. If the Target has a Mental Affliction this has the Sureshot Keyword.",--,Tier 1
Cosmic Power,Psychic,Status,EOT,"Self, Versatile",,,"The user gains +2 CS to a Stat of their choice. If the user is in Space Terrain or Mystical Weather, they may instead choose two different Stats to gain +2 CS in.",The user gains +1 CS to a Stat of their Choice. Cosmic Power may only be used this way if the user is in Space Terrain or the Weather is Mystical.,Tier 1
Dream Eater,Psychic,Special,Scene x2,"3, 1 Target",,10,"Dream Eater can only Target a Combatant that is Drowsy.  Drain, Sureshot.",--,Tier 3
Dream Illusion,Psychic,Status,Scene x2,"4, 1 Target",,,Dream Illusion may only Target a Drowsy Combatant. Choose an Attack from the Target’s Attack List. The Target Pokemon then immediately uses that Attack on Target(s) of your choosing without expending frequency or their Actions. Sureshot.,--,Tier 2
Eerie Spell,Psychic,Special,EOT,"6, 1 Target",4,8,"If the Target has a Mental Affliction other than Disabled, they have a random Attack Disabled.",--,Tier 2
Esper Wing,Psychic,Special,EOT,"Melee, Pass",5,7,The Critical Hit Range for this Attack is extended for each Positive CS in the user’s Special Attack and Special Defense Stat.,--,Tier 1
Expanding Force,Psychic,Special,Scene x2,"Burst 1, Full Action, Groundsource ",5,8,"If the Field is affected by an Psychic Attack or the Weather is Mystical, Expanding Force may increase its Burst Range by up to +2. Smite",--,Tier 2
Extrasensory,Psychic,Special,EOT,"3, 1 Target",,8,Sureshot.,--,Tier 2
Force Dash,Psychic,Physical,EOT,"Melee, 1 Target, Dash",2,6,"On a roll of 17+, the Target becomes Dazed. If the Dash Keyword is Activated, Force Dash has the Pass Keyword.",--,Tier 1
Force Punch,Psychic,Physical,At-Will,"Melee, 1 Target, Punch",3,8,"On a roll of 17+, the Target becomes Dazed.",--,Tier 2
Future Sight,Psychic,Special,Scene x2,"10, 1 Target, Priority",,12,"Future Sight must be declared as a Priority Action at the start of a Round, choosing the Target but not resolving the Attack. At the end of the Round, the Attack is resolved, even if the user is Fainted. If the Target would faint between then, this Attack does not resolve. Sureshot ",--,Tier 3
Gravity,Psychic,Status,Scene x2,"Burst 3, Versatile",5,,"All Targets become Slowed. While Slowed this way, they cannot use the Flier Capability and Ground Type Immunity as a result of the Flying Type is ignored, being treated as Neutral Effectiveness instead. Friendly.","When used this way, choose an unoccupied space within 5m and a Combatant within 3m of the chosen space. The chosen Combatant Slides into the chosen space. If the Attack hits, they're also Slowed. Spirit Surge",Tier 2
Guard Split,Psychic,Status,Scene x2,"3, 1 Target",,,The Target's Defense and Special Defense CS are set to half their current CS Value (Rounded Down). Sureshot,--,Tier 2
Guard Swap,Psychic,Status,Scene x2,"5, 1 Target, Swift Action",,,"The user and the Target trade CS values for the Defense Stat, and then for the Special Defense Stat. Sureshot.",--,Tier 2
Heal Block,Psychic,Status,EOT,"6, 1 Target, Versatile",4,,The Target gains a Heal Mark. Combatants with a Heal Mark cannot restore Hit Points or Temporary Hit Points from any source.,"Same as the normal Effects, but the Target is cured of the Marked Condition at the end of the next Round.",Tier 1
Heal Pulse,Psychic,Status,Scene x2,"6m, 1 Target, Aura, Healing, Versatile",,,"The Target restores 5 Ticks of Hit Points. If the Weather is Mystical, this may also be used as if it were Burst 1.","The Target restores a Tick of Hit Points. When used this way, it doesn't expend the Frequency of Heal Pulse.",Tier 2
Heart Stamp,Psychic,Physical,EOT,"Melee, 1 Target",2,6,"On a roll of 17+, the Target becomes Entranced. If the Target is Entranced, this has the Sureshot Keyword.",--,Tier 1
Hypnosis,Psychic,Status,Scene x2,"4, 1 Target, Versatile",5,,"On a Hit, the Target becomes Drowsy. If the Target is Adjacent to the user, instead of an Accuracy Check you may perform an opposed Focus Check and if you succeed, they're hit by this Attack.","The Target becomes Drowsy. When used this way, the AC becomes 8. ",Tier 2
Imprison,Psychic,Status,Scene x2,"3, 1 Target, Versatile",,,The Target becomes Trapped and Suppressed. Sureshot.,The Target becomes Trapped. Sureshot.,Tier 2
Instruct,Psychic,Status,Scene x2,"Melee, 1 Target, Full Action",,,"The Target immediately reuses the attack it performed last, ignoring frequency, as a Reaction. They may choose new Targets for the Attack. Instruct may not be used if the Target's last Attack was a Set-Up Attack, a Trigger Attack, or Instruct.",--,Tier 2
Kinesis,Psychic,Status,Scene x2,"3, 1 Target, Trigger",,,Kinesis can only be used as a Swift Action + Reaction if the user or an Ally within 3m is about to be hit by a 1-Target Ranged Attack. The Triggering Attack receives an Accuracy Penalty equal to double your Tier Level. This may cause the Attack to miss instead. Sureshot.,--,Tier 2
Light Screen,Psychic,Status,Scene x2,"Blessing, Versatile",,,"Blessing – Any user affected by Light Screen may activate it as a Free Action when receiving Special Damage to resist the Damage one step. Light Screen may be Activated 2 times, and then disappears.","Same as the normal Effect, but it only has 1 Activation.",Tier 2
Lumina Crash,Psychic,Special,EOT,Close Blast 2,6,8,"Lower the Targets’ Special Defense by -2 CS. On a hit and roll of 18+, Targets become Blinded until the end of their next Turn. Spirit Surge",--,Tier 2
Magic Coat,Psychic,Status,Scene x2,"Melee, 1 Target or Self; Coat",,,The Target gains a Magic Coat. Status Attacks that target Combatants with a Magic Coat suffer a -6 Penalty to Accuracy. The Magic Coat can be expended as a Reaction when hit with a Special Attack to reduce it by one damage step.,--,Tier 2
Magic Powder,Psychic,Status,Scene x2,"6, Ranged Blast 2, Hazard, Versatile",4,,"All Targets hit by this Attack become have a -2 Penalty to their next Save Check.Powder Hazards may then be set on the spaces in the range of this Attack until the end of the next Round. Whenever an Enemy triggers this Hazard they get a -2 Penalty to their next Save Check. 

Powder Hazard - Whenever an Enemy passes through or ends their turn on a Powder Hazard the Effect listed is applied. Users with the Breathless Capability ignore this Hazard.","When used this way, the Attack's range becomes 4, 1 Target. The Target gains a -2 Penalty to their next Save Check.",Tier 2
Magic Room,Psychic,Status,Scene,"Field, Versatile",,,"The area becomes Magical until you Faint. While Magical, all Save Checks suffer a -2 Modifier and whenever a Mental Affliction is gained it cannot be cured by the afflicted combatant's next Save Check.","Same as the normal Effect, but at the end of the Round, roll a Luck Check and on a 10 or less, the Field is no longer affected by this Attack.",Tier 3
Meditate,Psychic,Status,Scene x2,"Self, Full Action, Healing; or Self, Movement Action, Healing",,,The user is cured of all Mental Afflictions if used as a Full Action. If used as a Movement Action the user is cured of a single Mental Affliction.,--,Tier 2
Mental Boost,Psychic,Status,Scene x2,"Self, Full Action",,,The user gains +3 CS in Special Attack or Special Defense. This cannot be used if the user has a Mental Affliction,--,Tier 2
Migraine,Psychic,Special,Scene,"6, 1 Target",5,10,"On a roll of 15+, the Target becomes Dazed. If the Target has a Mental Affliction, this Effect Range automatically Triggers. Spirit Surge.",--,Tier 3
Mind Crush,Psychic,Physical,Scene x2,"10, 1 Target",5,8,"For every Mental Affliction the Target has, add +4 to Mind Crush's Damage Base (Max DB 20)",--,Tier 2
Mind Flay,Psychic,Physical,Scene x2,"8, 1 Target",5,12,Mind Flay is a Critical Hit on a roll of 18+. This is extended by +2 if the Target has a Mental Affliction. Smite,--,Tier 3
Miracle Eye,Psychic,Status,Scene x2,"Self, Movement Action",,,"Until the end of the user's Turn, they ignore Special Evasion and whenever they use a Psychic Attack against a Dark Type Pokemon, it is treated as Neutral Effectiveness instead of Immune.",--,Tier 2
Mirror Coat,Psychic,Status,Scene x2,"6, 1 Target, Trigger",,,"Mirror Coat can only be used as a Standard Action + Reaction whenever you’re hit with a Damaging Special Attack from an Enemy in Range. After the Triggering Attack is resolved, if the user isn’t Fainted, perform this Attack against the Triggering Enemy. The Damage Base is equal to the Triggering Attack’s DB plus double your Tier Level. Sureshot",--,Tier 2
Mystical Overload,Psychic,Special,Scene,"Burst 1, Recoil 1/2, Set-Up",5,6,"Charge Effect: If the user is below 50% Hit Points or has a Mental Affliction, they gain an additional Charge Token
Resolution Effect: For each Charge Token Expended, add +1 to the Burst Range or +2 to the DB. Smite",--,Tier 2
Power Link,Psychic,Status,EOT,"2, 1 Target",,,Power Link can only be used as a Reaction whenever an Ally within 2m hits a Damaging Attack. You may choose to either apply your corresponding Offensive Stat towards the Damage Calculations of that Attack instead of its user or grant it a Damage Bonus equal to your Tier Value. ,--,Tier 1
Power Split,Psychic,Status,Scene x2,"3, 1 Target",,,The Target's Attack and Special Attack CS are set to half their current CS Value (Rounded Down). Sureshot,--,Tier 2
Power Swap,Psychic,Status,Scene x2,"5, 1 Target, Swift Action",,,"The user and the Target trade CS values for the Attack Stat, and then for the Special Attack Stat. Sureshot.",--,Tier 2
Power Trick,Psychic,Status,Scene x2,"Self, Swift Action",,,"The user's Attack stat and Defense stat or Special Attack and Special Defense are switched for the remainder of the encounter, or until the user is switched out or Fainted.",--,Tier 2
Psionic Boost,Psychic,Status,EOT,"Self, Versatile",,,"The user gains a Psionic Coat. The user may expend a Psionic Coat when successfully hitting an Psychic Damaging Attack to add its Damage Dice an extra time to the Damage Roll. This applies after any other Damage Base Modifiers such as a Critical Hit. 
Note: If the Damage Base would have the Attack be 2d6+8, this expended Coat turns it into 4d6+16. ",The user's next Psychic Type Damaging Attack adds +2 to its Damage Base and has the Smite Keyword.,Tier 2
Psionic Bash,Psychic,Physical,EOT,"Melee, 1 Target, Dash",3,9,"Psionic Bash may use either Attack or Special Attack as the Offensive Stat. If the Dash Keyword is Activated, this may also choose to use the higher of the the user's Defense or Special Defense as if it were the Offensive Stat. ",--,Tier 2
Psionic Surge,Psychic,Status,Scene x2,"Blessing, Versatile, Weather",,,"Blessing - Any user affected by Psionic Surge may activate it as a Free Action when using a Psychic Type Damaging Attack to grant it the Smite Keyword. If the Attack hits, it hits, it is also increased by one damage step. (Max 1.5x Effectiveness). Psionic Surge may be Activated 3 times and then disappears. While this Blessing persists, the Weather becomes Mystical.","Same as the normal Effect, but it only has 1 Activation.",Tier 2
Psybeam,Psychic,Special,At-Will,"6, 1 Target",3,7,"On a roll of 18+, the Target becomes Dazed. Smite",--,Tier 1
Psy Bolt,Psychic,Physical,At-Will,"6, 1 Target",3,4,"On a roll of 18+, the Target becomes Dazed. Smite",--,Tier 1
Psychic,Psychic,Special,EOT,"5, 1 Target",4,9,"On a roll of 15+, the Target loses -2 CS in Special Defense. Slide 2. Spirit Surge. *Grants Telekinetic. ",--,Tier 2
Psychic Fangs,Psychic,Physical,EOT,"Melee, 1 Target, Bite",3,9,The Target cannot activate any Reactions or Blessings against this Attack.,--,Tier 2
Psychic Noise,Psychic,Special,EOT,"5, 1 Target or Close Blast 2; Sonic",5,7,"Until the end of their next Turn, Targets hit by this Attack cannot gain Combat Stages.",,Tier 1
Psychic Storm,Psychic,Status,Scene x2,"Field, Versatile, Weather",,,"The Field becomes Psionic for the next 5 Rounds. While the Field is Psionic, non Psychic Type Enemies lose a Tick of Hit Points at the start of their Turn and Psychic Type Pokemon gain a Tick of Temporary Hit Points at the start of their Turn. While the Field is Psionic, the Weather becomes Mystical.","Same as the normal Effect, but at the end of the Round, roll a Luck Check and on a 10 or less, the Field is no longer affected by this Attack.",Tier 2
Psychic Terrain,Psychic,Status,Scene x2,"Field, Versatile, Weather",,,"The field becomes Weird for the next 5 Rounds. While the field is Weird, Priority Attacks and Reaction Attacks cannot be Triggered, and Psychic Type attacks ignore Speed Evasion. While the Field is Weird, the Weather may become Mystical.","Same as the normal Effect, but at the end of the Round, roll a Luck Check and on a 10 or less, the Field is no longer affected by this Attack.",Tier 2
Psycho Boost,Psychic,Special,Scene,"8, Ranged Blast 3, Full Action, Reckless",6,13,"After Damage Calculations, lower the Offensive Stat used for this Attack by -2 CS. Smite",--,Tier 3
Psycho Cut,Psychic,Physical,EOT,"6, 1 Target",3,7,Psycho Cut is a Critical Hit on a roll of 18+.,--,Tier 1
Psycho Shift,Psychic,Status,Scene x2,"6, 1 Target, Healing",,,The user is cured of a Status Affliction and the Target is given that Status Affliction. Psycho Shift can only be used if the Target does not have the bestowed Affliction and is not Immune to it. Sureshot.,--,Tier 2
Psycho Slash,Psychic,Physical,Scene x2,"Melee, Pass, Dash",6,11,"Psycho Slash is a Critical Hit on a roll of 18+. If the Dash Keyword is Activated, this has the Sureshot Keyword.",--,Tier 3
Psyshock,Psychic,Special,At-Will,"4, 1 Target",4,8,"During Damage Calculations, Targets hit by this Attack use their Defense instead of Special Defense when subtracting from the Damage Roll. ",--,Tier 2
Psywave,Psychic,Special,EOT,Close Blast 2 or Burst 1,5,,X is equal to 3 + double your Tier Level. Slide 1 (Away),--,Tier 3
Reflect,Psychic,Status,Scene x2,"Blessing, Versatile",,,"Blessing – Any user affected by Reflect may activate it as a Free Action when receiving Physical Damage to resist the Damage one step. Reflect may be Activated 2 times, and then disappears.","Same as the normal Effect, but it only has 1 Activation.",Tier 2
Rest,Psychic,Status,Scene x2,"Self, Healing",,,"The user becomes Drowsy and is cured of all of their other Afflictions. When the Drowsy Affliction is cured, the user restores 5 Ticks of Hit Points. If the user was Drowsy for at least two of their Turns, they instead are reset to Full HP. This cannot be used if the user is Immune to the Drowsy Affliction. ",--,Tier 2
Role Play,Psychic,Status,Scene,"Melee, 1 Target, Swift Action",,,"The user loses one of their Abilities, then gains one Ability that the Target knows. Both Abilities are chosen at Random and revert when the user is recalled or faints. Boss Abilities or Innate Abilities cannot be gained or lost this way, nor can this be used if the user does not have a legal Ability to lose. Sureshot.",--,Tier 3
Skill Swap,Psychic,Status,Scene x2,"Melee, 1 Target, Swift Action",5,,"When this Attack hits, choose one of your Abilities to lose, then the controller of the Target chooses an Ability for them to lose. Both Targets gain Ability that the other lost for the remainder of the Scene. Boss Abilities cannot be chosen via Skill Swap.",--,Tier 2
Speed Swap,Psychic,Status,Scene x2,"Melee, 1 Target, Swift Action",,,The user and the Target trade Speed CS Values. Sureshot,--,Tier 2
Stored Power,Psychic,Special,Scene x2,"10, 1 Target, Set-Up",3,4,"Charge Effect: You may lose any number of Positive CS to gain one more Charge Token per 2 CS lost this way. 
Resolution Effect: For each Charge Token expended, increase the DB of this Attack by +2 and the Crit Range by +1. Smite",--,Tier 2
Telekinesis,Psychic,Status,Scene x2,"4, 1 Target, Versatile",3,,"The AC of this Attack is increased by 3 if the Target is Weight Class 5+. The Target gains a Lifted Mark. While Lifted, they are Vulnerable and cannot move through their own Actions. As a Movement Action, Lifted Combatants can perform a Focus Check opposed by your Focus and if they win, they have the Lifted Mark removed. Each time they would fail this Check, they gain +2d6 to their next Focus Check to cure this (+2d6 then +4d6...)
*Grants Telekinetic","When used this way, it does not expend the Frequency of Telekinesis. If this Targets an Enemy with your Lifted Mark, you may have them Slide up to 4m instead. Slide 2. Sureshot.",Tier 2
Teleport,Psychic,Status,Scene x2,"Self, Shield, Trigger",,,"If the user is hit by a non Adjacent Attack, the user may use Teleport as a Standard Action + Reaction. The Triggering Attack misses the user. After this resolves, the user must Teleport to any unoccupied space within 3m. *Grants Teleporter",--,Tier 2
Trick,Psychic,Status,Scene x2,"5, 1 Target, Versatile",,,"You may perform a Disarm, Distract, Hinder, Push or Trip Maneuver against the Target, ignoring Range, as a Free Action. The Maneuver Automatically hits and you automatically pass the Opposed Check. This cannot Target the same Enemy more than once per Scene. Sureshot.",Same as the normal Effects but you don't automatically pass the Opposed Check and must perform as normal. Sureshot,Tier 2
Trick Room,Psychic,Status,Scene,"Field, Versatile",,,"For the next 3 Rounds, whenever a Combatant would gain a positive Modifier or increase CS, it becomes a Penalty instead or they lose the same amount of CS instead. If they would lose CS or gain a Penalty, it becomes a bonus instead or they gain the same amount of CS instead. ","Same as the normal Effect, but at the end of the Round, roll a Luck Check and on a 10 or less, the Field is no longer affected by this Attack.",Tier 3
Twin Beam,Psychic,Special,EOT,"6, 2 Targets; or 6, 1 Target",6,5,"Twin Beam may deal Normal Type Damage if the user wishes. If Twin Beam has 1 Target, it has the Double Strike Keyword.",--,Tier 1
Wonder Room,Psychic,Status,Scene,"Field, Versatile",,,"for the next 5 Rounds, the area is considered Wondered. While Wondered, when a combatant deals damage with an attack they may choose if that damage is Physical or Special.","Same as the normal Effect, but at the end of the Round, roll a Luck Check and on a 10 or less, the Field is no longer affected by this Attack.",Tier 3
Zen Headbutt,Psychic,Physical,EOT,"Melee, 1 Target, Dash",3,8,"If the Dash Keyword is Activated, you may choose which Stat the Target applies towards calculating Damage for this Attack, between Defense or Special Defense.",--,Tier 2
Accelerock,Rock,Physical,At-Will,"Melee, 1 Target, Priority ",2,4,--,--,Tier 1
Ancient Power,Rock,Special,EOT,"6, 1 Target",3,6,"This Attack has a +1 bonus to Accuracy for each Stat the user has Positive CS in. If the user has 3+ CS in any Stat, this may be used as if its Range were 6, Ranged Blast 2, instead.",--,Tier 1
Ancient Strike,Rock,Physical,EOT,"Melee, Dash, Recoil 1/3",3,9,"On a roll of 19+, the user gains +1 CS in all Stats. When the Dash Keyword is Activated, this Effect Range is increased by +3. Smite",--,Tier 2
Crystal Cyclone,Rock,Special,Scene x2,"8, Ranged Blast 3, Full Action",6,10,"After this Attack resolves, create a Zone within the Range of this Attack. Enemies are Vulnerable against Rock Type Attacks while they’re within this Zone. Unless the Weather is Sandstorm, the Zone lasts until you use a Reaction, use an Attack or Faint. Spirit Surge",--,Tier 3
Crystal Daggers,Rock,Special,EOT,"6, 1 Target; or 6, 2 Targets",6,5,"If this Attack only has one Target, it has the Double Strike Keyword. ",--,Tier 1
Crystal Prison,Rock,Special,Scene x2,"3, 1 Target",4,10,The Target becomes Trapped. You may destroy two Stealth Rock Hazards within 5m of the Target to make this Attack gain the Spirit Surge Keyword. Smite,--,Tier 3
Crystal Rupture,Rock,Special,EOT,"Burst 1, Groundsource",5,6,"If the Target is on a Hazard or Rough Terrain, Crystal Rupture has the Sureshot Keyword.",--,Tier 1
Crystalize,Rock,Status,EOT,"Self or Melee, 1 Target; Versatile",,,The Target gains +2 CS in Defense. The Target also gains DR equal to your Tick Value until the end of your next Turn.,The Target gains DR equal to your Tick Value until the end of your next Turn.,Tier 1
Diamond Dust,Rock,Status,Scene x2,"Blessing, Versatile, Weather",,,"Blessing - Any user affected by Diamond Dust may activate it as a Free Action when using a Rock Type Damaging Attack to grant it the Smite Keyword. If the Attack hits, it hits, it is also increased by one damage step. (Max 1.5x Effectiveness). Diamond Dust may be Activated 3 times and then disappears. While this Blessing persists, the Weather becomes Sandstorm.","Same as the normal Effect, but it only has 1 Activation.",Tier 2
Fossilize,Rock,Status,Scene x2,"Melee, 1 Target, Versatile, Coat",,,"The Target gains a Fossilized Coat. While affected by a Fossilzed Coat, the affected Ally may use the user's Defense Stat when calculating Damage or Evasion against Physical Attacks. As a Reaction, you may reduce the damage effectiveness of a Physical Attack by one step, then after the Attack resolves, the Fossilized Coat is expended. ",Same as the normal Effects but it cannot be expended by its listed methods and the Coat is expended after resolving a Physical Attack the Target is hit by.,Tier 2
Geode Beam,Rock,Special,EOT,"6, 1 Target",4,9,"On a roll of 18+, the Target becomes Wounded. Smite",--,Tier 2
Gleaming Ore,Rock,Special,EOT,Close Blast 2,6,8,"If the Weather is Sandstorm or on a Miss, the Target has a -2 Penalty to Accuracy until the end of their next Turn. Spirit Surge",--,Tier 2
Head Smash,Rock,Physical,Scene,"Melee, 1 Target, Full Action, Dash, Recoil 1/3",5,15,"If the Dash Keyword is Activated, the Target cannot apply Physical Evasion against this Attack. Slide 3 (Away).",--,Tier 3
Meteor Beam,Rock,Special,Scene,"8, Ranged Blast X, Set-Up",5,10,"Charge Effect: If the Weather is Rainy, you cannot use this Charge Effect. If the Weather is Sandstorm, you instead gain 2 Charge Tokens. 
Resolution Effect: X is equal to 1 plus the number of Charge Tokens you expend. Smite",--,Tier 3
Meteor Shower,Rock,Special,Scene x2,"8, Ranged Blast 3, Full Action",6,10,"After the Attack's Resolution, you may create a 3x3 Zone in the Range of the Attack. At the end of each subsequent Round, you must use Meteor Shower against all Combatants in this Zone as a Free Action, but they resist it an additional damage step. You may remove the Zone as a Swift Action. Spirit Surge. Smite",--,Tier 3
Power Gem,Rock,Special,At-Will,"6, 1 Target",4,8,"If the Weather is Sandstorm, this ignores Special Evasion.",--,Tier 2
Rock Blast,Rock,Physical,EOT,"6, 1 Target",5,4,"If Rock Blast hits at least 4 times, the Target becomes Wounded. Five Strike",--,Tier 1
Rock Polish,Rock,Status,EOT,"Self, Versatile",,,Choose two different Effects to apply to the user: The user gains +2 CS in Defense. The user gains +2 CS in Speed. The user is cured of a Physical Affliction.,"If the user has a Physical Status Affliction, they gain +3 to their next Save Check.",Tier 1
Rock Slide,Rock,Physical,Scene x2,"6, Ranged Blast 3, Full Action",6,8,"If the user is in Mountain or Cave Terrain, Rock Slide has the Sureshot Keyword. Smite",--,Tier 2
Rock Throw,Rock,Physical,At-Will,"6, 1 Target",3,5,Smite,--,Tier 1
Rock Tomb,Rock,Physical,EOT,"6, 1 Target",3,7,The user may choose up to 3 unoccupied spaces adjacent to the Target to create [Breakable - Fragile] Blocking Terrain in. Spirit Surge,--,Tier 1
Rock Wrecker,Rock,Physical,Scene,"4, 1 Target, Full Action",5,15,"Rock Wrecker cannot be resisted outside of the Smite Keyword. If the Target is Small, this has the Sureshot Keyword. Unstoppable. Smite",--,Tier 3
Rollout,Rock,Physical,At-Will,"Melee, Pass, Dash",5,5,"The user gains 2 Rolled Counters. The user has a bonus to Damage Base for their Dash Attacks equal to their Rolled Counters. While they have Rolled Counters, they do not trigger Attacks of Opportunity when moving. The user loses all Rolled Counters if they miss a Dash Attack. Spirit Surge.",--,Tier 2
Sandstorm,Rock,Status,Scene x2,"Field, Versatile, Weather",,,"The Field becomes Sandstorming for the next 5 Rounds. While the Field is Sandstorming, non Ground or Rock Type Enemies lose a Tick of Hit Points at the start of their Turn and Ground and Rock Type Pokemon gain a Tick of Temporary Hit Points at the start of their Turn. While the Field is Sandstorming, the Weather becomes Sandstorm.","Same as the normal Effect, but at the end of the Round, roll a Luck Check and on a 10 or less, the Field is no longer affected by this Attack.",Tier 2
Salt Cure,Rock,Physical,Scene x2,"3, 1 Target",3,7,"On a roll of 17+, the Target becomes Wounded. If the Target is Steel or Water Type, this Effect Range automatically triggers.",--,Tier 2
Smack Down,Rock,Physical,Scene x2,"8, 1 Target",3,7,"The Target loses the Flier Capability until the end of the Scene and is no longer Immune to Ground Type Attacks if applicable (Becoming Neutral Effectiveness). These Effects can be removed by the Target if they use both a Swift and Movement Action. On a roll of 16+, the Target becomes Tripped. Spirit Surge",--,Tier 2
Stealth Rock,Rock,Status,Scene x2,"6, Hazard, Swift Action",,,"Choose 6 Spaces within the Range of this Attack to create Stealth Rock Hazards in, such that all 6 Spaces are Adjacent to at least one other Stealth Rock Hazard.

Stealth Rock Hazard - Spaces with Stealth Rock Hazards are treated as Rough Terrain. Any Enemy that would move through a space this Hazard occupies or is adjacent to loses a Tick of Hit Points, then this Hazard is destroyed. If the Triggering Enemy would be Weak to Rock Type Attacks, they lose Two Ticks.",--,Tier 2
Stone Axe,Rock,Physical,Scene x2,Line 4 ,6,8,"On an Even Roll, all Targets become Vulnerable until the end of the next Round. On an Odd Roll, all Targets become Wounded. Smite",--,Tier 2
Stone Edge,Rock,Physical,EOT,"8, 1 Target ",4,10,Stone Edge is a Critical Hit on a roll of 17+. Smite,--,Tier 3
Stone Pillar,Rock,Physical,Scene x2,"4, Ranged Blast 2, Groundsource",6,9,"After this Attack resolves, as a Swift Action, the user may create a [Fragile - Breakable] Blocking Terrain any number of spaces within this Range. Slide 2, Smite. Spirit Surge. *Grants Groundshaper",--,Tier 2
Stygian Stone,Rock,Special,At-Will,"4, 1 Target",3,4,"On a roll of 18+, the Target becomes Wounded. Smite",--,Tier 1
Subterranean Strike,Rock,Physical,EOT,"3, 2 Targets, Full Action, Groundsource ",6,8,"When using this Attack, you may use a Movement Action to treat this as having the Sureshot Keyword. *Grants Burrower",--,Tier 2
Tar Blast,Rock,Special,Scene,"8, 1 Target or Close Blast 2",6,10,All Targets gain a Tar Coat. A Tar Coat is automatically expended upon being hit with a Fire Type attack in order to increase it by one damage step. (Max 1.5x Effectiveness) Spirit Surge.,--,Tier 3
Tar Shot,Rock,Status,Scene x2,"Close Blast 3, Versatile",5,,"All Targets gain a Tar Coat. While a Combatant has a Tar Coat, they are Slowed. A Tar Coat is automatically expended upon being hit with a Fire Type attack in order to increase it by one damage step. (Max 1.5x Effectiveness)","All Spaces within the Range of this Attack become Slick Hazards.

Slick Hazards - Slick Hazards are treated as Slow Terrain, however it takes 3m of Movement to move through one of these spaces. It may be treated as normal Terrain, however at the end of the Movement, they must pass a CR X Acrobatics Check, where X is equal to the number of Slick Hazards moved through (Rounded Up) or else they become Tripped.",Tier 2
Terra Burst,Rock,Physical,Scene x2,"Burst 2, Full Action, Groundsource",6,7,"After Terra Burst is resolved, you may place 4 Stealth Rock Hazards on any unoccupied space within the range of this Attack. This effect can only occur once per Scene. Spirit Surge.

Stealth Rock Hazard - Spaces with Stealth Rock Hazards are treated as Rough Terrain. Any Enemy that would move through or move within 1m of this Hazard loses a Tick of Hit Points, then this Hazard is destroyed. If the Triggering Enemy would be Weak to Rock Type Attacks, they lose Two Ticks.",--,Tier 2
Terra Charge,Rock,Physical,At-Will,"Melee, 1 Target, Dash",2,4,"If the Dash Keyword is Activated, this Attack has the Smite Keyword. Slide 2 (Away).",--,Tier 1
Wide Guard,Rock,Status,Scene x2,"Burst 1, Shield, Trigger",,,"If an Ally adjacent to the user is hit by a Physical Attack, you may use Wide Guard as a Reaction. All Targets adjacent to Wide Guard’s user, may use the user's Defense when resolving Damage Calculations.",--,Tier 2
Anchor Shot,Steel,Physical,EOT,"Melee, 1 Target",3,8,The Target becomes Trapped. Spirit Surge,--,Tier 2
Alloy Beam,Steel,Special,At-Will,"4, 1 Target",3,4,The user may also use their Attack Stat as if it were the Offensive Stat when resolving this Attack.,--,Tier 1
Autotomize,Steel,Status,EOT,"Self, Swift Action",,,"Choose two Stats other than HP. One of the chosen Stats is lowered to +0 CS, then the other chosen Stat gains CS equal to the amount of CS lowered this way. The user’s Weight Class is lowered to 1 for the rest of the Scene.",--,Tier 1
Bullet Punch,Steel,Physical,At-Will,"Melee, 1 Target, Priority, Punch",2,4,--,--,Tier 1
Execution,Steel,Physical,Scene x2,"Melee, 1 Target",3,7,"If the Target’s Hit Points are under 50% or are Wounded, Execution is automatically a Critical Hit",--,Tier 2
Ferrous Flash,Steel,Special,Scene x2,"Close Blast 2, Full Action",6,12,Ferrous Flash lowers the Accuracy of all Targets by -1.,--,Tier 3
Flash Cannon,Steel,Special,EOT,"6, 1 Target, Set-Up",4,8,"Charge Effect: The user may use a Movement Action as well as a Swift Action to gain 2 Charge Tokens instead. 
Resolution Effect: This Attack may ignore the Set-Up Keyword if desired and be used without expending Charge Tokens. If you expend a Charge Token when using Flash Cannon, the Range becomes Line X, where X is the number of Charge Tokens expended multiplied by 3. Smite",--,Tier 2
Gear Grind,Steel,Physical,EOT,"Melee, 1 Target",4,5,Double Strike.,--,Tier 1
Gear Up,Steel,Status,Scene x2,"Self, Versatile",,,"The user may swap as many of their Stat Combat Stage Values as they wish. Then, any Stats with Negative CS are raised to its Default Value.",The user may swap the Combat Values of two different Stats.,Tier 2
Gigaton Strike,Steel,Physical,EOT,"Close Blast 3, Full Action, Reckless",7,14,"Until the end of the next Round, all Attacks against the user automatically hit and cannot be resisted by any means. Smite",--,Tier 3
Gyro Ball,Steel,Physical,Scene x2,"Melee, 1 Target, Dash",3,8,"If the Dash Keyword is Activated, this Attack ignores Speed Evasion.",--,Tier 2
Heavy Slam,Steel,Physical,EOT,"Melee, 1 Target ",3,4,"For each weight class the user is above the Target, increase Heavy Slam's Damage Base by +2.",--,Tier 2
Inertial Throw,Steel,Special,EOT,"6, 1 Target",3,6,The user may Slide the Target a number of Meters equal to 6 minus their Weight Class.,--,Tier 1
Iron Blade,Steel,Physical,EOT,"Melee, Pass, Dash",6,9,"Iron Blade is a Critical Hit on a roll of 18+, or a 16+ if the Dash Keyword is Activated.",--,Tier 2
Iron Coating,Steel,Status,Scene x2,"Melee, 1 Target or Self; Coat, Versatile",,,"The Target gains an Iron Coat. While a Combatant has an Iron Coat, they gain Damage Reduction equal to your Tick Value. Whenever the Target takes damage they reduce the DR gained this way -5 after Damage Calculations. The Coat is expended when the DR gained this way goes to 0 or lower.","Same as the normal Effects, but whenever the Target takes damage, the Iron Coat is expended.",Tier 2
Iron Defense,Steel,Status,EOT,"Self, Versatile",,,Raise the user's Defense by +2 CS and is cured of a Physical Affliction.,The user gains +1 CS in Defense. ,Tier 1
Iron Head,Steel,Physical,EOT,"Melee, 1 Target, Dash",3,8,"If the Dash Keyword is Activated, they cannot apply Physical Evasion against this Attack. Smite",--,Tier 2
Iron Jaw,Steel,Physical,EOT,"Melee, 1 Target, Bite",3,8,"The Target loses -2 CS in Defense. On a roll of 17+, the Target becomes Wounded. Spirit Surge.",--,Tier 2
Iron Spikes,Steel,Status,EOT,"6, Hazard, Swift Action",,,"Choose 8 Spaces within the Range of this Attack to create Spike Hazards in, such that all 8 Spaces are Adjacent to at least one other Spike Hazard. Enemies that Trigger Spike Hazards created this way also become Wounded.

Spike Hazards - Spaces with Spike Hazards are treated as Slow Terrain. Any Enemy that passes through a Spike Hazard loses One Tick of Hit Points and cannot gain Hit Points or Temporary Hit Points until the end of the next Round.",--,Tier 1
Iron Tail,Steel,Physical,Scene x2,"Melee, 1 Target, Dash",3,10,"If the Dash Keyword is Activated, the user may use their Defense as if it were the Offensive Stat for this Attack. If the user is Huge Sized, this Attack may also be used as if it were Close Blast 2. Smite",--,Tier 3
Kinetic Strike,Steel,Physical,Scene x2,"Melee, 1 Target",3,10,"Calculate the difference in Weight Class between the user and the Target. If the user is heavier by less than 3 WC, this has the Smite Keyword. If they're heavier by 3 or more WC, this has Sureshot and is a Critical Hit on 17+.",--,Tier 3
King's Shield,Steel,Status,Scene," Self, Shield, Trigger",,,"If the user is hit by an attack, the user may use King’s Shield as a Standard Action + Reaction. The user is instead not hit by the Attack. You do not take any damage nor are you affected by any of the Attack’s effects. In addition, if the triggering attack was Melee ranged, the attacker’s Attack is lowered by -2 CS.  ",--,Tier 3
Magnet Bomb,Steel,Special,EOT,"8, 1 Target",,6,Sureshot. *Grants Magnetic,--,Tier 1
Magnetic Grip,Steel,Special,Scene x2,"3, 1 Target",4,8,"The Target becomes Trapped. On a roll of 17+, the Target becomes Slowed. If the Target has the Magnetic Capability this Effect Range is automatically triggered.",--,Tier 2
Magnetic Pulse,Steel,Special,EOT,"8, 1 Target or Burst 1; Aura",5,7,All Steel Type Enemies within 3m of the Target become Slowed or Trapped. Spirit Surge. *Grants Magnetic,--,Tier 1
Magnetic Storm,Steel,Status,Scene x2,"Field, Versatile",,,"The Field becomes Magnetic for the next 5 Rounds. While the Field is Magnetic, non Steel Type Enemies lose a Tick of Hit Points at the start of their Turn and Steel Type Pokemon gain a Tick of Temporary Hit Points at the start of their Turn.","Same as the normal Effect, but at the end of the Round, roll a Luck Check and on a 10 or less, the Field is no longer affected by this Attack.",Tier 2
Magnetic Surge,Steel,Status,Scene x2,"Blessing, Versatile",,,"Blessing - Any user affected by Magnetic Surge may activate it as a Free Action when using a Steel Type Damaging Attack to grant it the Smite Keyword. If the Attack hits, it hits, it is also increased by one damage step. (Max 1.5x Effectiveness). Magnetic Surge may be Activated 3 times and then disappears. ","Same as the normal Effect, but it only has 1 Activation.",Tier 2
Make It Rain,Steel,Special,Scene,"7, Ranged Blast 5",7,7,"Upon Declaration of this Attack, roll 3d10. For each result that is 7 or above, apply the following. 
1+ - This has the Smite Keyword
2+ - This has the Friendly Keyword
3+ - This has the Sureshot Keyword",--,Tier 3
Metal Burst,Steel,Physical,Scene x2,"Burst 1,Trigger",,,Metal Burst can only be used as a Standard Action + Reaction when the user is hit by a Damaging Attack. The Damage Base of this Attack is equal to the Triggering Attack. The user may use their Defense as if it were the Offensive Stat for this Attack. Sureshot,--,Tier 2
Metal Claw,Steel,Physical,At-Will,"Melee, Pass",5,4,"On a Roll of 18+, the Target becomes Wounded. If the Pass Keyword wasn't Activated, this has the Smite Keyword.",--,Tier 1
Metal Sound,Steel,Status,EOT,"Burst 1, Sonic, Versatile",5,,"All Targets have their Special Defense lowered by -3 CS. When this Attack hits, all Targets also become Dazed. Friendly.","All Targets lose -2 CS in Special Defense. If this misses, they instead lose -1 CS. Friendly.",Tier 1
Metal Swipe,Steel,Physical,EOT,"Melee, 1 Target",3,6,"If the user's Weight Class is 3 or lower, Metal Swipe has the Priority and Pass Keyword. If the user's Weight Class is 4 or higher, Metal Swipe gains the Smite Keyword and may be used as if it were Close Blast 2. ",--,Tier 1
Metallurgy,Steel,Status,Scene x2,"Self, Coat, Versatile",,,"The user gains a Metallic Coat. While the user has a Metallic Coat, they gain a Temporary Tick of Hit Points at the end of each of their turns. The Metallic Coat can be expended as a Reaction when the user is hit by a Physical Attack to resist that attack two steps further.",The user gains a Metallic Coat. The Metallic Coat gained this way can be expended as a Free Action to resist a Physical Damaging Attack by an additional Damage Step.,Tier 2
Meteor Mash,Steel,Physical,EOT,"Melee, 1 Target, Full Action, Punch",4,9,The user gains +1 CS in Attack. Spirit Surge,--,Tier 2
Mirror Shot,Steel,Special,EOT,"6, Ranged Blast 2",5,7,"On a roll of 17+, all Targets lose -1 Accuracy.",--,Tier 1
Overclock,Steel,Status,Scene x2,"Self, Versatile",,,"The user becomes Suppressed. If they do, they gain +3 CS to two stats of their choice.","Until the end of the next Round, the user becomes Suppressed and Vulnerable. If they do, they gain +2 CS to a Stat of their choice.",Tier 2
Plasma Beam,Steel,Special,EOT,"8, 1 Target",4,9,"On a roll of 18+, the Target becomes Burned or Paralyzed. Smite",--,Tier 2
Scrap Shield,Steel,Status,Scene x2,"Self, Swift Action",,,"All Hazards within 1m of the user are destroyed, then the user gains a Scrap Coat. Whenever the user is hit by an Adjacent Enemy they may expend the Scrap Coat, then apply the effects of one of the destroyed Hazards to the Triggering Enemy. ",--,Tier 2
Shell Shelter,Steel,Status,Scene,"Melee, 1 Target, Free Action",,,"Shell Shelter must be used as a Free Action using the Intercept Maneuver on an Ally that was Adjacent to you. After the Triggering Attack Resolves, the Ally you intercepted for becomes Untargetable until you use another Action or either of you are no longer Adjacent to one another.",--,Tier 3
Shift Gear,Steel,Status,Scene,"Self, Movement Action",,,Choose two Stats and swap their CS Value. The user becomes Slowed.,--,Tier 3
Shrapnel Shot,Steel,Physical,EOT,"6, 1 Target",3,7,"On a roll of 15+, choose an Enemy within 2m of the Target. The chosen Enemy becomes Wounded.",--,Tier 1
Slice,Steel,Physical,At-Will,"Melee, 1 Target",3,4,"On a roll of 18+, all Targets become Wounded. This Attack may be used as a Full Action to treat the Range as if it were Close Blast 2.",--,Tier 1
Smart Strike,Steel,Physical,EOT,"Melee, 1 Target",,6,Sureshot.,--,Tier 1
Spin Out,Steel,Physical,Scene,"Line 8, Dash, Reckless",6,13,"After this Attack resolves, the user Slides to the further unoccupied space in the Range of this Attack. If Spin Out is used through the Dash Keyword, this has the Smite Keyword. After Damage Calculations, the user becomes Slowed.",--,Tier 3
Steel Beam,Steel,Special,Scene,"Close Blast 3, Full Action",6,13,"After Damage Calculations, lower the Offensive Stat used for this Attack by -2 CS. Smite",--,Tier 3
Steel Roller,Steel,Physical,Scene,"Melee, Pass, Dash",7,12,"Steel Roller may be declared at the start of the user's Turn, but must activate the Dash Keyword to do so. If you do, any spaces you move through and all spaces adjacent to them have Hazards and Cover Terrain destroyed. Smite. Spirit Surge.",--,Tier 3
Steel Wing,Steel,Physical,EOT,"Melee, Pass ",6,8,The user may use their Defense as if it were the Offensive Stat for this Attack.,--,Tier 2
Aqua Cutter,Water,Physical,EOT,"6, 1 Target",3,7,Aqua Cutter is a Critical Hit on a roll of 18+,--,Tier 1
Aqua Fist,Water,Physical,Scene x2,"Melee, 1 Target",3,8,"If the Weather is Rainy, the Target cannot apply Physical Evasion against this Attack.",--,Tier 2
Aqua Infusion,Water,Status,Scene x2,"6, 1 Target, Coat, Versatile",,,"The Target gains 2 activations of a Aqua Infusion Coat. The Target can activate Aqua Infusion once per Round to cure one of their Status Afflictions, gain two Ticks of Temporary Hit Points, or reset a Stat to its Default CS Value.","Same as the normal Effect, but it only has 1 Activation.",Tier 2
Aqua Jet,Water,Physical,At-Will,"Melee, 1 Target, Priority",2,4,--,--,Tier 1
Aqua Ring,Water,Status,Scene x2,"4, 1 Target or Self; Coat",,,The Target gains an Aqua Ring Coat. Combatants affected by an Aqua Ring Coat gain a Tick of Hit Points at the start of their Turn. Aqua Ring Coats may be expended as a Swift Action to cure themselves of a Physical Affliction. ,"Same as the normal Effects, but you cannot Target yourself and the Coat cannot be expended as a Swift Action.",Tier 2
Aqua Slap,Water,Physical,At-Will,Close Blast 2,5,4,"On a roll of 18+, the Target becomes Blinded until the end of their next Turn.",--,Tier 1
Aqua Step,Water,Physical,EOT,"Melee, 1 Target",3,8,"The user may use a Disengage Maneuver as a Free Action  after resolving the Attack. If they do so, the user's Speed is increased by +1 CS",--,Tier 2
Aqua Tail,Water,Physical,EOT,"Melee, Pass or Close Blast 2",6,9,"If the Weather is Rainy or this Attack has one Target, this has the Smite Keyword.",--,Tier 2
Brine,Water,Special,EOT,"6, 1 Target",4,8,"If the Target has a Physical Affliction, they’re Vulnerable against this Attack and cannot use Reactions in response to it. ",--,Tier 2
Bubble,Water,Special,At-Will,"6, 1 Target",3,4,"On a roll of 16+, the Target have a -2 Accuracy Penalty to their next Attack. Smite",--,Tier 1
Bubblebeam,Water,Special,At-Will,"4, 1 Target or Line 3",5,7,"On a roll of 16+, the Target have a -2 Accuracy Penalty to their next Attack. Smite",--,Tier 1
Chilling Water,Water,Special,EOT,"6, 1 Target",3,7,"When calculating Weakness and Resistance for Chilling Water, Water Typed Targets calculate damage as if Water was weak to Water. On a roll of 18+, the Target becomes Chilled.",--,Tier 1
Clamp,Water,Static,Scene x2,"Melee, 1 Target",2,,"The Target becomes Slowed and it cannot be cured other than thorugh this Effect. While Slowed this way, the user is Provoked by the Target and whenever the Target moves, the user Slides into an adjacent space. If the user is in a space that isn't adjacent to the Target, the Target becomes cured of the Slowed Affliction. ",--,Tier 2
Crabhammer,Water,Physical,Scene x2,"Melee, 1 Target, Recoil 1/3, Reckless",3,11,"If the Target is smaller than the user, this has the Sureshot Keyword.",--,Tier 3
Fishious Rend,Water,Physical,Scene x2,"Melee, 1 Target, Bite",3,9,Unstoppable,--,Tier 2
Fin Swipe,Water,Physical,EOT,"Melee, Pass, Dash",5,6,"If the Dash or Pass Keyword are Activated, this Attack ignores Speed Evasion.",--,Tier 1
Flip Turn,Water,Physical,At-Will,"Melee, 1 Target, Dash",2,7,"After Damage Calculations, the user may Disengage as a Free Action or they may perform a Full Switch as a Free Action.",--,Tier 1
Geyser Surge,Water,Physical,Scene x2,"2, 1 Target",4,10,Geyser Surge Burns on a roll of 15+. This has the Sureshot Keyword against any Targets with the Flier Capability.,--,Tier 3
Hydro Cannon,Water,Special,Scene,"Line 9, Full Action ",7,15,All Hazards or Cover Terrain in the Range of this Attack are destroyed. Slide 6 (Away). Smite. Spirit Surge.,--,Tier 3
Hydro Cleanse,Water,Status,Scene x2,"6, 1 Target, Healing, Versatile",,,"The Target gains Three Ticks of Hit Points and is cured of one Physical Affliction. If the Weather is Rainy, the cured Affliction may also be Mental.  ",The Target is cured of a Status Affliction. Hydro Cleanse may only be used this way if the Weather is Rainy.,Tier 2
Hydro Pump,Water,Special,Scene x2,"Line 6, Full Action",6,11,Any Hazards or Cover Terrain in the range of Hydro Pump are destroyed. Slide 4 (Away). Smite. Spirit Surge,--,Tier 3
Jet Punch,Water,Physical,EOT,"Melee, 1 Target, Dash, Priority  ",2,7,"If the Target Attacked an Ally with a Damaging Attack since your last Turn, they cannot apply Physical Evasion against this Attack",--,Tier 1
Life Dew,Water,Status,Scene x2,"Burst 1, Healing, Versatile",,,The user and all allies within this Range restore Hit Points equal to your Tick Value multiplied by 3.,"All allies within this Range restore Hit Points equal to your Tick Value. When used this way, Life Dew's Frequency is not expended.",Tier 2
Liquidation,Water,Physical,EOT,"Melee, 1 Target",3,9,"If the Weather is Rainy, the Target cannot activate any Blessings or Reactions against this Attack.",--,Tier 2
Muddy Water,Water,Special,EOT,Close Blast 2,6,9,"All Hazards in the Range of this Attack are destroyed. On a roll of 16+, all Targets lose -1 Accuracy. Spirit Surge.",--,Tier 2
Octazooka,Water,Special,EOT,"6, 1 Target",3,7,"On a roll of 17+, the Target gains an Ink Coat. Enemies with an Ink Coat have a penalty to Accuracy equal to your Tier Level. Ink Coats may be removed as a Swift+Movement Action.",--,Tier 1
Rain Dance,Water,Status,Scene x2,"Blessing, Versatile, Weather",,,"Blessing - Any user affected by Rain Dance may activate it as a Free Action when using a Water Type Damaging Attack to grant it the Smite Keyword. If the Attack hits, it hits, it is also increased by one damage step. (Max 1.5x Effectiveness). Rain Dance may be Activated 3 times and then disappears. While this Blessing persists, the Weather becomes Rainy.","Same as the normal Effect, but it only has 1 Activation.",Tier 2
Razor Shell,Water,Physical,EOT,"Melee, 1 Target, Dash",3,8,"On a roll of 18+, the Target becomes Wounded. If the Dash Keyword is Activated, this Effect Range is increased by +2.",--,Tier 2
Riptide,Water,Physical,Scene,"3, 1 Target",4,11,"On a 15+ or if the Weather is Rainy, the Target becomes Slowed. Smite",--,Tier 3
Scald,Water,Special,EOT,"5, 1 Target",4,8,"On a roll of 15+, the Target becomes Burned. If applicable, the user and Target are cured of the Chilled Affliction.",--,Tier 2
Slipstream,Water,Physical,EOT,"Melee, 1 Target, Priority  ",2,7,"If the Weather is Rainy, Slipstream can be declared at the start of the user’s turn. If done this way the user does not provoke Attacks of Opportunity this round when moving to use Slipstream. ",--,Tier 1
Snipe Shot,Water,Special,EOT,"10, 1 Target",4,8,"Snipe Shot is a Critical Hit on a roll of 18+. If the Target is at least 6m away from you and you expend a Movement Action, this gains the Sureshot Keyword.",--,Tier 2
Soak,Water,Status,Scene x2,"Close Blast 3, Coat, Versatile",,,"All Targets gain a Saturated Coat. While Saturated, all Electric and Ice Attacks are one step more effective against them and all attacks gain a +2 to Effect Ranges for Paralyzing or Chilling the Saturated Combatant. The Coat is removed when they become Chilled, become Paralyzed or are hit by an Electric or Ice Type Damaging Attack. Sureshot.","Same as the normal Effects, but the AC becomes 3, the Range is changed to 4, 1 Target.",Tier 2
Sparkling Aria,Water,Special,EOT,"Burst 1, Sonic",6,8,Allies within the Range of this Attack do not take damage and may become cured of Burned or a Mental Affliction.,--,Tier 2
Spiral Drain,Water,Special,EOT,"6, 1 Target",4,6,Drain.,--,Tier 1
Steam Blast,Water,Physical,EOT,Close Blast 2,6,8,Steam Blast cannot Miss against Targets that are Burned,--,Tier 2
Steam Cloud,Water,Status,EOT,"5, Ranged Blast 3, Hazard, Versatile",,,"Steam Cloud creates Smoke Hazards within the Range of this Attack. Smoke Hazards created this way also Burn Combatants that begin or end their Turns on them. The Burned Affliction cannot be cured by Combatants standing in Smoke Hazards created this way.

Smoke Hazard - Smoke Hazards break line of sight. Combatants on a Smoke Hazards are treated as Untargetable by all other Combatants that aren't in a contiguous Smoke Hazard. Combatants on a Smoke Hazard treat all Combatants that aren't in a contigous Smoke Hazard as if they were Untargetable. These Effects are ignored by Combatants with Tremorsense or Blindsense. You can still be Untargetable this way even if you were last Round.","Same as the normal Effects, but the Hazards are removed at the end of the Round.",Tier 1
Surf,Water,Special,EOT,"Line 6, Full Action ",6,9,The user may Slide to any open square in Surf ’s area of effect. Spirit Surge.,--,Tier 2
Torpedo Smash,Water,Physical,Scene x2,"Melee, 1 Target, Dash",3,6,"If the Dash Keyword is Activated, the user may add half of their Attack or Speed (Whichever isn't the Offensive Stat) as a Damage Bonus. If this is performed, the Target may add their Speed Stat to their Defense when calculating damage.",--,Tier 2
Torrential Typhoon,Water,Status,Scene x2,"Field, Versatile, Weather",,,"The Field becomes Typhooning for the next 5 Rounds. While the Field is Typhooning, non Water Type Enemies lose a Tick of Hit Points at the start of their Turn and Water Type Pokemon gain a Tick of Temporary Hit Points at the start of their Turn. While the Field is Typhooning, the Weather becomes Rainy.","Same as the normal Effect, but at the end of the Round, roll a Luck Check and on a 10 or less, the Field is no longer affected by this Attack.",Tier 2
Triple Dive,Water,Physical,Scene x2,"8, 3 Targets, Full Action, Groundsource",7,8,"If you only choose 2 Targets for Triple Dive, neither Target can apply Stat Evasion against this Attack. If you only choose one Target for Triple Dive, it has the Sureshot Keyword.",--,Tier 2
Water Gun,Water,Special,At-Will,"4, 1 Target; or Line 3",3,4,"If this is used as a Line Attack, its AC is increased by +2",--,Tier 1
Water Pledge,Water,Special,Scene x2,Line 3,6,8,"Water Pledge heals the user a Tick of Hit Points for each Target it hit. If an Ally has used a Water Type Attack since your last turn, this Attack's range can become Close Blast 3, has the Friendly Keyword and heals all allies in its range as well.",--,Tier 2
Water Pulse,Water,Special,At-Will,"8, 1 Target, Aura",3,6,"On a roll of 17+, the Target becomes Dazed. If the Weather is Rainy, this may also be used as if it were Burst 1.",--,Tier 1
Water Shuriken,Water,Special,EOT," 6, 1 Target, Priority ",4,4,"If Water Shuriken hits at least 4 times, the Target becomes Wounded. Five Strike",--,Tier 1
Water Sport,Water,Status,EOT,"Burst 2, Coat, Versatile",5,,"All Targets in the burst gain a Saturated Coat. While Saturated, all Electric and Ice Attacks are one step more effective against them and all attacks gain a +2 to Effect Ranges for Paralyzing or Chilling the Target. The Coat is removed when they become Chilled, become Paralyzed or are hit by an Electric or Ice Type Damaging Attack. ",All Allies within this Range gain a Wet Coat. This Coat may be expended as a Swift Action to cure the Burn Affliction. This Coat may also be expended as a Free Action when hit by a Fire Type Attack to treat it as if it were Resisted Type Effectiveness. ,Tier 1
Water Spout,Water,Special,Scene,Burst 1,6,13,"After this Attack resolves, create a 3x3 Zone centered on the user. At the end of the next Round, you must use Water Spout as a Free Action against all Combatants within this Zone. This subsequent Attack is resisted by an additional Damage Step. Spirit Surge. Smite",--,Tier 3
Waterfall,Water,Physical,EOT,"Melee, 1 Target",3,8,"At the start of the user's Turn they may declare the usage of Waterfall. During this Turn when moving, you ignore all Movement Penalties.  ",--,Tier 2
Wave Crash,Water,Physical,At-Will,"Close Blast 2, Recoil 1/4",6,9,"If the Weather is Rainy, this ignores the Recoil Keyword.",--,Tier 2
Whirlpool,Water,Special,Scene x2,"3, 1 Target",5,6,"If the Weather is Rainy, the Target cannot use a Movement Action during their next Turn. On a 16+, the Target becomes Slowed. ",--,Tier 2
Withdraw,Water,Status,EOT,"Self, Coat, Versatile",,,"The user gains a Withdrawn Coat. While Withdrawn, they resist all Damage by an additional step. This Coat is expended when the user uses a Standard Action. In addition, each time they're hit by an Attack, they must pass a TN 10 Save Check or else the Coat is expended.","The user gains a Withdrawn Coat. While Withdrawn, they resist all Physical Damage by an additional step. This Coat is expended after they're hit by a Damaging Attack or when they start their next Turn.",Tier 1
Hidden Power Bug,Bug,Special,EOT,Burst 1,5,7,--,--,Tier 1
Hidden Power Dark,Dark,Special,EOT,Burst 1,5,7,--,--,Tier 1
Hidden Power Dragon,Dragon,Special,EOT,Burst 1,5,7,--,--,Tier 1
Hidden Power Electric,Electric,Special,EOT,Burst 1,5,7,--,--,Tier 1
Hidden Power Fairy,Fairy,Special,EOT,Burst 1,5,7,--,--,Tier 1
Hidden Power Fighting,Fighting,Special,EOT,Burst 1,5,7,--,--,Tier 1
Hidden Power Fire,Fire,Special,EOT,Burst 1,5,7,--,--,Tier 1
Hidden Power Flying,Flying,Special,EOT,Burst 1,5,7,--,--,Tier 1
Hidden Power Ghost,Ghost,Special,EOT,Burst 1,5,7,--,--,Tier 1
Hidden Power Grass,Grass,Special,EOT,Burst 1,5,7,--,--,Tier 1
Hidden Power Ground,Ground,Special,EOT,Burst 1,5,7,--,--,Tier 1
Hidden Power Ice,Ice,Special,EOT,Burst 1,5,7,--,--,Tier 1
Hidden Power Normal,Normal,Special,EOT,Burst 1,5,7,--,--,Tier 1
Hidden Power Poison,Poison,Special,EOT,Burst 1,5,7,--,--,Tier 1
Hidden Power Psychic,Psychic,Special,EOT,Burst 1,5,7,--,--,Tier 1
Hidden Power Rock,Rock,Special,EOT,Burst 1,5,7,--,--,Tier 1
Hidden Power Steel,Steel,Special,EOT,Burst 1,5,7,--,--,Tier 1
Hidden Power Water,Water,Special,EOT,Burst 1,5,7,--,--,Tier 1